v -278.658 -493.409 12.045
v -272.717 -506.086 12.045
v -274.155 -491.299 11.984
v -268.214 -503.976 11.984
v -269.653 -489.189 11.923
v -263.712 -501.866 11.923
v -265.150 -487.079 11.861
v -259.209 -499.756 11.861
v -260.648 -484.969 11.800
v -254.707 -497.646 11.800
v -256.118 -482.846 11.737
v -250.231 -495.548 11.737
v -251.559 -480.757 11.674
v -245.750 -493.495 11.674
v -247.019 -478.697 11.609
v -241.233 -491.445 11.609
v -242.491 -476.642 11.544
v -236.705 -489.390 11.544
v -237.964 -474.587 11.478
v -232.177 -487.335 11.478
v -233.436 -472.532 11.412
v -227.650 -485.280 11.412
v -228.908 -470.477 11.345
v -223.122 -483.225 11.345
v -224.380 -468.421 11.278
v -218.594 -481.170 11.278
v -219.852 -466.366 11.211
v -214.066 -479.115 11.211
v -215.324 -464.311 11.143
v -209.538 -477.060 11.143
v -210.796 -462.256 11.076
v -205.010 -475.005 11.076
v -206.326 -460.227 11.008
v -200.425 -472.923 11.008
v -201.911 -458.127 10.942
v -195.860 -470.751 10.942
v -197.452 -455.973 10.877
v -191.364 -468.580 10.877
v -192.974 -453.811 10.813
v -186.886 -466.418 10.813
v -188.497 -451.649 10.748
v -182.408 -464.255 10.748
v -184.019 -449.486 10.683
v -177.931 -462.093 10.683
v -179.542 -447.324 10.619
v -173.453 -459.930 10.619
v -175.331 -445.297 10.554
v -168.709 -457.632 10.554
v -171.610 -443.090 10.500
v -163.912 -454.784 10.500
v -167.855 -440.351 10.460
v -159.623 -451.675 10.460
v -163.834 -437.428 10.419
v -155.600 -448.750 10.419
v -159.812 -434.503 10.380
v -151.579 -445.826 10.380
v -155.791 -431.579 10.342
v -147.557 -442.901 10.342
v -151.769 -428.654 10.304
v -143.536 -439.977 10.304
v -147.748 -425.730 10.267
v -139.514 -437.053 10.267
v -143.832 -422.884 10.231
v -135.387 -434.050 10.231
v -140.098 -419.947 10.202
v -131.307 -430.842 10.202
v -136.336 -416.831 10.177
v -127.409 -427.616 10.177
v -132.505 -413.661 10.154
v -123.578 -424.446 10.154
v -128.675 -410.490 10.133
v -119.748 -421.275 10.133
v -124.951 -407.409 10.112
v -115.811 -418.015 10.112
v -121.365 -404.192 10.099
v -111.994 -414.593 10.099
v -117.691 -400.866 10.089
v -108.296 -411.245 10.089
v -114.004 -397.529 10.079
v -104.609 -407.909 10.079
v -110.317 -394.192 10.071
v -100.923 -404.572 10.071
v -106.631 -390.855 10.065
v -97.236 -401.235 10.065
v -102.944 -387.519 10.059
v -93.549 -397.898 10.059
v -99.257 -384.182 10.054
v -89.863 -394.562 10.054
v -95.571 -380.845 10.050
v -86.176 -391.225 10.050
v -91.884 -377.508 10.047
v -82.490 -387.888 10.047
v -88.260 -374.229 10.044
v -78.741 -384.494 10.044
v -84.806 -370.948 10.045
v -74.988 -380.928 10.045
v -81.409 -367.486 10.052
v -71.418 -377.293 10.052
v -77.926 -363.937 10.060
v -67.935 -373.745 10.060
v -74.442 -360.389 10.067
v -64.452 -370.196 10.067
v -70.959 -356.840 10.073
v -60.968 -366.648 10.073
v -67.476 -353.292 10.079
v -57.485 -363.099 10.079
v -63.993 -349.744 10.084
v -54.002 -359.551 10.084
v -60.509 -346.195 10.087
v -50.518 -356.002 10.087
v -57.026 -342.647 10.090
v -47.035 -352.454 10.090
v -53.543 -339.098 10.092
v -43.552 -348.905 10.092
v -50.059 -335.550 10.092
v -40.069 -345.357 10.092
v -46.576 -332.001 10.092
v -36.585 -341.808 10.092
v -43.093 -328.453 10.090
v -33.102 -338.260 10.090
v -39.610 -324.904 10.087
v -29.619 -334.711 10.087
v -36.126 -321.356 10.082
v -26.135 -331.163 10.082
v -32.643 -317.807 10.077
v -22.652 -327.614 10.077
v -29.160 -314.259 10.071
v -19.169 -324.066 10.071
v -25.676 -310.710 10.063
v -15.686 -320.518 10.063
v -22.193 -307.162 10.055
v -12.202 -316.969 10.055
v -18.710 -303.613 10.045
v -8.719 -313.421 10.045
v -15.227 -300.065 10.035
v -5.236 -309.872 10.035
v -11.743 -296.516 10.024
v -1.752 -306.324 10.024
v -8.260 -292.968 10.011
v 1.731 -302.775 10.011
v -4.777 -289.419 9.997
v 5.214 -299.227 9.997
v -1.293 -285.871 9.982
v 8.697 -295.678 9.982
v 2.190 -282.322 9.966
v 12.181 -292.130 9.966
v 5.673 -278.774 9.947
v 15.664 -288.581 9.947
v 9.156 -275.225 9.927
v 19.147 -285.033 9.927
v 12.640 -271.677 9.905
v 22.631 -281.484 9.905
v 16.123 -268.128 9.881
v 26.114 -277.936 9.881
v 19.617 -264.569 9.854
v 29.586 -274.399 9.854
v 23.129 -261.024 9.823
v 33.073 -270.879 9.823
v 26.631 -257.492 9.789
v 36.573 -267.348 9.789
v 30.132 -253.960 9.752
v 40.074 -263.817 9.752
v 33.633 -250.429 9.713
v 43.575 -260.286 9.713
v 37.134 -246.898 9.669
v 47.076 -256.755 9.669
v 40.634 -243.367 9.623
v 50.576 -253.224 9.623
v 44.135 -239.836 9.573
v 54.077 -249.693 9.573
v 47.636 -236.305 9.519
v 57.578 -246.162 9.519
v 51.137 -232.774 9.462
v 61.079 -242.630 9.462
v 54.638 -229.243 9.402
v 64.580 -239.099 9.402
v 58.139 -225.711 9.339
v 68.081 -235.568 9.339
v 61.640 -222.180 9.272
v 71.582 -232.037 9.272
v 65.141 -218.649 9.202
v 75.083 -228.506 9.202
v 68.641 -215.118 9.129
v 78.583 -224.975 9.129
v 72.142 -211.587 9.052
v 82.084 -221.444 9.052
v 75.643 -208.056 8.973
v 85.585 -217.912 8.973
v 79.144 -204.525 8.892
v 89.086 -214.381 8.892
v 82.645 -200.993 8.807
v 92.587 -210.850 8.807
v 86.146 -197.462 8.720
v 96.088 -207.319 8.720
v 89.647 -193.931 8.631
v 99.589 -203.788 8.631
v 93.147 -190.400 8.540
v 103.089 -200.257 8.540
v 96.648 -186.869 8.446
v 106.590 -196.726 8.446
v 100.149 -183.338 8.351
v 110.091 -193.195 8.351
v 103.650 -179.807 8.254
v 113.592 -189.663 8.254
v 107.151 -176.275 8.156
v 117.093 -186.132 8.156
v 110.652 -172.744 8.056
v 120.594 -182.601 8.056
v 114.153 -169.213 7.956
v 124.095 -179.070 7.956
v 117.654 -165.682 7.854
v 127.596 -175.539 7.854
v 121.154 -162.151 7.753
v 131.096 -172.008 7.753
v 124.655 -158.620 7.652
v 134.597 -168.477 7.652
v 128.120 -155.126 7.551
v 138.135 -164.908 7.551
v 131.513 -151.600 7.454
v 141.637 -161.269 7.454
v 134.914 -148.010 7.361
v 145.076 -157.640 7.361
v 138.335 -144.401 7.269
v 148.497 -154.031 7.269
v 141.755 -140.792 7.179
v 151.917 -150.422 7.179
v 145.175 -137.183 7.092
v 155.337 -146.812 7.092
v 148.595 -133.573 7.007
v 158.757 -143.203 7.007
v 152.016 -129.964 6.925
v 162.178 -139.594 6.925
v 155.436 -126.355 6.847
v 165.598 -135.985 6.847
v 158.856 -122.745 6.773
v 169.018 -132.375 6.773
v 162.276 -119.136 6.702
v 172.438 -128.766 6.702
v 525.702 237.082 10.168
v 515.720 246.898 10.168
v 522.229 233.551 10.213
v 512.248 243.367 10.213
v 518.757 230.019 10.254
v 508.775 239.836 10.254
v 515.284 226.488 10.291
v 505.302 236.305 10.291
v 511.853 223.000 10.323
v 501.787 232.730 10.323
v 508.535 219.508 10.345
v 498.284 229.043 10.345
v 505.251 215.901 10.358
v 494.899 225.326 10.358
v 501.917 212.239 10.366
v 491.565 221.664 10.366
v 498.583 208.576 10.367
v 488.231 218.002 10.367
v 495.249 204.914 10.362
v 484.896 214.339 10.362
v 491.914 201.252 10.351
v 481.562 210.677 10.351
v 488.580 197.590 10.334
v 478.228 207.015 10.334
v 485.246 193.928 10.311
v 474.894 203.353 10.311
v 481.839 190.187 10.281
v 471.632 199.769 10.281
v 478.321 186.551 10.251
v 468.261 196.288 10.251
v 474.875 182.992 10.215
v 464.817 192.730 10.215
v 471.430 179.434 10.173
v 461.372 189.172 10.173
v 467.986 175.875 10.125
v 457.927 185.613 10.125
v 464.541 172.317 10.071
v 454.482 182.055 10.071
v 461.096 168.759 10.012
v 451.037 178.497 10.012
v 457.651 165.201 9.948
v 447.592 174.939 9.948
v 454.206 161.642 9.879
v 444.147 171.380 9.879
v 450.761 158.084 9.806
v 440.702 167.822 9.806
v 447.316 154.526 9.729
v 437.258 164.264 9.729
v 443.871 150.967 9.648
v 433.813 160.705 9.648
v 440.426 147.409 9.565
v 430.368 157.147 9.565
v 436.981 143.851 9.478
v 426.923 153.589 9.478
v 433.536 140.293 9.389
v 423.478 150.030 9.389
v 430.091 136.734 9.299
v 420.033 146.472 9.299
v 426.646 133.176 9.206
v 416.588 142.914 9.206
v 423.201 129.618 9.112
v 413.143 139.356 9.112
v 419.757 126.059 9.017
v 409.698 135.797 9.017
v 416.312 122.501 8.921
v 406.253 132.239 8.921
v 412.867 118.943 8.825
v 402.808 128.681 8.825
v 409.422 115.385 8.728
v 399.363 125.122 8.728
v 405.977 111.826 8.631
v 395.918 121.564 8.631
v 402.521 108.257 8.534
v 392.484 118.017 8.534
v 399.048 104.702 8.438
v 389.035 114.487 8.438
v 395.585 101.159 8.343
v 385.574 110.946 8.343
v 392.123 97.618 8.249
v 382.112 107.405 8.249
v 388.661 94.076 8.155
v 378.650 103.863 8.155
v 385.198 90.535 8.062
v 375.187 100.322 8.062
v 381.736 86.993 7.971
v 371.725 96.780 7.971
v 378.274 83.452 7.880
v 368.263 93.239 7.880
v 374.812 79.910 7.791
v 364.801 89.697 7.791
v 371.350 76.369 7.704
v 361.339 86.156 7.704
v 367.888 72.827 7.618
v 357.877 82.614 7.618
v 364.425 69.286 7.534
v 354.414 79.073 7.534
v 360.963 65.744 7.452
v 350.952 75.531 7.452
v 357.501 62.203 7.372
v 347.490 71.990 7.372
v 354.039 58.661 7.295
v 344.028 68.448 7.295
v 350.577 55.120 7.220
v 340.566 64.906 7.220
v 347.115 51.578 7.147
v 337.104 61.365 7.147
v 343.652 48.037 7.077
v 333.641 57.823 7.077
v 340.190 44.495 7.009
v 330.179 54.282 7.009
v 336.728 40.954 6.944
v 326.717 50.740 6.944
v 333.266 37.412 6.881
v 323.255 47.199 6.881
v 329.804 33.871 6.821
v 319.793 43.657 6.821
v 326.342 30.329 6.764
v 316.331 40.116 6.764
v 322.879 26.788 6.709
v 312.868 36.574 6.709
v 319.417 23.246 6.657
v 309.406 33.033 6.657
v 315.955 19.705 6.607
v 305.944 29.491 6.607
v 312.493 16.163 6.560
v 302.482 25.950 6.560
v 309.031 12.622 6.515
v 299.020 22.408 6.515
v 305.568 9.080 6.472
v 295.557 18.867 6.472
v 302.106 5.539 6.432
v 292.095 15.325 6.432
v 298.644 1.997 6.394
v 288.633 11.784 6.394
v 295.182 -1.544 6.358
v 285.171 8.242 6.358
v 291.720 -5.086 6.325
v 281.709 4.701 6.325
v 288.258 -8.627 6.294
v 278.247 1.159 6.294
v 284.795 -12.169 6.265
v 274.784 -2.382 6.265
v 281.333 -15.710 6.238
v 271.322 -5.924 6.238
v 277.871 -19.252 6.214
v 267.860 -9.465 6.214
v 274.409 -22.793 6.192
v 264.398 -13.007 6.192
v 270.947 -26.335 6.172
v 260.936 -16.548 6.172
v 267.485 -29.876 6.155
v 257.474 -20.090 6.155
v 264.022 -33.418 6.139
v 254.011 -23.631 6.139
v 260.560 -36.960 6.126
v 250.549 -27.173 6.126
v 257.098 -40.501 6.116
v 247.087 -30.714 6.116
v 253.636 -44.043 6.107
v 243.625 -34.256 6.107
v 250.174 -47.584 6.101
v 240.163 -37.797 6.101
v 246.712 -51.126 6.098
v 236.701 -41.339 6.098
v 243.249 -54.667 6.096
v 233.238 -44.880 6.096
v 239.787 -58.209 6.097
v 229.776 -48.422 6.097
v 350.654 293.278 14.156
v 346.551 299.556 14.156
v 346.604 290.631 14.137
v 342.502 296.910 14.137
v 342.555 287.985 14.118
v 338.452 294.263 14.118
v 338.505 285.338 14.099
v 334.402 291.616 14.099
v 334.455 282.691 14.080
v 330.352 288.970 14.080
v 330.405 280.045 14.060
v 326.302 286.323 14.060
v 326.355 277.398 14.041
v 322.252 283.676 14.041
v 322.305 274.751 14.021
v 318.202 281.030 14.021
v 318.255 272.105 14.002
v 314.152 278.383 14.002
v 314.206 269.458 13.982
v 310.103 275.736 13.982
v 310.156 266.811 13.963
v 306.053 273.090 13.963
v 306.106 264.165 13.944
v 302.003 270.443 13.944
v 302.056 261.518 13.924
v 297.953 267.796 13.924
v 298.006 258.871 13.905
v 293.903 265.150 13.905
v 293.956 256.225 13.886
v 289.853 262.503 13.886
v 289.906 253.578 13.868
v 285.803 259.856 13.868
v 285.856 250.932 13.849
v 281.754 257.210 13.849
v 281.807 248.285 13.830
v 277.704 254.563 13.830
v 277.757 245.638 13.811
v 273.654 251.916 13.811
v 273.707 242.992 13.792
v 269.604 249.270 13.792
v 269.657 240.345 13.773
v 265.554 246.623 13.773
v 265.607 237.698 13.754
v 261.504 243.976 13.754
v 261.557 235.052 13.734
v 257.454 241.330 13.734
v 257.507 232.405 13.715
v 253.404 238.683 13.715
v 253.458 229.758 13.695
v 249.355 236.037 13.695
v 346.559 299.561 14.156
v 350.647 293.273 14.156
v 350.693 302.248 14.175
v 354.780 295.960 14.175
v 354.826 304.935 14.193
v 358.914 298.647 14.193
v 358.960 307.622 14.211
v 363.047 301.334 14.211
v 363.093 310.309 14.228
v 367.181 304.021 14.228
v 367.227 312.996 14.244
v 371.314 306.708 14.244
v 371.360 315.683 14.260
v 375.448 309.394 14.260
v 375.494 318.370 14.275
v 379.581 312.081 14.275
v 379.627 321.056 14.289
v 383.715 314.768 14.289
v 383.761 323.743 14.302
v 387.848 317.455 14.302
v 387.894 326.430 14.314
v 391.982 320.142 14.314
v 392.028 329.117 14.325
v 396.115 322.829 14.325
v 396.161 331.804 14.335
v 400.249 325.516 14.335
v 400.295 334.491 14.343
v 404.382 328.203 14.343
v 404.428 337.178 14.350
v 408.516 330.890 14.350
v 408.562 339.865 14.356
v 412.649 333.577 14.356
v 412.695 342.552 14.360
v 416.783 336.264 14.360
v 416.829 345.239 14.363
v 420.916 338.950 14.363
v 420.962 347.926 14.364
v 425.050 341.637 14.364
v 425.096 350.613 14.363
v 429.183 344.324 14.363
v 429.229 353.299 14.361
v 433.317 347.011 14.361
v 433.363 355.986 14.356
v 437.450 349.698 14.356
v 437.496 358.673 14.349
v 441.584 352.385 14.349
v 441.630 361.360 14.340
v 445.717 355.072 14.340
v -476.761 -526.437 23.267
v -463.818 -531.775 23.267
v -474.856 -521.819 23.035
v -461.914 -527.157 23.035
v -472.952 -517.201 22.810
v -460.009 -522.539 22.810
v -471.047 -512.583 22.593
v -458.105 -517.921 22.593
v -469.143 -507.965 22.383
v -456.200 -513.303 22.383
v -467.238 -503.347 22.180
v -454.296 -508.685 22.180
v -465.334 -498.729 21.983
v -452.391 -504.067 21.983
v -463.429 -494.111 21.793
v -450.487 -499.449 21.793
v -461.525 -489.493 21.611
v -448.582 -494.831 21.611
v -459.620 -484.875 21.435
v -446.678 -490.213 21.435
v -457.716 -480.257 21.266
v -444.773 -485.595 21.266
v -455.811 -475.639 21.104
v -442.869 -480.977 21.104
v -453.907 -471.021 20.950
v -440.964 -476.359 20.950
v -452.002 -466.403 20.802
v -439.060 -471.741 20.802
v -450.098 -461.785 20.662
v -437.155 -467.123 20.662
v -448.193 -457.167 20.529
v -435.251 -462.505 20.529
v -446.289 -452.549 20.404
v -433.346 -457.887 20.404
v -444.384 -447.931 20.286
v -431.442 -453.269 20.286
v -442.480 -443.313 20.175
v -429.537 -448.651 20.175
v -440.575 -438.695 20.073
v -427.633 -444.033 20.073
v -438.671 -434.077 19.977
v -425.728 -439.415 19.977
v -436.767 -429.459 19.889
v -423.824 -434.797 19.889
v -434.862 -424.841 19.809
v -421.919 -430.179 19.809
v -432.947 -420.197 19.735
v -420.026 -425.587 19.735
v -430.836 -415.222 19.663
v -418.254 -421.361 19.663
v -428.226 -410.520 19.541
v -415.998 -417.338 19.541
v -425.793 -406.157 19.427
v -413.566 -412.975 19.427
v -423.361 -401.794 19.320
v -411.133 -408.612 19.320
v -420.928 -397.431 19.220
v -408.700 -404.249 19.220
v -418.495 -393.068 19.127
v -406.268 -399.886 19.127
v -416.063 -388.705 19.040
v -403.835 -395.523 19.040
v -413.630 -384.342 18.959
v -401.402 -391.160 18.959
v -411.197 -379.979 18.883
v -398.970 -386.797 18.883
v -408.764 -375.616 18.812
v -396.537 -382.434 18.812
v 351.734 298.481 14.156
v 345.472 294.354 14.156
v 354.414 294.414 14.089
v 348.152 290.287 14.089
v 357.094 290.348 14.021
v 350.831 286.221 14.021
v 359.774 286.281 13.952
v 353.511 282.154 13.952
v 362.454 282.215 13.882
v 356.191 278.088 13.882
v 365.133 278.149 13.810
v 358.871 274.021 13.810
v 367.813 274.082 13.736
v 361.551 269.955 13.736
v 370.493 270.016 13.661
v 364.231 265.889 13.661
v 373.173 265.949 13.584
v 366.911 261.822 13.584
v 375.853 261.883 13.504
v 369.591 257.756 13.504
v 370.683 262.967 13.504
v 374.761 256.672 13.504
v 374.832 265.654 13.516
v 378.909 259.359 13.516
v 378.980 268.341 13.527
v 383.058 262.047 13.527
v 383.129 271.029 13.538
v 387.206 264.734 13.538
v 387.277 273.716 13.548
v 391.355 267.421 13.548
v 391.426 276.403 13.556
v 395.504 270.109 13.556
v 395.575 279.091 13.564
v 399.652 272.796 13.564
v 399.723 281.778 13.570
v 403.801 275.483 13.570
v 403.872 284.465 13.576
v 407.949 278.171 13.576
v 408.020 287.153 13.579
v 412.098 280.858 13.579
v 412.169 289.840 13.581
v 416.247 283.545 13.581
v 416.318 292.527 13.582
v 420.395 286.233 13.582
v 420.466 295.215 13.580
v 424.544 288.920 13.580
v 424.615 297.902 13.577
v 428.692 291.607 13.577
v 428.763 300.589 13.571
v 432.841 294.295 13.571
v 432.912 303.277 13.563
v 436.990 296.982 13.563
v 437.061 305.964 13.551
v 441.138 299.669 13.551
v 441.209 308.651 13.537
v 445.287 302.356 13.537
v 445.358 311.339 13.520
v 449.435 305.044 13.520
v 449.506 314.026 13.498
v 453.584 307.731 13.498
v 453.655 316.713 13.474
v 457.732 310.418 13.474
v 457.804 319.400 13.445
v 461.881 313.106 13.445
v 461.952 322.088 13.412
v 466.030 315.793 13.412
v 466.101 324.775 13.374
v 470.178 318.480 13.374
v 80.622 79.155 12.022
v 85.771 73.702 12.022
v 84.164 82.499 12.037
v 89.313 77.046 12.037
v 87.706 85.843 12.056
v 92.854 80.389 12.056
v 91.247 89.187 12.078
v 96.396 83.733 12.078
v 94.789 92.530 12.103
v 99.938 87.077 12.103
v 98.330 95.874 12.130
v 103.479 90.421 12.130
v 101.872 99.218 12.160
v 107.021 93.765 12.160
v 105.413 102.562 12.192
v 110.562 97.109 12.192
v 108.955 105.906 12.226
v 114.104 100.453 12.226
v 112.497 109.250 12.261
v 117.645 103.796 12.261
v 116.038 112.594 12.298
v 121.187 107.140 12.298
v 119.580 115.938 12.336
v 124.729 110.484 12.336
v 123.121 119.281 12.376
v 128.270 113.828 12.376
v 126.663 122.625 12.416
v 131.812 117.172 12.416
v 130.204 125.969 12.457
v 135.353 120.516 12.457
v 133.746 129.313 12.499
v 138.895 123.860 12.499
v 137.288 132.657 12.542
v 142.436 127.204 12.542
v 140.829 136.001 12.584
v 145.978 130.547 12.584
v 144.371 139.345 12.627
v 149.520 133.891 12.627
v 147.912 142.689 12.670
v 153.061 137.235 12.670
v 151.454 146.032 12.713
v 156.603 140.579 12.713
v 154.995 149.376 12.756
v 160.144 143.923 12.756
v 158.537 152.720 12.799
v 163.686 147.267 12.799
v 162.079 156.064 12.842
v 167.228 150.611 12.842
v 165.620 159.408 12.884
v 170.769 153.955 12.884
v 169.162 162.752 12.926
v 174.311 157.298 12.926
v 172.703 166.096 12.968
v 177.852 160.642 12.968
v 253.935 230.128 13.695
v 248.877 235.666 13.695
v 250.310 226.818 13.665
v 245.252 232.355 13.665
v 246.685 223.507 13.636
v 241.627 229.045 13.636
v 243.060 220.196 13.606
v 238.002 225.734 13.606
v 239.434 216.885 13.576
v 234.377 222.423 13.576
v 235.809 213.574 13.545
v 230.751 219.112 13.545
v 232.184 210.263 13.513
v 227.126 215.801 13.513
v 228.559 206.952 13.481
v 223.501 212.490 13.481
v 224.934 203.641 13.449
v 219.876 209.179 13.449
v 221.309 200.331 13.415
v 216.251 205.868 13.415
v 217.683 197.020 13.381
v 212.626 202.558 13.381
v 214.058 193.709 13.347
v 209.000 199.247 13.347
v 210.433 190.398 13.312
v 205.375 195.936 13.312
v 206.808 187.087 13.276
v 201.750 192.625 13.276
v 203.183 183.776 13.240
v 198.125 189.314 13.240
v 199.558 180.465 13.202
v 194.500 186.003 13.202
v 195.932 177.154 13.165
v 190.875 182.692 13.165
v 192.307 173.844 13.126
v 187.249 179.381 13.126
v 188.682 170.533 13.088
v 183.624 176.071 13.088
v 185.057 167.222 13.048
v 179.999 172.760 13.048
v 181.432 163.911 13.008
v 176.374 169.449 13.008
v 177.807 160.600 12.968
v 172.749 166.138 12.968
v 172.793 160.560 12.968
v 177.762 166.178 12.968
v 169.241 163.703 13.019
v 174.210 169.320 13.019
v 165.688 166.845 13.069
v 170.657 172.463 13.069
v 162.135 169.988 13.117
v 167.105 175.606 13.117
v 158.583 173.131 13.162
v 163.552 178.748 13.162
v 155.030 176.273 13.206
v 159.999 181.891 13.206
v 151.477 179.416 13.248
v 156.447 185.034 13.248
v 147.925 182.559 13.289
v 152.894 188.176 13.289
v 144.372 185.701 13.328
v 149.341 191.319 13.328
v 140.820 188.844 13.366
v 145.789 194.461 13.366
v 446.791 360.301 14.340
v 440.556 356.132 14.340
v 449.509 356.235 14.239
v 443.274 352.066 14.239
v 452.228 352.170 14.138
v 445.993 348.001 14.138
v 454.946 348.104 14.035
v 448.711 343.936 14.035
v 457.664 344.039 13.931
v 451.430 339.870 13.931
v 460.383 339.974 13.824
v 454.148 335.805 13.824
v 463.101 335.908 13.716
v 456.867 331.739 13.716
v 465.820 331.843 13.605
v 459.585 327.674 13.605
v 468.538 327.778 13.491
v 462.304 323.609 13.491
v 471.257 323.712 13.374
v 465.022 319.543 13.374
v 96.099 471.015 17.397
v 92.392 477.535 17.397
v 91.877 468.615 17.370
v 88.171 475.135 17.370
v 87.656 466.215 17.345
v 83.949 472.735 17.345
v 83.532 463.873 17.322
v 79.629 470.277 17.322
v 79.643 461.335 17.294
v 75.394 467.516 17.294
v 75.855 458.595 17.263
v 71.313 464.563 17.263
v 72.166 455.644 17.227
v 67.420 461.451 17.227
v 68.469 452.557 17.191
v 63.662 458.314 17.191
v 64.741 449.444 17.158
v 59.934 455.201 17.158
v 61.013 446.332 17.126
v 56.206 452.089 17.126
v 57.285 443.219 17.096
v 52.478 448.977 17.096
v 53.557 440.107 17.068
v 48.750 445.864 17.068
v 49.829 436.994 17.042
v 45.022 442.752 17.042
v 46.101 433.882 17.017
v 41.294 439.639 17.017
v 42.373 430.770 16.994
v 37.566 436.527 16.994
v 38.645 427.657 16.973
v 33.838 433.414 16.973
v 34.917 424.545 16.952
v 30.111 430.302 16.952
v 31.189 421.432 16.933
v 26.383 427.190 16.933
v 27.461 418.320 16.915
v 22.655 424.077 16.915
v 23.733 415.207 16.898
v 18.927 420.965 16.898
v 20.006 412.095 16.881
v 15.199 417.852 16.881
v 16.278 408.983 16.865
v 11.471 414.740 16.865
v 12.550 405.870 16.850
v 7.743 411.627 16.850
v 8.822 402.758 16.834
v 4.015 408.515 16.834
v 5.094 399.645 16.819
v 0.287 405.402 16.819
v 1.366 396.533 16.803
v -3.441 402.290 16.803
v -2.362 393.420 16.787
v -7.169 399.178 16.787
v -6.090 390.308 16.770
v -10.897 396.065 16.770
v -9.818 387.196 16.753
v -14.625 392.953 16.753
v 85.872 79.056 12.022
v 80.522 73.800 12.022
v 89.219 75.649 11.955
v 83.869 70.393 11.955
v 92.567 72.242 11.885
v 87.217 66.986 11.885
v 95.914 68.835 11.814
v 90.564 63.579 11.814
v 99.261 65.427 11.740
v 93.911 60.171 11.740
v 102.609 62.020 11.664
v 97.259 56.764 11.664
v 105.956 58.613 11.586
v 100.606 53.357 11.586
v 109.304 55.206 11.505
v 103.953 49.950 11.505
v 112.651 51.799 11.422
v 107.301 46.542 11.422
v 115.998 48.391 11.336
v 110.648 43.135 11.336
v 374.740 256.659 13.504
v 370.703 262.980 13.504
v 370.667 254.058 13.491
v 366.631 260.379 13.491
v 366.595 251.457 13.479
v 362.558 257.778 13.479
v 362.522 248.856 13.466
v 358.485 255.177 13.466
v 358.449 246.255 13.452
v 354.412 252.576 13.452
v 354.376 243.654 13.438
v 350.340 249.975 13.438
v 350.304 241.053 13.423
v 346.267 247.374 13.423
v 346.231 238.452 13.408
v 342.194 244.773 13.408
v 342.158 235.851 13.393
v 338.121 242.172 13.393
v 338.085 233.250 13.378
v 334.049 239.571 13.378
v 334.013 230.649 13.362
v 329.976 236.970 13.362
v 329.940 228.048 13.346
v 325.903 234.369 13.346
v 325.867 225.447 13.330
v 321.830 231.768 13.330
v 321.794 222.846 13.314
v 317.758 229.167 13.314
v 317.722 220.245 13.297
v 313.685 226.566 13.297
v 313.649 217.645 13.280
v 309.612 223.965 13.280
v 309.576 215.044 13.263
v 305.539 221.365 13.263
v 305.503 212.443 13.245
v 301.467 218.764 13.245
v 301.431 209.842 13.227
v 297.394 216.163 13.227
v 297.358 207.241 13.209
v 293.321 213.562 13.209
v 293.285 204.640 13.190
v 289.248 210.961 13.190
v 289.212 202.039 13.171
v 285.176 208.360 13.171
v 285.140 199.438 13.152
v 281.103 205.759 13.152
v 281.067 196.837 13.132
v 277.030 203.158 13.132
v 276.994 194.236 13.112
v 272.957 200.557 13.112
v 254.530 234.972 13.695
v 248.282 230.823 13.695
v 257.149 231.027 13.640
v 250.901 226.879 13.640
v 259.768 227.082 13.584
v 253.520 222.934 13.584
v 262.387 223.138 13.526
v 256.138 218.990 13.526
v 265.006 219.193 13.465
v 258.757 215.045 13.465
v 267.624 215.249 13.401
v 261.376 211.100 13.401
v 270.243 211.304 13.334
v 263.995 207.156 13.334
v 272.862 207.360 13.264
v 266.614 203.211 13.264
v 275.481 203.415 13.190
v 269.233 199.267 13.190
v 278.100 199.471 13.112
v 271.851 195.322 13.112
v 110.761 48.502 11.336
v 115.885 43.025 11.336
v 114.388 51.895 11.350
v 119.512 46.418 11.350
v 118.015 55.288 11.368
v 123.139 49.811 11.368
v 121.643 58.681 11.391
v 126.766 53.204 11.391
v 125.270 62.074 11.416
v 130.393 56.597 11.416
v 128.897 65.467 11.445
v 134.020 59.990 11.445
v 132.524 68.860 11.477
v 137.648 63.383 11.477
v 136.151 72.254 11.512
v 141.275 66.777 11.512
v 139.778 75.647 11.549
v 144.902 70.170 11.549
v 143.405 79.040 11.587
v 148.529 73.563 11.587
v 147.032 82.433 11.628
v 152.156 76.956 11.628
v 150.659 85.826 11.670
v 155.783 80.349 11.670
v 154.286 89.219 11.714
v 159.410 83.742 11.714
v 157.913 92.612 11.759
v 163.037 87.135 11.759
v 161.540 96.005 11.804
v 166.664 90.528 11.804
v 165.167 99.398 11.850
v 170.291 93.921 11.850
v 168.795 102.792 11.897
v 173.918 97.315 11.897
v 172.422 106.185 11.944
v 177.545 100.708 11.944
v 176.049 109.578 11.991
v 181.172 104.101 11.991
v 179.676 112.971 12.038
v 184.800 107.494 12.038
v 183.303 116.364 12.084
v 188.427 110.887 12.084
v 186.930 119.757 12.131
v 192.054 114.280 12.131
v 190.557 123.150 12.177
v 195.681 117.673 12.177
v 194.184 126.543 12.223
v 199.308 121.066 12.223
v 197.811 129.936 12.269
v 202.935 124.459 12.269
v 201.438 133.330 12.314
v 206.562 127.853 12.314
v 205.065 136.723 12.358
v 210.189 131.246 12.358
v 277.329 194.477 13.112
v 272.622 200.316 13.112
v 273.610 191.481 13.083
v 268.758 197.200 13.083
v 270.098 188.343 13.049
v 265.012 193.855 13.049
v 266.617 185.025 13.012
v 261.443 190.454 13.012
v 263.092 181.665 12.974
v 257.917 187.094 12.974
v 259.567 178.306 12.936
v 254.392 183.735 12.936
v 256.042 174.946 12.897
v 250.867 180.375 12.897
v 252.516 171.586 12.858
v 247.342 177.015 12.858
v 248.991 168.226 12.819
v 243.817 173.656 12.819
v 245.466 164.867 12.779
v 240.292 170.296 12.779
v 241.941 161.507 12.739
v 236.766 166.936 12.739
v 238.416 158.147 12.698
v 233.241 163.576 12.698
v 234.891 154.788 12.657
v 229.716 160.217 12.657
v 231.365 151.428 12.616
v 226.191 156.857 12.616
v 227.840 148.068 12.574
v 222.666 153.497 12.574
v 224.315 144.708 12.531
v 219.141 150.138 12.531
v 220.790 141.349 12.489
v 215.616 146.778 12.489
v 217.265 137.989 12.446
v 212.090 143.418 12.446
v 213.740 134.629 12.402
v 208.565 140.058 12.402
v 210.214 131.270 12.358
v 205.040 136.699 12.358
v 177.799 166.145 12.968
v 172.756 160.593 12.968
v 181.394 162.880 12.912
v 176.351 157.328 12.912
v 184.988 159.615 12.853
v 179.945 154.063 12.853
v 188.582 156.350 12.792
v 183.540 150.798 12.792
v 192.177 153.085 12.728
v 187.134 147.533 12.728
v 195.771 149.820 12.661
v 190.728 144.268 12.661
v 199.365 146.555 12.591
v 194.323 141.003 12.591
v 202.960 143.290 12.517
v 197.917 137.738 12.517
v 206.554 140.025 12.440
v 201.511 134.473 12.440
v 210.149 136.760 12.358
v 205.106 131.208 12.358
v 3.836 226.090 13.900
v -1.868 230.960 13.900
v 0.686 222.401 13.872
v -5.018 227.271 13.872
v -2.465 218.712 13.846
v -8.168 223.582 13.846
v -5.615 215.023 13.819
v -11.318 219.893 13.819
v -8.765 211.334 13.793
v -14.468 216.204 13.793
v -11.915 207.645 13.768
v -17.619 212.515 13.768
v -15.065 203.956 13.743
v -20.769 208.826 13.743
v -18.215 200.267 13.719
v -23.919 205.137 13.719
v -21.366 196.578 13.696
v -27.069 201.448 13.696
v -24.516 192.889 13.674
v -30.219 197.759 13.674
v -27.666 189.200 13.652
v -33.369 194.071 13.652
v -30.816 185.511 13.632
v -36.519 190.382 13.632
v -33.966 181.822 13.613
v -39.670 186.693 13.613
v -37.116 178.133 13.594
v -42.820 183.004 13.594
v -40.267 174.444 13.578
v -45.970 179.315 13.578
v -43.417 170.755 13.562
v -49.120 175.626 13.562
v 493.085 570.891 17.572
v 486.775 566.837 17.572
v 495.712 566.802 17.466
v 489.401 562.748 17.466
v 498.338 562.713 17.357
v 492.028 558.659 17.357
v 500.965 558.624 17.245
v 494.654 554.570 17.245
v 503.591 554.535 17.128
v 497.281 550.481 17.128
v 506.218 550.446 17.009
v 499.908 546.392 17.009
v 508.845 546.357 16.886
v 502.534 542.303 16.886
v 511.471 542.268 16.759
v 505.161 538.214 16.759
v 514.099 538.178 16.629
v 507.787 534.127 16.629
v 516.723 534.084 16.497
v 510.408 530.038 16.497
v 519.345 529.991 16.361
v 513.029 525.946 16.361
v 521.966 525.898 16.222
v 515.650 521.854 16.222
v 524.587 521.806 16.080
v 518.271 517.761 16.080
v 527.208 517.713 15.936
v 520.891 513.669 15.936
v 529.828 513.619 15.789
v 523.511 509.576 15.789
v 532.448 509.526 15.639
v 526.132 505.483 15.639
v 535.068 505.433 15.486
v 528.752 501.390 15.486
v 537.689 501.340 15.331
v 531.372 497.297 15.331
v 540.309 497.247 15.174
v 533.992 493.204 15.174
v 542.929 493.154 15.014
v 536.613 489.111 15.014
v 545.549 489.061 14.852
v 539.233 485.018 14.852
v 548.170 484.968 14.688
v 541.853 480.925 14.688
v 550.790 480.875 14.522
v 544.473 476.832 14.522
v 553.410 476.782 14.353
v 547.094 472.739 14.353
v 574.132 439.066 12.923
v 570.061 445.365 12.923
v 570.013 436.404 12.968
v 565.942 442.703 12.968
v 565.893 433.741 13.017
v 561.822 440.040 13.017
v 561.774 431.079 13.069
v 557.703 437.378 13.069
v 557.655 428.416 13.125
v 553.583 434.715 13.125
v 553.535 425.754 13.182
v 549.464 432.053 13.182
v 549.416 423.091 13.242
v 545.345 429.390 13.242
v 545.296 420.429 13.303
v 541.225 426.728 13.303
v 541.177 417.766 13.365
v 537.106 424.065 13.365
v 537.057 415.104 13.428
v 532.986 421.403 13.428
v 532.938 412.441 13.491
v 528.867 418.740 13.491
v 528.818 409.779 13.554
v 524.747 416.078 13.554
v 524.699 407.116 13.616
v 520.628 413.415 13.616
v 520.580 404.454 13.677
v 516.508 410.753 13.677
v 516.460 401.791 13.738
v 512.389 408.090 13.738
v 512.341 399.129 13.796
v 508.270 405.428 13.796
v -362.921 -344.100 16.919
v -360.083 -340.936 16.919
v -366.510 -340.882 17.247
v -363.673 -337.718 17.247
v -370.099 -337.663 17.592
v -367.262 -334.499 17.592
v -373.688 -334.445 17.955
v -370.851 -331.281 17.955
v -377.278 -331.226 18.334
v -374.440 -328.062 18.334
v -380.867 -328.008 18.731
v -378.030 -324.844 18.731
v 85.439 73.422 12.022
v 80.955 79.434 12.022
v 81.736 70.660 12.017
v 77.251 76.672 12.017
v 78.032 67.897 12.016
v 73.548 73.909 12.016
v 74.328 65.135 12.018
v 69.844 71.146 12.018
v 70.625 62.372 12.024
v 66.141 68.384 12.024
v 23.469 137.666 12.939
v 28.641 132.234 12.939
v 26.949 140.979 12.952
v 32.120 135.547 12.952
v 30.428 144.291 12.967
v 35.599 138.859 12.967
v 33.907 147.603 12.984
v 39.079 142.171 12.984
v 37.386 150.915 13.004
v 42.558 145.483 13.004
v 40.866 154.228 13.025
v 46.037 148.796 13.025
v 44.345 157.540 13.048
v 49.516 152.108 13.048
v 47.824 160.852 13.073
v 52.996 155.420 13.073
v 51.303 164.165 13.099
v 56.475 158.733 13.099
v 54.783 167.477 13.127
v 59.954 162.045 13.127
v 58.262 170.789 13.155
v 63.433 165.357 13.155
v 61.741 174.102 13.185
v 66.912 168.670 13.185
v 65.220 177.414 13.215
v 70.392 171.982 13.215
v 68.700 180.726 13.246
v 73.871 175.294 13.246
v 72.179 184.039 13.278
v 77.350 178.607 13.278
v 75.658 187.351 13.310
v 80.829 181.919 13.310
v 79.137 190.663 13.343
v 84.309 185.231 13.343
v 82.616 193.976 13.375
v 87.788 188.544 13.375
v 86.096 197.288 13.408
v 91.267 191.856 13.408
v 89.575 200.600 13.441
v 94.746 195.168 13.441
v 93.054 203.913 13.473
v 98.226 198.481 13.473
v 96.533 207.225 13.506
v 101.705 201.793 13.506
v 100.013 210.537 13.538
v 105.184 205.105 13.538
v 103.492 213.849 13.571
v 108.663 208.417 13.571
v 106.971 217.162 13.603
v 112.142 211.730 13.603
v 110.450 220.474 13.634
v 115.622 215.042 13.634
v 28.721 137.588 12.939
v 23.390 132.312 12.939
v 32.151 134.121 12.892
v 26.821 128.846 12.892
v 35.582 130.654 12.845
v 30.251 125.379 12.845
v 39.013 127.188 12.797
v 33.682 121.912 12.797
v 42.444 123.721 12.748
v 37.113 118.445 12.748
v 45.875 120.254 12.699
v 40.544 114.978 12.699
v 49.306 116.787 12.649
v 43.975 111.512 12.649
v 52.736 113.320 12.597
v 47.405 108.045 12.597
v 56.167 109.853 12.545
v 50.836 104.578 12.545
v 80.498 73.825 12.022
v 85.896 79.032 12.022
v 77.198 77.246 12.087
v 82.597 82.452 12.087
v 73.899 80.667 12.150
v 79.297 85.873 12.150
v 70.599 84.087 12.211
v 75.998 89.294 12.211
v 67.300 87.508 12.270
v 72.698 92.715 12.270
v 64.000 90.929 12.328
v 69.399 96.136 12.328
v 60.701 94.350 12.384
v 66.099 99.557 12.384
v 57.402 97.771 12.439
v 62.800 102.977 12.439
v 54.102 101.192 12.493
v 59.500 106.398 12.493
v 50.803 104.612 12.545
v 56.201 109.819 12.545
v 145.873 188.921 13.366
v 140.735 194.385 13.366
v 142.281 185.543 13.328
v 137.143 191.007 13.328
v 138.689 182.166 13.291
v 133.551 187.630 13.291
v 135.097 178.788 13.253
v 129.959 184.252 13.253
v 131.505 175.411 13.215
v 126.367 180.875 13.215
v 127.912 172.033 13.176
v 122.775 177.497 13.176
v 124.320 168.656 13.138
v 119.183 174.120 13.138
v 120.728 165.278 13.099
v 115.591 170.742 13.099
v 117.136 161.901 13.060
v 111.999 167.365 13.060
v 113.544 158.523 13.022
v 108.406 163.987 13.022
v 109.952 155.146 12.983
v 104.814 160.610 12.983
v 106.360 151.768 12.945
v 101.222 157.232 12.945
v 102.768 148.391 12.908
v 97.630 153.855 12.908
v 99.176 145.013 12.871
v 94.038 150.477 12.871
v 95.584 141.636 12.835
v 90.446 147.100 12.835
v 91.991 138.258 12.800
v 86.854 143.722 12.800
v 88.399 134.881 12.766
v 83.262 140.345 12.766
v 84.807 131.503 12.733
v 79.670 136.968 12.733
v 81.215 128.126 12.702
v 76.078 133.590 12.702
v 77.623 124.749 12.673
v 72.485 130.213 12.673
v 74.031 121.371 12.646
v 68.893 126.835 12.646
v 70.439 117.994 12.621
v 65.301 123.458 12.621
v 66.847 114.616 12.598
v 61.709 120.080 12.598
v 63.255 111.239 12.577
v 58.117 116.703 12.577
v 59.663 107.861 12.560
v 54.525 113.325 12.560
v 56.070 104.484 12.545
v 50.933 109.948 12.545
v 115.485 220.598 13.634
v 110.587 214.918 13.634
v 119.269 217.335 13.604
v 114.370 211.655 13.604
v 123.052 214.071 13.573
v 118.154 208.392 13.573
v 126.836 210.808 13.541
v 121.937 205.129 13.541
v 130.619 207.545 13.508
v 125.721 201.866 13.508
v 134.403 204.282 13.474
v 129.504 198.602 13.474
v 138.186 201.019 13.439
v 133.288 195.339 13.439
v 141.970 197.756 13.403
v 137.071 192.076 13.403
v 145.753 194.492 13.366
v 140.855 188.813 13.366
v 57.344 289.743 14.365
v 51.079 285.619 14.365
v 60.037 285.651 14.310
v 53.773 281.527 14.310
v 62.731 281.559 14.257
v 56.466 277.435 14.257
v 65.424 277.467 14.207
v 59.160 273.343 14.207
v 68.118 273.375 14.158
v 61.853 269.251 14.158
v 70.811 269.283 14.112
v 64.547 265.159 14.112
v 73.505 265.191 14.067
v 67.240 261.067 14.067
v 76.198 261.099 14.024
v 69.934 256.975 14.024
v 78.892 257.007 13.982
v 72.627 252.883 13.982
v 81.586 252.915 13.941
v 75.321 248.791 13.941
v 84.279 248.823 13.902
v 78.014 244.699 13.902
v 86.973 244.731 13.863
v 80.708 240.607 13.863
v 86.274 245.522 13.863
v 81.406 239.817 13.863
v 89.924 242.408 13.833
v 85.056 236.703 13.833
v 93.573 239.294 13.804
v 88.705 233.589 13.804
v 97.223 236.180 13.776
v 92.355 230.475 13.776
v 100.872 233.066 13.747
v 96.004 227.361 13.747
v 104.522 229.953 13.719
v 99.654 224.247 13.719
v 108.171 226.839 13.691
v 103.303 221.133 13.691
v 111.821 223.725 13.663
v 106.952 218.019 13.663
v 115.470 220.611 13.634
v 110.602 214.905 13.634
v 375.903 261.805 13.504
v 369.541 257.833 13.504
v 378.277 258.003 13.427
v 371.915 254.031 13.427
v 380.651 254.200 13.348
v 374.289 250.228 13.348
v 383.025 250.397 13.266
v 376.663 246.425 13.266
v 385.399 246.595 13.180
v 379.038 242.623 13.180
v 387.774 242.792 13.091
v 381.412 238.820 13.091
v 390.148 238.989 12.999
v 383.786 235.017 12.999
v 392.522 235.186 12.902
v 386.160 231.214 12.902
v 394.896 231.384 12.800
v 388.534 227.412 12.800
v 397.270 227.581 12.693
v 390.908 223.609 12.693
v 459.860 223.625 11.713
v 454.465 228.836 11.713
v 456.490 220.136 11.693
v 451.096 225.347 11.693
v 453.120 216.648 11.668
v 447.726 221.859 11.668
v 449.750 213.159 11.640
v 444.356 218.370 11.640
v 446.380 209.671 11.607
v 440.986 214.881 11.607
v 443.010 206.182 11.571
v 437.616 211.393 11.571
v 439.641 202.694 11.530
v 434.246 207.904 11.530
v 436.271 199.205 11.486
v 430.877 204.416 11.486
v 432.901 195.716 11.439
v 427.507 200.927 11.439
v 429.500 192.196 11.387
v 424.168 197.471 11.387
v 425.329 188.228 11.337
v 421.461 194.654 11.337
v 418.328 186.491 11.370
v 419.832 193.839 11.370
v 412.535 190.544 11.532
v 418.019 195.660 11.532
v 409.463 195.047 11.703
v 415.696 199.219 11.703
v 406.765 199.078 11.866
v 412.998 203.250 11.866
v 404.067 203.109 12.022
v 410.300 207.281 12.022
v 401.369 207.140 12.170
v 407.602 211.311 12.170
v 398.671 211.171 12.311
v 404.904 215.342 12.311
v 395.942 215.249 12.445
v 402.238 219.326 12.445
v 393.304 219.462 12.572
v 399.729 223.330 12.572
v 390.843 223.718 12.693
v 397.336 227.472 12.693
v 454.463 228.833 11.713
v 459.862 223.628 11.713
v 457.771 232.264 11.730
v 463.170 227.058 11.730
v 461.079 235.695 11.742
v 466.478 230.489 11.742
v 464.386 239.125 11.750
v 469.786 233.919 11.750
v 467.694 242.556 11.754
v 473.093 237.350 11.754
v 471.002 245.986 11.753
v 476.401 240.781 11.753
v 474.310 249.417 11.749
v 479.709 244.211 11.749
v 477.618 252.848 11.740
v 483.017 247.642 11.740
v 480.926 256.278 11.727
v 486.325 251.072 11.727
v 484.233 259.709 11.710
v 489.632 254.503 11.710
v 487.541 263.139 11.688
v 492.940 257.934 11.688
v 490.787 266.505 11.662
v 496.310 261.430 11.662
v 493.529 269.577 11.641
v 499.828 265.506 11.641
v 494.879 272.327 11.670
v 502.293 271.192 11.670
v 494.503 275.182 11.786
v 501.574 277.685 11.786
v 492.328 278.473 11.949
v 498.678 282.464 11.949
v 489.793 282.509 12.108
v 496.143 286.499 12.108
v 487.257 286.544 12.261
v 493.608 290.534 12.261
v 471.250 323.723 13.374
v 465.029 319.532 13.374
v 474.036 319.587 13.251
v 467.816 315.396 13.251
v 476.823 315.451 13.124
v 470.603 311.260 13.124
v 479.609 311.315 12.993
v 473.389 307.124 12.993
v 482.396 307.179 12.857
v 476.176 302.988 12.857
v 485.183 303.042 12.715
v 478.963 298.852 12.715
v 487.969 298.906 12.569
v 481.749 294.716 12.569
v 490.756 294.770 12.418
v 484.536 290.580 12.418
v 493.542 290.634 12.261
v 487.322 286.443 12.261
v 419.255 394.337 15.141
v 423.339 388.047 15.141
v 423.271 396.945 15.149
v 427.355 390.654 15.149
v 427.287 399.552 15.156
v 431.371 393.262 15.156
v 431.303 402.160 15.160
v 435.387 395.869 15.160
v 435.319 404.767 15.164
v 439.403 398.477 15.164
v 439.335 407.375 15.165
v 443.419 401.084 15.165
v 443.351 409.982 15.164
v 447.436 403.692 15.164
v 447.368 412.589 15.162
v 451.452 406.299 15.162
v 451.384 415.197 15.157
v 455.468 408.906 15.157
v 455.400 417.804 15.149
v 459.484 411.514 15.149
v 459.416 420.412 15.140
v 463.500 414.121 15.140
v 463.432 423.019 15.128
v 467.516 416.729 15.128
v 467.448 425.627 15.113
v 471.532 419.336 15.113
v 471.464 428.234 15.096
v 475.548 421.944 15.096
v 475.480 430.842 15.075
v 479.564 424.551 15.075
v 479.496 433.449 15.053
v 483.580 427.159 15.053
v 483.512 436.057 15.027
v 487.596 429.766 15.027
v 487.528 438.664 14.999
v 491.613 432.374 14.999
v 507.123 400.294 13.796
v 513.487 404.263 13.796
v 504.532 404.449 13.955
v 510.895 408.418 13.955
v 501.940 408.604 14.111
v 508.303 412.573 14.111
v 499.348 412.759 14.265
v 505.711 416.728 14.265
v 496.756 416.914 14.417
v 503.120 420.883 14.417
v 494.164 421.069 14.566
v 500.528 425.038 14.566
v 491.572 425.224 14.713
v 497.936 429.193 14.713
v 488.981 429.379 14.857
v 495.344 433.348 14.857
v 486.389 433.534 14.999
v 492.752 437.504 14.999
v 440.570 356.110 14.340
v 446.776 360.322 14.340
v 437.773 360.232 14.441
v 443.979 364.444 14.441
v 434.976 364.354 14.542
v 441.182 368.566 14.542
v 432.179 368.476 14.643
v 438.385 372.688 14.643
v 429.382 372.598 14.743
v 435.588 376.810 14.743
v 426.585 376.720 14.842
v 432.791 380.932 14.842
v 423.788 380.842 14.942
v 429.994 385.054 14.942
v 420.991 384.964 15.042
v 427.197 389.176 15.042
v 418.194 389.086 15.141
v 424.400 393.298 15.141
v 360.136 494.536 17.518
v 353.804 490.516 17.518
v 362.709 490.482 17.427
v 356.377 486.463 17.427
v 365.282 486.429 17.335
v 358.950 482.409 17.335
v 367.855 482.376 17.242
v 361.523 478.356 17.242
v 370.429 478.322 17.150
v 364.097 474.303 17.150
v 373.002 474.269 17.057
v 366.670 470.249 17.057
v 375.575 470.216 16.963
v 369.243 466.196 16.963
v 378.148 466.162 16.869
v 371.816 462.143 16.869
v 380.721 462.109 16.775
v 374.389 458.089 16.775
v 383.294 458.056 16.681
v 376.962 454.036 16.681
v 385.867 454.002 16.586
v 379.535 449.983 16.586
v 388.440 449.949 16.491
v 382.108 445.929 16.491
v 391.013 445.895 16.395
v 384.681 441.876 16.395
v 393.586 441.842 16.300
v 387.254 437.823 16.300
v 396.159 437.789 16.204
v 389.827 433.769 16.204
v 398.732 433.735 16.107
v 392.400 429.716 16.107
v 401.305 429.682 16.011
v 394.973 425.662 16.011
v 403.878 425.629 15.914
v 397.546 421.609 15.914
v 406.451 421.575 15.818
v 400.120 417.556 15.818
v 409.025 417.522 15.721
v 402.693 413.502 15.721
v 411.598 413.469 15.624
v 405.266 409.449 15.624
v 414.171 409.415 15.527
v 407.839 405.396 15.527
v 416.744 405.362 15.431
v 410.412 401.342 15.431
v 419.317 401.308 15.334
v 412.985 397.289 15.334
v 421.890 397.255 15.237
v 415.558 393.236 15.237
v 424.463 393.202 15.141
v 418.131 389.182 15.141
v 487.534 438.668 14.999
v 491.607 432.370 14.999
v 491.580 441.284 14.968
v 495.652 434.986 14.968
v 495.625 443.900 14.935
v 499.698 437.602 14.935
v 499.670 446.516 14.899
v 503.743 440.218 14.899
v 503.716 449.132 14.860
v 507.789 442.834 14.860
v 507.761 451.748 14.820
v 511.834 445.450 14.820
v 511.807 454.364 14.778
v 515.879 448.067 14.778
v 515.852 456.980 14.734
v 519.925 450.683 14.734
v 519.898 459.597 14.689
v 523.970 453.299 14.689
v 523.943 462.213 14.642
v 528.016 455.915 14.642
v 527.988 464.829 14.595
v 532.061 458.531 14.595
v 532.034 467.445 14.547
v 536.107 461.147 14.547
v 536.079 470.061 14.498
v 540.152 463.763 14.498
v 540.125 472.677 14.450
v 544.197 466.379 14.450
v 544.170 475.293 14.401
v 548.243 468.995 14.401
v 548.216 477.909 14.353
v 552.288 471.611 14.353
v 166.491 362.779 15.072
v 170.601 356.505 15.072
v 170.537 365.430 15.111
v 174.647 359.156 15.111
v 174.583 368.081 15.152
v 178.693 361.808 15.152
v 178.629 370.732 15.194
v 182.740 364.459 15.194
v 182.675 373.383 15.237
v 186.786 367.110 15.237
v 186.721 376.034 15.280
v 190.832 369.761 15.280
v 190.767 378.685 15.324
v 194.878 372.412 15.324
v 194.813 381.337 15.370
v 198.924 375.063 15.370
v 198.859 383.988 15.416
v 202.970 377.714 15.416
v 202.906 386.639 15.462
v 207.016 380.366 15.462
v 206.952 389.290 15.510
v 211.062 383.017 15.510
v 210.998 391.941 15.558
v 215.108 385.668 15.558
v 215.044 394.592 15.607
v 219.154 388.319 15.607
v 219.090 397.243 15.657
v 223.200 390.970 15.657
v 223.136 399.895 15.707
v 227.246 393.621 15.707
v 227.182 402.546 15.758
v 231.293 396.272 15.758
v 231.228 405.197 15.809
v 235.339 398.924 15.809
v 235.274 407.848 15.861
v 239.385 401.575 15.861
v 239.320 410.499 15.913
v 243.431 404.226 15.913
v 243.366 413.150 15.966
v 247.477 406.877 15.966
v 247.413 415.801 16.020
v 251.523 409.528 16.020
v 251.459 418.453 16.074
v 255.569 412.179 16.074
v 255.505 421.104 16.128
v 259.615 414.830 16.128
v 259.551 423.755 16.182
v 263.661 417.482 16.182
v 263.597 426.406 16.237
v 267.707 420.133 16.237
v 358.889 489.304 17.518
v 355.051 495.748 17.518
v 354.650 486.779 17.483
v 350.724 493.170 17.483
v 350.632 484.240 17.445
v 346.328 490.382 17.445
v 346.829 481.295 17.396
v 342.242 487.228 17.396
v 342.885 478.245 17.346
v 338.298 484.179 17.346
v 338.941 475.196 17.295
v 334.353 481.129 17.295
v 334.997 472.146 17.243
v 330.409 478.079 17.243
v 331.053 469.097 17.190
v 326.465 475.030 17.190
v 327.109 466.047 17.136
v 322.521 471.980 17.136
v 323.164 462.997 17.081
v 318.577 468.931 17.081
v 319.220 459.948 17.025
v 314.633 465.881 17.025
v 315.276 456.898 16.968
v 310.688 462.831 16.968
v 311.332 453.848 16.910
v 306.744 459.782 16.910
v 307.388 450.799 16.851
v 302.800 456.732 16.851
v 303.443 447.749 16.791
v 298.856 453.683 16.791
v 299.499 444.700 16.731
v 294.912 450.633 16.731
v 295.555 441.650 16.670
v 290.968 447.583 16.670
v 291.611 438.600 16.609
v 287.023 444.534 16.609
v 287.667 435.551 16.547
v 283.079 441.484 16.547
v 283.723 432.501 16.485
v 279.135 438.434 16.485
v 279.778 429.452 16.423
v 275.191 435.385 16.423
v 275.834 426.402 16.361
v 271.247 432.335 16.361
v 271.890 423.352 16.299
v 267.303 429.286 16.299
v 267.946 420.303 16.237
v 263.358 426.236 16.237
v 423.335 388.044 15.141
v 419.259 394.340 15.141
v 419.224 385.382 15.132
v 415.147 391.678 15.132
v 415.112 382.720 15.121
v 411.036 389.015 15.121
v 411.001 380.058 15.109
v 406.924 386.353 15.109
v 406.889 377.396 15.096
v 402.813 383.691 15.096
v 402.778 374.733 15.081
v 398.701 381.029 15.081
v 398.666 372.071 15.066
v 394.590 378.367 15.066
v 394.555 369.409 15.050
v 390.478 375.705 15.050
v 390.443 366.747 15.033
v 386.367 373.042 15.033
v 386.332 364.085 15.015
v 382.255 370.380 15.015
v 382.220 361.422 14.996
v 378.144 367.718 14.996
v 378.109 358.760 14.976
v 374.032 365.056 14.976
v 373.997 356.098 14.956
v 369.921 362.394 14.956
v 369.886 353.436 14.935
v 365.809 359.731 14.935
v 365.774 350.774 14.913
v 361.698 357.069 14.913
v 361.663 348.112 14.891
v 357.586 354.407 14.891
v 357.551 345.449 14.868
v 353.475 351.745 14.868
v 353.440 342.787 14.845
v 349.364 349.083 14.845
v 349.328 340.125 14.821
v 345.252 346.421 14.821
v 345.217 337.463 14.797
v 341.141 343.758 14.797
v 341.105 334.801 14.772
v 337.029 341.096 14.772
v 336.994 332.138 14.747
v 332.918 338.434 14.747
v 332.882 329.476 14.722
v 328.806 335.772 14.722
v 328.771 326.814 14.696
v 324.695 333.110 14.696
v 345.462 294.369 14.156
v 351.744 298.465 14.156
v 343.032 298.096 14.217
v 349.314 302.192 14.217
v 340.602 301.823 14.278
v 346.884 305.920 14.278
v 338.172 305.551 14.338
v 344.454 309.647 14.338
v 335.741 309.278 14.398
v 342.024 313.374 14.398
v 333.311 313.005 14.457
v 339.594 317.101 14.457
v 330.881 316.732 14.517
v 337.164 320.828 14.517
v 328.451 320.459 14.577
v 334.734 324.556 14.577
v 326.021 324.187 14.636
v 332.304 328.283 14.636
v 323.591 327.914 14.696
v 329.874 332.010 14.696
v 328.798 326.832 14.696
v 324.667 333.092 14.696
v 324.760 324.167 14.670
v 320.629 330.427 14.670
v 320.721 321.502 14.643
v 316.590 327.762 14.643
v 316.683 318.837 14.617
v 312.552 325.097 14.617
v 312.644 316.172 14.590
v 308.513 322.432 14.590
v 308.605 313.508 14.564
v 304.475 319.768 14.564
v 304.567 310.843 14.537
v 300.436 317.103 14.537
v 300.528 308.178 14.511
v 296.398 314.438 14.511
v 296.490 305.513 14.484
v 292.359 311.773 14.484
v 292.451 302.848 14.458
v 288.321 309.108 14.458
v 288.413 300.183 14.432
v 284.282 306.443 14.432
v 284.374 297.518 14.406
v 280.244 303.778 14.406
v 280.336 294.853 14.381
v 276.205 301.113 14.381
v 276.297 292.189 14.356
v 272.166 298.449 14.356
v 272.259 289.524 14.331
v 268.128 295.784 14.331
v 268.220 286.859 14.306
v 264.089 293.119 14.306
v 264.182 284.194 14.282
v 260.051 290.454 14.282
v 260.143 281.529 14.257
v 256.012 287.789 14.257
v 256.104 278.864 14.233
v 251.974 285.124 14.233
v 252.066 276.199 14.209
v 247.935 282.459 14.209
v 248.027 273.534 14.186
v 243.897 279.794 14.186
v 243.989 270.870 14.162
v 239.858 277.130 14.162
v 239.950 268.205 14.138
v 235.820 274.465 14.138
v 235.912 265.540 14.115
v 231.781 271.800 14.115
v 231.873 262.875 14.091
v 227.743 269.135 14.091
v 248.265 230.848 13.695
v 254.547 234.946 13.695
v 245.566 234.987 13.749
v 251.847 239.085 13.749
v 242.866 239.125 13.802
v 249.147 243.223 13.802
v 240.166 243.264 13.853
v 246.448 247.362 13.853
v 237.466 247.402 13.903
v 243.748 251.500 13.903
v 234.766 251.541 13.952
v 241.048 255.639 13.952
v 232.067 255.679 13.999
v 238.348 259.777 13.999
v 229.367 259.818 14.046
v 235.648 263.915 14.046
v 226.667 263.956 14.091
v 232.949 268.054 14.091
v 268.775 425.345 16.237
v 262.529 421.194 16.237
v 271.459 421.307 16.168
v 265.213 417.155 16.168
v 274.143 417.269 16.099
v 267.897 413.117 16.099
v 276.827 413.230 16.031
v 270.581 409.079 16.031
v 279.511 409.192 15.963
v 273.265 405.041 15.963
v 282.195 405.154 15.895
v 275.949 401.002 15.895
v 284.879 401.115 15.827
v 278.633 396.964 15.827
v 287.563 397.077 15.759
v 281.317 392.926 15.759
v 290.254 393.029 15.692
v 283.994 388.898 15.692
v 292.919 388.961 15.624
v 286.644 384.854 15.624
v 295.574 384.901 15.557
v 289.296 380.797 15.557
v 298.227 380.843 15.490
v 291.950 376.739 15.490
v 300.881 376.784 15.422
v 294.603 372.680 15.422
v 303.534 372.726 15.356
v 297.256 368.622 15.356
v 306.187 368.667 15.289
v 299.910 364.563 15.289
v 308.841 364.609 15.222
v 302.563 360.505 15.222
v 311.500 360.541 15.156
v 305.210 356.456 15.156
v 314.136 356.455 15.090
v 307.831 352.392 15.090
v 316.761 352.377 15.023
v 310.455 348.316 15.023
v 319.386 348.300 14.958
v 313.080 344.240 14.958
v 322.011 344.223 14.892
v 315.705 340.163 14.892
v 324.636 340.146 14.826
v 318.330 336.086 14.826
v 327.261 336.069 14.761
v 320.955 332.009 14.761
v 329.886 331.992 14.696
v 323.580 327.932 14.696
v 171.705 361.663 15.072
v 165.387 357.621 15.072
v 174.327 357.564 15.022
v 168.009 353.523 15.022
v 176.948 353.465 14.975
v 170.630 349.424 14.975
v 179.570 349.367 14.928
v 173.252 345.326 14.928
v 182.191 345.268 14.883
v 175.873 341.227 14.883
v 184.813 341.170 14.839
v 178.495 337.128 14.839
v 187.435 337.071 14.795
v 181.117 333.030 14.795
v 190.056 332.973 14.753
v 183.738 328.931 14.753
v 192.657 328.905 14.710
v 186.380 324.801 14.710
v 195.337 324.895 14.670
v 189.106 320.721 14.670
v 198.048 320.860 14.629
v 191.822 316.678 14.629
v 200.760 316.821 14.589
v 194.534 312.640 14.589
v 203.473 312.783 14.549
v 197.247 308.601 14.549
v 206.186 308.744 14.509
v 199.960 304.562 14.509
v 208.899 304.705 14.469
v 202.673 300.523 14.469
v 211.611 300.666 14.429
v 205.385 296.484 14.429
v 214.336 296.609 14.388
v 208.086 292.463 14.388
v 217.017 292.518 14.347
v 210.738 288.416 14.347
v 219.675 288.436 14.306
v 213.390 284.343 14.306
v 222.330 284.359 14.264
v 216.045 280.266 14.264
v 224.985 280.282 14.221
v 218.700 276.189 14.221
v 227.640 276.205 14.179
v 221.355 272.112 14.179
v 230.295 272.128 14.135
v 224.010 268.036 14.135
v 232.950 268.051 14.091
v 226.666 263.959 14.091
v -275.217 -501.820 12.045
v -276.157 -497.675 12.045
v -280.058 -502.917 12.123
v -280.998 -498.773 12.123
v -284.898 -504.015 12.201
v -285.838 -499.870 12.201
v -289.739 -505.113 12.279
v -290.679 -500.968 12.279
v -294.580 -506.210 12.359
v -295.520 -502.066 12.359
v -299.420 -507.308 12.441
v -300.360 -503.163 12.441
v -304.261 -508.406 12.525
v -305.201 -504.261 12.525
v -309.060 -509.494 12.611
v -310.083 -505.368 12.611
v -313.758 -510.759 12.697
v -314.961 -506.683 12.697
v -318.437 -512.261 12.783
v -319.735 -508.214 12.783
v -323.163 -513.776 12.872
v -324.461 -509.730 12.872
v -327.889 -515.292 12.965
v -329.187 -511.246 12.965
v -332.560 -516.790 13.063
v -333.970 -512.780 13.063
v -337.097 -518.529 13.160
v -338.692 -514.589 13.160
v -341.626 -520.462 13.258
v -343.294 -516.553 13.258
v -346.191 -522.410 13.362
v -347.859 -518.501 13.362
v -350.748 -524.354 13.471
v -352.433 -520.453 13.471
v -355.271 -526.332 13.587
v -357.005 -522.451 13.587
v -359.770 -528.387 13.708
v -361.536 -524.521 13.708
v -364.284 -530.449 13.838
v -366.050 -526.584 13.838
v -368.799 -532.512 13.977
v -370.565 -528.646 13.977
v -373.314 -534.574 14.127
v -375.080 -530.708 14.127
v -377.829 -536.637 14.290
v -379.595 -532.771 14.290
v -382.343 -538.699 14.466
v -384.109 -534.833 14.466
v -386.858 -540.761 14.657
v -388.624 -536.896 14.657
v -391.373 -542.824 14.865
v -393.139 -538.958 14.865
v -395.887 -544.886 15.091
v -397.653 -541.021 15.091
v -400.407 -546.951 15.337
v -402.163 -543.081 15.337
v -404.938 -548.993 15.605
v -406.682 -545.118 15.605
v -409.465 -551.030 15.896
v -411.208 -547.153 15.896
v -413.992 -553.065 16.211
v -415.735 -549.189 16.211
v -418.460 -555.073 16.551
v -420.321 -551.252 16.551
v -422.763 -557.336 16.902
v -424.797 -553.604 16.902
v -427.057 -559.761 17.269
v -429.147 -556.060 17.269
v -431.379 -562.201 17.663
v -433.469 -558.501 17.663
v -467.903 -526.214 23.267
v -472.676 -531.998 23.267
v -464.116 -529.338 22.584
v -468.890 -535.123 22.584
v -460.330 -532.463 21.931
v -465.103 -538.247 21.931
v -456.543 -535.587 21.305
v -461.316 -541.372 21.305
v -452.757 -538.712 20.707
v -457.530 -544.496 20.707
v -448.970 -541.836 20.136
v -453.743 -547.621 20.136
v -445.183 -544.961 19.592
v -449.957 -550.745 19.592
v -441.397 -548.085 19.073
v -446.170 -553.870 19.073
v -437.610 -551.210 18.578
v -442.384 -556.994 18.578
v -433.824 -554.334 18.109
v -438.597 -560.119 18.109
v -430.037 -557.459 17.663
v -434.811 -563.243 17.663
v -75.745 277.611 15.052
v -79.976 283.804 15.052
v -79.818 274.829 15.027
v -84.049 281.022 15.027
v -83.891 272.047 15.001
v -88.122 278.240 15.001
v -87.964 269.265 14.975
v -92.194 275.458 14.975
v -92.037 266.483 14.949
v -96.267 272.676 14.949
v -96.110 263.701 14.922
v -100.340 269.894 14.922
v -100.182 260.918 14.896
v -104.413 267.111 14.896
v -104.255 258.136 14.869
v -108.486 264.329 14.869
v -108.328 255.354 14.843
v -112.559 261.547 14.843
v -112.413 252.563 14.817
v -116.619 258.773 14.817
v -116.533 249.797 14.792
v -120.689 256.041 14.792
v -120.663 247.073 14.768
v -124.793 253.333 14.768
v -124.781 244.357 14.745
v -128.910 250.617 14.745
v -128.898 241.641 14.723
v -133.028 247.901 14.723
v -133.015 238.925 14.701
v -137.145 245.185 14.701
v -137.132 236.209 14.681
v -141.262 242.469 14.681
v -141.250 233.493 14.662
v -145.379 239.753 14.662
v -145.299 230.822 14.645
v -149.564 236.991 14.645
v -149.198 227.998 14.626
v -153.653 234.032 14.626
v -153.111 225.053 14.608
v -157.621 231.045 14.608
v -157.052 222.087 14.593
v -161.562 228.079 14.593
v -160.993 219.120 14.580
v -165.503 225.113 14.580
v -164.933 216.154 14.569
v -169.444 222.147 14.569
v -168.874 213.188 14.562
v -173.385 219.180 14.562
v -1.128 225.426 13.900
v 3.096 231.624 13.900
v -5.240 228.229 13.945
v -1.017 234.426 13.945
v -9.353 231.031 13.992
v -5.130 237.229 13.992
v -13.466 233.834 14.041
v -9.242 240.032 14.041
v -17.579 236.637 14.091
v -13.355 242.834 14.091
v -21.691 239.439 14.143
v -17.468 245.637 14.143
v -25.804 242.242 14.197
v -21.581 248.440 14.197
v -29.917 245.045 14.252
v -25.693 251.242 14.252
v -34.029 247.847 14.309
v -29.806 254.045 14.309
v -38.123 250.637 14.368
v -33.938 256.861 14.368
v -42.248 253.373 14.428
v -38.108 259.627 14.428
v -46.397 256.114 14.491
v -42.263 262.372 14.491
v -50.550 258.857 14.555
v -46.416 265.115 14.555
v -54.703 261.600 14.621
v -50.569 267.858 14.621
v -58.820 264.321 14.689
v -54.756 270.624 14.689
v -62.996 266.948 14.758
v -59.005 273.298 14.758
v -67.210 269.593 14.828
v -63.222 275.945 14.828
v -71.425 272.239 14.901
v -67.437 278.591 14.901
v -75.640 274.886 14.976
v -71.652 281.238 14.976
v -79.855 277.532 15.052
v -75.867 283.884 15.052
v -47.425 169.623 13.562
v -45.112 176.758 13.562
v -52.078 171.131 13.591
v -49.765 178.266 13.591
v -56.731 172.640 13.620
v -54.418 179.774 13.620
v -61.384 174.148 13.649
v -59.071 181.282 13.649
v -66.037 175.656 13.678
v -63.725 182.791 13.678
v -70.690 177.164 13.706
v -68.378 184.299 13.706
v -75.343 178.673 13.735
v -73.031 185.807 13.735
v -79.996 180.181 13.764
v -77.684 187.315 13.764
v -84.649 181.689 13.793
v -82.337 188.824 13.793
v -89.308 183.199 13.823
v -86.985 190.330 13.823
v -94.007 184.738 13.853
v -91.582 191.835 13.853
v -98.661 186.395 13.885
v -96.144 193.461 13.885
v -103.268 188.036 13.917
v -100.752 195.102 13.917
v -107.876 189.677 13.951
v -105.360 196.743 13.951
v -112.484 191.318 13.986
v -109.968 198.384 13.986
v -117.092 192.959 14.021
v -114.576 200.025 14.021
v -121.700 194.600 14.058
v -119.184 201.666 14.058
v -126.308 196.241 14.096
v -123.792 203.307 14.096
v -130.916 197.882 14.136
v -128.400 204.948 14.136
v -135.524 199.523 14.177
v -133.008 206.589 14.177
v -140.132 201.164 14.219
v -137.616 208.230 14.219
v -144.740 202.805 14.263
v -142.224 209.871 14.263
v -149.348 204.447 14.309
v -146.832 211.512 14.309
v -153.956 206.088 14.356
v -151.440 213.153 14.356
v -158.564 207.729 14.405
v -156.048 214.794 14.405
v -163.172 209.370 14.455
v -160.655 216.435 14.455
v -167.780 211.011 14.507
v -165.263 218.076 14.507
v -172.388 212.652 14.562
v -169.871 219.717 14.562
v -45.175 176.778 13.562
v -47.362 169.603 13.562
v -40.705 175.415 13.534
v -42.892 168.241 13.534
v -36.236 174.053 13.506
v -38.422 166.879 13.506
v -31.766 172.691 13.478
v -33.952 165.517 13.478
v -27.296 171.329 13.449
v -29.483 164.155 13.449
v -22.826 169.967 13.420
v -25.013 162.793 13.420
v -18.357 168.605 13.390
v -20.543 161.430 13.390
v -13.887 167.243 13.360
v -16.073 160.068 13.360
v -9.417 165.880 13.330
v -11.604 158.706 13.330
v -4.947 164.518 13.300
v -7.134 157.344 13.300
v -0.478 163.156 13.269
v -2.664 155.982 13.269
v 86.390 239.919 13.863
v 81.291 245.419 13.863
v 82.737 236.533 13.834
v 77.638 242.033 13.834
v 79.084 233.146 13.805
v 73.985 238.646 13.805
v 75.430 229.759 13.777
v 70.331 235.259 13.777
v 71.777 226.372 13.748
v 66.678 231.872 13.748
v 68.124 222.985 13.720
v 63.025 228.486 13.720
v 64.471 219.599 13.692
v 59.372 225.099 13.692
v 60.818 216.212 13.664
v 55.719 221.712 13.664
v 57.165 212.825 13.636
v 52.066 218.325 13.636
v 53.512 209.438 13.608
v 48.413 214.938 13.608
v 49.859 206.052 13.581
v 44.760 211.552 13.581
v 46.205 202.665 13.555
v 41.106 208.165 13.555
v 42.552 199.278 13.529
v 37.453 204.778 13.529
v 38.899 195.891 13.503
v 33.800 201.391 13.503
v 35.246 192.505 13.479
v 30.147 198.005 13.479
v 31.593 189.118 13.455
v 26.494 194.618 13.455
v 27.940 185.731 13.432
v 22.841 191.231 13.432
v 24.287 182.344 13.410
v 19.188 187.844 13.410
v 20.634 178.958 13.389
v 15.535 184.458 13.389
v 16.980 175.571 13.370
v 11.881 181.071 13.370
v 13.327 172.184 13.351
v 8.228 177.684 13.351
v 9.733 168.853 13.335
v 4.517 174.242 13.335
v 6.496 165.597 13.317
v 0.759 170.428 13.317
v 3.943 162.011 13.295
v -2.443 165.943 13.295
v 1.747 157.822 13.269
v -4.889 161.316 13.269
v 23.360 132.342 12.939
v 28.750 137.558 12.939
v 20.107 135.704 12.983
v 25.497 140.920 12.983
v 16.854 139.065 13.027
v 22.244 144.281 13.027
v 13.601 142.427 13.070
v 18.991 147.643 13.070
v 10.348 145.789 13.113
v 15.738 151.004 13.113
v 7.095 149.150 13.156
v 12.484 154.366 13.156
v 4.049 152.314 13.198
v 9.025 157.925 13.198
v 1.007 154.659 13.237
v 4.616 161.233 13.237
v -2.873 156.052 13.269
v -0.268 163.086 13.269
v 44.499 37.459 12.143
v 39.248 42.813 12.143
v 41.706 34.720 12.169
v 36.455 40.074 12.169
v 38.913 31.981 12.199
v 33.662 37.336 12.199
v 36.120 29.242 12.231
v 30.869 34.597 12.231
v -11.203 74.136 12.919
v -16.468 79.477 12.919
v -14.705 70.683 12.949
v -19.971 76.024 12.949
v -18.208 67.230 12.981
v -23.473 72.571 12.981
v -21.711 63.777 13.016
v -26.976 69.118 13.016
v -25.214 60.324 13.052
v -30.479 65.665 13.052
v -28.716 56.871 13.091
v -33.981 62.212 13.091
v -32.219 53.418 13.131
v -37.484 58.759 13.131
v -35.722 49.965 13.172
v -40.987 55.306 13.172
v -39.224 46.512 13.215
v -44.490 51.853 13.215
v -42.727 43.059 13.259
v -47.992 48.400 13.259
v -46.230 39.606 13.303
v -51.495 44.947 13.303
v -49.733 36.153 13.348
v -54.998 41.494 13.348
v -53.235 32.700 13.393
v -58.501 38.041 13.393
v -56.738 29.247 13.438
v -62.003 34.588 13.438
v -60.241 25.794 13.483
v -65.506 31.135 13.483
v -63.743 22.341 13.528
v -69.009 27.682 13.528
v -67.246 18.888 13.572
v -72.511 24.229 13.572
v -70.749 15.435 13.615
v -76.014 20.776 13.615
v -74.252 11.982 13.658
v -79.517 17.323 13.658
v -77.754 8.529 13.699
v -83.020 13.870 13.699
v -81.257 5.076 13.740
v -86.522 10.418 13.740
v -84.760 1.623 13.778
v -90.025 6.965 13.778
v -88.263 -1.830 13.816
v -93.528 3.512 13.816
v -91.765 -5.282 13.852
v -97.030 0.059 13.852
v -91.705 -0.003 13.852
v -97.091 -5.221 13.852
v -88.335 -3.481 13.849
v -93.721 -8.700 13.849
v -84.964 -6.959 13.845
v -90.351 -12.178 13.845
v -81.594 -10.438 13.840
v -86.981 -15.656 13.840
v -78.224 -13.916 13.835
v -83.611 -19.135 13.835
v -74.854 -17.394 13.829
v -80.241 -22.613 13.829
v -71.484 -20.873 13.822
v -76.870 -26.092 13.822
v -68.118 -24.347 13.813
v -73.496 -29.574 13.813
v -64.773 -27.778 13.804
v -70.080 -33.078 13.804
v -61.342 -31.132 13.792
v -66.584 -36.495 13.792
v -57.878 -34.518 13.778
v -63.121 -39.881 13.778
v -54.415 -37.903 13.762
v -59.657 -43.266 13.762
v -50.951 -41.289 13.745
v -56.194 -46.652 13.745
v -47.488 -44.674 13.725
v -52.731 -50.038 13.725
v 31.743 28.603 12.231
v 35.246 35.235 12.231
v 27.585 30.800 12.297
v 31.088 37.432 12.297
v 23.230 33.108 12.361
v 27.125 39.517 12.361
v 19.102 35.963 12.421
v 23.528 42.017 12.421
v 15.147 39.015 12.477
v 20.049 44.692 12.477
v 11.557 42.475 12.529
v 16.873 47.765 12.529
v 8.201 45.984 12.578
v 13.733 51.049 12.578
v 5.047 49.580 12.625
v 10.687 54.525 12.625
v 1.947 53.116 12.670
v 7.586 58.061 12.670
v -1.154 56.653 12.714
v 4.486 61.597 12.714
v -4.254 60.189 12.757
v 1.386 65.133 12.757
v -7.354 63.725 12.799
v -1.715 68.670 12.799
v -10.454 67.262 12.840
v -4.815 72.206 12.840
v -13.555 70.798 12.880
v -7.915 75.742 12.880
v -16.655 74.334 12.919
v -11.015 79.278 12.919
v -133.907 -128.002 14.031
v -129.088 -122.255 14.031
v -137.480 -125.005 14.053
v -132.661 -119.259 14.053
v -141.053 -122.009 14.076
v -136.234 -116.262 14.076
v -144.626 -119.013 14.100
v -139.807 -113.266 14.100
v -148.199 -116.016 14.125
v -143.380 -110.270 14.125
v -151.835 -112.966 14.151
v -146.890 -107.327 14.151
v -155.357 -109.738 14.178
v -150.239 -104.256 14.178
v -158.761 -106.503 14.206
v -153.595 -101.066 14.206
v -162.142 -103.291 14.235
v -156.975 -97.854 14.235
v -165.522 -100.079 14.265
v -160.356 -94.642 14.265
v -168.902 -96.867 14.296
v -163.736 -91.430 14.296
v -172.283 -93.655 14.328
v -167.116 -88.218 14.328
v -175.663 -90.443 14.362
v -170.497 -85.006 14.362
v -179.043 -87.231 14.396
v -173.877 -81.794 14.396
v 36.073 29.196 12.231
v 30.916 34.642 12.231
v 32.555 25.865 12.276
v 27.398 31.311 12.276
v 29.038 22.535 12.324
v 23.881 27.981 12.324
v 25.520 19.204 12.376
v 20.363 24.650 12.376
v 22.002 15.873 12.432
v 16.846 21.319 12.432
v 18.485 12.542 12.491
v 13.328 17.988 12.491
v 14.967 9.211 12.553
v 9.810 14.657 12.553
v 11.450 5.880 12.617
v 6.293 11.326 12.617
v 7.932 2.550 12.683
v 2.775 7.996 12.683
v 4.414 -0.781 12.752
v -0.742 4.665 12.752
v 0.897 -4.112 12.822
v -4.260 1.334 12.822
v -2.621 -7.443 12.893
v -7.778 -1.997 12.893
v -6.138 -10.774 12.964
v -11.295 -5.328 12.964
v -9.656 -14.104 13.036
v -14.813 -8.658 13.036
v -13.174 -17.435 13.108
v -18.330 -11.989 13.108
v -16.691 -20.766 13.179
v -21.848 -15.320 13.179
v -20.209 -24.097 13.249
v -25.366 -18.651 13.249
v -23.726 -27.428 13.318
v -28.883 -21.982 13.318
v -27.244 -30.759 13.385
v -32.401 -25.313 13.385
v -30.762 -34.089 13.450
v -35.918 -28.643 13.450
v -52.697 -44.642 13.725
v -47.522 -50.070 13.725
v -49.343 -41.444 13.675
v -44.168 -46.872 13.675
v -45.989 -38.246 13.623
v -40.814 -43.674 13.623
v -42.635 -35.048 13.568
v -37.460 -40.476 13.568
v -39.282 -31.850 13.510
v -34.106 -37.278 13.510
v -35.928 -28.652 13.450
v -30.752 -34.080 13.450
v -79.942 283.827 15.052
v -75.779 277.589 15.052
v -75.792 286.597 15.076
v -71.629 280.358 15.076
v -71.641 289.366 15.100
v -67.479 283.127 15.100
v -67.491 292.135 15.123
v -63.328 285.896 15.123
v -63.341 294.904 15.146
v -59.178 288.666 15.146
v -59.190 297.674 15.167
v -55.027 291.435 15.167
v -55.040 300.443 15.188
v -50.877 294.204 15.188
v -50.889 303.212 15.209
v -46.727 296.973 15.209
v -46.739 305.981 15.228
v -42.576 299.743 15.228
v -42.589 308.751 15.247
v -38.426 302.512 15.247
v -38.438 311.520 15.264
v -34.276 305.281 15.264
v -34.288 314.289 15.281
v -30.125 308.050 15.281
v -30.138 317.058 15.297
v -25.975 310.820 15.297
v -25.987 319.828 15.312
v -21.825 313.589 15.312
v -21.837 322.597 15.326
v -17.674 316.358 15.326
v -17.687 325.366 15.339
v -13.524 319.127 15.339
v -13.536 328.135 15.351
v -9.373 321.897 15.351
v -9.386 330.905 15.363
v -5.223 324.666 15.363
v -5.235 333.674 15.374
v -1.073 327.435 15.374
v -1.085 336.443 15.384
v 3.078 330.204 15.384
v 3.065 339.212 15.394
v 7.228 332.974 15.394
v 7.216 341.982 15.403
v 11.378 335.743 15.403
v 11.366 344.751 15.413
v 15.529 338.512 15.413
v 15.516 347.520 15.422
v 19.679 341.281 15.422
v 15.547 347.540 15.422
v 19.649 341.261 15.422
v 19.584 350.178 15.430
v 23.686 343.899 15.430
v 23.621 352.815 15.438
v 27.723 346.537 15.438
v 27.659 355.453 15.447
v 31.761 349.174 15.447
v 31.696 358.091 15.456
v 35.798 351.812 15.456
v 35.733 360.728 15.466
v 39.835 354.450 15.466
v 39.771 363.366 15.476
v 43.873 357.087 15.476
v 43.808 366.004 15.487
v 47.910 359.725 15.487
v 47.845 368.642 15.499
v 51.948 362.363 15.499
v 51.883 371.279 15.512
v 55.985 365.000 15.512
v 55.920 373.917 15.526
v 60.022 367.638 15.526
v 59.957 376.555 15.541
v 64.060 370.276 15.541
v 63.995 379.192 15.557
v 68.097 372.914 15.557
v 68.032 381.830 15.574
v 72.134 375.551 15.574
v 72.070 384.468 15.593
v 76.172 378.189 15.593
v 76.107 387.105 15.612
v 80.209 380.827 15.612
v 80.144 389.743 15.633
v 84.246 383.464 15.633
v 84.182 392.381 15.656
v 88.284 386.102 15.656
v 88.219 395.018 15.680
v 92.321 388.740 15.680
v 92.256 397.656 15.705
v 96.358 391.377 15.705
v 96.294 400.294 15.731
v 100.396 394.015 15.731
v 100.331 402.931 15.759
v 104.433 396.653 15.759
v 104.368 405.569 15.789
v 108.470 399.290 15.789
v 108.406 408.207 15.820
v 112.508 401.928 15.820
v 112.443 410.845 15.852
v 116.545 404.566 15.852
v 116.525 413.511 15.887
v 120.538 407.175 15.887
v 120.765 416.112 15.920
v 124.512 409.615 15.920
v 125.097 418.456 15.951
v 128.664 411.859 15.951
v 129.339 420.750 15.984
v 132.906 414.153 15.984
v 129.084 420.599 15.984
v 133.161 414.304 15.984
v 133.127 423.218 16.024
v 137.204 416.923 16.024
v 137.171 425.836 16.067
v 141.248 419.541 16.067
v 141.214 428.455 16.111
v 145.291 422.160 16.111
v 145.257 431.074 16.156
v 149.334 424.778 16.156
v 149.301 433.692 16.203
v 153.378 427.397 16.203
v 153.344 436.311 16.252
v 157.421 430.016 16.252
v 157.387 438.929 16.302
v 161.464 432.634 16.302
v 161.430 441.548 16.354
v 165.507 435.253 16.354
v 165.474 444.167 16.406
v 169.551 437.872 16.406
v 169.517 446.785 16.460
v 173.594 440.490 16.460
v 173.560 449.404 16.516
v 177.637 443.109 16.516
v 177.604 452.023 16.572
v 181.681 445.728 16.572
v 181.647 454.641 16.629
v 185.724 448.346 16.629
v 185.690 457.260 16.688
v 189.767 450.965 16.688
v 189.733 459.879 16.747
v 193.810 453.584 16.747
v 193.777 462.497 16.807
v 197.854 456.202 16.807
v 197.820 465.116 16.868
v 201.897 458.821 16.868
v 201.863 467.735 16.929
v 205.940 461.439 16.929
v 205.907 470.353 16.991
v 209.984 464.058 16.991
v 209.950 472.972 17.053
v 214.027 466.677 17.053
v 213.993 475.591 17.116
v 218.070 469.295 17.116
v 218.037 478.209 17.179
v 222.114 471.914 17.179
v 222.080 480.828 17.243
v 226.157 474.533 17.243
v 226.123 483.446 17.306
v 230.200 477.151 17.306
v 51.061 285.647 14.365
v 57.362 289.715 14.365
v 48.446 289.698 14.421
v 54.747 293.766 14.421
v 45.830 293.750 14.481
v 52.131 297.817 14.481
v 43.215 297.801 14.543
v 49.516 301.869 14.543
v 40.600 301.853 14.607
v 46.901 305.920 14.607
v 37.984 305.904 14.675
v 44.286 309.972 14.675
v 35.369 309.956 14.745
v 41.670 314.023 14.745
v 32.754 314.007 14.819
v 39.055 318.075 14.819
v 30.139 318.058 14.895
v 36.440 322.126 14.895
v 27.523 322.110 14.975
v 33.825 326.177 14.975
v 24.908 326.161 15.058
v 31.209 330.229 15.058
v 22.293 330.213 15.144
v 28.594 334.280 15.144
v 19.678 334.264 15.233
v 25.979 338.332 15.233
v 17.062 338.315 15.326
v 23.364 342.383 15.326
v 14.447 342.367 15.422
v 20.748 346.434 15.422
v -9.081 392.124 16.753
v -15.361 388.024 16.753
v -6.370 387.972 16.613
v -12.650 383.872 16.613
v -3.660 383.820 16.477
v -9.940 379.720 16.477
v -0.949 379.668 16.345
v -7.229 375.568 16.345
v 1.762 375.516 16.216
v -4.518 371.416 16.216
v 4.473 371.364 16.092
v -1.807 367.263 16.092
v 7.184 367.211 15.971
v 0.904 363.111 15.971
v 9.895 363.059 15.854
v 3.614 358.959 15.854
v 12.605 358.907 15.740
v 6.325 354.807 15.740
v 15.316 354.755 15.630
v 9.036 350.655 15.630
v 18.027 350.603 15.524
v 11.747 346.503 15.524
v 20.738 346.451 15.422
v 14.458 342.351 15.422
v 165.398 357.604 15.072
v 171.694 361.680 15.072
v 162.725 361.733 15.123
v 169.021 365.809 15.123
v 160.052 365.863 15.176
v 166.348 369.938 15.176
v 157.379 369.992 15.231
v 163.675 374.068 15.231
v 154.706 374.121 15.287
v 161.002 378.197 15.287
v 152.033 378.250 15.346
v 158.328 382.326 15.346
v 149.359 382.380 15.407
v 155.655 386.455 15.407
v 146.686 386.509 15.471
v 152.982 390.585 15.471
v 144.013 390.638 15.536
v 150.309 394.714 15.536
v 141.340 394.767 15.604
v 147.636 398.843 15.604
v 138.667 398.897 15.675
v 144.963 402.972 15.675
v 135.994 403.026 15.748
v 142.290 407.102 15.748
v 133.321 407.155 15.824
v 139.617 411.231 15.824
v 130.648 411.284 15.902
v 136.944 415.360 15.902
v 127.975 415.414 15.984
v 134.271 419.489 15.984
v 193.361 539.394 18.692
v 187.116 535.241 18.692
v 196.069 535.321 18.583
v 189.824 531.168 18.583
v 198.778 531.249 18.475
v 192.533 527.095 18.475
v 201.487 527.176 18.368
v 195.242 523.022 18.368
v 204.196 523.103 18.263
v 197.951 518.950 18.263
v 206.905 519.030 18.159
v 200.660 514.877 18.159
v 209.613 514.958 18.057
v 203.369 510.804 18.057
v 212.322 510.885 17.957
v 206.077 506.731 17.957
v 215.031 506.812 17.858
v 208.786 502.659 17.858
v 217.740 502.739 17.761
v 211.495 498.586 17.761
v 220.449 498.667 17.667
v 214.204 494.513 17.667
v 223.158 494.594 17.574
v 216.913 490.440 17.574
v 225.866 490.521 17.483
v 219.622 486.368 17.483
v 228.575 486.448 17.394
v 222.330 482.295 17.394
v 231.284 482.376 17.306
v 225.039 478.222 17.306
v 262.519 421.209 16.237
v 268.786 425.329 16.237
v 259.841 425.283 16.307
v 266.108 429.403 16.307
v 257.163 429.356 16.378
v 263.430 433.476 16.378
v 254.485 433.430 16.449
v 260.752 437.550 16.449
v 251.807 437.504 16.521
v 258.074 441.623 16.521
v 249.129 441.577 16.594
v 255.396 445.697 16.594
v 246.451 445.651 16.668
v 252.718 449.771 16.668
v 243.773 449.724 16.743
v 250.040 453.844 16.743
v 241.095 453.798 16.819
v 247.363 457.918 16.819
v 238.418 457.871 16.896
v 244.685 461.991 16.896
v 235.740 461.945 16.975
v 242.007 466.065 16.975
v 233.062 466.018 17.055
v 239.329 470.138 17.055
v 230.384 470.092 17.137
v 236.651 474.212 17.137
v 227.706 474.165 17.221
v 233.973 478.285 17.221
v 225.028 478.239 17.306
v 231.295 482.359 17.306
v 226.096 483.428 17.306
v 230.228 477.169 17.306
v 230.232 486.159 17.373
v 234.364 479.900 17.373
v 234.368 488.889 17.439
v 238.500 482.630 17.439
v 238.504 491.620 17.505
v 242.636 485.361 17.505
v 242.640 494.350 17.572
v 246.772 488.091 17.572
v 246.776 497.081 17.637
v 250.908 490.821 17.637
v 250.912 499.811 17.703
v 255.044 493.552 17.703
v 255.048 502.541 17.768
v 259.180 496.282 17.768
v 259.184 505.272 17.832
v 263.316 499.013 17.832
v 263.320 508.002 17.895
v 267.452 501.743 17.895
v 267.456 510.733 17.957
v 271.588 504.473 17.957
v 271.593 513.463 18.019
v 275.724 507.204 18.019
v 275.729 516.193 18.079
v 279.861 509.934 18.079
v 279.865 518.924 18.138
v 283.997 512.665 18.138
v 284.001 521.654 18.195
v 288.133 515.395 18.195
v 288.137 524.385 18.251
v 292.269 518.125 18.251
v 292.273 527.115 18.305
v 296.405 520.856 18.305
v 296.409 529.845 18.358
v 300.541 523.586 18.358
v 300.545 532.576 18.409
v 304.677 526.317 18.409
v 304.681 535.306 18.458
v 308.813 529.047 18.458
v 308.817 538.037 18.506
v 312.949 531.777 18.506
v 312.953 540.767 18.551
v 317.085 534.508 18.551
v 317.089 543.497 18.594
v 321.221 537.238 18.594
v 321.225 546.228 18.636
v 325.357 539.969 18.636
v 353.849 490.447 17.518
v 360.091 494.605 17.518
v 351.258 494.338 17.607
v 357.501 498.495 17.607
v 348.668 498.228 17.694
v 354.910 502.385 17.694
v 346.077 502.118 17.782
v 352.319 506.275 17.782
v 343.486 506.008 17.869
v 349.729 510.165 17.869
v 340.896 509.898 17.956
v 347.138 514.055 17.956
v 338.305 513.788 18.042
v 344.547 517.946 18.042
v 335.714 517.679 18.129
v 341.957 521.836 18.129
v 333.124 521.569 18.214
v 339.366 525.726 18.214
v 330.533 525.459 18.300
v 336.775 529.616 18.300
v 327.942 529.349 18.385
v 334.185 533.506 18.385
v 325.352 533.239 18.469
v 331.594 537.396 18.469
v 322.761 537.129 18.553
v 329.003 541.287 18.553
v 320.170 541.020 18.636
v 326.413 545.177 18.636
v 52.113 290.789 14.365
v 56.309 284.573 14.365
v 56.116 293.491 14.383
v 60.312 287.275 14.383
v 60.119 296.193 14.402
v 64.315 289.977 14.402
v 64.122 298.895 14.421
v 68.318 292.679 14.421
v 68.125 301.597 14.441
v 72.321 295.381 14.441
v 72.128 304.300 14.461
v 76.324 298.083 14.461
v 76.131 307.002 14.482
v 80.327 300.785 14.482
v 80.134 309.704 14.503
v 84.330 303.487 14.503
v 84.137 312.406 14.524
v 88.333 306.190 14.524
v 88.140 315.108 14.546
v 92.336 308.892 14.546
v 92.143 317.810 14.569
v 96.339 311.594 14.569
v 96.146 320.512 14.592
v 100.342 314.296 14.592
v 100.149 323.214 14.616
v 104.345 316.998 14.616
v 104.152 325.916 14.640
v 108.348 319.700 14.640
v 108.155 328.619 14.665
v 112.351 322.402 14.665
v 112.158 331.321 14.691
v 116.354 325.104 14.691
v 116.161 334.023 14.717
v 120.357 327.806 14.717
v 120.164 336.725 14.745
v 124.360 330.509 14.745
v 124.245 339.478 14.773
v 128.286 333.160 14.773
v 128.524 342.067 14.800
v 132.262 335.565 14.800
v 132.836 344.422 14.826
v 136.429 337.839 14.826
v 137.075 346.736 14.853
v 140.668 340.153 14.853
v 141.314 349.050 14.881
v 144.907 342.467 14.881
v 145.553 351.364 14.910
v 149.147 344.781 14.910
v 149.792 353.678 14.940
v 153.386 347.095 14.940
v 154.032 355.992 14.971
v 157.625 349.408 14.971
v 158.271 358.306 15.004
v 161.864 351.722 15.004
v 162.510 360.620 15.037
v 166.103 354.036 15.037
v 166.749 362.934 15.072
v 170.343 356.350 15.072
v -338.353 224.796 21.361
v -345.460 227.191 21.361
v -339.899 220.207 21.553
v -347.006 222.602 21.553
v -341.382 215.828 21.747
v -348.617 217.804 21.747
v -342.303 211.435 21.876
v -349.686 212.754 21.876
v -342.968 206.936 21.966
v -350.431 207.672 21.966
v -343.198 202.283 21.995
v -350.689 202.654 21.995
v -343.432 197.460 22.018
v -350.924 197.803 22.018
v -343.636 192.749 22.031
v -351.136 192.839 22.031
v -343.545 188.024 22.002
v -351.043 187.882 22.002
v -343.453 183.183 21.967
v -350.951 183.040 21.967
v -343.360 178.341 21.927
v -350.859 178.199 21.927
v -343.268 173.500 21.882
v -350.767 173.357 21.882
v -343.176 168.658 21.832
v -350.675 168.516 21.832
v -343.084 163.817 21.779
v -350.583 163.674 21.779
v -342.992 158.975 21.723
v -350.491 158.832 21.723
v -342.900 154.134 21.664
v -350.398 153.991 21.664
v -342.808 149.292 21.603
v -350.306 149.149 21.603
v -342.716 144.451 21.540
v -350.214 144.308 21.540
v -342.623 139.609 21.476
v -350.122 139.466 21.476
v -342.531 134.768 21.411
v -350.030 134.625 21.411
v -342.439 129.926 21.346
v -349.938 129.783 21.346
v -342.347 125.085 21.282
v -349.846 124.942 21.282
v -342.255 120.243 21.217
v -349.754 120.100 21.217
v -342.163 115.402 21.154
v -349.661 115.259 21.154
v -342.071 110.560 21.091
v -349.569 110.417 21.091
v -341.979 105.719 21.030
v -349.477 105.576 21.030
v -341.886 100.877 20.971
v -349.385 100.734 20.971
v -341.794 96.035 20.914
v -349.293 95.893 20.914
v -341.702 91.194 20.858
v -349.201 91.051 20.858
v -364.026 -339.745 16.919
v -358.977 -345.291 16.919
v -360.635 -336.657 16.796
v -355.586 -342.204 16.796
v -357.243 -333.570 16.676
v -352.194 -339.116 16.676
v -353.851 -330.482 16.559
v -348.802 -336.028 16.559
v -350.460 -327.395 16.445
v -345.411 -332.941 16.445
v -347.068 -324.307 16.335
v -342.019 -329.853 16.335
v -343.676 -321.219 16.227
v -338.627 -326.765 16.227
v -340.284 -318.132 16.121
v -335.236 -323.678 16.121
v -336.893 -315.044 16.019
v -331.844 -320.590 16.019
v -333.501 -311.956 15.919
v -328.452 -317.503 15.919
v -134.088 -122.417 14.031
v -128.907 -127.839 14.031
v -130.549 -119.036 14.039
v -125.368 -124.458 14.039
v -127.011 -115.654 14.047
v -121.829 -121.077 14.047
v -123.472 -112.273 14.054
v -118.291 -117.695 14.054
v -119.934 -108.891 14.061
v -114.752 -114.314 14.061
v -116.395 -105.510 14.067
v -111.214 -110.932 14.067
v -112.856 -102.129 14.071
v -107.675 -107.551 14.071
v -109.318 -98.747 14.073
v -104.136 -104.170 14.073
v -105.779 -95.366 14.074
v -100.598 -100.788 14.074
v -102.241 -91.984 14.073
v -97.059 -97.407 14.073
v -98.702 -88.603 14.069
v -93.521 -94.025 14.069
v -95.163 -85.222 14.063
v -89.982 -90.644 14.063
v -91.625 -81.840 14.054
v -86.443 -87.263 14.054
v -88.086 -78.459 14.042
v -82.905 -83.881 14.042
v -84.548 -75.077 14.027
v -79.366 -80.500 14.027
v -81.009 -71.696 14.008
v -75.827 -77.118 14.008
v -77.470 -68.315 13.986
v -72.289 -73.737 13.986
v -73.932 -64.933 13.960
v -68.750 -70.356 13.960
v -70.393 -61.552 13.930
v -65.212 -66.974 13.930
v -66.855 -58.170 13.897
v -61.673 -63.593 13.897
v -63.316 -54.789 13.859
v -58.134 -60.211 13.859
v -59.777 -51.408 13.818
v -54.596 -56.830 13.818
v -56.239 -48.026 13.773
v -51.057 -53.449 13.773
v -52.700 -44.645 13.725
v -47.519 -50.067 13.725
v -91.749 -5.266 13.852
v -97.047 0.042 13.852
v -95.168 -8.679 13.886
v -100.466 -3.370 13.886
v -98.587 -12.091 13.919
v -103.885 -6.783 13.919
v -102.007 -15.504 13.950
v -107.305 -10.195 13.950
v -105.426 -18.916 13.980
v -110.724 -13.608 13.980
v -108.845 -22.329 14.008
v -114.143 -17.020 14.008
v -112.264 -25.741 14.035
v -117.562 -20.433 14.035
v -115.684 -29.154 14.061
v -120.982 -23.845 14.061
v -119.103 -32.566 14.085
v -124.401 -27.258 14.085
v -122.522 -35.979 14.109
v -127.820 -30.670 14.109
v -125.941 -39.391 14.131
v -131.239 -34.083 14.131
v -129.361 -42.804 14.152
v -134.659 -37.495 14.152
v -132.780 -46.216 14.173
v -138.078 -40.908 14.173
v -136.199 -49.629 14.192
v -141.497 -44.320 14.192
v -139.618 -53.041 14.211
v -144.917 -47.733 14.211
v -143.038 -56.454 14.230
v -148.336 -51.145 14.230
v -146.457 -59.867 14.248
v -151.755 -54.558 14.248
v -149.876 -63.279 14.266
v -155.174 -57.971 14.266
v -153.295 -66.692 14.283
v -158.594 -61.383 14.283
v -156.715 -70.104 14.301
v -162.013 -64.796 14.301
v -160.134 -73.517 14.319
v -165.432 -68.208 14.319
v -163.553 -76.929 14.337
v -168.851 -71.621 14.337
v -166.972 -80.342 14.356
v -172.271 -75.033 14.356
v -170.392 -83.754 14.376
v -175.690 -78.446 14.376
v -173.811 -87.167 14.396
v -179.109 -81.858 14.396
v 292.064 175.037 12.649
v 287.189 180.736 12.649
v 288.615 172.087 12.616
v 283.740 177.786 12.616
v 285.166 169.136 12.582
v 280.291 174.835 12.582
v 281.717 166.186 12.548
v 276.842 171.885 12.548
v 278.268 163.235 12.514
v 273.393 168.934 12.514
v 274.819 160.285 12.480
v 269.944 165.984 12.480
v 271.370 157.334 12.446
v 266.495 163.033 12.446
v 267.921 154.384 12.412
v 263.046 160.083 12.412
v 264.472 151.433 12.377
v 259.596 157.132 12.377
v 277.974 199.648 13.112
v 271.977 195.145 13.112
v 280.904 195.746 13.029
v 274.907 191.243 13.029
v 283.835 191.844 12.942
v 277.837 187.341 12.942
v 286.765 187.943 12.850
v 280.768 183.439 12.850
v 289.695 184.041 12.752
v 283.698 179.537 12.752
v 292.625 180.139 12.649
v 286.628 175.635 12.649
v -333.575 -312.026 15.919
v -328.378 -317.433 15.919
v -329.977 -308.568 15.821
v -324.780 -313.976 15.821
v -326.380 -305.111 15.726
v -321.183 -310.519 15.726
v -322.782 -301.653 15.633
v -317.585 -307.061 15.633
v -319.184 -298.196 15.544
v -313.987 -303.604 15.544
v -315.587 -294.739 15.457
v -310.390 -300.146 15.457
v -311.989 -291.281 15.373
v -306.792 -296.689 15.373
v -308.391 -287.824 15.291
v -303.194 -293.232 15.291
v -304.794 -284.367 15.212
v -299.597 -289.774 15.212
v -301.196 -280.909 15.136
v -295.999 -286.317 15.136
v -297.598 -277.451 15.062
v -292.402 -282.860 15.062
v -293.994 -273.991 14.991
v -288.808 -279.408 14.991
v -290.381 -270.542 14.921
v -285.202 -275.967 14.921
v -286.771 -267.097 14.854
v -281.593 -272.522 14.854
v -283.162 -263.652 14.789
v -277.983 -269.077 14.789
v -279.552 -260.207 14.726
v -274.374 -265.632 14.726
v -275.943 -256.762 14.666
v -270.764 -262.187 14.666
v -272.333 -253.317 14.607
v -267.155 -258.742 14.607
v -268.724 -249.872 14.552
v -263.545 -255.297 14.552
v -265.114 -246.427 14.498
v -259.936 -251.852 14.498
v -261.505 -242.981 14.447
v -256.326 -248.407 14.447
v -257.895 -239.536 14.399
v -252.717 -244.962 14.399
v -254.286 -236.091 14.353
v -249.107 -241.517 14.353
v -250.676 -232.646 14.310
v -245.498 -238.072 14.310
v -247.067 -229.201 14.269
v -241.888 -234.627 14.269
v -243.457 -225.756 14.231
v -238.279 -231.182 14.231
v -239.843 -222.307 14.196
v -234.673 -227.741 14.196
v -236.216 -218.866 14.163
v -231.061 -224.314 14.163
v -232.582 -215.438 14.133
v -227.436 -220.894 14.133
v -228.953 -212.014 14.105
v -223.806 -217.470 14.105
v -225.323 -208.590 14.080
v -220.177 -214.046 14.080
v -221.694 -205.167 14.058
v -216.547 -210.622 14.058
v -218.064 -201.743 14.038
v -212.918 -207.198 14.038
v -214.435 -198.319 14.021
v -209.288 -203.774 14.021
v -210.805 -194.895 14.006
v -205.658 -200.350 14.006
v -207.175 -191.471 13.993
v -202.029 -196.926 13.993
v -203.546 -188.047 13.982
v -198.399 -193.502 13.982
v -199.916 -184.623 13.974
v -194.770 -190.079 13.974
v -196.287 -181.199 13.967
v -191.140 -186.655 13.967
v -192.657 -177.775 13.961
v -187.511 -183.231 13.961
v -189.028 -174.351 13.958
v -183.881 -179.807 13.958
v -185.398 -170.927 13.956
v -180.252 -176.383 13.956
v -181.769 -167.503 13.955
v -176.622 -172.959 13.955
v -178.139 -164.079 13.955
v -172.993 -169.535 13.955
v -174.510 -160.655 13.957
v -169.363 -166.111 13.957
v -170.880 -157.232 13.960
v -165.734 -162.687 13.960
v -167.251 -153.808 13.964
v -162.104 -159.263 13.964
v -163.621 -150.384 13.969
v -158.475 -155.839 13.969
v -159.992 -146.960 13.974
v -154.845 -152.415 13.974
v 441.609 361.347 14.340
v 445.737 355.085 14.340
v 445.778 364.095 14.329
v 449.906 357.833 14.329
v 449.946 366.843 14.315
v 454.074 360.581 14.315
v 454.114 369.591 14.298
v 458.242 363.329 14.298
v 458.283 372.339 14.278
v 462.411 366.077 14.278
v 462.451 375.087 14.255
v 466.579 368.826 14.255
v 466.618 377.835 14.229
v 470.748 371.574 14.229
v 470.781 380.583 14.200
v 474.919 374.328 14.200
v 474.940 383.339 14.167
v 479.083 377.087 14.167
v 479.102 386.097 14.131
v 483.245 379.846 14.131
v 483.263 388.855 14.092
v 487.407 382.604 14.092
v 487.425 391.614 14.050
v 491.568 385.362 14.050
v 491.587 394.372 14.005
v 495.730 388.120 14.005
v 495.748 397.130 13.956
v 499.892 390.878 13.956
v 499.910 399.888 13.905
v 504.053 393.636 13.905
v 504.072 402.646 13.852
v 508.215 396.394 13.852
v 508.233 405.404 13.796
v 512.377 399.153 13.796
v 569.004 440.094 12.923
v 575.189 444.337 12.923
v 566.284 444.061 13.104
v 572.468 448.303 13.104
v 563.563 448.027 13.283
v 569.748 452.270 13.283
v 560.842 451.994 13.462
v 567.027 456.236 13.462
v 558.121 455.960 13.639
v 564.306 460.203 13.639
v 555.401 459.927 13.815
v 561.585 464.169 13.815
v 552.680 463.893 13.989
v 558.865 468.136 13.989
v 553.423 476.762 14.353
v 547.081 472.759 14.353
v 555.263 473.847 14.233
v 548.921 469.844 14.233
v 557.103 470.932 14.111
v 550.761 466.928 14.111
v 558.943 468.016 13.989
v 552.601 464.013 13.989
v -199.835 362.742 17.954
v -193.965 358.075 17.954
v -196.733 366.645 18.074
v -190.862 361.977 18.074
v -193.630 370.547 18.198
v -187.759 365.879 18.198
v -190.527 374.449 18.325
v -184.657 369.781 18.325
v -187.424 378.351 18.455
v -181.554 373.684 18.455
v -184.321 382.254 18.587
v -178.451 377.586 18.587
v -181.219 386.156 18.721
v -175.348 381.488 18.721
v -178.116 390.058 18.858
v -172.246 385.390 18.858
v -175.013 393.960 18.996
v -169.143 389.293 18.996
v -171.910 397.863 19.136
v -166.040 393.195 19.136
v -168.808 401.765 19.277
v -162.937 397.097 19.277
v -165.705 405.667 19.420
v -159.834 400.999 19.420
v -162.602 409.569 19.562
v -156.732 404.902 19.562
v -159.499 413.472 19.706
v -153.629 408.804 19.706
v -156.397 417.374 19.849
v -150.526 412.706 19.849
v -153.294 421.276 19.992
v -147.423 416.608 19.992
v -150.191 425.178 20.135
v -144.321 420.511 20.135
v -147.086 429.084 20.278
v -141.221 424.409 20.278
v -143.971 432.983 20.419
v -138.112 428.301 20.419
v -140.859 436.877 20.559
v -135.000 432.195 20.559
v -137.747 440.772 20.698
v -131.887 436.090 20.698
v -134.634 444.667 20.835
v -128.775 439.985 20.835
v -131.522 448.561 20.971
v -125.663 443.879 20.971
v -128.410 452.456 21.104
v -122.551 447.774 21.104
v -125.297 456.351 21.235
v -119.438 451.669 21.235
v -122.185 460.245 21.363
v -116.326 455.563 21.363
v -119.073 464.140 21.488
v -113.214 459.458 21.488
v -115.961 468.035 21.610
v -110.102 463.353 21.610
v -112.848 471.929 21.729
v -106.989 467.247 21.729
v -109.736 475.824 21.843
v -103.877 471.142 21.843
v -106.624 479.719 21.953
v -100.765 475.037 21.953
v -103.512 483.613 22.059
v -97.652 478.931 22.059
v -100.399 487.508 22.159
v -94.540 482.826 22.159
v -97.287 491.403 22.255
v -91.428 486.721 22.255
v -289.595 283.939 17.374
v -281.499 272.517 17.374
v -286.911 285.841 17.295
v -278.815 274.420 17.295
v -284.226 287.744 17.223
v -276.130 276.322 17.223
v -266.535 300.461 16.921
v -258.551 288.961 16.921
v -263.210 302.770 16.891
v -255.226 291.269 16.891
v -259.885 305.078 16.869
v -251.901 293.577 16.869
v -194.854 363.551 17.954
v -198.946 357.266 17.954
v -190.714 360.855 17.841
v -194.807 354.570 17.841
v -186.574 358.159 17.729
v -190.667 351.874 17.729
v -182.434 355.463 17.618
v -186.527 349.178 17.618
v -178.294 352.767 17.507
v -182.387 346.482 17.507
v -174.155 350.071 17.397
v -178.248 343.786 17.397
v -170.015 347.375 17.289
v -174.108 341.090 17.289
v -165.875 344.679 17.181
v -169.968 338.394 17.181
v -161.735 341.983 17.073
v -165.828 335.698 17.073
v -157.596 339.287 16.967
v -161.688 333.002 16.967
v -153.456 336.591 16.861
v -157.549 330.306 16.861
v -149.316 333.895 16.756
v -153.409 327.610 16.756
v -145.176 331.199 16.652
v -149.269 324.914 16.652
v -141.029 328.498 16.549
v -145.137 322.224 16.549
v -136.864 325.756 16.447
v -141.049 319.532 16.447
v -132.761 322.940 16.343
v -137.006 316.757 16.343
v -128.688 320.145 16.241
v -132.933 313.961 16.241
v -124.615 317.349 16.140
v -128.860 311.165 16.140
v -120.542 314.553 16.040
v -124.787 308.370 16.040
v -116.469 311.757 15.942
v -120.714 305.574 15.942
v -112.396 308.962 15.845
v -116.640 302.778 15.845
v -108.323 306.166 15.750
v -112.567 299.982 15.750
v -104.250 303.370 15.656
v -108.494 297.187 15.656
v -100.177 300.574 15.564
v -104.421 294.391 15.564
v -96.104 297.779 15.474
v -100.348 291.595 15.474
v -92.031 294.983 15.386
v -96.275 288.799 15.386
v -87.958 292.187 15.300
v -92.202 286.004 15.300
v -83.885 289.391 15.215
v -88.129 283.208 15.215
v -79.812 286.595 15.133
v -84.056 280.412 15.133
v -75.738 283.800 15.052
v -79.983 277.616 15.052
v -172.934 212.897 14.562
v -169.325 219.472 14.562
v -177.221 215.249 14.624
v -173.612 221.824 14.624
v -181.508 217.602 14.689
v -177.900 224.177 14.689
v -185.795 219.955 14.756
v -182.187 226.530 14.756
v -190.082 222.308 14.825
v -186.474 228.883 14.825
v -194.369 224.660 14.896
v -190.761 231.235 14.896
v -198.656 227.013 14.971
v -195.048 233.588 14.971
v -202.943 229.366 15.047
v -199.335 235.941 15.047
v -207.231 231.718 15.127
v -203.622 238.293 15.127
v -211.518 234.071 15.210
v -207.910 240.646 15.210
v -216.015 236.548 15.296
v -211.987 242.874 15.296
v -220.360 239.739 15.387
v -215.445 245.405 15.387
v -224.091 243.532 15.482
v -218.560 248.597 15.482
v -227.427 247.433 15.579
v -221.579 252.129 15.579
v -230.530 251.555 15.677
v -224.346 255.799 15.677
v -233.207 255.843 15.776
v -226.842 259.811 15.776
v -235.794 259.993 15.876
v -229.429 263.961 15.876
v -238.381 264.144 15.979
v -232.016 268.111 15.979
v -240.968 268.294 16.083
v -234.603 272.261 16.083
v -243.554 272.444 16.189
v -237.190 276.411 16.189
v -246.141 276.594 16.298
v -239.776 280.561 16.298
v -248.728 280.744 16.408
v -242.363 284.711 16.408
v -251.315 284.894 16.521
v -244.950 288.861 16.521
v -253.902 289.044 16.635
v -247.537 293.011 16.635
v -256.489 293.194 16.751
v -250.124 297.161 16.751
v -259.075 297.344 16.869
v -252.711 301.311 16.869
v -193.977 358.059 17.954
v -199.823 362.758 17.954
v -196.954 354.356 17.843
v -202.800 359.054 17.843
v -199.931 350.652 17.735
v -205.777 355.351 17.735
v -202.908 346.948 17.632
v -208.754 351.647 17.632
v -205.885 343.245 17.532
v -211.731 347.944 17.532
v -208.862 339.541 17.436
v -214.708 344.240 17.436
v -211.839 335.838 17.344
v -217.685 340.536 17.344
v -214.816 332.134 17.257
v -220.662 336.833 17.257
v -217.793 328.430 17.175
v -223.639 333.129 17.175
v -220.770 324.727 17.097
v -226.616 329.426 17.097
v -223.819 320.937 17.025
v -229.521 325.809 17.025
v -227.096 317.324 16.966
v -232.630 322.386 16.966
v -230.470 313.671 16.913
v -235.696 319.050 16.913
v -234.257 310.372 16.878
v -239.066 316.128 16.878
v -238.041 307.333 16.855
v -242.693 313.217 16.855
v -241.906 304.327 16.841
v -246.324 310.388 16.841
v -245.928 301.582 16.842
v -250.153 307.779 16.842
v -249.855 298.906 16.851
v -254.079 305.103 16.851
v -253.781 296.229 16.869
v -258.005 302.426 16.869
v 97.394 476.313 17.397
v 91.098 472.238 17.397
v 100.023 472.250 17.277
v 93.726 468.176 17.277
v 102.652 468.188 17.160
v 96.355 464.113 17.160
v 105.281 464.126 17.046
v 98.984 460.051 17.046
v 107.909 460.064 16.935
v 101.613 455.989 16.935
v 110.538 456.001 16.827
v 104.242 451.927 16.827
v 113.167 451.939 16.721
v 106.871 447.864 16.721
v 115.796 447.877 16.619
v 109.499 443.802 16.619
v 118.425 443.815 16.520
v 112.128 439.740 16.520
v 121.050 439.757 16.423
v 114.760 435.673 16.423
v 123.688 435.709 16.330
v 117.406 431.613 16.330
v 126.332 431.658 16.239
v 120.050 427.560 16.239
v 128.975 427.605 16.151
v 122.694 423.507 16.151
v 131.619 423.553 16.066
v 125.338 419.455 16.066
v 134.263 419.500 15.984
v 127.982 415.402 15.984
v 192.302 534.187 18.692
v 188.174 540.448 18.692
v 188.134 531.438 18.628
v 184.005 537.699 18.628
v 183.965 528.689 18.564
v 179.837 534.951 18.564
v 179.797 525.941 18.499
v 175.668 532.202 18.499
v 175.628 523.192 18.434
v 171.500 529.453 18.434
v 171.460 520.443 18.370
v 167.331 526.704 18.370
v 167.291 517.694 18.305
v 163.163 523.956 18.305
v 163.123 514.946 18.241
v 158.994 521.207 18.241
v 158.954 512.197 18.178
v 154.826 518.458 18.178
v 154.786 509.448 18.115
v 150.657 515.709 18.115
v 150.617 506.699 18.053
v 146.489 512.961 18.053
v 146.449 503.951 17.992
v 142.320 510.212 17.992
v 142.280 501.202 17.932
v 138.152 507.463 17.932
v 138.112 498.453 17.874
v 133.983 504.715 17.874
v 133.943 495.705 17.817
v 129.815 501.966 17.817
v 129.775 492.956 17.762
v 125.646 499.217 17.762
v 125.607 490.207 17.709
v 121.478 496.468 17.709
v 121.431 487.453 17.657
v 117.317 493.724 17.657
v 117.237 484.717 17.608
v 113.147 491.003 17.608
v 113.043 481.997 17.562
v 108.962 488.289 17.562
v 108.854 479.280 17.517
v 104.773 485.572 17.517
v 104.665 476.563 17.475
v 100.584 482.855 17.475
v 100.476 473.846 17.435
v 96.395 480.138 17.435
v 96.286 471.129 17.397
v 92.205 477.421 17.397
v -359.013 -345.323 16.919
v -363.991 -339.713 16.919
v -362.442 -348.366 17.049
v -367.420 -342.755 17.049
v -365.871 -351.408 17.183
v -370.849 -345.798 17.183
v -369.300 -354.450 17.321
v -374.278 -348.840 17.321
v -372.729 -357.492 17.463
v -377.707 -351.882 17.463
v -376.158 -360.535 17.610
v -381.136 -354.924 17.610
v -379.588 -363.577 17.763
v -384.565 -357.967 17.763
v -383.017 -366.619 17.921
v -387.994 -361.009 17.921
v -386.446 -369.661 18.085
v -391.423 -364.051 18.085
v -389.875 -372.704 18.255
v -394.852 -367.093 18.255
v -393.304 -375.746 18.433
v -398.281 -370.136 18.433
v -396.733 -378.788 18.618
v -401.710 -373.178 18.618
v -400.162 -381.831 18.812
v -405.139 -376.220 18.812
v -373.044 -329.251 18.731
v -385.853 -323.601 18.731
v -374.977 -333.634 18.726
v -387.786 -327.984 18.726
v -376.911 -338.018 18.721
v -389.720 -332.367 18.721
v -378.844 -342.401 18.719
v -391.653 -336.751 18.719
v -380.778 -346.784 18.718
v -393.587 -341.134 18.718
v -382.711 -351.167 18.720
v -395.520 -345.517 18.720
v -384.645 -355.551 18.725
v -397.454 -349.900 18.725
v -386.578 -359.934 18.732
v -399.388 -354.284 18.732
v -388.512 -364.317 18.742
v -401.321 -358.667 18.742
v -390.445 -368.701 18.755
v -403.255 -363.050 18.755
v -392.379 -373.084 18.770
v -405.188 -367.434 18.770
v -394.313 -377.467 18.789
v -407.122 -371.817 18.789
v -396.246 -381.851 18.812
v -409.055 -376.200 18.812
v -92.138 492.084 22.255
v -96.577 486.039 22.255
v -88.234 489.218 21.968
v -92.673 483.173 21.968
v -84.331 486.351 21.689
v -88.770 480.306 21.689
v -80.427 483.485 21.417
v -84.866 477.439 21.417
v -76.523 480.618 21.154
v -80.962 474.573 21.154
v -72.620 477.751 20.898
v -77.059 471.706 20.898
v -68.716 474.885 20.651
v -73.155 468.840 20.651
v -64.812 472.018 20.412
v -69.251 465.973 20.412
v -60.909 469.152 20.180
v -65.348 463.106 20.180
v -56.778 466.105 19.956
v -61.671 460.420 19.956
v -52.933 462.211 19.735
v -58.812 457.555 19.735
v -50.122 457.773 19.517
v -56.476 453.788 19.517
v -47.549 453.670 19.305
v -53.902 449.685 19.305
v -44.975 449.567 19.100
v -51.329 445.582 19.100
v -42.401 445.464 18.901
v -48.756 441.480 18.901
v -39.828 441.357 18.707
v -46.186 437.379 18.707
v -37.261 437.247 18.519
v -43.622 433.274 18.519
v -34.695 433.139 18.337
v -41.057 429.166 18.337
v -32.130 429.031 18.159
v -38.491 425.058 18.159
v -29.564 424.923 17.986
v -35.926 420.950 17.986
v -26.999 420.815 17.818
v -33.360 416.842 17.818
v -24.433 416.708 17.654
v -30.795 412.735 17.654
v -21.868 412.600 17.494
v -28.229 408.627 17.494
v -19.302 408.492 17.338
v -25.664 404.519 17.338
v -16.737 404.384 17.186
v -23.098 400.411 17.186
v -14.172 400.276 17.038
v -20.533 396.303 17.038
v -11.606 396.168 16.894
v -17.967 392.196 16.894
v -9.041 392.061 16.753
v -15.402 388.088 16.753
v 392.038 228.734 12.693
v 396.140 222.456 12.693
v 396.053 231.357 12.704
v 400.155 225.078 12.704
v 400.067 233.980 12.713
v 404.169 227.701 12.713
v 404.081 236.602 12.720
v 408.183 230.324 12.720
v 408.095 239.225 12.726
v 412.198 232.946 12.726
v 412.110 241.848 12.731
v 416.212 235.569 12.731
v 416.124 244.470 12.733
v 420.226 238.192 12.733
v 420.138 247.093 12.734
v 424.240 240.814 12.734
v 424.153 249.716 12.733
v 428.255 243.437 12.733
v 428.167 252.338 12.729
v 432.269 246.060 12.729
v 432.181 254.961 12.724
v 436.283 248.682 12.724
v 436.195 257.584 12.715
v 440.298 251.305 12.715
v 440.210 260.206 12.704
v 444.312 253.927 12.704
v 444.224 262.829 12.690
v 448.326 256.550 12.690
v 448.238 265.452 12.673
v 452.340 259.173 12.673
v 452.253 268.074 12.652
v 456.355 261.795 12.652
v 456.267 270.697 12.627
v 460.369 264.418 12.627
v 460.281 273.320 12.598
v 464.383 267.041 12.598
v 464.296 275.942 12.565
v 468.398 269.663 12.565
v 468.310 278.565 12.527
v 472.412 272.286 12.527
v 472.324 281.188 12.484
v 476.426 274.909 12.484
v 476.338 283.810 12.436
v 480.441 277.531 12.436
v 480.353 286.433 12.383
v 484.455 280.154 12.383
v 484.367 289.055 12.325
v 488.469 282.777 12.325
v 488.381 291.678 12.261
v 492.483 285.399 12.261
v -128.816 -122.507 14.031
v -134.179 -127.750 14.031
v -125.446 -125.954 14.007
v -130.808 -131.197 14.007
v -122.075 -129.401 13.984
v -127.438 -134.644 13.984
v -118.705 -132.848 13.961
v -124.068 -138.091 13.961
v -115.335 -136.295 13.937
v -120.698 -141.538 13.937
v -111.965 -139.742 13.913
v -117.327 -144.985 13.913
v -108.594 -143.189 13.889
v -113.957 -148.432 13.889
v -105.224 -146.636 13.864
v -110.587 -151.879 13.864
v -101.854 -150.083 13.838
v -107.217 -155.326 13.838
v -98.484 -153.530 13.810
v -103.846 -158.773 13.810
v -95.113 -156.977 13.781
v -100.476 -162.221 13.781
v -91.743 -160.424 13.750
v -97.106 -165.668 13.750
v -88.373 -163.871 13.717
v -93.735 -169.115 13.717
v -85.002 -167.319 13.681
v -90.365 -172.562 13.681
v -81.632 -170.766 13.643
v -86.995 -176.009 13.643
v -78.262 -174.213 13.601
v -83.625 -179.456 13.601
v -74.892 -177.660 13.556
v -80.254 -182.903 13.556
v -71.521 -181.107 13.507
v -76.884 -186.350 13.507
v -68.151 -184.554 13.454
v -73.514 -189.797 13.454
v -64.781 -188.001 13.396
v -70.144 -193.244 13.396
v -61.411 -191.448 13.334
v -66.773 -196.691 13.334
v -58.040 -194.895 13.266
v -63.403 -200.138 13.266
v -54.670 -198.342 13.194
v -60.033 -203.585 13.194
v -51.300 -201.789 13.115
v -56.662 -207.032 13.115
v -47.929 -205.236 13.031
v -53.292 -210.480 13.031
v -44.559 -208.683 12.941
v -49.922 -213.927 12.941
v -41.189 -212.130 12.845
v -46.552 -217.374 12.845
v -3.673 -261.156 11.019
v 1.685 -255.908 11.019
v -6.971 -257.788 11.200
v -1.613 -252.541 11.200
v -10.269 -254.421 11.374
v -4.911 -249.173 11.374
v -13.568 -251.053 11.542
v -8.209 -245.805 11.542
v -16.866 -247.685 11.703
v -11.507 -242.438 11.703
v -20.164 -244.318 11.857
v -14.806 -239.070 11.857
v -23.462 -240.950 12.004
v -18.104 -235.702 12.004
v -26.760 -237.582 12.145
v -21.402 -232.334 12.145
v -30.059 -234.214 12.278
v -24.700 -228.967 12.278
v -33.357 -230.847 12.405
v -27.998 -225.599 12.405
v -36.655 -227.479 12.525
v -31.297 -222.231 12.525
v -39.953 -224.111 12.638
v -34.595 -218.864 12.638
v -43.251 -220.744 12.745
v -37.893 -215.496 12.745
v -46.549 -217.376 12.845
v -41.191 -212.128 12.845
v -41.063 -217.238 12.845
v -46.678 -212.266 12.845
v -43.782 -220.309 12.835
v -49.397 -215.336 12.835
v -46.502 -223.379 12.824
v -52.116 -218.406 12.824
v -49.221 -226.450 12.811
v -54.836 -221.477 12.811
v -51.941 -229.520 12.796
v -57.555 -224.547 12.796
v -342.748 93.721 20.858
v -348.155 88.524 20.858
v -339.301 90.136 20.472
v -344.708 84.938 20.472
v -335.854 86.550 20.106
v -341.261 81.352 20.106
v -332.406 82.964 19.761
v -337.813 77.766 19.761
v -328.959 79.378 19.434
v -334.366 74.180 19.434
v -325.512 75.792 19.127
v -330.919 70.594 19.127
v -322.065 72.206 18.837
v -327.472 67.008 18.837
v -318.618 68.620 18.564
v -324.024 63.422 18.564
v -315.170 65.034 18.308
v -320.577 59.836 18.308
v -311.723 61.448 18.068
v -317.130 56.250 18.068
v -308.276 57.862 17.842
v -313.683 52.665 17.842
v -304.829 54.276 17.631
v -310.236 49.079 17.631
v -301.382 50.690 17.433
v -306.788 45.493 17.433
v -297.934 47.104 17.247
v -303.341 41.907 17.247
v -294.487 43.518 17.074
v -299.894 38.321 17.074
v -291.040 39.933 16.912
v -296.447 34.735 16.912
v -287.593 36.347 16.760
v -293.000 31.149 16.760
v -284.146 32.761 16.618
v -289.552 27.563 16.618
v -280.698 29.175 16.484
v -286.105 23.977 16.484
v -277.251 25.589 16.359
v -282.658 20.391 16.359
v -273.804 22.003 16.241
v -279.211 16.805 16.241
v -270.357 18.417 16.130
v -275.764 13.219 16.130
v -266.911 14.832 16.026
v -272.315 9.632 16.026
v -263.462 11.250 15.926
v -268.864 6.048 15.926
v -260.012 7.667 15.832
v -265.414 2.465 15.832
v -256.561 4.084 15.743
v -261.964 -1.118 15.743
v -253.111 0.501 15.658
v -258.514 -4.701 15.658
v -249.661 -3.083 15.577
v -255.064 -8.285 15.577
v -246.211 -6.666 15.499
v -251.614 -11.868 15.499
v -242.761 -10.249 15.425
v -248.164 -15.451 15.425
v -239.311 -13.832 15.353
v -244.713 -19.034 15.353
v -235.861 -17.415 15.285
v -241.263 -22.617 15.285
v -232.411 -20.998 15.219
v -237.813 -26.200 15.219
v -228.961 -24.581 15.156
v -234.363 -29.783 15.156
v -225.510 -28.164 15.095
v -230.913 -33.367 15.095
v -222.060 -31.748 15.036
v -227.463 -36.950 15.036
v -218.610 -35.331 14.980
v -224.013 -40.533 14.980
v -215.160 -38.914 14.925
v -220.563 -44.116 14.925
v -211.710 -42.497 14.872
v -217.113 -47.699 14.872
v -208.260 -46.080 14.822
v -213.662 -51.282 14.822
v -204.810 -49.663 14.773
v -210.212 -54.865 14.773
v -201.360 -53.246 14.725
v -206.762 -58.448 14.725
v -197.910 -56.829 14.679
v -203.312 -62.032 14.679
v -194.459 -60.413 14.635
v -199.862 -65.615 14.635
v -191.009 -63.996 14.592
v -196.412 -69.198 14.592
v -187.559 -67.579 14.550
v -192.962 -72.781 14.550
v -184.109 -71.162 14.510
v -189.512 -76.364 14.510
v -180.659 -74.745 14.471
v -186.062 -79.947 14.471
v -177.209 -78.328 14.433
v -182.611 -83.530 14.433
v -173.759 -81.911 14.396
v -179.161 -87.113 14.396
v -338.453 91.248 20.858
v -352.450 90.997 20.858
v -338.363 86.257 20.804
v -352.361 86.005 20.804
v -338.273 81.265 20.753
v -352.271 81.014 20.753
v -338.184 76.274 20.704
v -352.181 76.022 20.704
v -338.094 71.282 20.659
v -352.092 71.031 20.659
v -338.004 66.290 20.617
v -352.002 66.039 20.617
v -337.915 61.299 20.579
v -351.912 61.047 20.579
v -337.825 56.307 20.546
v -351.823 56.056 20.546
v -337.735 51.316 20.516
v -351.733 51.064 20.516
v -337.646 46.324 20.492
v -351.643 46.073 20.492
v -337.556 41.332 20.473
v -351.554 41.081 20.473
v -337.466 36.341 20.459
v -351.464 36.089 20.459
v -337.377 31.349 20.450
v -351.374 31.098 20.450
v -337.287 26.358 20.448
v -351.285 26.106 20.448
v -337.197 21.366 20.451
v -351.195 21.115 20.451
v -337.108 16.375 20.459
v -351.105 16.123 20.459
v -337.018 11.383 20.473
v -351.016 11.132 20.473
v -336.928 6.391 20.492
v -350.926 6.140 20.492
v -336.839 1.400 20.516
v -350.836 1.148 20.516
v -336.749 -3.589 20.545
v -350.747 -3.846 20.545
v -336.656 -8.553 20.577
v -350.652 -8.865 20.577
v -336.527 -13.519 20.609
v -350.523 -13.881 20.609
v -336.400 -18.450 20.643
v -350.392 -18.931 20.643
v -336.203 -23.124 20.672
v -350.160 -24.226 20.672
v -335.657 -27.835 20.668
v -349.565 -29.435 20.668
v -335.117 -32.563 20.666
v -348.964 -34.626 20.666
v -334.315 -36.943 20.632
v -347.969 -40.040 20.632
v -333.080 -41.480 20.560
v -346.594 -45.140 20.560
v -331.775 -46.299 20.488
v -345.289 -49.959 20.488
v -330.470 -51.118 20.416
v -343.984 -54.778 20.416
v -329.165 -55.937 20.341
v -342.678 -59.596 20.341
v -327.860 -60.755 20.265
v -341.373 -64.415 20.265
v -326.555 -65.574 20.187
v -340.068 -69.234 20.187
v -325.250 -70.393 20.107
v -338.763 -74.053 20.107
v -323.945 -75.212 20.024
v -337.458 -78.872 20.024
v -322.640 -80.031 19.938
v -336.153 -83.690 19.938
v -321.335 -84.849 19.850
v -334.848 -88.509 19.850
v -320.030 -89.668 19.759
v -333.543 -93.328 19.759
v -318.725 -94.487 19.664
v -332.238 -98.147 19.664
v -317.420 -99.306 19.567
v -330.933 -102.966 19.567
v -316.115 -104.125 19.467
v -329.628 -107.784 19.467
v -314.750 -109.181 19.363
v -328.383 -112.366 19.363
v -313.716 -114.408 19.282
v -327.488 -116.925 19.282
v -312.870 -119.427 19.207
v -326.675 -121.753 19.207
v -312.010 -124.546 19.127
v -325.876 -126.480 19.127
v -311.418 -129.892 19.063
v -325.371 -131.042 19.063
v -311.135 -135.073 19.015
v -325.114 -135.831 19.015
v -310.865 -140.058 18.960
v -324.844 -140.816 18.960
v -310.590 -145.131 18.900
v -324.578 -145.713 18.900
v -310.441 -150.542 18.842
v -324.438 -150.270 18.842
v -310.794 -155.861 18.814
v -324.762 -154.913 18.814
v -311.132 -160.842 18.779
v -325.100 -159.894 18.779
v -311.470 -165.823 18.737
v -325.438 -164.875 18.737
v -311.808 -170.804 18.689
v -325.776 -169.856 18.689
v -312.146 -175.785 18.634
v -326.114 -174.837 18.634
v -163.689 -139.965 14.065
v -168.334 -145.854 14.065
v -160.825 -142.225 14.034
v -165.470 -148.113 14.034
v -157.960 -144.484 14.003
v -162.605 -150.373 14.003
v -155.096 -146.743 13.974
v -159.741 -152.632 13.974
v -128.918 -127.850 14.031
v -134.077 -122.406 14.031
v -132.158 -130.920 14.023
v -137.317 -125.476 14.023
v -135.398 -133.990 14.015
v -140.557 -128.546 14.015
v -138.639 -137.060 14.008
v -143.797 -131.616 14.008
v -141.879 -140.130 14.000
v -147.037 -134.686 14.000
v -145.119 -143.200 13.993
v -150.277 -137.756 13.993
v -148.359 -146.270 13.986
v -153.517 -140.826 13.986
v -151.599 -149.340 13.980
v -156.757 -143.895 13.980
v -154.839 -152.410 13.974
v -159.998 -146.965 13.974
v -1.865 230.964 13.900
v 3.833 226.086 13.900
v 1.379 234.753 13.928
v 7.077 229.875 13.928
v 4.623 238.542 13.956
v 10.320 233.665 13.956
v 7.867 242.331 13.985
v 13.564 237.454 13.985
v 11.110 246.121 14.014
v 16.808 241.243 14.014
v 14.354 249.910 14.043
v 20.052 245.033 14.043
v 17.598 253.699 14.073
v 23.296 248.822 14.073
v 20.842 257.489 14.103
v 26.539 252.611 14.103
v 24.086 261.278 14.133
v 29.783 256.401 14.133
v 27.330 265.067 14.163
v 33.027 260.190 14.163
v 30.573 268.856 14.194
v 36.271 263.979 14.194
v 33.817 272.646 14.225
v 39.515 267.768 14.225
v 37.062 276.437 14.257
v 42.757 271.556 14.257
v 40.312 280.224 14.288
v 46.003 275.340 14.288
v 43.729 284.193 14.321
v 49.083 278.941 14.321
v 47.786 287.810 14.346
v 52.411 281.906 14.346
v 52.089 290.773 14.365
v 56.333 284.589 14.365
v -385.881 -323.666 18.731
v -373.015 -329.185 18.731
v -383.931 -319.119 18.743
v -371.065 -324.638 18.743
v -381.980 -314.571 18.756
v -369.114 -320.090 18.756
v -380.030 -310.024 18.770
v -367.164 -315.543 18.770
v -378.079 -305.477 18.784
v -365.213 -310.995 18.784
v -376.129 -300.929 18.798
v -363.262 -306.448 18.798
v -374.178 -296.382 18.811
v -361.312 -301.900 18.811
v -372.228 -291.834 18.824
v -359.361 -297.353 18.824
v -370.267 -287.262 18.836
v -357.421 -292.829 18.836
v -368.236 -282.625 18.843
v -355.483 -288.402 18.843
v -366.099 -278.063 18.837
v -353.422 -284.002 18.837
v -364.000 -273.582 18.830
v -351.323 -279.521 18.830
v -361.901 -269.102 18.821
v -349.223 -275.041 18.821
v -359.802 -264.621 18.810
v -347.124 -270.560 18.810
v -357.703 -260.140 18.796
v -345.025 -266.079 18.796
v -355.604 -255.659 18.781
v -342.926 -261.598 18.781
v -353.505 -251.178 18.763
v -340.827 -257.117 18.763
v -351.406 -246.697 18.742
v -338.728 -252.636 18.742
v -349.307 -242.216 18.719
v -336.629 -248.155 18.719
v -347.208 -237.736 18.694
v -334.530 -243.674 18.694
v -345.109 -233.255 18.666
v -332.431 -239.194 18.666
v -343.010 -228.774 18.636
v -330.332 -234.713 18.636
v -340.911 -224.293 18.604
v -328.233 -230.232 18.604
v -338.812 -219.812 18.568
v -326.134 -225.751 18.568
v -336.829 -215.593 18.530
v -323.919 -221.008 18.530
v -335.304 -211.491 18.522
v -322.004 -215.864 18.522
v -334.019 -206.992 18.538
v -320.561 -210.850 18.538
v -332.655 -202.235 18.551
v -319.198 -206.094 18.551
v -331.291 -197.479 18.560
v -317.834 -201.338 18.560
v -329.928 -192.722 18.564
v -316.470 -196.581 18.564
v -328.621 -188.179 18.563
v -315.049 -191.612 18.563
v -327.647 -183.737 18.580
v -313.903 -186.403 18.580
v -326.855 -179.027 18.610
v -313.050 -181.354 18.610
v -326.033 -174.147 18.634
v -312.227 -176.475 18.634
v 210.184 136.728 12.358
v 205.071 131.241 12.358
v 213.745 133.409 12.271
v 208.632 127.922 12.271
v 217.306 130.091 12.180
v 212.192 124.604 12.180
v 220.866 126.773 12.084
v 215.753 121.286 12.084
v 224.427 123.455 11.983
v 219.314 117.968 11.983
v 227.988 120.136 11.876
v 222.875 114.649 11.876
v 231.712 116.657 11.764
v 226.273 111.493 11.764
v 235.401 112.152 11.640
v 228.807 108.579 11.640
v 237.117 105.362 11.513
v 229.701 106.486 11.513
v 233.711 99.709 11.444
v 228.004 104.575 11.444
v 229.909 96.071 11.398
v 224.745 101.510 11.398
v 226.379 92.720 11.353
v 221.216 98.159 11.353
v 222.849 89.369 11.307
v 217.686 94.808 11.307
v 219.320 86.017 11.261
v 214.156 91.457 11.261
v 215.790 82.666 11.216
v 210.626 88.105 11.216
v 212.260 79.315 11.170
v 207.096 84.754 11.170
v 208.730 75.964 11.125
v 203.566 81.403 11.125
v 205.200 72.613 11.080
v 200.036 78.052 11.080
v 201.670 69.261 11.035
v 196.506 74.701 11.035
v 198.140 65.910 10.990
v 192.976 71.349 10.990
v 194.610 62.559 10.946
v 189.446 67.998 10.946
v 191.080 59.208 10.903
v 185.916 64.647 10.903
v 187.550 55.857 10.860
v 182.386 61.296 10.860
v 184.020 52.505 10.819
v 178.856 57.945 10.819
v 180.490 49.154 10.779
v 175.326 54.593 10.779
v 176.960 45.803 10.740
v 171.797 51.242 10.740
v 173.430 42.452 10.702
v 168.267 47.891 10.702
v 169.901 39.101 10.667
v 164.737 44.540 10.667
v 166.371 35.749 10.634
v 161.207 41.189 10.634
v 162.841 32.398 10.604
v 157.677 37.837 10.604
v 159.311 29.047 10.576
v 154.147 34.486 10.576
v 155.781 25.696 10.552
v 150.617 31.135 10.552
v 152.251 22.344 10.531
v 147.087 27.784 10.531
v 148.388 18.712 10.514
v 143.890 24.714 10.514
v 143.836 16.039 10.528
v 140.070 22.525 10.528
v 115.966 48.424 11.336
v 110.680 43.103 11.336
v 119.443 44.969 11.245
v 114.157 39.648 11.245
v 122.921 41.514 11.151
v 117.635 36.194 11.151
v 126.398 38.060 11.054
v 121.112 32.739 11.054
v 129.875 34.605 10.954
v 124.589 29.284 10.954
v 133.352 31.150 10.851
v 128.066 25.830 10.851
v 136.829 27.696 10.744
v 131.543 22.375 10.744
v 139.896 24.594 10.633
v 135.431 18.568 10.633
v 143.724 22.587 10.528
v 140.181 15.977 10.528
v 396.094 222.426 12.693
v 392.084 228.764 12.693
v 391.988 219.828 12.683
v 387.978 226.166 12.683
v 387.881 217.229 12.671
v 383.871 223.567 12.671
v 383.775 214.631 12.659
v 379.765 220.969 12.659
v 379.668 212.033 12.645
v 375.658 218.371 12.645
v 375.562 209.434 12.629
v 371.552 215.772 12.629
v 371.455 206.836 12.613
v 367.445 213.174 12.613
v 367.349 204.238 12.596
v 363.339 210.576 12.596
v 363.242 201.640 12.579
v 359.232 207.977 12.579
v 359.136 199.041 12.560
v 355.126 205.379 12.560
v 355.029 196.443 12.541
v 351.019 202.781 12.541
v 350.923 193.845 12.522
v 346.913 200.182 12.522
v 346.816 191.246 12.503
v 342.806 197.584 12.503
v 342.710 188.648 12.483
v 338.700 194.986 12.483
v 338.603 186.050 12.463
v 334.593 192.387 12.463
v 334.497 183.451 12.443
v 330.487 189.789 12.443
v 330.390 180.853 12.423
v 326.380 187.191 12.423
v 326.284 178.255 12.403
v 322.274 184.592 12.403
v 322.177 175.656 12.382
v 318.167 181.994 12.382
v 318.071 173.058 12.362
v 314.061 179.396 12.362
v 313.965 170.460 12.343
v 309.954 176.798 12.343
v 309.835 167.847 12.323
v 305.871 174.213 12.323
v 305.477 165.184 12.305
v 301.950 171.803 12.305
v 300.856 163.061 12.302
v 297.734 169.880 12.302
v 292.713 180.016 12.649
v 286.540 175.757 12.649
v 294.868 176.894 12.564
v 288.695 172.634 12.564
v 297.011 173.787 12.475
v 290.861 169.495 12.475
v 298.724 171.247 12.384
v 293.516 165.850 12.384
v 301.348 169.608 12.302
v 297.241 163.333 12.302
v -170.441 -465.285 10.245
v -172.851 -472.388 10.245
v -166.006 -466.790 10.103
v -168.415 -473.892 10.103
v -161.532 -468.308 9.956
v -164.017 -475.384 9.956
v -156.819 -470.033 9.804
v -159.941 -476.852 9.804
v -152.204 -472.615 9.640
v -156.380 -478.844 9.640
v -148.184 -475.802 9.469
v -153.125 -481.444 9.469
v -144.679 -479.168 9.293
v -149.879 -484.573 9.293
v -141.304 -482.416 9.111
v -146.504 -487.821 9.111
v -137.928 -485.664 8.922
v -143.129 -491.068 8.922
v -134.553 -488.911 8.729
v -139.753 -494.316 8.729
v -131.178 -492.159 8.529
v -136.378 -497.563 8.529
v -127.803 -495.407 8.325
v -133.003 -500.811 8.325
v -124.427 -498.654 8.115
v -129.628 -504.059 8.115
v -121.040 -501.913 7.901
v -126.264 -507.295 7.901
v -117.665 -505.219 7.683
v -122.947 -510.543 7.683
v -114.344 -508.557 7.462
v -119.661 -513.847 7.462
v -328.184 -312.226 15.919
v -333.769 -317.233 15.919
v -325.191 -315.566 15.683
v -330.775 -320.572 15.683
v -322.197 -318.905 15.458
v -327.782 -323.911 15.458
v -319.204 -322.244 15.244
v -324.788 -327.251 15.244
v -316.210 -325.584 15.041
v -321.794 -330.590 15.041
v -348.501 228.341 21.361
v -335.311 223.646 21.361
v -346.790 233.140 21.160
v -333.730 228.098 21.160
v -344.468 238.579 20.938
v -332.295 231.664 20.938
v -341.087 243.232 20.620
v -329.834 234.902 20.620
v -337.898 247.518 20.317
v -327.181 238.509 20.317
v -333.949 251.663 19.991
v -324.405 241.420 19.991
v -329.856 255.065 19.650
v -320.932 244.278 19.650
v -326.066 258.201 19.333
v -317.157 247.402 19.333
v -322.264 261.329 19.039
v -313.375 250.512 19.039
v -318.466 264.446 18.768
v -309.583 253.625 18.768
v -314.385 267.783 18.519
v -306.073 256.518 18.519
v -309.971 270.712 18.274
v -302.299 259.001 18.274
v -305.830 273.401 18.051
v -298.205 261.660 18.051
v -301.713 276.076 17.851
v -294.087 264.334 17.851
v -297.595 278.750 17.672
v -289.970 267.009 17.672
v -293.477 281.424 17.513
v -285.852 269.683 17.513
v -289.360 284.098 17.374
v -281.734 272.357 17.374
v -30.606 -28.800 13.450
v -36.074 -33.933 13.450
v -27.261 -32.363 13.424
v -32.729 -37.496 13.424
v -23.916 -35.926 13.395
v -29.384 -41.059 13.395
v -20.571 -39.489 13.364
v -26.039 -44.622 13.364
v -17.226 -43.052 13.331
v -22.694 -48.186 13.331
v -13.881 -46.616 13.295
v -19.349 -51.749 13.295
v -10.536 -50.179 13.257
v -16.004 -55.312 13.257
v -7.191 -53.742 13.216
v -12.659 -58.875 13.216
v -3.846 -57.305 13.171
v -9.315 -62.438 13.171
v -0.502 -60.868 13.124
v -5.970 -66.001 13.124
v 2.843 -64.431 13.073
v -2.625 -69.565 13.073
v 6.188 -67.994 13.018
v 0.720 -73.128 13.018
v 9.533 -71.558 12.959
v 4.065 -76.691 12.959
v 12.878 -75.121 12.896
v 7.410 -80.254 12.896
v 16.223 -78.684 12.828
v 10.755 -83.817 12.828
v 19.568 -82.247 12.756
v 14.100 -87.380 12.756
v 22.913 -85.810 12.679
v 17.445 -90.943 12.679
v 26.258 -89.373 12.596
v 20.790 -94.507 12.596
v 29.603 -92.937 12.508
v 24.135 -98.070 12.508
v 32.946 -96.498 12.415
v 27.481 -101.635 12.415
v 36.291 -100.052 12.315
v 30.836 -105.198 12.315
v 39.646 -103.599 12.208
v 34.196 -108.753 12.208
v 43.004 -107.150 12.095
v 37.554 -112.303 12.095
v 46.362 -110.701 11.976
v 40.912 -115.854 11.976
v 49.719 -114.252 11.850
v 44.270 -119.405 11.850
v 53.077 -117.803 11.716
v 47.628 -122.956 11.716
v 56.435 -121.354 11.576
v 50.986 -126.507 11.576
v 59.793 -124.905 11.428
v 54.343 -130.058 11.428
v 63.151 -128.456 11.274
v 57.701 -133.609 11.274
v 66.509 -132.007 11.112
v 61.059 -137.160 11.112
v 69.873 -135.566 10.942
v 64.410 -140.704 10.942
v 73.221 -139.145 10.766
v 67.739 -144.263 10.766
v 76.555 -142.724 10.584
v 71.067 -147.836 10.584
v 79.886 -146.300 10.394
v 74.399 -151.412 10.394
v 83.218 -149.876 10.197
v 77.730 -154.988 10.197
v 86.549 -153.452 9.994
v 81.061 -158.564 9.994
v 89.880 -157.028 9.784
v 84.392 -162.140 9.784
v -347.863 93.994 20.858
v -343.040 88.251 20.858
v -344.085 97.167 20.496
v -339.262 91.424 20.496
v -340.306 100.340 20.147
v -335.483 94.597 20.147
v -336.528 103.513 19.812
v -331.705 97.770 19.812
v -332.750 106.686 19.491
v -327.926 100.943 19.491
v -328.971 109.859 19.184
v -324.148 104.116 19.184
v -325.193 113.032 18.890
v -320.370 107.288 18.890
v -321.414 116.205 18.609
v -316.591 110.461 18.609
v -317.636 119.378 18.341
v -312.813 113.634 18.341
v -313.858 122.551 18.086
v -309.035 116.807 18.086
v -310.079 125.724 17.843
v -305.256 119.980 17.843
v -306.301 128.897 17.613
v -301.478 123.153 17.613
v -302.523 132.069 17.394
v -297.699 126.326 17.394
v -298.744 135.242 17.187
v -293.921 129.499 17.187
v -294.966 138.415 16.992
v -290.143 132.672 16.992
v -291.187 141.588 16.807
v -286.364 135.845 16.807
v -287.409 144.761 16.632
v -282.586 139.018 16.632
v -283.631 147.934 16.468
v -278.808 142.191 16.468
v -279.852 151.107 16.313
v -275.029 145.364 16.313
v -276.074 154.280 16.167
v -271.251 148.537 16.167
v -272.296 157.453 16.031
v -267.472 151.709 16.031
v -268.517 160.626 15.902
v -263.694 154.882 15.902
v -264.739 163.799 15.782
v -259.916 158.055 15.782
v -260.960 166.972 15.670
v -256.137 161.228 15.670
v -257.182 170.145 15.566
v -252.359 164.401 15.566
v -253.404 173.318 15.469
v -248.581 167.574 15.469
v -249.625 176.490 15.379
v -244.802 170.747 15.379
v -245.847 179.663 15.296
v -241.024 173.920 15.296
v -242.069 182.836 15.220
v -237.245 177.093 15.220
v -238.290 186.009 15.151
v -233.467 180.266 15.151
v -234.512 189.182 15.088
v -229.689 183.439 15.088
v -230.733 192.355 15.032
v -225.910 186.612 15.032
v -16.241 73.929 12.919
v -11.430 79.683 12.919
v -20.048 77.113 12.963
v -15.237 82.867 12.963
v -23.668 80.149 13.004
v -19.232 86.197 13.004
v -27.598 82.655 13.047
v -23.650 89.031 13.047
v -31.769 85.154 13.088
v -27.993 91.634 13.088
v -36.045 87.575 13.128
v -32.355 94.105 13.128
v -40.345 90.000 13.166
v -36.701 96.555 13.166
v -44.677 92.373 13.202
v -41.074 98.951 13.202
v -49.030 94.758 13.236
v -45.426 101.335 13.236
v -53.307 97.102 13.268
v -49.854 103.760 13.268
v -57.627 99.219 13.299
v -54.441 106.008 13.299
v -62.097 101.224 13.329
v -59.027 108.067 13.329
v -66.618 103.252 13.357
v -63.562 110.102 13.357
v -71.131 105.254 13.384
v -68.122 112.124 13.384
v -75.671 107.218 13.409
v -72.693 114.101 13.409
v -80.226 109.188 13.434
v -77.248 116.072 13.434
v -84.625 111.095 13.458
v -81.959 118.105 13.458
v -89.173 112.591 13.481
v -86.836 119.718 13.481
v -93.886 114.128 13.504
v -91.561 121.259 13.504
v -98.585 115.661 13.527
v -96.298 122.803 13.527
v -103.230 117.121 13.550
v -101.121 124.318 13.550
v -107.949 118.404 13.573
v -105.980 125.641 13.573
v -112.738 119.707 13.597
v -110.769 126.944 13.597
v -117.527 121.010 13.621
v -115.558 128.247 13.621
v -122.316 122.312 13.646
v -120.347 129.549 13.646
v -127.105 123.615 13.673
v -125.136 130.852 13.673
v -131.894 124.918 13.700
v -129.925 132.155 13.700
v -136.683 126.221 13.730
v -134.714 133.458 13.730
v -141.472 127.524 13.760
v -139.503 134.761 13.760
v -146.261 128.827 13.793
v -144.292 136.064 13.793
v -151.049 130.129 13.828
v -149.081 137.366 13.828
v -155.838 131.432 13.864
v -153.870 138.669 13.864
v -160.627 132.735 13.903
v -158.659 139.972 13.903
v -165.416 134.038 13.945
v -163.448 141.275 13.945
v -170.205 135.341 13.988
v -168.237 142.578 13.988
v -175.267 136.729 14.035
v -172.753 143.795 14.035
v -180.121 138.875 14.084
v -176.943 145.668 14.084
v -184.808 141.184 14.136
v -181.163 147.739 14.136
v -189.234 143.942 14.190
v -185.141 150.227 14.190
v -193.494 146.836 14.247
v -189.092 152.909 14.247
v -197.539 149.959 14.306
v -192.898 155.851 14.306
v -201.450 153.098 14.368
v -196.728 158.925 14.368
v -205.391 156.325 14.434
v -200.467 161.982 14.434
v -209.118 159.774 14.501
v -204.023 165.277 14.501
v -212.873 163.254 14.573
v -207.552 168.540 14.573
v -216.431 167.153 14.644
v -210.660 171.943 14.644
v -219.528 171.254 14.716
v -213.538 175.768 14.716
v -222.528 175.237 14.790
v -216.511 179.713 14.790
v -225.481 179.258 14.867
v -219.433 183.693 14.867
v -228.415 183.264 14.948
v -222.364 187.695 14.948
v -231.347 187.268 15.032
v -225.296 191.699 15.032
v -282.380 280.235 17.374
v -288.714 276.220 17.374
v -279.810 276.181 17.244
v -286.145 272.166 17.244
v -277.240 272.127 17.116
v -283.575 268.112 17.116
v -274.671 268.072 16.991
v -281.006 264.057 16.991
v -272.101 264.018 16.868
v -278.436 260.003 16.868
v -269.531 259.964 16.747
v -275.866 255.949 16.747
v -266.962 255.909 16.629
v -273.297 251.894 16.629
v -264.392 251.855 16.513
v -270.727 247.840 16.513
v -261.823 247.800 16.399
v -268.157 243.785 16.399
v -259.253 243.746 16.288
v -265.588 239.731 16.288
v -256.683 239.692 16.178
v -263.018 235.677 16.178
v -254.114 235.637 16.071
v -260.448 231.622 16.071
v -251.544 231.583 15.966
v -257.879 227.568 15.966
v -248.974 227.529 15.862
v -255.309 223.514 15.862
v -246.408 223.480 15.762
v -252.736 219.454 15.762
v -243.849 219.473 15.663
v -250.128 215.371 15.663
v -241.204 215.514 15.565
v -247.440 211.347 15.565
v -238.537 211.523 15.469
v -244.773 207.356 15.469
v -235.870 207.531 15.376
v -242.107 203.365 15.376
v -233.204 203.540 15.286
v -239.440 199.374 15.286
v -230.537 199.549 15.199
v -236.773 195.382 15.199
v -227.870 195.558 15.114
v -234.107 191.391 15.114
v -225.204 191.567 15.032
v -231.440 187.400 15.032
f 1 2 4
f 1 4 3
f 3 4 6
f 3 6 5
f 5 6 8
f 5 8 7
f 7 8 10
f 7 10 9
f 9 10 12
f 9 12 11
f 11 12 14
f 11 14 13
f 13 14 16
f 13 16 15
f 15 16 18
f 15 18 17
f 17 18 20
f 17 20 19
f 19 20 22
f 19 22 21
f 21 22 24
f 21 24 23
f 23 24 26
f 23 26 25
f 25 26 28
f 25 28 27
f 27 28 30
f 27 30 29
f 29 30 32
f 29 32 31
f 31 32 34
f 31 34 33
f 33 34 36
f 33 36 35
f 35 36 38
f 35 38 37
f 37 38 40
f 37 40 39
f 39 40 42
f 39 42 41
f 41 42 44
f 41 44 43
f 43 44 46
f 43 46 45
f 45 46 48
f 45 48 47
f 47 48 50
f 47 50 49
f 49 50 52
f 49 52 51
f 51 52 54
f 51 54 53
f 53 54 56
f 53 56 55
f 55 56 58
f 55 58 57
f 57 58 60
f 57 60 59
f 59 60 62
f 59 62 61
f 61 62 64
f 61 64 63
f 63 64 66
f 63 66 65
f 65 66 68
f 65 68 67
f 67 68 70
f 67 70 69
f 69 70 72
f 69 72 71
f 71 72 74
f 71 74 73
f 73 74 76
f 73 76 75
f 75 76 78
f 75 78 77
f 77 78 80
f 77 80 79
f 79 80 82
f 79 82 81
f 81 82 84
f 81 84 83
f 83 84 86
f 83 86 85
f 85 86 88
f 85 88 87
f 87 88 90
f 87 90 89
f 89 90 92
f 89 92 91
f 91 92 94
f 91 94 93
f 93 94 96
f 93 96 95
f 95 96 98
f 95 98 97
f 97 98 100
f 97 100 99
f 99 100 102
f 99 102 101
f 101 102 104
f 101 104 103
f 103 104 106
f 103 106 105
f 105 106 108
f 105 108 107
f 107 108 110
f 107 110 109
f 109 110 112
f 109 112 111
f 111 112 114
f 111 114 113
f 113 114 116
f 113 116 115
f 115 116 118
f 115 118 117
f 117 118 120
f 117 120 119
f 119 120 122
f 119 122 121
f 121 122 124
f 121 124 123
f 123 124 126
f 123 126 125
f 125 126 128
f 125 128 127
f 127 128 130
f 127 130 129
f 129 130 132
f 129 132 131
f 131 132 134
f 131 134 133
f 133 134 136
f 133 136 135
f 135 136 138
f 135 138 137
f 137 138 140
f 137 140 139
f 139 140 142
f 139 142 141
f 141 142 144
f 141 144 143
f 143 144 146
f 143 146 145
f 145 146 148
f 145 148 147
f 147 148 150
f 147 150 149
f 149 150 152
f 149 152 151
f 151 152 154
f 151 154 153
f 153 154 156
f 153 156 155
f 155 156 158
f 155 158 157
f 157 158 160
f 157 160 159
f 159 160 162
f 159 162 161
f 161 162 164
f 161 164 163
f 163 164 166
f 163 166 165
f 165 166 168
f 165 168 167
f 167 168 170
f 167 170 169
f 169 170 172
f 169 172 171
f 171 172 174
f 171 174 173
f 173 174 176
f 173 176 175
f 175 176 178
f 175 178 177
f 177 178 180
f 177 180 179
f 179 180 182
f 179 182 181
f 181 182 184
f 181 184 183
f 183 184 186
f 183 186 185
f 185 186 188
f 185 188 187
f 187 188 190
f 187 190 189
f 189 190 192
f 189 192 191
f 191 192 194
f 191 194 193
f 193 194 196
f 193 196 195
f 195 196 198
f 195 198 197
f 197 198 200
f 197 200 199
f 199 200 202
f 199 202 201
f 201 202 204
f 201 204 203
f 203 204 206
f 203 206 205
f 205 206 208
f 205 208 207
f 207 208 210
f 207 210 209
f 209 210 212
f 209 212 211
f 211 212 214
f 211 214 213
f 213 214 216
f 213 216 215
f 215 216 218
f 215 218 217
f 217 218 220
f 217 220 219
f 219 220 222
f 219 222 221
f 221 222 224
f 221 224 223
f 223 224 226
f 223 226 225
f 225 226 228
f 225 228 227
f 227 228 230
f 227 230 229
f 229 230 232
f 229 232 231
f 231 232 234
f 231 234 233
f 233 234 236
f 233 236 235
f 235 236 238
f 235 238 237
f 239 240 242
f 239 242 241
f 241 242 244
f 241 244 243
f 243 244 246
f 243 246 245
f 245 246 248
f 245 248 247
f 247 248 250
f 247 250 249
f 249 250 252
f 249 252 251
f 251 252 254
f 251 254 253
f 253 254 256
f 253 256 255
f 255 256 258
f 255 258 257
f 257 258 260
f 257 260 259
f 259 260 262
f 259 262 261
f 261 262 264
f 261 264 263
f 263 264 266
f 263 266 265
f 265 266 268
f 265 268 267
f 267 268 270
f 267 270 269
f 269 270 272
f 269 272 271
f 271 272 274
f 271 274 273
f 273 274 276
f 273 276 275
f 275 276 278
f 275 278 277
f 277 278 280
f 277 280 279
f 279 280 282
f 279 282 281
f 281 282 284
f 281 284 283
f 283 284 286
f 283 286 285
f 285 286 288
f 285 288 287
f 287 288 290
f 287 290 289
f 289 290 292
f 289 292 291
f 291 292 294
f 291 294 293
f 293 294 296
f 293 296 295
f 295 296 298
f 295 298 297
f 297 298 300
f 297 300 299
f 299 300 302
f 299 302 301
f 301 302 304
f 301 304 303
f 303 304 306
f 303 306 305
f 305 306 308
f 305 308 307
f 307 308 310
f 307 310 309
f 309 310 312
f 309 312 311
f 311 312 314
f 311 314 313
f 313 314 316
f 313 316 315
f 315 316 318
f 315 318 317
f 317 318 320
f 317 320 319
f 319 320 322
f 319 322 321
f 321 322 324
f 321 324 323
f 323 324 326
f 323 326 325
f 325 326 328
f 325 328 327
f 327 328 330
f 327 330 329
f 329 330 332
f 329 332 331
f 331 332 334
f 331 334 333
f 333 334 336
f 333 336 335
f 335 336 338
f 335 338 337
f 337 338 340
f 337 340 339
f 339 340 342
f 339 342 341
f 341 342 344
f 341 344 343
f 343 344 346
f 343 346 345
f 345 346 348
f 345 348 347
f 347 348 350
f 347 350 349
f 349 350 352
f 349 352 351
f 351 352 354
f 351 354 353
f 353 354 356
f 353 356 355
f 355 356 358
f 355 358 357
f 357 358 360
f 357 360 359
f 359 360 362
f 359 362 361
f 361 362 364
f 361 364 363
f 363 364 366
f 363 366 365
f 365 366 368
f 365 368 367
f 367 368 370
f 367 370 369
f 369 370 372
f 369 372 371
f 371 372 374
f 371 374 373
f 373 374 376
f 373 376 375
f 375 376 378
f 375 378 377
f 377 378 380
f 377 380 379
f 379 380 382
f 379 382 381
f 381 382 384
f 381 384 383
f 383 384 386
f 383 386 385
f 385 386 388
f 385 388 387
f 387 388 390
f 387 390 389
f 389 390 392
f 389 392 391
f 391 392 394
f 391 394 393
f 393 394 396
f 393 396 395
f 395 396 398
f 395 398 397
f 397 398 400
f 397 400 399
f 399 400 402
f 399 402 401
f 401 402 404
f 401 404 403
f 403 404 406
f 403 406 405
f 407 408 410
f 407 410 409
f 409 410 412
f 409 412 411
f 411 412 414
f 411 414 413
f 413 414 416
f 413 416 415
f 415 416 418
f 415 418 417
f 417 418 420
f 417 420 419
f 419 420 422
f 419 422 421
f 421 422 424
f 421 424 423
f 423 424 426
f 423 426 425
f 425 426 428
f 425 428 427
f 427 428 430
f 427 430 429
f 429 430 432
f 429 432 431
f 431 432 434
f 431 434 433
f 433 434 436
f 433 436 435
f 435 436 438
f 435 438 437
f 437 438 440
f 437 440 439
f 439 440 442
f 439 442 441
f 441 442 444
f 441 444 443
f 443 444 446
f 443 446 445
f 445 446 448
f 445 448 447
f 447 448 450
f 447 450 449
f 449 450 452
f 449 452 451
f 451 452 454
f 451 454 453
f 453 454 456
f 453 456 455
f 457 458 460
f 457 460 459
f 459 460 462
f 459 462 461
f 461 462 464
f 461 464 463
f 463 464 466
f 463 466 465
f 465 466 468
f 465 468 467
f 467 468 470
f 467 470 469
f 469 470 472
f 469 472 471
f 471 472 474
f 471 474 473
f 473 474 476
f 473 476 475
f 475 476 478
f 475 478 477
f 477 478 480
f 477 480 479
f 479 480 482
f 479 482 481
f 481 482 484
f 481 484 483
f 483 484 486
f 483 486 485
f 485 486 488
f 485 488 487
f 487 488 490
f 487 490 489
f 489 490 492
f 489 492 491
f 491 492 494
f 491 494 493
f 493 494 496
f 493 496 495
f 495 496 498
f 495 498 497
f 497 498 500
f 497 500 499
f 499 500 502
f 499 502 501
f 501 502 504
f 501 504 503
f 505 506 508
f 505 508 507
f 507 508 510
f 507 510 509
f 509 510 512
f 509 512 511
f 511 512 514
f 511 514 513
f 513 514 516
f 513 516 515
f 515 516 518
f 515 518 517
f 517 518 520
f 517 520 519
f 519 520 522
f 519 522 521
f 521 522 524
f 521 524 523
f 523 524 526
f 523 526 525
f 525 526 528
f 525 528 527
f 527 528 530
f 527 530 529
f 529 530 532
f 529 532 531
f 531 532 534
f 531 534 533
f 533 534 536
f 533 536 535
f 535 536 538
f 535 538 537
f 537 538 540
f 537 540 539
f 539 540 542
f 539 542 541
f 541 542 544
f 541 544 543
f 543 544 546
f 543 546 545
f 545 546 548
f 545 548 547
f 547 548 550
f 547 550 549
f 549 550 552
f 549 552 551
f 551 552 554
f 551 554 553
f 553 554 556
f 553 556 555
f 555 556 558
f 555 558 557
f 557 558 560
f 557 560 559
f 559 560 562
f 559 562 561
f 561 562 564
f 561 564 563
f 563 564 566
f 563 566 565
f 565 566 568
f 565 568 567
f 567 568 570
f 567 570 569
f 569 570 572
f 569 572 571
f 573 574 576
f 573 576 575
f 575 576 578
f 575 578 577
f 577 578 580
f 577 580 579
f 579 580 582
f 579 582 581
f 581 582 584
f 581 584 583
f 583 584 586
f 583 586 585
f 585 586 588
f 585 588 587
f 587 588 590
f 587 590 589
f 589 590 592
f 589 592 591
f 593 594 596
f 593 596 595
f 595 596 598
f 595 598 597
f 597 598 600
f 597 600 599
f 599 600 602
f 599 602 601
f 601 602 604
f 601 604 603
f 603 604 606
f 603 606 605
f 605 606 608
f 605 608 607
f 607 608 610
f 607 610 609
f 609 610 612
f 609 612 611
f 611 612 614
f 611 614 613
f 613 614 616
f 613 616 615
f 615 616 618
f 615 618 617
f 617 618 620
f 617 620 619
f 619 620 622
f 619 622 621
f 621 622 624
f 621 624 623
f 623 624 626
f 623 626 625
f 625 626 628
f 625 628 627
f 627 628 630
f 627 630 629
f 629 630 632
f 629 632 631
f 631 632 634
f 631 634 633
f 633 634 636
f 633 636 635
f 635 636 638
f 635 638 637
f 637 638 640
f 637 640 639
f 641 642 644
f 641 644 643
f 643 644 646
f 643 646 645
f 645 646 648
f 645 648 647
f 647 648 650
f 647 650 649
f 649 650 652
f 649 652 651
f 651 652 654
f 651 654 653
f 653 654 656
f 653 656 655
f 655 656 658
f 655 658 657
f 657 658 660
f 657 660 659
f 659 660 662
f 659 662 661
f 661 662 664
f 661 664 663
f 663 664 666
f 663 666 665
f 665 666 668
f 665 668 667
f 667 668 670
f 667 670 669
f 669 670 672
f 669 672 671
f 671 672 674
f 671 674 673
f 673 674 676
f 673 676 675
f 675 676 678
f 675 678 677
f 677 678 680
f 677 680 679
f 679 680 682
f 679 682 681
f 681 682 684
f 681 684 683
f 683 684 686
f 683 686 685
f 685 686 688
f 685 688 687
f 687 688 690
f 687 690 689
f 689 690 692
f 689 692 691
f 691 692 694
f 691 694 693
f 695 696 698
f 695 698 697
f 697 698 700
f 697 700 699
f 699 700 702
f 699 702 701
f 701 702 704
f 701 704 703
f 703 704 706
f 703 706 705
f 705 706 708
f 705 708 707
f 707 708 710
f 707 710 709
f 709 710 712
f 709 712 711
f 711 712 714
f 711 714 713
f 713 714 716
f 713 716 715
f 715 716 718
f 715 718 717
f 717 718 720
f 717 720 719
f 719 720 722
f 719 722 721
f 721 722 724
f 721 724 723
f 723 724 726
f 723 726 725
f 725 726 728
f 725 728 727
f 727 728 730
f 727 730 729
f 729 730 732
f 729 732 731
f 731 732 734
f 731 734 733
f 733 734 736
f 733 736 735
f 735 736 738
f 735 738 737
f 739 740 742
f 739 742 741
f 741 742 744
f 741 744 743
f 743 744 746
f 743 746 745
f 745 746 748
f 745 748 747
f 747 748 750
f 747 750 749
f 749 750 752
f 749 752 751
f 751 752 754
f 751 754 753
f 753 754 756
f 753 756 755
f 755 756 758
f 755 758 757
f 759 760 762
f 759 762 761
f 761 762 764
f 761 764 763
f 763 764 766
f 763 766 765
f 765 766 768
f 765 768 767
f 767 768 770
f 767 770 769
f 769 770 772
f 769 772 771
f 771 772 774
f 771 774 773
f 773 774 776
f 773 776 775
f 775 776 778
f 775 778 777
f 779 780 782
f 779 782 781
f 781 782 784
f 781 784 783
f 783 784 786
f 783 786 785
f 785 786 788
f 785 788 787
f 787 788 790
f 787 790 789
f 789 790 792
f 789 792 791
f 791 792 794
f 791 794 793
f 793 794 796
f 793 796 795
f 795 796 798
f 795 798 797
f 797 798 800
f 797 800 799
f 799 800 802
f 799 802 801
f 801 802 804
f 801 804 803
f 803 804 806
f 803 806 805
f 805 806 808
f 805 808 807
f 807 808 810
f 807 810 809
f 809 810 812
f 809 812 811
f 811 812 814
f 811 814 813
f 813 814 816
f 813 816 815
f 815 816 818
f 815 818 817
f 817 818 820
f 817 820 819
f 819 820 822
f 819 822 821
f 821 822 824
f 821 824 823
f 823 824 826
f 823 826 825
f 825 826 828
f 825 828 827
f 827 828 830
f 827 830 829
f 829 830 832
f 829 832 831
f 831 832 834
f 831 834 833
f 833 834 836
f 833 836 835
f 837 838 840
f 837 840 839
f 839 840 842
f 839 842 841
f 841 842 844
f 841 844 843
f 843 844 846
f 843 846 845
f 845 846 848
f 845 848 847
f 847 848 850
f 847 850 849
f 849 850 852
f 849 852 851
f 851 852 854
f 851 854 853
f 853 854 856
f 853 856 855
f 857 858 860
f 857 860 859
f 859 860 862
f 859 862 861
f 861 862 864
f 861 864 863
f 863 864 866
f 863 866 865
f 865 866 868
f 865 868 867
f 867 868 870
f 867 870 869
f 869 870 872
f 869 872 871
f 871 872 874
f 871 874 873
f 873 874 876
f 873 876 875
f 875 876 878
f 875 878 877
f 877 878 880
f 877 880 879
f 879 880 882
f 879 882 881
f 881 882 884
f 881 884 883
f 883 884 886
f 883 886 885
f 885 886 888
f 885 888 887
f 887 888 890
f 887 890 889
f 889 890 892
f 889 892 891
f 891 892 894
f 891 894 893
f 893 894 896
f 893 896 895
f 895 896 898
f 895 898 897
f 897 898 900
f 897 900 899
f 899 900 902
f 899 902 901
f 901 902 904
f 901 904 903
f 903 904 906
f 903 906 905
f 907 908 910
f 907 910 909
f 909 910 912
f 909 912 911
f 911 912 914
f 911 914 913
f 913 914 916
f 913 916 915
f 915 916 918
f 915 918 917
f 917 918 920
f 917 920 919
f 919 920 922
f 919 922 921
f 921 922 924
f 921 924 923
f 923 924 926
f 923 926 925
f 927 928 930
f 927 930 929
f 929 930 932
f 929 932 931
f 931 932 934
f 931 934 933
f 933 934 936
f 933 936 935
f 935 936 938
f 935 938 937
f 937 938 940
f 937 940 939
f 939 940 942
f 939 942 941
f 941 942 944
f 941 944 943
f 943 944 946
f 943 946 945
f 945 946 948
f 945 948 947
f 947 948 950
f 947 950 949
f 949 950 952
f 949 952 951
f 951 952 954
f 951 954 953
f 953 954 956
f 953 956 955
f 955 956 958
f 955 958 957
f 957 958 960
f 957 960 959
f 959 960 962
f 959 962 961
f 961 962 964
f 961 964 963
f 963 964 966
f 963 966 965
f 965 966 968
f 965 968 967
f 967 968 970
f 967 970 969
f 969 970 972
f 969 972 971
f 971 972 974
f 971 974 973
f 973 974 976
f 973 976 975
f 975 976 978
f 975 978 977
f 977 978 980
f 977 980 979
f 981 982 984
f 981 984 983
f 983 984 986
f 983 986 985
f 985 986 988
f 985 988 987
f 987 988 990
f 987 990 989
f 989 990 992
f 989 992 991
f 991 992 994
f 991 994 993
f 993 994 996
f 993 996 995
f 995 996 998
f 995 998 997
f 997 998 1000
f 997 1000 999
f 999 1000 1002
f 999 1002 1001
f 1001 1002 1004
f 1001 1004 1003
f 1003 1004 1006
f 1003 1006 1005
f 1005 1006 1008
f 1005 1008 1007
f 1007 1008 1010
f 1007 1010 1009
f 1009 1010 1012
f 1009 1012 1011
f 1011 1012 1014
f 1011 1014 1013
f 1013 1014 1016
f 1013 1016 1015
f 1015 1016 1018
f 1015 1018 1017
f 1017 1018 1020
f 1017 1020 1019
f 1021 1022 1024
f 1021 1024 1023
f 1023 1024 1026
f 1023 1026 1025
f 1025 1026 1028
f 1025 1028 1027
f 1027 1028 1030
f 1027 1030 1029
f 1029 1030 1032
f 1029 1032 1031
f 1031 1032 1034
f 1031 1034 1033
f 1033 1034 1036
f 1033 1036 1035
f 1035 1036 1038
f 1035 1038 1037
f 1037 1038 1040
f 1037 1040 1039
f 1041 1042 1044
f 1041 1044 1043
f 1043 1044 1046
f 1043 1046 1045
f 1045 1046 1048
f 1045 1048 1047
f 1047 1048 1050
f 1047 1050 1049
f 1049 1050 1052
f 1049 1052 1051
f 1051 1052 1054
f 1051 1054 1053
f 1053 1054 1056
f 1053 1056 1055
f 1055 1056 1058
f 1055 1058 1057
f 1057 1058 1060
f 1057 1060 1059
f 1059 1060 1062
f 1059 1062 1061
f 1061 1062 1064
f 1061 1064 1063
f 1063 1064 1066
f 1063 1066 1065
f 1065 1066 1068
f 1065 1068 1067
f 1067 1068 1070
f 1067 1070 1069
f 1069 1070 1072
f 1069 1072 1071
f 1073 1074 1076
f 1073 1076 1075
f 1075 1076 1078
f 1075 1078 1077
f 1077 1078 1080
f 1077 1080 1079
f 1079 1080 1082
f 1079 1082 1081
f 1081 1082 1084
f 1081 1084 1083
f 1083 1084 1086
f 1083 1086 1085
f 1085 1086 1088
f 1085 1088 1087
f 1087 1088 1090
f 1087 1090 1089
f 1089 1090 1092
f 1089 1092 1091
f 1091 1092 1094
f 1091 1094 1093
f 1093 1094 1096
f 1093 1096 1095
f 1095 1096 1098
f 1095 1098 1097
f 1097 1098 1100
f 1097 1100 1099
f 1099 1100 1102
f 1099 1102 1101
f 1101 1102 1104
f 1101 1104 1103
f 1103 1104 1106
f 1103 1106 1105
f 1105 1106 1108
f 1105 1108 1107
f 1107 1108 1110
f 1107 1110 1109
f 1109 1110 1112
f 1109 1112 1111
f 1111 1112 1114
f 1111 1114 1113
f 1113 1114 1116
f 1113 1116 1115
f 1115 1116 1118
f 1115 1118 1117
f 1117 1118 1120
f 1117 1120 1119
f 1121 1122 1124
f 1121 1124 1123
f 1123 1124 1126
f 1123 1126 1125
f 1125 1126 1128
f 1125 1128 1127
f 1127 1128 1130
f 1127 1130 1129
f 1129 1130 1132
f 1129 1132 1131
f 1131 1132 1134
f 1131 1134 1133
f 1133 1134 1136
f 1133 1136 1135
f 1135 1136 1138
f 1135 1138 1137
f 1137 1138 1140
f 1137 1140 1139
f 1139 1140 1142
f 1139 1142 1141
f 1141 1142 1144
f 1141 1144 1143
f 1143 1144 1146
f 1143 1146 1145
f 1145 1146 1148
f 1145 1148 1147
f 1147 1148 1150
f 1147 1150 1149
f 1149 1150 1152
f 1149 1152 1151
f 1153 1154 1156
f 1153 1156 1155
f 1155 1156 1158
f 1155 1158 1157
f 1157 1158 1160
f 1157 1160 1159
f 1159 1160 1162
f 1159 1162 1161
f 1161 1162 1164
f 1161 1164 1163
f 1165 1166 1168
f 1165 1168 1167
f 1167 1168 1170
f 1167 1170 1169
f 1169 1170 1172
f 1169 1172 1171
f 1171 1172 1174
f 1171 1174 1173
f 1175 1176 1178
f 1175 1178 1177
f 1177 1178 1180
f 1177 1180 1179
f 1179 1180 1182
f 1179 1182 1181
f 1181 1182 1184
f 1181 1184 1183
f 1183 1184 1186
f 1183 1186 1185
f 1185 1186 1188
f 1185 1188 1187
f 1187 1188 1190
f 1187 1190 1189
f 1189 1190 1192
f 1189 1192 1191
f 1191 1192 1194
f 1191 1194 1193
f 1193 1194 1196
f 1193 1196 1195
f 1195 1196 1198
f 1195 1198 1197
f 1197 1198 1200
f 1197 1200 1199
f 1199 1200 1202
f 1199 1202 1201
f 1201 1202 1204
f 1201 1204 1203
f 1203 1204 1206
f 1203 1206 1205
f 1205 1206 1208
f 1205 1208 1207
f 1207 1208 1210
f 1207 1210 1209
f 1209 1210 1212
f 1209 1212 1211
f 1211 1212 1214
f 1211 1214 1213
f 1213 1214 1216
f 1213 1216 1215
f 1215 1216 1218
f 1215 1218 1217
f 1217 1218 1220
f 1217 1220 1219
f 1219 1220 1222
f 1219 1222 1221
f 1221 1222 1224
f 1221 1224 1223
f 1223 1224 1226
f 1223 1226 1225
f 1227 1228 1230
f 1227 1230 1229
f 1229 1230 1232
f 1229 1232 1231
f 1231 1232 1234
f 1231 1234 1233
f 1233 1234 1236
f 1233 1236 1235
f 1235 1236 1238
f 1235 1238 1237
f 1237 1238 1240
f 1237 1240 1239
f 1239 1240 1242
f 1239 1242 1241
f 1241 1242 1244
f 1241 1244 1243
f 1245 1246 1248
f 1245 1248 1247
f 1247 1248 1250
f 1247 1250 1249
f 1249 1250 1252
f 1249 1252 1251
f 1251 1252 1254
f 1251 1254 1253
f 1253 1254 1256
f 1253 1256 1255
f 1255 1256 1258
f 1255 1258 1257
f 1257 1258 1260
f 1257 1260 1259
f 1259 1260 1262
f 1259 1262 1261
f 1261 1262 1264
f 1261 1264 1263
f 1265 1266 1268
f 1265 1268 1267
f 1267 1268 1270
f 1267 1270 1269
f 1269 1270 1272
f 1269 1272 1271
f 1271 1272 1274
f 1271 1274 1273
f 1273 1274 1276
f 1273 1276 1275
f 1275 1276 1278
f 1275 1278 1277
f 1277 1278 1280
f 1277 1280 1279
f 1279 1280 1282
f 1279 1282 1281
f 1281 1282 1284
f 1281 1284 1283
f 1283 1284 1286
f 1283 1286 1285
f 1285 1286 1288
f 1285 1288 1287
f 1287 1288 1290
f 1287 1290 1289
f 1289 1290 1292
f 1289 1292 1291
f 1291 1292 1294
f 1291 1294 1293
f 1293 1294 1296
f 1293 1296 1295
f 1295 1296 1298
f 1295 1298 1297
f 1297 1298 1300
f 1297 1300 1299
f 1299 1300 1302
f 1299 1302 1301
f 1301 1302 1304
f 1301 1304 1303
f 1303 1304 1306
f 1303 1306 1305
f 1305 1306 1308
f 1305 1308 1307
f 1307 1308 1310
f 1307 1310 1309
f 1309 1310 1312
f 1309 1312 1311
f 1311 1312 1314
f 1311 1314 1313
f 1313 1314 1316
f 1313 1316 1315
f 1317 1318 1320
f 1317 1320 1319
f 1319 1320 1322
f 1319 1322 1321
f 1321 1322 1324
f 1321 1324 1323
f 1323 1324 1326
f 1323 1326 1325
f 1325 1326 1328
f 1325 1328 1327
f 1327 1328 1330
f 1327 1330 1329
f 1329 1330 1332
f 1329 1332 1331
f 1331 1332 1334
f 1331 1334 1333
f 1335 1336 1338
f 1335 1338 1337
f 1337 1338 1340
f 1337 1340 1339
f 1339 1340 1342
f 1339 1342 1341
f 1341 1342 1344
f 1341 1344 1343
f 1343 1344 1346
f 1343 1346 1345
f 1345 1346 1348
f 1345 1348 1347
f 1347 1348 1350
f 1347 1350 1349
f 1349 1350 1352
f 1349 1352 1351
f 1351 1352 1354
f 1351 1354 1353
f 1353 1354 1356
f 1353 1356 1355
f 1355 1356 1358
f 1355 1358 1357
f 1359 1360 1362
f 1359 1362 1361
f 1361 1362 1364
f 1361 1364 1363
f 1363 1364 1366
f 1363 1366 1365
f 1365 1366 1368
f 1365 1368 1367
f 1367 1368 1370
f 1367 1370 1369
f 1369 1370 1372
f 1369 1372 1371
f 1371 1372 1374
f 1371 1374 1373
f 1373 1374 1376
f 1373 1376 1375
f 1377 1378 1380
f 1377 1380 1379
f 1379 1380 1382
f 1379 1382 1381
f 1381 1382 1384
f 1381 1384 1383
f 1383 1384 1386
f 1383 1386 1385
f 1385 1386 1388
f 1385 1388 1387
f 1387 1388 1390
f 1387 1390 1389
f 1389 1390 1392
f 1389 1392 1391
f 1391 1392 1394
f 1391 1394 1393
f 1393 1394 1396
f 1393 1396 1395
f 1397 1398 1400
f 1397 1400 1399
f 1399 1400 1402
f 1399 1402 1401
f 1401 1402 1404
f 1401 1404 1403
f 1403 1404 1406
f 1403 1406 1405
f 1405 1406 1408
f 1405 1408 1407
f 1407 1408 1410
f 1407 1410 1409
f 1409 1410 1412
f 1409 1412 1411
f 1411 1412 1414
f 1411 1414 1413
f 1413 1414 1416
f 1413 1416 1415
f 1415 1416 1418
f 1415 1418 1417
f 1417 1418 1420
f 1417 1420 1419
f 1419 1420 1422
f 1419 1422 1421
f 1421 1422 1424
f 1421 1424 1423
f 1423 1424 1426
f 1423 1426 1425
f 1425 1426 1428
f 1425 1428 1427
f 1427 1428 1430
f 1427 1430 1429
f 1429 1430 1432
f 1429 1432 1431
f 1431 1432 1434
f 1431 1434 1433
f 1433 1434 1436
f 1433 1436 1435
f 1435 1436 1438
f 1435 1438 1437
f 1439 1440 1442
f 1439 1442 1441
f 1441 1442 1444
f 1441 1444 1443
f 1443 1444 1446
f 1443 1446 1445
f 1445 1446 1448
f 1445 1448 1447
f 1447 1448 1450
f 1447 1450 1449
f 1449 1450 1452
f 1449 1452 1451
f 1451 1452 1454
f 1451 1454 1453
f 1453 1454 1456
f 1453 1456 1455
f 1455 1456 1458
f 1455 1458 1457
f 1457 1458 1460
f 1457 1460 1459
f 1459 1460 1462
f 1459 1462 1461
f 1461 1462 1464
f 1461 1464 1463
f 1463 1464 1466
f 1463 1466 1465
f 1465 1466 1468
f 1465 1468 1467
f 1467 1468 1470
f 1467 1470 1469
f 1469 1470 1472
f 1469 1472 1471
f 1471 1472 1474
f 1471 1474 1473
f 1475 1476 1478
f 1475 1478 1477
f 1477 1478 1480
f 1477 1480 1479
f 1479 1480 1482
f 1479 1482 1481
f 1481 1482 1484
f 1481 1484 1483
f 1483 1484 1486
f 1483 1486 1485
f 1485 1486 1488
f 1485 1488 1487
f 1487 1488 1490
f 1487 1490 1489
f 1489 1490 1492
f 1489 1492 1491
f 1493 1494 1496
f 1493 1496 1495
f 1495 1496 1498
f 1495 1498 1497
f 1497 1498 1500
f 1497 1500 1499
f 1499 1500 1502
f 1499 1502 1501
f 1501 1502 1504
f 1501 1504 1503
f 1503 1504 1506
f 1503 1506 1505
f 1505 1506 1508
f 1505 1508 1507
f 1507 1508 1510
f 1507 1510 1509
f 1509 1510 1512
f 1509 1512 1511
f 1511 1512 1514
f 1511 1514 1513
f 1513 1514 1516
f 1513 1516 1515
f 1515 1516 1518
f 1515 1518 1517
f 1517 1518 1520
f 1517 1520 1519
f 1519 1520 1522
f 1519 1522 1521
f 1521 1522 1524
f 1521 1524 1523
f 1523 1524 1526
f 1523 1526 1525
f 1525 1526 1528
f 1525 1528 1527
f 1529 1530 1532
f 1529 1532 1531
f 1531 1532 1534
f 1531 1534 1533
f 1533 1534 1536
f 1533 1536 1535
f 1535 1536 1538
f 1535 1538 1537
f 1537 1538 1540
f 1537 1540 1539
f 1539 1540 1542
f 1539 1542 1541
f 1541 1542 1544
f 1541 1544 1543
f 1543 1544 1546
f 1543 1546 1545
f 1547 1548 1550
f 1547 1550 1549
f 1549 1550 1552
f 1549 1552 1551
f 1551 1552 1554
f 1551 1554 1553
f 1553 1554 1556
f 1553 1556 1555
f 1555 1556 1558
f 1555 1558 1557
f 1557 1558 1560
f 1557 1560 1559
f 1559 1560 1562
f 1559 1562 1561
f 1561 1562 1564
f 1561 1564 1563
f 1565 1566 1568
f 1565 1568 1567
f 1567 1568 1570
f 1567 1570 1569
f 1569 1570 1572
f 1569 1572 1571
f 1571 1572 1574
f 1571 1574 1573
f 1573 1574 1576
f 1573 1576 1575
f 1575 1576 1578
f 1575 1578 1577
f 1577 1578 1580
f 1577 1580 1579
f 1579 1580 1582
f 1579 1582 1581
f 1581 1582 1584
f 1581 1584 1583
f 1583 1584 1586
f 1583 1586 1585
f 1585 1586 1588
f 1585 1588 1587
f 1587 1588 1590
f 1587 1590 1589
f 1589 1590 1592
f 1589 1592 1591
f 1591 1592 1594
f 1591 1594 1593
f 1593 1594 1596
f 1593 1596 1595
f 1595 1596 1598
f 1595 1598 1597
f 1597 1598 1600
f 1597 1600 1599
f 1599 1600 1602
f 1599 1602 1601
f 1601 1602 1604
f 1601 1604 1603
f 1603 1604 1606
f 1603 1606 1605
f 1605 1606 1608
f 1605 1608 1607
f 1607 1608 1610
f 1607 1610 1609
f 1609 1610 1612
f 1609 1612 1611
f 1611 1612 1614
f 1611 1614 1613
f 1613 1614 1616
f 1613 1616 1615
f 1617 1618 1620
f 1617 1620 1619
f 1619 1620 1622
f 1619 1622 1621
f 1621 1622 1624
f 1621 1624 1623
f 1623 1624 1626
f 1623 1626 1625
f 1625 1626 1628
f 1625 1628 1627
f 1627 1628 1630
f 1627 1630 1629
f 1629 1630 1632
f 1629 1632 1631
f 1631 1632 1634
f 1631 1634 1633
f 1633 1634 1636
f 1633 1636 1635
f 1635 1636 1638
f 1635 1638 1637
f 1637 1638 1640
f 1637 1640 1639
f 1639 1640 1642
f 1639 1642 1641
f 1641 1642 1644
f 1641 1644 1643
f 1643 1644 1646
f 1643 1646 1645
f 1645 1646 1648
f 1645 1648 1647
f 1649 1650 1652
f 1649 1652 1651
f 1651 1652 1654
f 1651 1654 1653
f 1653 1654 1656
f 1653 1656 1655
f 1655 1656 1658
f 1655 1658 1657
f 1657 1658 1660
f 1657 1660 1659
f 1659 1660 1662
f 1659 1662 1661
f 1661 1662 1664
f 1661 1664 1663
f 1663 1664 1666
f 1663 1666 1665
f 1665 1666 1668
f 1665 1668 1667
f 1667 1668 1670
f 1667 1670 1669
f 1669 1670 1672
f 1669 1672 1671
f 1671 1672 1674
f 1671 1674 1673
f 1673 1674 1676
f 1673 1676 1675
f 1675 1676 1678
f 1675 1678 1677
f 1677 1678 1680
f 1677 1680 1679
f 1679 1680 1682
f 1679 1682 1681
f 1681 1682 1684
f 1681 1684 1683
f 1683 1684 1686
f 1683 1686 1685
f 1685 1686 1688
f 1685 1688 1687
f 1687 1688 1690
f 1687 1690 1689
f 1689 1690 1692
f 1689 1692 1691
f 1691 1692 1694
f 1691 1694 1693
f 1693 1694 1696
f 1693 1696 1695
f 1695 1696 1698
f 1695 1698 1697
f 1699 1700 1702
f 1699 1702 1701
f 1701 1702 1704
f 1701 1704 1703
f 1703 1704 1706
f 1703 1706 1705
f 1705 1706 1708
f 1705 1708 1707
f 1707 1708 1710
f 1707 1710 1709
f 1709 1710 1712
f 1709 1712 1711
f 1711 1712 1714
f 1711 1714 1713
f 1713 1714 1716
f 1713 1716 1715
f 1715 1716 1718
f 1715 1718 1717
f 1717 1718 1720
f 1717 1720 1719
f 1719 1720 1722
f 1719 1722 1721
f 1721 1722 1724
f 1721 1724 1723
f 1723 1724 1726
f 1723 1726 1725
f 1725 1726 1728
f 1725 1728 1727
f 1727 1728 1730
f 1727 1730 1729
f 1729 1730 1732
f 1729 1732 1731
f 1731 1732 1734
f 1731 1734 1733
f 1733 1734 1736
f 1733 1736 1735
f 1735 1736 1738
f 1735 1738 1737
f 1737 1738 1740
f 1737 1740 1739
f 1739 1740 1742
f 1739 1742 1741
f 1741 1742 1744
f 1741 1744 1743
f 1743 1744 1746
f 1743 1746 1745
f 1747 1748 1750
f 1747 1750 1749
f 1749 1750 1752
f 1749 1752 1751
f 1751 1752 1754
f 1751 1754 1753
f 1753 1754 1756
f 1753 1756 1755
f 1755 1756 1758
f 1755 1758 1757
f 1757 1758 1760
f 1757 1760 1759
f 1759 1760 1762
f 1759 1762 1761
f 1761 1762 1764
f 1761 1764 1763
f 1763 1764 1766
f 1763 1766 1765
f 1765 1766 1768
f 1765 1768 1767
f 1767 1768 1770
f 1767 1770 1769
f 1769 1770 1772
f 1769 1772 1771
f 1771 1772 1774
f 1771 1774 1773
f 1773 1774 1776
f 1773 1776 1775
f 1775 1776 1778
f 1775 1778 1777
f 1777 1778 1780
f 1777 1780 1779
f 1779 1780 1782
f 1779 1782 1781
f 1781 1782 1784
f 1781 1784 1783
f 1783 1784 1786
f 1783 1786 1785
f 1785 1786 1788
f 1785 1788 1787
f 1787 1788 1790
f 1787 1790 1789
f 1789 1790 1792
f 1789 1792 1791
f 1791 1792 1794
f 1791 1794 1793
f 1795 1796 1798
f 1795 1798 1797
f 1797 1798 1800
f 1797 1800 1799
f 1799 1800 1802
f 1799 1802 1801
f 1801 1802 1804
f 1801 1804 1803
f 1803 1804 1806
f 1803 1806 1805
f 1805 1806 1808
f 1805 1808 1807
f 1807 1808 1810
f 1807 1810 1809
f 1809 1810 1812
f 1809 1812 1811
f 1811 1812 1814
f 1811 1814 1813
f 1815 1816 1818
f 1815 1818 1817
f 1817 1818 1820
f 1817 1820 1819
f 1819 1820 1822
f 1819 1822 1821
f 1821 1822 1824
f 1821 1824 1823
f 1823 1824 1826
f 1823 1826 1825
f 1825 1826 1828
f 1825 1828 1827
f 1827 1828 1830
f 1827 1830 1829
f 1829 1830 1832
f 1829 1832 1831
f 1831 1832 1834
f 1831 1834 1833
f 1833 1834 1836
f 1833 1836 1835
f 1835 1836 1838
f 1835 1838 1837
f 1837 1838 1840
f 1837 1840 1839
f 1839 1840 1842
f 1839 1842 1841
f 1841 1842 1844
f 1841 1844 1843
f 1843 1844 1846
f 1843 1846 1845
f 1845 1846 1848
f 1845 1848 1847
f 1847 1848 1850
f 1847 1850 1849
f 1849 1850 1852
f 1849 1852 1851
f 1851 1852 1854
f 1851 1854 1853
f 1853 1854 1856
f 1853 1856 1855
f 1855 1856 1858
f 1855 1858 1857
f 1857 1858 1860
f 1857 1860 1859
f 1859 1860 1862
f 1859 1862 1861
f 1861 1862 1864
f 1861 1864 1863
f 1865 1866 1868
f 1865 1868 1867
f 1867 1868 1870
f 1867 1870 1869
f 1869 1870 1872
f 1869 1872 1871
f 1871 1872 1874
f 1871 1874 1873
f 1873 1874 1876
f 1873 1876 1875
f 1875 1876 1878
f 1875 1878 1877
f 1877 1878 1880
f 1877 1880 1879
f 1879 1880 1882
f 1879 1882 1881
f 1883 1884 1886
f 1883 1886 1885
f 1885 1886 1888
f 1885 1888 1887
f 1887 1888 1890
f 1887 1890 1889
f 1889 1890 1892
f 1889 1892 1891
f 1891 1892 1894
f 1891 1894 1893
f 1893 1894 1896
f 1893 1896 1895
f 1895 1896 1898
f 1895 1898 1897
f 1897 1898 1900
f 1897 1900 1899
f 1899 1900 1902
f 1899 1902 1901
f 1901 1902 1904
f 1901 1904 1903
f 1903 1904 1906
f 1903 1906 1905
f 1905 1906 1908
f 1905 1908 1907
f 1907 1908 1910
f 1907 1910 1909
f 1909 1910 1912
f 1909 1912 1911
f 1911 1912 1914
f 1911 1914 1913
f 1913 1914 1916
f 1913 1916 1915
f 1915 1916 1918
f 1915 1918 1917
f 1917 1918 1920
f 1917 1920 1919
f 1919 1920 1922
f 1919 1922 1921
f 1921 1922 1924
f 1921 1924 1923
f 1923 1924 1926
f 1923 1926 1925
f 1925 1926 1928
f 1925 1928 1927
f 1927 1928 1930
f 1927 1930 1929
f 1931 1932 1934
f 1931 1934 1933
f 1933 1934 1936
f 1933 1936 1935
f 1935 1936 1938
f 1935 1938 1937
f 1937 1938 1940
f 1937 1940 1939
f 1939 1940 1942
f 1939 1942 1941
f 1941 1942 1944
f 1941 1944 1943
f 1943 1944 1946
f 1943 1946 1945
f 1945 1946 1948
f 1945 1948 1947
f 1947 1948 1950
f 1947 1950 1949
f 1949 1950 1952
f 1949 1952 1951
f 1951 1952 1954
f 1951 1954 1953
f 1953 1954 1956
f 1953 1956 1955
f 1955 1956 1958
f 1955 1958 1957
f 1957 1958 1960
f 1957 1960 1959
f 1959 1960 1962
f 1959 1962 1961
f 1961 1962 1964
f 1961 1964 1963
f 1963 1964 1966
f 1963 1966 1965
f 1965 1966 1968
f 1965 1968 1967
f 1967 1968 1970
f 1967 1970 1969
f 1969 1970 1972
f 1969 1972 1971
f 1971 1972 1974
f 1971 1974 1973
f 1973 1974 1976
f 1973 1976 1975
f 1975 1976 1978
f 1975 1978 1977
f 1979 1980 1982
f 1979 1982 1981
f 1981 1982 1984
f 1981 1984 1983
f 1983 1984 1986
f 1983 1986 1985
f 1985 1986 1988
f 1985 1988 1987
f 1987 1988 1990
f 1987 1990 1989
f 1989 1990 1992
f 1989 1992 1991
f 1991 1992 1994
f 1991 1994 1993
f 1993 1994 1996
f 1993 1996 1995
f 1995 1996 1998
f 1995 1998 1997
f 1997 1998 2000
f 1997 2000 1999
f 1999 2000 2002
f 1999 2002 2001
f 2001 2002 2004
f 2001 2004 2003
f 2003 2004 2006
f 2003 2006 2005
f 2005 2006 2008
f 2005 2008 2007
f 2007 2008 2010
f 2007 2010 2009
f 2009 2010 2012
f 2009 2012 2011
f 2011 2012 2014
f 2011 2014 2013
f 2013 2014 2016
f 2013 2016 2015
f 2015 2016 2018
f 2015 2018 2017
f 2017 2018 2020
f 2017 2020 2019
f 2019 2020 2022
f 2019 2022 2021
f 2021 2022 2024
f 2021 2024 2023
f 2023 2024 2026
f 2023 2026 2025
f 2025 2026 2028
f 2025 2028 2027
f 2027 2028 2030
f 2027 2030 2029
f 2029 2030 2032
f 2029 2032 2031
f 2031 2032 2034
f 2031 2034 2033
f 2033 2034 2036
f 2033 2036 2035
f 2035 2036 2038
f 2035 2038 2037
f 2037 2038 2040
f 2037 2040 2039
f 2039 2040 2042
f 2039 2042 2041
f 2041 2042 2044
f 2041 2044 2043
f 2043 2044 2046
f 2043 2046 2045
f 2045 2046 2048
f 2045 2048 2047
f 2049 2050 2052
f 2049 2052 2051
f 2051 2052 2054
f 2051 2054 2053
f 2053 2054 2056
f 2053 2056 2055
f 2055 2056 2058
f 2055 2058 2057
f 2057 2058 2060
f 2057 2060 2059
f 2059 2060 2062
f 2059 2062 2061
f 2061 2062 2064
f 2061 2064 2063
f 2063 2064 2066
f 2063 2066 2065
f 2065 2066 2068
f 2065 2068 2067
f 2067 2068 2070
f 2067 2070 2069
f 2071 2072 2074
f 2071 2074 2073
f 2073 2074 2076
f 2073 2076 2075
f 2075 2076 2078
f 2075 2078 2077
f 2077 2078 2080
f 2077 2080 2079
f 2079 2080 2082
f 2079 2082 2081
f 2081 2082 2084
f 2081 2084 2083
f 2083 2084 2086
f 2083 2086 2085
f 2085 2086 2088
f 2085 2088 2087
f 2087 2088 2090
f 2087 2090 2089
f 2089 2090 2092
f 2089 2092 2091
f 2091 2092 2094
f 2091 2094 2093
f 2093 2094 2096
f 2093 2096 2095
f 2095 2096 2098
f 2095 2098 2097
f 2097 2098 2100
f 2097 2100 2099
f 2099 2100 2102
f 2099 2102 2101
f 2101 2102 2104
f 2101 2104 2103
f 2103 2104 2106
f 2103 2106 2105
f 2105 2106 2108
f 2105 2108 2107
f 2107 2108 2110
f 2107 2110 2109
f 2109 2110 2112
f 2109 2112 2111
f 2111 2112 2114
f 2111 2114 2113
f 2113 2114 2116
f 2113 2116 2115
f 2115 2116 2118
f 2115 2118 2117
f 2119 2120 2122
f 2119 2122 2121
f 2121 2122 2124
f 2121 2124 2123
f 2123 2124 2126
f 2123 2126 2125
f 2125 2126 2128
f 2125 2128 2127
f 2127 2128 2130
f 2127 2130 2129
f 2129 2130 2132
f 2129 2132 2131
f 2131 2132 2134
f 2131 2134 2133
f 2133 2134 2136
f 2133 2136 2135
f 2135 2136 2138
f 2135 2138 2137
f 2137 2138 2140
f 2137 2140 2139
f 2139 2140 2142
f 2139 2142 2141
f 2141 2142 2144
f 2141 2144 2143
f 2143 2144 2146
f 2143 2146 2145
f 2145 2146 2148
f 2145 2148 2147
f 2147 2148 2150
f 2147 2150 2149
f 2149 2150 2152
f 2149 2152 2151
f 2151 2152 2154
f 2151 2154 2153
f 2153 2154 2156
f 2153 2156 2155
f 2155 2156 2158
f 2155 2158 2157
f 2159 2160 2162
f 2159 2162 2161
f 2161 2162 2164
f 2161 2164 2163
f 2163 2164 2166
f 2163 2166 2165
f 2165 2166 2168
f 2165 2168 2167
f 2167 2168 2170
f 2167 2170 2169
f 2169 2170 2172
f 2169 2172 2171
f 2171 2172 2174
f 2171 2174 2173
f 2173 2174 2176
f 2173 2176 2175
f 2175 2176 2178
f 2175 2178 2177
f 2177 2178 2180
f 2177 2180 2179
f 2179 2180 2182
f 2179 2182 2181
f 2181 2182 2184
f 2181 2184 2183
f 2183 2184 2186
f 2183 2186 2185
f 2185 2186 2188
f 2185 2188 2187
f 2187 2188 2190
f 2187 2190 2189
f 2189 2190 2192
f 2189 2192 2191
f 2191 2192 2194
f 2191 2194 2193
f 2193 2194 2196
f 2193 2196 2195
f 2195 2196 2198
f 2195 2198 2197
f 2197 2198 2200
f 2197 2200 2199
f 2199 2200 2202
f 2199 2202 2201
f 2201 2202 2204
f 2201 2204 2203
f 2203 2204 2206
f 2203 2206 2205
f 2205 2206 2208
f 2205 2208 2207
f 2207 2208 2210
f 2207 2210 2209
f 2209 2210 2212
f 2209 2212 2211
f 2211 2212 2214
f 2211 2214 2213
f 2215 2216 2218
f 2215 2218 2217
f 2217 2218 2220
f 2217 2220 2219
f 2219 2220 2222
f 2219 2222 2221
f 2221 2222 2224
f 2221 2224 2223
f 2223 2224 2226
f 2223 2226 2225
f 2225 2226 2228
f 2225 2228 2227
f 2227 2228 2230
f 2227 2230 2229
f 2229 2230 2232
f 2229 2232 2231
f 2231 2232 2234
f 2231 2234 2233
f 2233 2234 2236
f 2233 2236 2235
f 2237 2238 2240
f 2237 2240 2239
f 2239 2240 2242
f 2239 2242 2241
f 2241 2242 2244
f 2241 2244 2243
f 2243 2244 2246
f 2243 2246 2245
f 2245 2246 2248
f 2245 2248 2247
f 2247 2248 2250
f 2247 2250 2249
f 2249 2250 2252
f 2249 2252 2251
f 2251 2252 2254
f 2251 2254 2253
f 2253 2254 2256
f 2253 2256 2255
f 2255 2256 2258
f 2255 2258 2257
f 2257 2258 2260
f 2257 2260 2259
f 2259 2260 2262
f 2259 2262 2261
f 2261 2262 2264
f 2261 2264 2263
f 2263 2264 2266
f 2263 2266 2265
f 2265 2266 2268
f 2265 2268 2267
f 2267 2268 2270
f 2267 2270 2269
f 2269 2270 2272
f 2269 2272 2271
f 2271 2272 2274
f 2271 2274 2273
f 2273 2274 2276
f 2273 2276 2275
f 2275 2276 2278
f 2275 2278 2277
f 2277 2278 2280
f 2277 2280 2279
f 2279 2280 2282
f 2279 2282 2281
f 2281 2282 2284
f 2281 2284 2283
f 2283 2284 2286
f 2283 2286 2285
f 2287 2288 2290
f 2287 2290 2289
f 2289 2290 2292
f 2289 2292 2291
f 2291 2292 2294
f 2291 2294 2293
f 2293 2294 2296
f 2293 2296 2295
f 2295 2296 2298
f 2295 2298 2297
f 2297 2298 2300
f 2297 2300 2299
f 2299 2300 2302
f 2299 2302 2301
f 2301 2302 2304
f 2301 2304 2303
f 2305 2306 2308
f 2305 2308 2307
f 2307 2308 2310
f 2307 2310 2309
f 2309 2310 2312
f 2309 2312 2311
f 2313 2314 2316
f 2313 2316 2315
f 2315 2316 2318
f 2315 2318 2317
f 2317 2318 2320
f 2317 2320 2319
f 2319 2320 2322
f 2319 2322 2321
f 2321 2322 2324
f 2321 2324 2323
f 2323 2324 2326
f 2323 2326 2325
f 2325 2326 2328
f 2325 2328 2327
f 2327 2328 2330
f 2327 2330 2329
f 2329 2330 2332
f 2329 2332 2331
f 2331 2332 2334
f 2331 2334 2333
f 2333 2334 2336
f 2333 2336 2335
f 2335 2336 2338
f 2335 2338 2337
f 2337 2338 2340
f 2337 2340 2339
f 2339 2340 2342
f 2339 2342 2341
f 2341 2342 2344
f 2341 2344 2343
f 2343 2344 2346
f 2343 2346 2345
f 2345 2346 2348
f 2345 2348 2347
f 2347 2348 2350
f 2347 2350 2349
f 2349 2350 2352
f 2349 2352 2351
f 2351 2352 2354
f 2351 2354 2353
f 2353 2354 2356
f 2353 2356 2355
f 2355 2356 2358
f 2355 2358 2357
f 2357 2358 2360
f 2357 2360 2359
f 2361 2362 2364
f 2361 2364 2363
f 2363 2364 2366
f 2363 2366 2365
f 2365 2366 2368
f 2365 2368 2367
f 2367 2368 2370
f 2367 2370 2369
f 2369 2370 2372
f 2369 2372 2371
f 2371 2372 2374
f 2371 2374 2373
f 2373 2374 2376
f 2373 2376 2375
f 2375 2376 2378
f 2375 2378 2377
f 2377 2378 2380
f 2377 2380 2379
f 2379 2380 2382
f 2379 2382 2381
f 2381 2382 2384
f 2381 2384 2383
f 2383 2384 2386
f 2383 2386 2385
f 2385 2386 2388
f 2385 2388 2387
f 2389 2390 2392
f 2389 2392 2391
f 2391 2392 2394
f 2391 2394 2393
f 2393 2394 2396
f 2393 2396 2395
f 2395 2396 2398
f 2395 2398 2397
f 2397 2398 2400
f 2397 2400 2399
f 2399 2400 2402
f 2399 2402 2401
f 2401 2402 2404
f 2401 2404 2403
f 2403 2404 2406
f 2403 2406 2405
f 2405 2406 2408
f 2405 2408 2407
f 2407 2408 2410
f 2407 2410 2409
f 2409 2410 2412
f 2409 2412 2411
f 2411 2412 2414
f 2411 2414 2413
f 2413 2414 2416
f 2413 2416 2415
f 2415 2416 2418
f 2415 2418 2417
f 2419 2420 2422
f 2419 2422 2421
f 2421 2422 2424
f 2421 2424 2423
f 2423 2424 2426
f 2423 2426 2425
f 2425 2426 2428
f 2425 2428 2427
f 2427 2428 2430
f 2427 2430 2429
f 2429 2430 2432
f 2429 2432 2431
f 2431 2432 2434
f 2431 2434 2433
f 2433 2434 2436
f 2433 2436 2435
f 2435 2436 2438
f 2435 2438 2437
f 2437 2438 2440
f 2437 2440 2439
f 2439 2440 2442
f 2439 2442 2441
f 2441 2442 2444
f 2441 2444 2443
f 2443 2444 2446
f 2443 2446 2445
f 2447 2448 2450
f 2447 2450 2449
f 2449 2450 2452
f 2449 2452 2451
f 2451 2452 2454
f 2451 2454 2453
f 2453 2454 2456
f 2453 2456 2455
f 2455 2456 2458
f 2455 2458 2457
f 2457 2458 2460
f 2457 2460 2459
f 2459 2460 2462
f 2459 2462 2461
f 2461 2462 2464
f 2461 2464 2463
f 2463 2464 2466
f 2463 2466 2465
f 2465 2466 2468
f 2465 2468 2467
f 2467 2468 2470
f 2467 2470 2469
f 2469 2470 2472
f 2469 2472 2471
f 2471 2472 2474
f 2471 2474 2473
f 2473 2474 2476
f 2473 2476 2475
f 2475 2476 2478
f 2475 2478 2477
f 2477 2478 2480
f 2477 2480 2479
f 2479 2480 2482
f 2479 2482 2481
f 2481 2482 2484
f 2481 2484 2483
f 2483 2484 2486
f 2483 2486 2485
f 2487 2488 2490
f 2487 2490 2489
f 2489 2490 2492
f 2489 2492 2491
f 2491 2492 2494
f 2491 2494 2493
f 2493 2494 2496
f 2493 2496 2495
f 2495 2496 2498
f 2495 2498 2497
f 2499 2500 2502
f 2499 2502 2501
f 2501 2502 2504
f 2501 2504 2503
f 2503 2504 2506
f 2503 2506 2505
f 2505 2506 2508
f 2505 2508 2507
f 2507 2508 2510
f 2507 2510 2509
f 2509 2510 2512
f 2509 2512 2511
f 2511 2512 2514
f 2511 2514 2513
f 2513 2514 2516
f 2513 2516 2515
f 2515 2516 2518
f 2515 2518 2517
f 2517 2518 2520
f 2517 2520 2519
f 2519 2520 2522
f 2519 2522 2521
f 2521 2522 2524
f 2521 2524 2523
f 2523 2524 2526
f 2523 2526 2525
f 2525 2526 2528
f 2525 2528 2527
f 2527 2528 2530
f 2527 2530 2529
f 2529 2530 2532
f 2529 2532 2531
f 2531 2532 2534
f 2531 2534 2533
f 2533 2534 2536
f 2533 2536 2535
f 2535 2536 2538
f 2535 2538 2537
f 2537 2538 2540
f 2537 2540 2539
f 2539 2540 2542
f 2539 2542 2541
f 2541 2542 2544
f 2541 2544 2543
f 2543 2544 2546
f 2543 2546 2545
f 2547 2548 2550
f 2547 2550 2549
f 2549 2550 2552
f 2549 2552 2551
f 2551 2552 2554
f 2551 2554 2553
f 2553 2554 2556
f 2553 2556 2555
f 2555 2556 2558
f 2555 2558 2557
f 2557 2558 2560
f 2557 2560 2559
f 2559 2560 2562
f 2559 2562 2561
f 2561 2562 2564
f 2561 2564 2563
f 2563 2564 2566
f 2563 2566 2565
f 2565 2566 2568
f 2565 2568 2567
f 2567 2568 2570
f 2567 2570 2569
f 2569 2570 2572
f 2569 2572 2571
f 2571 2572 2574
f 2571 2574 2573
f 2573 2574 2576
f 2573 2576 2575
f 2575 2576 2578
f 2575 2578 2577
f 2577 2578 2580
f 2577 2580 2579
f 2579 2580 2582
f 2579 2582 2581
f 2581 2582 2584
f 2581 2584 2583
f 2583 2584 2586
f 2583 2586 2585
f 2585 2586 2588
f 2585 2588 2587
f 2587 2588 2590
f 2587 2590 2589
f 2589 2590 2592
f 2589 2592 2591
f 2591 2592 2594
f 2591 2594 2593
f 2593 2594 2596
f 2593 2596 2595
f 2595 2596 2598
f 2595 2598 2597
f 2597 2598 2600
f 2597 2600 2599
f 2599 2600 2602
f 2599 2602 2601
f 2601 2602 2604
f 2601 2604 2603
f 2605 2606 2608
f 2605 2608 2607
f 2607 2608 2610
f 2607 2610 2609
f 2609 2610 2612
f 2609 2612 2611
f 2611 2612 2614
f 2611 2614 2613
f 2613 2614 2616
f 2613 2616 2615
f 2615 2616 2618
f 2615 2618 2617
f 2617 2618 2620
f 2617 2620 2619
f 2619 2620 2622
f 2619 2622 2621
f 2621 2622 2624
f 2621 2624 2623
f 2623 2624 2626
f 2623 2626 2625
f 2625 2626 2628
f 2625 2628 2627
f 2627 2628 2630
f 2627 2630 2629
f 2629 2630 2632
f 2629 2632 2631
f 2631 2632 2634
f 2631 2634 2633
f 2633 2634 2636
f 2633 2636 2635
f 2635 2636 2638
f 2635 2638 2637
f 2637 2638 2640
f 2637 2640 2639
f 2639 2640 2642
f 2639 2642 2641
f 2641 2642 2644
f 2641 2644 2643
f 2643 2644 2646
f 2643 2646 2645
f 2645 2646 2648
f 2645 2648 2647
f 2647 2648 2650
f 2647 2650 2649
f 2649 2650 2652
f 2649 2652 2651
f 2651 2652 2654
f 2651 2654 2653
f 2655 2656 2658
f 2655 2658 2657
f 2657 2658 2660
f 2657 2660 2659
f 2659 2660 2662
f 2659 2662 2661
f 2661 2662 2664
f 2661 2664 2663
f 2663 2664 2666
f 2663 2666 2665
f 2665 2666 2668
f 2665 2668 2667
f 2667 2668 2670
f 2667 2670 2669
f 2669 2670 2672
f 2669 2672 2671
f 2671 2672 2674
f 2671 2674 2673
f 2673 2674 2676
f 2673 2676 2675
f 2675 2676 2678
f 2675 2678 2677
f 2677 2678 2680
f 2677 2680 2679
f 2679 2680 2682
f 2679 2682 2681
f 2681 2682 2684
f 2681 2684 2683
f 2685 2686 2688
f 2685 2688 2687
f 2687 2688 2690
f 2687 2690 2689
f 2689 2690 2692
f 2689 2692 2691
f 2691 2692 2694
f 2691 2694 2693
f 2693 2694 2696
f 2693 2696 2695
f 2695 2696 2698
f 2695 2698 2697
f 2697 2698 2700
f 2697 2700 2699
f 2699 2700 2702
f 2699 2702 2701
f 2701 2702 2704
f 2701 2704 2703
f 2703 2704 2706
f 2703 2706 2705
f 2705 2706 2708
f 2705 2708 2707
f 2709 2710 2712
f 2709 2712 2711
f 2711 2712 2714
f 2711 2714 2713
f 2713 2714 2716
f 2713 2716 2715
f 2715 2716 2718
f 2715 2718 2717
f 2717 2718 2720
f 2717 2720 2719
f 2719 2720 2722
f 2719 2722 2721
f 2721 2722 2724
f 2721 2724 2723
f 2723 2724 2726
f 2723 2726 2725
f 2725 2726 2728
f 2725 2728 2727
f 2727 2728 2730
f 2727 2730 2729
f 2729 2730 2732
f 2729 2732 2731
f 2731 2732 2734
f 2731 2734 2733
f 2733 2734 2736
f 2733 2736 2735
f 2735 2736 2738
f 2735 2738 2737
f 2739 2740 2742
f 2739 2742 2741
f 2741 2742 2744
f 2741 2744 2743
f 2743 2744 2746
f 2743 2746 2745
f 2745 2746 2748
f 2745 2748 2747
f 2747 2748 2750
f 2747 2750 2749
f 2749 2750 2752
f 2749 2752 2751
f 2751 2752 2754
f 2751 2754 2753
f 2753 2754 2756
f 2753 2756 2755
f 2755 2756 2758
f 2755 2758 2757
f 2757 2758 2760
f 2757 2760 2759
f 2759 2760 2762
f 2759 2762 2761
f 2761 2762 2764
f 2761 2764 2763
f 2763 2764 2766
f 2763 2766 2765
f 2765 2766 2768
f 2765 2768 2767
f 2769 2770 2772
f 2769 2772 2771
f 2771 2772 2774
f 2771 2774 2773
f 2773 2774 2776
f 2773 2776 2775
f 2775 2776 2778
f 2775 2778 2777
f 2777 2778 2780
f 2777 2780 2779
f 2779 2780 2782
f 2779 2782 2781
f 2781 2782 2784
f 2781 2784 2783
f 2783 2784 2786
f 2783 2786 2785
f 2785 2786 2788
f 2785 2788 2787
f 2787 2788 2790
f 2787 2790 2789
f 2789 2790 2792
f 2789 2792 2791
f 2791 2792 2794
f 2791 2794 2793
f 2793 2794 2796
f 2793 2796 2795
f 2795 2796 2798
f 2795 2798 2797
f 2799 2800 2802
f 2799 2802 2801
f 2801 2802 2804
f 2801 2804 2803
f 2803 2804 2806
f 2803 2806 2805
f 2805 2806 2808
f 2805 2808 2807
f 2807 2808 2810
f 2807 2810 2809
f 2809 2810 2812
f 2809 2812 2811
f 2811 2812 2814
f 2811 2814 2813
f 2813 2814 2816
f 2813 2816 2815
f 2815 2816 2818
f 2815 2818 2817
f 2817 2818 2820
f 2817 2820 2819
f 2819 2820 2822
f 2819 2822 2821
f 2821 2822 2824
f 2821 2824 2823
f 2823 2824 2826
f 2823 2826 2825
f 2825 2826 2828
f 2825 2828 2827
f 2827 2828 2830
f 2827 2830 2829
f 2829 2830 2832
f 2829 2832 2831
f 2831 2832 2834
f 2831 2834 2833
f 2833 2834 2836
f 2833 2836 2835
f 2835 2836 2838
f 2835 2838 2837
f 2837 2838 2840
f 2837 2840 2839
f 2839 2840 2842
f 2839 2842 2841
f 2841 2842 2844
f 2841 2844 2843
f 2843 2844 2846
f 2843 2846 2845
f 2847 2848 2850
f 2847 2850 2849
f 2849 2850 2852
f 2849 2852 2851
f 2851 2852 2854
f 2851 2854 2853
f 2853 2854 2856
f 2853 2856 2855
f 2855 2856 2858
f 2855 2858 2857
f 2857 2858 2860
f 2857 2860 2859
f 2859 2860 2862
f 2859 2862 2861
f 2861 2862 2864
f 2861 2864 2863
f 2863 2864 2866
f 2863 2866 2865
f 2865 2866 2868
f 2865 2868 2867
f 2867 2868 2870
f 2867 2870 2869
f 2869 2870 2872
f 2869 2872 2871
f 2871 2872 2874
f 2871 2874 2873
f 2875 2876 2878
f 2875 2878 2877
f 2877 2878 2880
f 2877 2880 2879
f 2879 2880 2882
f 2879 2882 2881
f 2881 2882 2884
f 2881 2884 2883
f 2883 2884 2886
f 2883 2886 2885
f 2885 2886 2888
f 2885 2888 2887
f 2887 2888 2890
f 2887 2890 2889
f 2889 2890 2892
f 2889 2892 2891
f 2891 2892 2894
f 2891 2894 2893
f 2893 2894 2896
f 2893 2896 2895
f 2895 2896 2898
f 2895 2898 2897
f 2897 2898 2900
f 2897 2900 2899
f 2899 2900 2902
f 2899 2902 2901
f 2901 2902 2904
f 2901 2904 2903
f 2903 2904 2906
f 2903 2906 2905
f 2905 2906 2908
f 2905 2908 2907
f 2907 2908 2910
f 2907 2910 2909
f 2909 2910 2912
f 2909 2912 2911
f 2911 2912 2914
f 2911 2914 2913
f 2913 2914 2916
f 2913 2916 2915
f 2915 2916 2918
f 2915 2918 2917
f 2917 2918 2920
f 2917 2920 2919
f 2919 2920 2922
f 2919 2922 2921
f 2921 2922 2924
f 2921 2924 2923
f 2923 2924 2926
f 2923 2926 2925
f 2925 2926 2928
f 2925 2928 2927
f 2927 2928 2930
f 2927 2930 2929
f 2929 2930 2932
f 2929 2932 2931
f 2933 2934 2936
f 2933 2936 2935
f 2935 2936 2938
f 2935 2938 2937
f 2937 2938 2940
f 2937 2940 2939
f 2939 2940 2942
f 2939 2942 2941
f 2941 2942 2944
f 2941 2944 2943
f 2943 2944 2946
f 2943 2946 2945
f 2945 2946 2948
f 2945 2948 2947
f 2947 2948 2950
f 2947 2950 2949
f 2949 2950 2952
f 2949 2952 2951
f 2951 2952 2954
f 2951 2954 2953
f 2953 2954 2956
f 2953 2956 2955
f 2955 2956 2958
f 2955 2958 2957
f 2957 2958 2960
f 2957 2960 2959
f 2959 2960 2962
f 2959 2962 2961
f 2961 2962 2964
f 2961 2964 2963
f 2963 2964 2966
f 2963 2966 2965
f 2965 2966 2968
f 2965 2968 2967
f 2967 2968 2970
f 2967 2970 2969
f 2969 2970 2972
f 2969 2972 2971
f 2971 2972 2974
f 2971 2974 2973
f 2973 2974 2976
f 2973 2976 2975
f 2975 2976 2978
f 2975 2978 2977
f 2977 2978 2980
f 2977 2980 2979
f 2979 2980 2982
f 2979 2982 2981
f 2981 2982 2984
f 2981 2984 2983
f 2983 2984 2986
f 2983 2986 2985
f 2985 2986 2988
f 2985 2988 2987
f 2987 2988 2990
f 2987 2990 2989
f 2991 2992 2994
f 2991 2994 2993
f 2993 2994 2996
f 2993 2996 2995
f 2995 2996 2998
f 2995 2998 2997
f 2997 2998 3000
f 2997 3000 2999
f 2999 3000 3002
f 2999 3002 3001
f 3001 3002 3004
f 3001 3004 3003
f 3003 3004 3006
f 3003 3006 3005
f 3005 3006 3008
f 3005 3008 3007
f 3007 3008 3010
f 3007 3010 3009
f 3011 3012 3014
f 3011 3014 3013
f 3013 3014 3016
f 3013 3016 3015
f 3015 3016 3018
f 3015 3018 3017
f 3017 3018 3020
f 3017 3020 3019
f 3019 3020 3022
f 3019 3022 3021
f 3021 3022 3024
f 3021 3024 3023
f 3023 3024 3026
f 3023 3026 3025
f 3025 3026 3028
f 3025 3028 3027
f 3027 3028 3030
f 3027 3030 3029
f 3029 3030 3032
f 3029 3032 3031
f 3031 3032 3034
f 3031 3034 3033
f 3033 3034 3036
f 3033 3036 3035
f 3035 3036 3038
f 3035 3038 3037
f 3037 3038 3040
f 3037 3040 3039
f 3039 3040 3042
f 3039 3042 3041
f 3041 3042 3044
f 3041 3044 3043
f 3043 3044 3046
f 3043 3046 3045
f 3045 3046 3048
f 3045 3048 3047
f 3047 3048 3050
f 3047 3050 3049
f 3049 3050 3052
f 3049 3052 3051
f 3051 3052 3054
f 3051 3054 3053
f 3053 3054 3056
f 3053 3056 3055
f 3055 3056 3058
f 3055 3058 3057
f 3059 3060 3062
f 3059 3062 3061
f 3061 3062 3064
f 3061 3064 3063
f 3063 3064 3066
f 3063 3066 3065
f 3065 3066 3068
f 3065 3068 3067
f 3067 3068 3070
f 3067 3070 3069
f 3069 3070 3072
f 3069 3072 3071
f 3071 3072 3074
f 3071 3074 3073
f 3073 3074 3076
f 3073 3076 3075
f 3075 3076 3078
f 3075 3078 3077
f 3077 3078 3080
f 3077 3080 3079
f 3079 3080 3082
f 3079 3082 3081
f 3081 3082 3084
f 3081 3084 3083
f 3083 3084 3086
f 3083 3086 3085
f 3085 3086 3088
f 3085 3088 3087
f 3087 3088 3090
f 3087 3090 3089
f 3089 3090 3092
f 3089 3092 3091
f 3091 3092 3094
f 3091 3094 3093
f 3093 3094 3096
f 3093 3096 3095
f 3095 3096 3098
f 3095 3098 3097
f 3097 3098 3100
f 3097 3100 3099
f 3099 3100 3102
f 3099 3102 3101
f 3101 3102 3104
f 3101 3104 3103
f 3103 3104 3106
f 3103 3106 3105
f 3105 3106 3108
f 3105 3108 3107
f 3109 3110 3112
f 3109 3112 3111
f 3111 3112 3114
f 3111 3114 3113
f 3113 3114 3116
f 3113 3116 3115
f 3115 3116 3118
f 3115 3118 3117
f 3117 3118 3120
f 3117 3120 3119
f 3119 3120 3122
f 3119 3122 3121
f 3121 3122 3124
f 3121 3124 3123
f 3123 3124 3126
f 3123 3126 3125
f 3127 3128 3130
f 3127 3130 3129
f 3129 3130 3132
f 3129 3132 3131
f 3131 3132 3134
f 3131 3134 3133
f 3133 3134 3136
f 3133 3136 3135
f 3135 3136 3138
f 3135 3138 3137
f 3139 3140 3142
f 3139 3142 3141
f 3141 3142 3144
f 3141 3144 3143
f 3143 3144 3146
f 3143 3146 3145
f 3145 3146 3148
f 3145 3148 3147
f 3147 3148 3150
f 3147 3150 3149
f 3149 3150 3152
f 3149 3152 3151
f 3151 3152 3154
f 3151 3154 3153
f 3153 3154 3156
f 3153 3156 3155
f 3155 3156 3158
f 3155 3158 3157
f 3157 3158 3160
f 3157 3160 3159
f 3159 3160 3162
f 3159 3162 3161
f 3161 3162 3164
f 3161 3164 3163
f 3163 3164 3166
f 3163 3166 3165
f 3165 3166 3168
f 3165 3168 3167
f 3167 3168 3170
f 3167 3170 3169
f 3169 3170 3172
f 3169 3172 3171
f 3171 3172 3174
f 3171 3174 3173
f 3173 3174 3176
f 3173 3176 3175
f 3175 3176 3178
f 3175 3178 3177
f 3177 3178 3180
f 3177 3180 3179
f 3179 3180 3182
f 3179 3182 3181
f 3181 3182 3184
f 3181 3184 3183
f 3183 3184 3186
f 3183 3186 3185
f 3185 3186 3188
f 3185 3188 3187
f 3187 3188 3190
f 3187 3190 3189
f 3189 3190 3192
f 3189 3192 3191
f 3191 3192 3194
f 3191 3194 3193
f 3193 3194 3196
f 3193 3196 3195
f 3195 3196 3198
f 3195 3198 3197
f 3197 3198 3200
f 3197 3200 3199
f 3199 3200 3202
f 3199 3202 3201
f 3201 3202 3204
f 3201 3204 3203
f 3203 3204 3206
f 3203 3206 3205
f 3205 3206 3208
f 3205 3208 3207
f 3207 3208 3210
f 3207 3210 3209
f 3209 3210 3212
f 3209 3212 3211
f 3211 3212 3214
f 3211 3214 3213
f 3213 3214 3216
f 3213 3216 3215
f 3215 3216 3218
f 3215 3218 3217
f 3217 3218 3220
f 3217 3220 3219
f 3219 3220 3222
f 3219 3222 3221
f 3221 3222 3224
f 3221 3224 3223
f 3223 3224 3226
f 3223 3226 3225
f 3225 3226 3228
f 3225 3228 3227
f 3227 3228 3230
f 3227 3230 3229
f 3229 3230 3232
f 3229 3232 3231
f 3231 3232 3234
f 3231 3234 3233
f 3233 3234 3236
f 3233 3236 3235
f 3237 3238 3240
f 3237 3240 3239
f 3239 3240 3242
f 3239 3242 3241
f 3241 3242 3244
f 3241 3244 3243
f 3243 3244 3246
f 3243 3246 3245
f 3245 3246 3248
f 3245 3248 3247
f 3247 3248 3250
f 3247 3250 3249
f 3249 3250 3252
f 3249 3252 3251
f 3251 3252 3254
f 3251 3254 3253
f 3253 3254 3256
f 3253 3256 3255
f 3255 3256 3258
f 3255 3258 3257
f 3257 3258 3260
f 3257 3260 3259
f 3259 3260 3262
f 3259 3262 3261
f 3261 3262 3264
f 3261 3264 3263
f 3263 3264 3266
f 3263 3266 3265
f 3265 3266 3268
f 3265 3268 3267
f 3267 3268 3270
f 3267 3270 3269
f 3271 3272 3274
f 3271 3274 3273
f 3273 3274 3276
f 3273 3276 3275
f 3275 3276 3278
f 3275 3278 3277
f 3277 3278 3280
f 3277 3280 3279
f 3279 3280 3282
f 3279 3282 3281
f 3281 3282 3284
f 3281 3284 3283
f 3285 3286 3288
f 3285 3288 3287
f 3287 3288 3290
f 3287 3290 3289
f 3289 3290 3292
f 3289 3292 3291
f 3293 3294 3296
f 3293 3296 3295
f 3295 3296 3298
f 3295 3298 3297
f 3297 3298 3300
f 3297 3300 3299
f 3299 3300 3302
f 3299 3302 3301
f 3301 3302 3304
f 3301 3304 3303
f 3303 3304 3306
f 3303 3306 3305
f 3305 3306 3308
f 3305 3308 3307
f 3307 3308 3310
f 3307 3310 3309
f 3309 3310 3312
f 3309 3312 3311
f 3311 3312 3314
f 3311 3314 3313
f 3313 3314 3316
f 3313 3316 3315
f 3315 3316 3318
f 3315 3318 3317
f 3317 3318 3320
f 3317 3320 3319
f 3319 3320 3322
f 3319 3322 3321
f 3321 3322 3324
f 3321 3324 3323
f 3323 3324 3326
f 3323 3326 3325
f 3325 3326 3328
f 3325 3328 3327
f 3327 3328 3330
f 3327 3330 3329
f 3329 3330 3332
f 3329 3332 3331
f 3331 3332 3334
f 3331 3334 3333
f 3333 3334 3336
f 3333 3336 3335
f 3335 3336 3338
f 3335 3338 3337
f 3337 3338 3340
f 3337 3340 3339
f 3339 3340 3342
f 3339 3342 3341
f 3341 3342 3344
f 3341 3344 3343
f 3343 3344 3346
f 3343 3346 3345
f 3345 3346 3348
f 3345 3348 3347
f 3347 3348 3350
f 3347 3350 3349
f 3349 3350 3352
f 3349 3352 3351
f 3351 3352 3354
f 3351 3354 3353
f 3353 3354 3356
f 3353 3356 3355
f 3355 3356 3358
f 3355 3358 3357
f 3357 3358 3360
f 3357 3360 3359
f 3361 3362 3364
f 3361 3364 3363
f 3363 3364 3366
f 3363 3366 3365
f 3367 3368 3370
f 3367 3370 3369
f 3369 3370 3372
f 3369 3372 3371
f 3373 3374 3376
f 3373 3376 3375
f 3375 3376 3378
f 3375 3378 3377
f 3377 3378 3380
f 3377 3380 3379
f 3379 3380 3382
f 3379 3382 3381
f 3381 3382 3384
f 3381 3384 3383
f 3383 3384 3386
f 3383 3386 3385
f 3385 3386 3388
f 3385 3388 3387
f 3387 3388 3390
f 3387 3390 3389
f 3389 3390 3392
f 3389 3392 3391
f 3391 3392 3394
f 3391 3394 3393
f 3393 3394 3396
f 3393 3396 3395
f 3395 3396 3398
f 3395 3398 3397
f 3397 3398 3400
f 3397 3400 3399
f 3399 3400 3402
f 3399 3402 3401
f 3401 3402 3404
f 3401 3404 3403
f 3403 3404 3406
f 3403 3406 3405
f 3405 3406 3408
f 3405 3408 3407
f 3407 3408 3410
f 3407 3410 3409
f 3409 3410 3412
f 3409 3412 3411
f 3411 3412 3414
f 3411 3414 3413
f 3413 3414 3416
f 3413 3416 3415
f 3415 3416 3418
f 3415 3418 3417
f 3417 3418 3420
f 3417 3420 3419
f 3419 3420 3422
f 3419 3422 3421
f 3421 3422 3424
f 3421 3424 3423
f 3423 3424 3426
f 3423 3426 3425
f 3425 3426 3428
f 3425 3428 3427
f 3427 3428 3430
f 3427 3430 3429
f 3429 3430 3432
f 3429 3432 3431
f 3433 3434 3436
f 3433 3436 3435
f 3435 3436 3438
f 3435 3438 3437
f 3437 3438 3440
f 3437 3440 3439
f 3439 3440 3442
f 3439 3442 3441
f 3441 3442 3444
f 3441 3444 3443
f 3443 3444 3446
f 3443 3446 3445
f 3445 3446 3448
f 3445 3448 3447
f 3447 3448 3450
f 3447 3450 3449
f 3449 3450 3452
f 3449 3452 3451
f 3451 3452 3454
f 3451 3454 3453
f 3453 3454 3456
f 3453 3456 3455
f 3455 3456 3458
f 3455 3458 3457
f 3457 3458 3460
f 3457 3460 3459
f 3459 3460 3462
f 3459 3462 3461
f 3461 3462 3464
f 3461 3464 3463
f 3463 3464 3466
f 3463 3466 3465
f 3465 3466 3468
f 3465 3468 3467
f 3467 3468 3470
f 3467 3470 3469
f 3469 3470 3472
f 3469 3472 3471
f 3471 3472 3474
f 3471 3474 3473
f 3473 3474 3476
f 3473 3476 3475
f 3475 3476 3478
f 3475 3478 3477
f 3477 3478 3480
f 3477 3480 3479
f 3479 3480 3482
f 3479 3482 3481
f 3481 3482 3484
f 3481 3484 3483
f 3485 3486 3488
f 3485 3488 3487
f 3487 3488 3490
f 3487 3490 3489
f 3489 3490 3492
f 3489 3492 3491
f 3491 3492 3494
f 3491 3494 3493
f 3493 3494 3496
f 3493 3496 3495
f 3495 3496 3498
f 3495 3498 3497
f 3497 3498 3500
f 3497 3500 3499
f 3499 3500 3502
f 3499 3502 3501
f 3501 3502 3504
f 3501 3504 3503
f 3503 3504 3506
f 3503 3506 3505
f 3505 3506 3508
f 3505 3508 3507
f 3507 3508 3510
f 3507 3510 3509
f 3509 3510 3512
f 3509 3512 3511
f 3511 3512 3514
f 3511 3514 3513
f 3513 3514 3516
f 3513 3516 3515
f 3515 3516 3518
f 3515 3518 3517
f 3517 3518 3520
f 3517 3520 3519
f 3519 3520 3522
f 3519 3522 3521
f 3523 3524 3526
f 3523 3526 3525
f 3525 3526 3528
f 3525 3528 3527
f 3527 3528 3530
f 3527 3530 3529
f 3529 3530 3532
f 3529 3532 3531
f 3531 3532 3534
f 3531 3534 3533
f 3533 3534 3536
f 3533 3536 3535
f 3535 3536 3538
f 3535 3538 3537
f 3537 3538 3540
f 3537 3540 3539
f 3539 3540 3542
f 3539 3542 3541
f 3541 3542 3544
f 3541 3544 3543
f 3543 3544 3546
f 3543 3546 3545
f 3545 3546 3548
f 3545 3548 3547
f 3547 3548 3550
f 3547 3550 3549
f 3549 3550 3552
f 3549 3552 3551
f 3553 3554 3556
f 3553 3556 3555
f 3555 3556 3558
f 3555 3558 3557
f 3557 3558 3560
f 3557 3560 3559
f 3559 3560 3562
f 3559 3562 3561
f 3561 3562 3564
f 3561 3564 3563
f 3563 3564 3566
f 3563 3566 3565
f 3565 3566 3568
f 3565 3568 3567
f 3567 3568 3570
f 3567 3570 3569
f 3569 3570 3572
f 3569 3572 3571
f 3571 3572 3574
f 3571 3574 3573
f 3573 3574 3576
f 3573 3576 3575
f 3575 3576 3578
f 3575 3578 3577
f 3577 3578 3580
f 3577 3580 3579
f 3579 3580 3582
f 3579 3582 3581
f 3581 3582 3584
f 3581 3584 3583
f 3583 3584 3586
f 3583 3586 3585
f 3585 3586 3588
f 3585 3588 3587
f 3587 3588 3590
f 3587 3590 3589
f 3589 3590 3592
f 3589 3592 3591
f 3591 3592 3594
f 3591 3594 3593
f 3593 3594 3596
f 3593 3596 3595
f 3595 3596 3598
f 3595 3598 3597
f 3597 3598 3600
f 3597 3600 3599
f 3601 3602 3604
f 3601 3604 3603
f 3603 3604 3606
f 3603 3606 3605
f 3605 3606 3608
f 3605 3608 3607
f 3607 3608 3610
f 3607 3610 3609
f 3609 3610 3612
f 3609 3612 3611
f 3611 3612 3614
f 3611 3614 3613
f 3613 3614 3616
f 3613 3616 3615
f 3615 3616 3618
f 3615 3618 3617
f 3617 3618 3620
f 3617 3620 3619
f 3619 3620 3622
f 3619 3622 3621
f 3621 3622 3624
f 3621 3624 3623
f 3623 3624 3626
f 3623 3626 3625
f 3627 3628 3630
f 3627 3630 3629
f 3629 3630 3632
f 3629 3632 3631
f 3631 3632 3634
f 3631 3634 3633
f 3633 3634 3636
f 3633 3636 3635
f 3635 3636 3638
f 3635 3638 3637
f 3637 3638 3640
f 3637 3640 3639
f 3639 3640 3642
f 3639 3642 3641
f 3641 3642 3644
f 3641 3644 3643
f 3643 3644 3646
f 3643 3646 3645
f 3645 3646 3648
f 3645 3648 3647
f 3647 3648 3650
f 3647 3650 3649
f 3649 3650 3652
f 3649 3652 3651
f 3653 3654 3656
f 3653 3656 3655
f 3655 3656 3658
f 3655 3658 3657
f 3657 3658 3660
f 3657 3660 3659
f 3659 3660 3662
f 3659 3662 3661
f 3661 3662 3664
f 3661 3664 3663
f 3663 3664 3666
f 3663 3666 3665
f 3665 3666 3668
f 3665 3668 3667
f 3667 3668 3670
f 3667 3670 3669
f 3669 3670 3672
f 3669 3672 3671
f 3671 3672 3674
f 3671 3674 3673
f 3673 3674 3676
f 3673 3676 3675
f 3675 3676 3678
f 3675 3678 3677
f 3677 3678 3680
f 3677 3680 3679
f 3679 3680 3682
f 3679 3682 3681
f 3681 3682 3684
f 3681 3684 3683
f 3683 3684 3686
f 3683 3686 3685
f 3685 3686 3688
f 3685 3688 3687
f 3687 3688 3690
f 3687 3690 3689
f 3689 3690 3692
f 3689 3692 3691
f 3691 3692 3694
f 3691 3694 3693
f 3693 3694 3696
f 3693 3696 3695
f 3695 3696 3698
f 3695 3698 3697
f 3697 3698 3700
f 3697 3700 3699
f 3699 3700 3702
f 3699 3702 3701
f 3701 3702 3704
f 3701 3704 3703
f 3703 3704 3706
f 3703 3706 3705
f 3705 3706 3708
f 3705 3708 3707
f 3709 3710 3712
f 3709 3712 3711
f 3711 3712 3714
f 3711 3714 3713
f 3713 3714 3716
f 3713 3716 3715
f 3715 3716 3718
f 3715 3718 3717
f 3717 3718 3720
f 3717 3720 3719
f 3719 3720 3722
f 3719 3722 3721
f 3721 3722 3724
f 3721 3724 3723
f 3723 3724 3726
f 3723 3726 3725
f 3725 3726 3728
f 3725 3728 3727
f 3727 3728 3730
f 3727 3730 3729
f 3729 3730 3732
f 3729 3732 3731
f 3731 3732 3734
f 3731 3734 3733
f 3733 3734 3736
f 3733 3736 3735
f 3735 3736 3738
f 3735 3738 3737
f 3737 3738 3740
f 3737 3740 3739
f 3739 3740 3742
f 3739 3742 3741
f 3741 3742 3744
f 3741 3744 3743
f 3743 3744 3746
f 3743 3746 3745
f 3745 3746 3748
f 3745 3748 3747
f 3747 3748 3750
f 3747 3750 3749
f 3749 3750 3752
f 3749 3752 3751
f 3751 3752 3754
f 3751 3754 3753
f 3753 3754 3756
f 3753 3756 3755
f 3755 3756 3758
f 3755 3758 3757
f 3759 3760 3762
f 3759 3762 3761
f 3761 3762 3764
f 3761 3764 3763
f 3763 3764 3766
f 3763 3766 3765
f 3765 3766 3768
f 3765 3768 3767
f 3767 3768 3770
f 3767 3770 3769
f 3769 3770 3772
f 3769 3772 3771
f 3771 3772 3774
f 3771 3774 3773
f 3773 3774 3776
f 3773 3776 3775
f 3775 3776 3778
f 3775 3778 3777
f 3777 3778 3780
f 3777 3780 3779
f 3779 3780 3782
f 3779 3782 3781
f 3781 3782 3784
f 3781 3784 3783
f 3783 3784 3786
f 3783 3786 3785
f 3785 3786 3788
f 3785 3788 3787
f 3787 3788 3790
f 3787 3790 3789
f 3789 3790 3792
f 3789 3792 3791
f 3791 3792 3794
f 3791 3794 3793
f 3793 3794 3796
f 3793 3796 3795
f 3795 3796 3798
f 3795 3798 3797
f 3797 3798 3800
f 3797 3800 3799
f 3799 3800 3802
f 3799 3802 3801
f 3801 3802 3804
f 3801 3804 3803
f 3803 3804 3806
f 3803 3806 3805
f 3805 3806 3808
f 3805 3808 3807
f 3807 3808 3810
f 3807 3810 3809
f 3809 3810 3812
f 3809 3812 3811
f 3813 3814 3816
f 3813 3816 3815
f 3815 3816 3818
f 3815 3818 3817
f 3817 3818 3820
f 3817 3820 3819
f 3819 3820 3822
f 3819 3822 3821
f 3821 3822 3824
f 3821 3824 3823
f 3823 3824 3826
f 3823 3826 3825
f 3825 3826 3828
f 3825 3828 3827
f 3827 3828 3830
f 3827 3830 3829
f 3829 3830 3832
f 3829 3832 3831
f 3831 3832 3834
f 3831 3834 3833
f 3833 3834 3836
f 3833 3836 3835
f 3835 3836 3838
f 3835 3838 3837
f 3837 3838 3840
f 3837 3840 3839
f 3841 3842 3844
f 3841 3844 3843
f 3843 3844 3846
f 3843 3846 3845
f 3845 3846 3848
f 3845 3848 3847
f 3847 3848 3850
f 3847 3850 3849
f 3851 3852 3854
f 3851 3854 3853
f 3853 3854 3856
f 3853 3856 3855
f 3855 3856 3858
f 3855 3858 3857
f 3857 3858 3860
f 3857 3860 3859
f 3859 3860 3862
f 3859 3862 3861
f 3861 3862 3864
f 3861 3864 3863
f 3863 3864 3866
f 3863 3866 3865
f 3865 3866 3868
f 3865 3868 3867
f 3867 3868 3870
f 3867 3870 3869
f 3869 3870 3872
f 3869 3872 3871
f 3871 3872 3874
f 3871 3874 3873
f 3873 3874 3876
f 3873 3876 3875
f 3875 3876 3878
f 3875 3878 3877
f 3877 3878 3880
f 3877 3880 3879
f 3879 3880 3882
f 3879 3882 3881
f 3881 3882 3884
f 3881 3884 3883
f 3883 3884 3886
f 3883 3886 3885
f 3885 3886 3888
f 3885 3888 3887
f 3887 3888 3890
f 3887 3890 3889
f 3889 3890 3892
f 3889 3892 3891
f 3891 3892 3894
f 3891 3894 3893
f 3893 3894 3896
f 3893 3896 3895
f 3895 3896 3898
f 3895 3898 3897
f 3897 3898 3900
f 3897 3900 3899
f 3899 3900 3902
f 3899 3902 3901
f 3901 3902 3904
f 3901 3904 3903
f 3903 3904 3906
f 3903 3906 3905
f 3905 3906 3908
f 3905 3908 3907
f 3907 3908 3910
f 3907 3910 3909
f 3909 3910 3912
f 3909 3912 3911
f 3911 3912 3914
f 3911 3914 3913
f 3913 3914 3916
f 3913 3916 3915
f 3915 3916 3918
f 3915 3918 3917
f 3917 3918 3920
f 3917 3920 3919
f 3919 3920 3922
f 3919 3922 3921
f 3921 3922 3924
f 3921 3924 3923
f 3923 3924 3926
f 3923 3926 3925
f 3925 3926 3928
f 3925 3928 3927
f 3927 3928 3930
f 3927 3930 3929
f 3929 3930 3932
f 3929 3932 3931
f 3931 3932 3934
f 3931 3934 3933
f 3933 3934 3936
f 3933 3936 3935
f 3935 3936 3938
f 3935 3938 3937
f 3937 3938 3940
f 3937 3940 3939
f 3939 3940 3942
f 3939 3942 3941
f 3941 3942 3944
f 3941 3944 3943
f 3943 3944 3946
f 3943 3946 3945
f 3945 3946 3948
f 3945 3948 3947
f 3947 3948 3950
f 3947 3950 3949
f 3951 3952 3954
f 3951 3954 3953
f 3953 3954 3956
f 3953 3956 3955
f 3955 3956 3958
f 3955 3958 3957
f 3957 3958 3960
f 3957 3960 3959
f 3959 3960 3962
f 3959 3962 3961
f 3961 3962 3964
f 3961 3964 3963
f 3963 3964 3966
f 3963 3966 3965
f 3965 3966 3968
f 3965 3968 3967
f 3967 3968 3970
f 3967 3970 3969
f 3969 3970 3972
f 3969 3972 3971
f 3971 3972 3974
f 3971 3974 3973
f 3973 3974 3976
f 3973 3976 3975
f 3975 3976 3978
f 3975 3978 3977
f 3977 3978 3980
f 3977 3980 3979
f 3979 3980 3982
f 3979 3982 3981
f 3981 3982 3984
f 3981 3984 3983
f 3983 3984 3986
f 3983 3986 3985
f 3985 3986 3988
f 3985 3988 3987
f 3987 3988 3990
f 3987 3990 3989
f 3989 3990 3992
f 3989 3992 3991
f 3991 3992 3994
f 3991 3994 3993
f 3993 3994 3996
f 3993 3996 3995
f 3995 3996 3998
f 3995 3998 3997
f 3997 3998 4000
f 3997 4000 3999
f 3999 4000 4002
f 3999 4002 4001
f 4001 4002 4004
f 4001 4004 4003
f 4003 4004 4006
f 4003 4006 4005
f 4005 4006 4008
f 4005 4008 4007
f 4007 4008 4010
f 4007 4010 4009
f 4009 4010 4012
f 4009 4012 4011
f 4011 4012 4014
f 4011 4014 4013
f 4013 4014 4016
f 4013 4016 4015
f 4015 4016 4018
f 4015 4018 4017
f 4017 4018 4020
f 4017 4020 4019
f 4019 4020 4022
f 4019 4022 4021
f 4021 4022 4024
f 4021 4024 4023
f 4023 4024 4026
f 4023 4026 4025
f 4025 4026 4028
f 4025 4028 4027
f 4027 4028 4030
f 4027 4030 4029
f 4029 4030 4032
f 4029 4032 4031
f 4031 4032 4034
f 4031 4034 4033
f 4033 4034 4036
f 4033 4036 4035
f 4035 4036 4038
f 4035 4038 4037
f 4037 4038 4040
f 4037 4040 4039
f 4039 4040 4042
f 4039 4042 4041
f 4041 4042 4044
f 4041 4044 4043
f 4043 4044 4046
f 4043 4046 4045
f 4045 4046 4048
f 4045 4048 4047
f 4047 4048 4050
f 4047 4050 4049
f 4049 4050 4052
f 4049 4052 4051
f 4051 4052 4054
f 4051 4054 4053
f 4053 4054 4056
f 4053 4056 4055
f 4055 4056 4058
f 4055 4058 4057
f 4057 4058 4060
f 4057 4060 4059
f 4061 4062 4064
f 4061 4064 4063
f 4063 4064 4066
f 4063 4066 4065
f 4065 4066 4068
f 4065 4068 4067
f 4069 4070 4072
f 4069 4072 4071
f 4071 4072 4074
f 4071 4074 4073
f 4073 4074 4076
f 4073 4076 4075
f 4075 4076 4078
f 4075 4078 4077
f 4077 4078 4080
f 4077 4080 4079
f 4079 4080 4082
f 4079 4082 4081
f 4081 4082 4084
f 4081 4084 4083
f 4083 4084 4086
f 4083 4086 4085
f 4087 4088 4090
f 4087 4090 4089
f 4089 4090 4092
f 4089 4092 4091
f 4091 4092 4094
f 4091 4094 4093
f 4093 4094 4096
f 4093 4096 4095
f 4095 4096 4098
f 4095 4098 4097
f 4097 4098 4100
f 4097 4100 4099
f 4099 4100 4102
f 4099 4102 4101
f 4101 4102 4104
f 4101 4104 4103
f 4103 4104 4106
f 4103 4106 4105
f 4105 4106 4108
f 4105 4108 4107
f 4107 4108 4110
f 4107 4110 4109
f 4109 4110 4112
f 4109 4112 4111
f 4111 4112 4114
f 4111 4114 4113
f 4113 4114 4116
f 4113 4116 4115
f 4115 4116 4118
f 4115 4118 4117
f 4117 4118 4120
f 4117 4120 4119
f 4121 4122 4124
f 4121 4124 4123
f 4123 4124 4126
f 4123 4126 4125
f 4125 4126 4128
f 4125 4128 4127
f 4127 4128 4130
f 4127 4130 4129
f 4129 4130 4132
f 4129 4132 4131
f 4131 4132 4134
f 4131 4134 4133
f 4133 4134 4136
f 4133 4136 4135
f 4135 4136 4138
f 4135 4138 4137
f 4137 4138 4140
f 4137 4140 4139
f 4139 4140 4142
f 4139 4142 4141
f 4141 4142 4144
f 4141 4144 4143
f 4143 4144 4146
f 4143 4146 4145
f 4145 4146 4148
f 4145 4148 4147
f 4147 4148 4150
f 4147 4150 4149
f 4149 4150 4152
f 4149 4152 4151
f 4151 4152 4154
f 4151 4154 4153
f 4153 4154 4156
f 4153 4156 4155
f 4155 4156 4158
f 4155 4158 4157
f 4157 4158 4160
f 4157 4160 4159
f 4159 4160 4162
f 4159 4162 4161
f 4161 4162 4164
f 4161 4164 4163
f 4163 4164 4166
f 4163 4166 4165
f 4165 4166 4168
f 4165 4168 4167
f 4167 4168 4170
f 4167 4170 4169
f 4169 4170 4172
f 4169 4172 4171
f 4171 4172 4174
f 4171 4174 4173
f 4173 4174 4176
f 4173 4176 4175
f 4175 4176 4178
f 4175 4178 4177
f 4177 4178 4180
f 4177 4180 4179
f 4179 4180 4182
f 4179 4182 4181
f 4181 4182 4184
f 4181 4184 4183
f 4183 4184 4186
f 4183 4186 4185
f 4185 4186 4188
f 4185 4188 4187
f 4189 4190 4192
f 4189 4192 4191
f 4191 4192 4194
f 4191 4194 4193
f 4193 4194 4196
f 4193 4196 4195
f 4195 4196 4198
f 4195 4198 4197
f 4197 4198 4200
f 4197 4200 4199
f 4199 4200 4202
f 4199 4202 4201
f 4201 4202 4204
f 4201 4204 4203
f 4203 4204 4206
f 4203 4206 4205
f 4205 4206 4208
f 4205 4208 4207
f 4207 4208 4210
f 4207 4210 4209
f 4209 4210 4212
f 4209 4212 4211
f 4211 4212 4214
f 4211 4214 4213
f 4213 4214 4216
f 4213 4216 4215
f 4215 4216 4218
f 4215 4218 4217
f 4217 4218 4220
f 4217 4220 4219
f 4219 4220 4222
f 4219 4222 4221
f 4221 4222 4224
f 4221 4224 4223
f 4223 4224 4226
f 4223 4226 4225
f 4225 4226 4228
f 4225 4228 4227
f 4227 4228 4230
f 4227 4230 4229
f 4229 4230 4232
f 4229 4232 4231
f 4231 4232 4234
f 4231 4234 4233
f 4233 4234 4236
f 4233 4236 4235
f 4235 4236 4238
f 4235 4238 4237
f 4237 4238 4240
f 4237 4240 4239
f 4239 4240 4242
f 4239 4242 4241
f 4241 4242 4244
f 4241 4244 4243
f 4243 4244 4246
f 4243 4246 4245
f 4245 4246 4248
f 4245 4248 4247
f 4247 4248 4250
f 4247 4250 4249
f 4249 4250 4252
f 4249 4252 4251
f 4251 4252 4254
f 4251 4254 4253
f 4253 4254 4256
f 4253 4256 4255
f 4255 4256 4258
f 4255 4258 4257
f 4259 4260 4262
f 4259 4262 4261
f 4261 4262 4264
f 4261 4264 4263
f 4263 4264 4266
f 4263 4266 4265
f 4265 4266 4268
f 4265 4268 4267
f 4267 4268 4270
f 4267 4270 4269
f 4269 4270 4272
f 4269 4272 4271
f 4271 4272 4274
f 4271 4274 4273
f 4273 4274 4276
f 4273 4276 4275
f 4277 4278 4280
f 4277 4280 4279
f 4279 4280 4282
f 4279 4282 4281
f 4281 4282 4284
f 4281 4284 4283
f 4283 4284 4286
f 4283 4286 4285
f 4285 4286 4288
f 4285 4288 4287
f 4287 4288 4290
f 4287 4290 4289
f 4289 4290 4292
f 4289 4292 4291
f 4291 4292 4294
f 4291 4294 4293
f 4293 4294 4296
f 4293 4296 4295
f 4295 4296 4298
f 4295 4298 4297
f 4297 4298 4300
f 4297 4300 4299
f 4299 4300 4302
f 4299 4302 4301
f 4301 4302 4304
f 4301 4304 4303
f 4303 4304 4306
f 4303 4306 4305
f 4305 4306 4308
f 4305 4308 4307
f 4307 4308 4310
f 4307 4310 4309
f 4309 4310 4312
f 4309 4312 4311
f 4311 4312 4314
f 4311 4314 4313
f 4313 4314 4316
f 4313 4316 4315
f 4315 4316 4318
f 4315 4318 4317
f 4317 4318 4320
f 4317 4320 4319
f 4319 4320 4322
f 4319 4322 4321
f 4321 4322 4324
f 4321 4324 4323
f 4325 4326 4328
f 4325 4328 4327
f 4327 4328 4330
f 4327 4330 4329
f 4329 4330 4332
f 4329 4332 4331
f 4331 4332 4334
f 4331 4334 4333
f 4335 4336 4338
f 4335 4338 4337
f 4337 4338 4340
f 4337 4340 4339
f 4339 4340 4342
f 4339 4342 4341
f 4341 4342 4344
f 4341 4344 4343
f 4343 4344 4346
f 4343 4346 4345
f 4345 4346 4348
f 4345 4348 4347
f 4347 4348 4350
f 4347 4350 4349
f 4349 4350 4352
f 4349 4352 4351
f 4351 4352 4354
f 4351 4354 4353
f 4353 4354 4356
f 4353 4356 4355
f 4355 4356 4358
f 4355 4358 4357
f 4357 4358 4360
f 4357 4360 4359
f 4359 4360 4362
f 4359 4362 4361
f 4361 4362 4364
f 4361 4364 4363
f 4363 4364 4366
f 4363 4366 4365
f 4367 4368 4370
f 4367 4370 4369
f 4369 4370 4372
f 4369 4372 4371
f 4371 4372 4374
f 4371 4374 4373
f 4373 4374 4376
f 4373 4376 4375
f 4377 4378 4380
f 4377 4380 4379
f 4379 4380 4382
f 4379 4382 4381
f 4381 4382 4384
f 4381 4384 4383
f 4383 4384 4386
f 4383 4386 4385
f 4385 4386 4388
f 4385 4388 4387
f 4387 4388 4390
f 4387 4390 4389
f 4389 4390 4392
f 4389 4392 4391
f 4391 4392 4394
f 4391 4394 4393
f 4393 4394 4396
f 4393 4396 4395
f 4395 4396 4398
f 4395 4398 4397
f 4397 4398 4400
f 4397 4400 4399
f 4399 4400 4402
f 4399 4402 4401
f 4401 4402 4404
f 4401 4404 4403
f 4403 4404 4406
f 4403 4406 4405
f 4405 4406 4408
f 4405 4408 4407
f 4407 4408 4410
f 4407 4410 4409
f 4411 4412 4414
f 4411 4414 4413
f 4413 4414 4416
f 4413 4416 4415
f 4415 4416 4418
f 4415 4418 4417
f 4417 4418 4420
f 4417 4420 4419
f 4419 4420 4422
f 4419 4422 4421
f 4421 4422 4424
f 4421 4424 4423
f 4423 4424 4426
f 4423 4426 4425
f 4425 4426 4428
f 4425 4428 4427
f 4427 4428 4430
f 4427 4430 4429
f 4429 4430 4432
f 4429 4432 4431
f 4431 4432 4434
f 4431 4434 4433
f 4433 4434 4436
f 4433 4436 4435
f 4435 4436 4438
f 4435 4438 4437
f 4437 4438 4440
f 4437 4440 4439
f 4439 4440 4442
f 4439 4442 4441
f 4441 4442 4444
f 4441 4444 4443
f 4443 4444 4446
f 4443 4446 4445
f 4445 4446 4448
f 4445 4448 4447
f 4447 4448 4450
f 4447 4450 4449
f 4449 4450 4452
f 4449 4452 4451
f 4451 4452 4454
f 4451 4454 4453
f 4453 4454 4456
f 4453 4456 4455
f 4455 4456 4458
f 4455 4458 4457
f 4457 4458 4460
f 4457 4460 4459
f 4459 4460 4462
f 4459 4462 4461
f 4461 4462 4464
f 4461 4464 4463
f 4463 4464 4466
f 4463 4466 4465
f 4465 4466 4468
f 4465 4468 4467
f 4467 4468 4470
f 4467 4470 4469
f 4469 4470 4472
f 4469 4472 4471
f 4471 4472 4474
f 4471 4474 4473
f 4473 4474 4476
f 4473 4476 4475
f 4475 4476 4478
f 4475 4478 4477
f 4477 4478 4480
f 4477 4480 4479
f 4479 4480 4482
f 4479 4482 4481
f 4481 4482 4484
f 4481 4484 4483
f 4485 4486 4488
f 4485 4488 4487
f 4487 4488 4490
f 4487 4490 4489
f 4489 4490 4492
f 4489 4492 4491
f 4491 4492 4494
f 4491 4494 4493
f 4493 4494 4496
f 4493 4496 4495
f 4495 4496 4498
f 4495 4498 4497
f 4497 4498 4500
f 4497 4500 4499
f 4499 4500 4502
f 4499 4502 4501
f 4501 4502 4504
f 4501 4504 4503
f 4503 4504 4506
f 4503 4506 4505
f 4505 4506 4508
f 4505 4508 4507
f 4507 4508 4510
f 4507 4510 4509
f 4509 4510 4512
f 4509 4512 4511
f 4511 4512 4514
f 4511 4514 4513
f 4513 4514 4516
f 4513 4516 4515
f 4515 4516 4518
f 4515 4518 4517
f 4517 4518 4520
f 4517 4520 4519
f 4519 4520 4522
f 4519 4522 4521
f 4521 4522 4524
f 4521 4524 4523
f 4523 4524 4526
f 4523 4526 4525
f 4525 4526 4528
f 4525 4528 4527
f 4527 4528 4530
f 4527 4530 4529
f 4529 4530 4532
f 4529 4532 4531
f 4531 4532 4534
f 4531 4534 4533
f 4533 4534 4536
f 4533 4536 4535
f 4535 4536 4538
f 4535 4538 4537
f 4537 4538 4540
f 4537 4540 4539
f 4539 4540 4542
f 4539 4542 4541
f 4541 4542 4544
f 4541 4544 4543
f 4543 4544 4546
f 4543 4546 4545
f 4545 4546 4548
f 4545 4548 4547
f 4549 4550 4552
f 4549 4552 4551
f 4551 4552 4554
f 4551 4554 4553
f 4553 4554 4556
f 4553 4556 4555
f 4555 4556 4558
f 4555 4558 4557
f 4557 4558 4560
f 4557 4560 4559
f 4559 4560 4562
f 4559 4562 4561
f 4561 4562 4564
f 4561 4564 4563
f 4563 4564 4566
f 4563 4566 4565
f 4565 4566 4568
f 4565 4568 4567
f 4567 4568 4570
f 4567 4570 4569
f 4569 4570 4572
f 4569 4572 4571
f 4571 4572 4574
f 4571 4574 4573
f 4573 4574 4576
f 4573 4576 4575
f 4575 4576 4578
f 4575 4578 4577
f 4577 4578 4580
f 4577 4580 4579
f 4579 4580 4582
f 4579 4582 4581
f 4581 4582 4584
f 4581 4584 4583
f 4583 4584 4586
f 4583 4586 4585
f 4585 4586 4588
f 4585 4588 4587
f 4587 4588 4590
f 4587 4590 4589
f 4589 4590 4592
f 4589 4592 4591
f 4591 4592 4594
f 4591 4594 4593
f 4593 4594 4596
f 4593 4596 4595
f 4595 4596 4598
f 4595 4598 4597
f 4597 4598 4600
f 4597 4600 4599
f 4599 4600 4602
f 4599 4602 4601
f 4601 4602 4604
f 4601 4604 4603
f 4603 4604 4606
f 4603 4606 4605
f 4605 4606 4608
f 4605 4608 4607
f 4607 4608 4610
f 4607 4610 4609
f 4609 4610 4612
f 4609 4612 4611
f 4611 4612 4614
f 4611 4614 4613
f 4613 4614 4616
f 4613 4616 4615
f 4615 4616 4618
f 4615 4618 4617
f 4617 4618 4620
f 4617 4620 4619
f 4619 4620 4622
f 4619 4622 4621
f 4621 4622 4624
f 4621 4624 4623
f 4623 4624 4626
f 4623 4626 4625
f 4625 4626 4628
f 4625 4628 4627
f 4627 4628 4630
f 4627 4630 4629
f 4629 4630 4632
f 4629 4632 4631
f 4631 4632 4634
f 4631 4634 4633
f 4633 4634 4636
f 4633 4636 4635
f 4635 4636 4638
f 4635 4638 4637
f 4637 4638 4640
f 4637 4640 4639
f 4639 4640 4642
f 4639 4642 4641
f 4641 4642 4644
f 4641 4644 4643
f 4643 4644 4646
f 4643 4646 4645
f 4645 4646 4648
f 4645 4648 4647
f 4647 4648 4650
f 4647 4650 4649
f 4651 4652 4654
f 4651 4654 4653
f 4653 4654 4656
f 4653 4656 4655
f 4655 4656 4658
f 4655 4658 4657
f 4657 4658 4660
f 4657 4660 4659
f 4659 4660 4662
f 4659 4662 4661
f 4661 4662 4664
f 4661 4664 4663
f 4663 4664 4666
f 4663 4666 4665
f 4665 4666 4668
f 4665 4668 4667
f 4667 4668 4670
f 4667 4670 4669
f 4669 4670 4672
f 4669 4672 4671
f 4671 4672 4674
f 4671 4674 4673
f 4673 4674 4676
f 4673 4676 4675
f 4675 4676 4678
f 4675 4678 4677
f 4677 4678 4680
f 4677 4680 4679
f 4679 4680 4682
f 4679 4682 4681
f 4681 4682 4684
f 4681 4684 4683
f 4683 4684 4686
f 4683 4686 4685
f 4685 4686 4688
f 4685 4688 4687
f 4687 4688 4690
f 4687 4690 4689
f 4689 4690 4692
f 4689 4692 4691
f 4691 4692 4694
f 4691 4694 4693
f 4693 4694 4696
f 4693 4696 4695
