v 620.249 365.609 7.966
v 631.743 357.616 7.966
v 622.898 369.419 7.920
v 634.392 361.426 7.920
v 625.547 373.228 7.877
v 637.041 365.236 7.877
v 628.196 377.038 7.837
v 639.690 369.045 7.837
v 630.845 380.848 7.800
v 642.339 372.855 7.800
v 633.494 384.657 7.765
v 644.988 376.664 7.765
v 636.143 388.467 7.734
v 647.638 380.474 7.734
v 638.793 392.276 7.706
v 650.287 384.283 7.706
v 641.442 396.086 7.680
v 652.936 388.093 7.680
v 644.091 399.895 7.657
v 655.585 391.903 7.657
v 646.740 403.705 7.636
v 658.234 395.712 7.636
v 649.389 407.515 7.618
v 660.883 399.522 7.618
v 652.038 411.324 7.602
v 663.532 403.331 7.602
v -278.658 -493.409 12.479
v -272.717 -506.086 12.479
v -274.155 -491.299 12.418
v -268.214 -503.976 12.418
v -269.653 -489.189 12.357
v -263.712 -501.866 12.357
v -265.150 -487.079 12.296
v -259.209 -499.756 12.296
v -260.648 -484.969 12.234
v -254.707 -497.646 12.234
v -256.118 -482.846 12.172
v -250.231 -495.548 12.172
v -251.559 -480.757 12.109
v -245.750 -493.495 12.109
v -247.019 -478.697 12.044
v -241.233 -491.445 12.044
v -242.491 -476.642 11.979
v -236.705 -489.390 11.979
v -237.964 -474.587 11.913
v -232.177 -487.335 11.913
v -233.436 -472.532 11.847
v -227.650 -485.280 11.847
v -228.908 -470.477 11.780
v -223.122 -483.225 11.780
v -224.380 -468.421 11.713
v -218.594 -481.170 11.713
v -219.852 -466.366 11.646
v -214.066 -479.115 11.646
v -215.324 -464.311 11.579
v -209.538 -477.060 11.579
v -210.796 -462.256 11.511
v -205.010 -475.005 11.511
v -206.326 -460.227 11.443
v -200.425 -472.923 11.443
v -201.911 -458.127 11.378
v -195.860 -470.751 11.378
v -197.452 -455.973 11.313
v -191.364 -468.580 11.313
v -192.974 -453.811 11.248
v -186.886 -466.418 11.248
v -188.497 -451.649 11.183
v -182.408 -464.255 11.183
v -184.019 -449.486 11.119
v -177.931 -462.093 11.119
v -179.542 -447.324 11.054
v -173.453 -459.930 11.054
v -175.331 -445.297 10.990
v -168.709 -457.632 10.990
v -171.610 -443.090 10.936
v -163.912 -454.784 10.936
v -167.855 -440.351 10.895
v -159.623 -451.675 10.895
v -163.834 -437.428 10.855
v -155.600 -448.750 10.855
v -159.812 -434.503 10.816
v -151.579 -445.826 10.816
v -155.791 -431.579 10.777
v -147.557 -442.901 10.777
v -151.769 -428.654 10.740
v -143.536 -439.977 10.740
v -147.748 -425.730 10.703
v -139.514 -437.053 10.703
v -143.832 -422.884 10.667
v -135.387 -434.050 10.667
v -140.098 -419.947 10.637
v -131.307 -430.842 10.637
v -136.336 -416.831 10.613
v -127.409 -427.616 10.613
v -132.505 -413.661 10.590
v -123.578 -424.446 10.590
v -128.675 -410.490 10.568
v -119.748 -421.275 10.568
v -124.951 -407.409 10.548
v -115.811 -418.015 10.548
v -121.365 -404.192 10.535
v -111.994 -414.593 10.535
v -117.691 -400.866 10.524
v -108.296 -411.245 10.524
v -114.004 -397.529 10.515
v -104.609 -407.909 10.515
v -110.317 -394.192 10.507
v -100.923 -404.572 10.507
v -106.631 -390.855 10.500
v -97.236 -401.235 10.500
v -102.944 -387.519 10.495
v -93.549 -397.898 10.495
v -99.257 -384.182 10.490
v -89.863 -394.562 10.490
v -95.571 -380.845 10.486
v -86.176 -391.225 10.486
v -91.884 -377.508 10.482
v -82.490 -387.888 10.482
v -88.260 -374.229 10.479
v -78.741 -384.494 10.479
v -84.806 -370.948 10.480
v -74.988 -380.928 10.480
v -81.409 -367.486 10.488
v -71.418 -377.293 10.488
v -77.926 -363.937 10.495
v -67.935 -373.745 10.495
v -74.442 -360.389 10.502
v -64.452 -370.196 10.502
v -70.959 -356.840 10.509
v -60.968 -366.648 10.509
v -67.476 -353.292 10.514
v -57.485 -363.099 10.514
v -63.993 -349.744 10.519
v -54.002 -359.551 10.519
v -60.509 -346.195 10.523
v -50.518 -356.002 10.523
v -57.026 -342.647 10.526
v -47.035 -352.454 10.526
v -53.543 -339.098 10.528
v -43.552 -348.905 10.528
v -50.059 -335.550 10.528
v -40.069 -345.357 10.528
v -46.576 -332.001 10.527
v -36.585 -341.808 10.527
v -43.093 -328.453 10.525
v -33.102 -338.260 10.525
v -39.610 -324.904 10.522
v -29.619 -334.711 10.522
v -36.126 -321.356 10.518
v -26.135 -331.163 10.518
v -32.643 -317.807 10.513
v -22.652 -327.614 10.513
v -29.160 -314.259 10.506
v -19.169 -324.066 10.506
v -25.676 -310.710 10.499
v -15.686 -320.518 10.499
v -22.193 -307.162 10.490
v -12.202 -316.969 10.490
v -18.710 -303.613 10.481
v -8.719 -313.421 10.481
v -15.227 -300.065 10.471
v -5.236 -309.872 10.471
v -11.743 -296.516 10.459
v -1.752 -306.324 10.459
v -8.260 -292.968 10.447
v 1.731 -302.775 10.447
v -4.777 -289.419 10.433
v 5.214 -299.227 10.433
v -1.293 -285.871 10.418
v 8.697 -295.678 10.418
v 2.190 -282.322 10.401
v 12.181 -292.130 10.401
v 5.673 -278.774 10.383
v 15.664 -288.581 10.383
v 9.156 -275.225 10.363
v 19.147 -285.033 10.363
v 12.640 -271.677 10.341
v 22.631 -281.484 10.341
v 16.123 -268.128 10.316
v 26.114 -277.936 10.316
v 19.617 -264.569 10.289
v 29.586 -274.399 10.289
v 23.129 -261.024 10.259
v 33.073 -270.879 10.259
v 26.631 -257.492 10.225
v 36.573 -267.348 10.225
v 30.132 -253.960 10.188
v 40.074 -263.817 10.188
v 33.633 -250.429 10.148
v 43.575 -260.286 10.148
v 37.134 -246.898 10.105
v 47.076 -256.755 10.105
v 40.634 -243.367 10.058
v 50.576 -253.224 10.058
v 44.135 -239.836 10.008
v 54.077 -249.693 10.008
v 47.636 -236.305 9.955
v 57.578 -246.162 9.955
v 51.137 -232.774 9.898
v 61.079 -242.630 9.898
v 54.638 -229.243 9.838
v 64.580 -239.099 9.838
v 58.139 -225.711 9.774
v 68.081 -235.568 9.774
v 61.640 -222.180 9.707
v 71.582 -232.037 9.707
v 65.141 -218.649 9.637
v 75.083 -228.506 9.637
v 68.641 -215.118 9.564
v 78.583 -224.975 9.564
v 72.142 -211.587 9.488
v 82.084 -221.444 9.488
v 75.643 -208.056 9.409
v 85.585 -217.912 9.409
v 79.144 -204.525 9.327
v 89.086 -214.381 9.327
v 82.645 -200.993 9.243
v 92.587 -210.850 9.243
v 86.146 -197.462 9.156
v 96.088 -207.319 9.156
v 89.647 -193.931 9.067
v 99.589 -203.788 9.067
v 93.147 -190.400 8.975
v 103.089 -200.257 8.975
v 96.648 -186.869 8.882
v 106.590 -196.726 8.882
v 100.149 -183.338 8.787
v 110.091 -193.195 8.787
v 103.650 -179.807 8.690
v 113.592 -189.663 8.690
v 107.151 -176.275 8.591
v 117.093 -186.132 8.591
v 110.652 -172.744 8.492
v 120.594 -182.601 8.492
v 114.153 -169.213 8.391
v 124.095 -179.070 8.391
v 117.654 -165.682 8.290
v 127.596 -175.539 8.290
v 121.154 -162.151 8.189
v 131.096 -172.008 8.189
v 124.655 -158.620 8.087
v 134.597 -168.477 8.087
v 128.120 -155.126 7.986
v 138.135 -164.908 7.986
v 131.513 -151.600 7.890
v 141.637 -161.269 7.890
v 134.914 -148.010 7.796
v 145.076 -157.640 7.796
v 138.335 -144.401 7.705
v 148.497 -154.031 7.705
v 141.755 -140.792 7.615
v 151.917 -150.422 7.615
v 145.175 -137.183 7.527
v 155.337 -146.812 7.527
v 148.595 -133.573 7.443
v 158.757 -143.203 7.443
v 152.016 -129.964 7.361
v 162.178 -139.594 7.361
v 155.436 -126.355 7.283
v 165.598 -135.985 7.283
v 158.856 -122.745 7.208
v 169.018 -132.375 7.208
v 162.276 -119.136 7.138
v 172.438 -128.766 7.138
v -478.527 -697.070 21.604
v -490.539 -689.879 21.604
v -480.940 -701.101 21.833
v -492.952 -693.910 21.833
v -483.353 -705.131 22.061
v -495.365 -697.940 22.061
v -485.766 -709.162 22.288
v -497.778 -701.971 22.288
v -488.179 -713.192 22.515
v -500.191 -706.001 22.515
v -490.592 -717.223 22.740
v -502.604 -710.032 22.740
v -493.005 -721.254 22.963
v -505.017 -714.063 22.963
v -495.418 -725.284 23.183
v -507.430 -718.093 23.183
v -495.246 -724.981 23.183
v -507.601 -718.396 23.183
v -497.529 -729.264 23.365
v -509.884 -722.679 23.365
v -499.865 -733.645 23.542
v -512.112 -726.863 23.542
v -502.375 -738.012 23.743
v -514.438 -730.908 23.743
v -504.918 -742.231 23.956
v -516.907 -735.001 23.956
v -507.425 -746.386 24.165
v -519.413 -739.157 24.165
v -509.931 -750.542 24.368
v -521.920 -743.312 24.368
v -512.437 -754.698 24.566
v -524.426 -747.468 24.566
v -514.943 -758.854 24.759
v -526.932 -751.624 24.759
v -517.449 -763.010 24.945
v -529.438 -755.780 24.945
v -519.956 -767.165 25.127
v -531.944 -759.935 25.127
v -522.462 -771.321 25.302
v -534.451 -764.091 25.302
v -524.968 -775.477 25.471
v -536.957 -768.247 25.471
v -527.474 -779.633 25.635
v -539.463 -772.403 25.635
v -529.980 -783.788 25.793
v -541.969 -776.559 25.793
v -532.501 -787.967 25.946
v -544.461 -780.691 25.946
v -535.113 -792.223 26.101
v -546.924 -784.708 26.101
v -537.847 -796.370 26.282
v -549.534 -788.663 26.282
v -540.518 -800.422 26.457
v -552.206 -792.714 26.457
v -543.190 -804.473 26.629
v -554.877 -796.766 26.629
v -545.862 -808.524 26.796
v -557.549 -800.817 26.796
v -548.533 -812.576 26.960
v -560.221 -804.868 26.960
v -272.551 -506.005 12.479
v -278.824 -493.489 12.479
v -277.020 -508.246 12.538
v -283.293 -495.730 12.538
v -281.490 -510.486 12.597
v -287.763 -497.970 12.597
v -285.960 -512.726 12.657
v -292.232 -500.210 12.657
v -290.429 -514.966 12.718
v -296.702 -502.450 12.718
v -294.838 -517.175 12.780
v -301.233 -504.721 12.780
v -299.164 -519.450 12.841
v -305.756 -507.099 12.841
v -303.522 -521.811 12.902
v -310.190 -509.500 12.902
v -307.919 -524.192 12.966
v -314.586 -511.881 12.966
v -312.315 -526.573 13.031
v -318.982 -514.262 13.031
v -316.711 -528.954 13.099
v -323.378 -516.643 13.099
v -320.956 -531.250 13.169
v -327.926 -519.109 13.169
v -325.049 -533.739 13.237
v -332.377 -521.810 13.237
v -329.266 -536.359 13.307
v -336.654 -524.467 13.307
v -333.476 -538.974 13.380
v -340.937 -527.128 13.380
v -337.653 -541.641 13.455
v -345.188 -529.841 13.455
v -341.866 -544.332 13.534
v -349.402 -532.533 13.534
v -345.983 -546.960 13.617
v -353.712 -535.287 13.617
v -349.991 -549.711 13.701
v -357.948 -538.192 13.701
v -354.025 -552.518 13.790
v -362.122 -541.096 13.790
v -357.996 -555.385 13.882
v -366.257 -544.082 13.882
v -361.959 -558.317 13.978
v -370.333 -547.097 13.978
v -365.769 -561.183 14.081
v -374.508 -550.245 14.081
v -369.430 -564.286 14.181
v -378.478 -553.603 14.181
v -373.245 -567.517 14.290
v -382.293 -556.834 14.290
v -376.932 -570.637 14.407
v -386.237 -560.177 14.407
v -380.446 -573.922 14.524
v -390.029 -563.716 14.524
v -384.069 -577.341 14.649
v -393.678 -567.160 14.649
v -387.650 -580.721 14.784
v -397.368 -570.643 14.784
v -391.151 -584.170 14.925
v -400.991 -574.212 14.925
v -394.694 -587.682 15.076
v -404.549 -577.739 15.076
v -398.245 -591.202 15.239
v -408.100 -581.258 15.239
v -401.796 -594.721 15.413
v -411.651 -584.778 15.413
v -405.347 -598.241 15.599
v -415.202 -588.297 15.599
v -408.891 -601.753 15.799
v -418.760 -591.823 15.799
v -412.245 -605.089 16.010
v -422.487 -595.545 16.010
v -415.343 -608.678 16.208
v -425.931 -599.518 16.208
v -418.593 -612.434 16.417
v -429.224 -603.324 16.417
v -421.764 -616.170 16.634
v -432.523 -607.211 16.634
v -424.885 -619.990 16.853
v -435.728 -611.134 16.853
v -428.000 -623.803 17.082
v -438.938 -615.065 17.082
v -430.974 -627.611 17.311
v -442.118 -619.136 17.311
v -433.895 -631.556 17.536
v -445.147 -623.226 17.536
v -436.868 -635.572 17.770
v -448.123 -627.246 17.770
v -439.817 -639.562 18.010
v -451.117 -631.298 18.010
v -442.728 -643.584 18.253
v -454.069 -635.376 18.253
v -445.659 -647.634 18.503
v -457.001 -639.426 18.503
v -448.591 -651.684 18.760
v -459.932 -643.476 18.760
v -451.521 -655.733 19.023
v -462.864 -647.528 19.023
v -454.378 -659.683 19.292
v -465.865 -651.681 19.292
v -457.094 -663.734 19.545
v -468.720 -655.934 19.545
v -459.880 -667.885 19.804
v -471.506 -660.085 19.804
v -462.635 -671.992 20.067
v -474.321 -664.282 20.067
v -465.293 -676.090 20.323
v -477.104 -668.572 20.323
v -467.909 -680.279 20.572
v -479.784 -672.864 20.572
v -470.568 -684.537 20.823
v -482.421 -677.087 20.823
v -473.256 -688.787 21.080
v -485.079 -681.288 21.080
v -475.944 -693.013 21.341
v -487.757 -685.500 21.341
v -478.627 -697.231 21.604
v -490.440 -689.718 21.604
v 631.494 357.280 7.966
v 620.498 365.946 7.966
v 628.410 353.367 8.036
v 617.414 362.032 8.036
v 625.326 349.454 8.109
v 614.330 358.119 8.109
v 622.243 345.541 8.184
v 611.247 354.206 8.184
v 619.159 341.628 8.262
v 608.163 350.293 8.262
v 616.076 337.715 8.342
v 605.080 346.380 8.342
v 612.992 333.802 8.423
v 601.996 342.467 8.423
v 609.792 329.745 8.506
v 599.029 338.698 8.506
v 606.347 325.816 8.605
v 595.905 335.141 8.605
v 602.956 322.084 8.709
v 592.595 331.499 8.709
v 599.605 318.397 8.814
v 589.244 327.812 8.814
v 596.254 314.710 8.918
v 585.893 324.125 8.918
v 592.904 311.023 9.021
v 582.543 320.438 9.021
v 589.553 307.336 9.123
v 579.192 316.751 9.123
v 586.203 303.649 9.224
v 575.842 313.064 9.224
v 582.852 299.962 9.323
v 572.491 309.377 9.323
v 579.501 296.275 9.421
v 569.140 305.690 9.421
v 576.151 292.588 9.516
v 565.790 302.003 9.516
v 572.800 288.901 9.610
v 562.439 298.316 9.610
v 569.450 285.214 9.700
v 559.089 294.629 9.700
v 566.099 281.527 9.789
v 555.738 290.942 9.789
v 562.748 277.840 9.874
v 552.387 287.255 9.874
v 559.398 274.153 9.956
v 549.037 283.568 9.956
v 556.047 270.465 10.035
v 545.686 279.881 10.035
v 552.697 266.778 10.111
v 542.336 276.194 10.111
v 549.346 263.091 10.184
v 538.985 272.507 10.184
v 545.995 259.404 10.253
v 535.634 268.820 10.253
v 542.645 255.717 10.319
v 532.284 265.133 10.319
v 539.294 252.030 10.380
v 528.933 261.446 10.380
v 535.944 248.343 10.438
v 525.583 257.759 10.438
v 532.593 244.656 10.492
v 522.232 254.072 10.492
v 529.242 240.969 10.541
v 518.881 250.385 10.541
v 525.892 237.282 10.586
v 515.531 246.698 10.586
v 525.702 237.082 10.586
v 515.720 246.898 10.586
v 522.229 233.551 10.635
v 512.248 243.367 10.635
v 518.757 230.019 10.680
v 508.775 239.836 10.680
v 515.284 226.488 10.719
v 505.302 236.305 10.719
v 511.853 223.000 10.753
v 501.787 232.730 10.753
v 508.535 219.508 10.777
v 498.284 229.043 10.777
v 505.251 215.901 10.791
v 494.899 225.326 10.791
v 501.917 212.239 10.799
v 491.565 221.664 10.799
v 498.583 208.576 10.801
v 488.231 218.002 10.801
v 495.249 204.914 10.797
v 484.896 214.339 10.797
v 491.914 201.252 10.786
v 481.562 210.677 10.786
v 488.580 197.590 10.769
v 478.228 207.015 10.769
v 485.246 193.928 10.746
v 474.894 203.353 10.746
v 481.839 190.187 10.716
v 471.632 199.769 10.716
v 478.321 186.551 10.686
v 468.261 196.288 10.686
v 474.875 182.992 10.650
v 464.817 192.730 10.650
v 471.430 179.434 10.608
v 461.372 189.172 10.608
v 467.986 175.875 10.560
v 457.927 185.613 10.560
v 464.541 172.317 10.506
v 454.482 182.055 10.506
v 461.096 168.759 10.447
v 451.037 178.497 10.447
v 457.651 165.201 10.383
v 447.592 174.939 10.383
v 454.206 161.642 10.315
v 444.147 171.380 10.315
v 450.761 158.084 10.241
v 440.702 167.822 10.241
v 447.316 154.526 10.164
v 437.258 164.264 10.164
v 443.871 150.967 10.084
v 433.813 160.705 10.084
v 440.426 147.409 10.000
v 430.368 157.147 10.000
v 436.981 143.851 9.914
v 426.923 153.589 9.914
v 433.536 140.293 9.825
v 423.478 150.030 9.825
v 430.091 136.734 9.734
v 420.033 146.472 9.734
v 426.646 133.176 9.642
v 416.588 142.914 9.642
v 423.201 129.618 9.548
v 413.143 139.356 9.548
v 419.757 126.059 9.453
v 409.698 135.797 9.453
v 416.312 122.501 9.357
v 406.253 132.239 9.357
v 412.867 118.943 9.260
v 402.808 128.681 9.260
v 409.422 115.385 9.164
v 399.363 125.122 9.164
v 405.977 111.826 9.067
v 395.918 121.564 9.067
v 402.521 108.257 8.970
v 392.484 118.017 8.970
v 399.048 104.702 8.874
v 389.035 114.487 8.874
v 395.585 101.159 8.779
v 385.574 110.946 8.779
v 392.123 97.618 8.684
v 382.112 107.405 8.684
v 388.661 94.076 8.591
v 378.650 103.863 8.591
v 385.198 90.535 8.498
v 375.187 100.322 8.498
v 381.736 86.993 8.406
v 371.725 96.780 8.406
v 378.274 83.452 8.316
v 368.263 93.239 8.316
v 374.812 79.910 8.227
v 364.801 89.697 8.227
v 371.350 76.369 8.139
v 361.339 86.156 8.139
v 367.888 72.827 8.054
v 357.877 82.614 8.054
v 364.425 69.286 7.970
v 354.414 79.073 7.970
v 360.963 65.744 7.888
v 350.952 75.531 7.888
v 357.501 62.203 7.808
v 347.490 71.990 7.808
v 354.039 58.661 7.730
v 344.028 68.448 7.730
v 350.577 55.120 7.655
v 340.566 64.906 7.655
v 347.115 51.578 7.583
v 337.104 61.365 7.583
v 343.652 48.037 7.512
v 333.641 57.823 7.512
v 340.190 44.495 7.445
v 330.179 54.282 7.445
v 336.728 40.954 7.379
v 326.717 50.740 7.379
v 333.266 37.412 7.317
v 323.255 47.199 7.317
v 329.804 33.871 7.257
v 319.793 43.657 7.257
v 326.342 30.329 7.200
v 316.331 40.116 7.200
v 322.879 26.788 7.145
v 312.868 36.574 7.145
v 319.417 23.246 7.092
v 309.406 33.033 7.092
v 315.955 19.705 7.043
v 305.944 29.491 7.043
v 312.493 16.163 6.995
v 302.482 25.950 6.995
v 309.031 12.622 6.950
v 299.020 22.408 6.950
v 305.568 9.080 6.908
v 295.557 18.867 6.908
v 302.106 5.539 6.868
v 292.095 15.325 6.868
v 298.644 1.997 6.830
v 288.633 11.784 6.830
v 295.182 -1.544 6.794
v 285.171 8.242 6.794
v 291.720 -5.086 6.761
v 281.709 4.701 6.761
v 288.258 -8.627 6.730
v 278.247 1.159 6.730
v 284.795 -12.169 6.701
v 274.784 -2.382 6.701
v 281.333 -15.710 6.674
v 271.322 -5.924 6.674
v 277.871 -19.252 6.650
v 267.860 -9.465 6.650
v 274.409 -22.793 6.628
v 264.398 -13.007 6.628
v 270.947 -26.335 6.608
v 260.936 -16.548 6.608
v 267.485 -29.876 6.590
v 257.474 -20.090 6.590
v 264.022 -33.418 6.575
v 254.011 -23.631 6.575
v 260.560 -36.960 6.562
v 250.549 -27.173 6.562
v 257.098 -40.501 6.551
v 247.087 -30.714 6.551
v 253.636 -44.043 6.543
v 243.625 -34.256 6.543
v 250.174 -47.584 6.537
v 240.163 -37.797 6.537
v 246.712 -51.126 6.533
v 236.701 -41.339 6.533
v 243.249 -54.667 6.532
v 233.238 -44.880 6.532
v 239.787 -58.209 6.533
v 229.776 -48.422 6.533
v 350.654 293.278 14.592
v 346.551 299.556 14.592
v 346.604 290.631 14.573
v 342.502 296.910 14.573
v 342.555 287.985 14.554
v 338.452 294.263 14.554
v 338.505 285.338 14.535
v 334.402 291.616 14.535
v 334.455 282.691 14.515
v 330.352 288.970 14.515
v 330.405 280.045 14.496
v 326.302 286.323 14.496
v 326.355 277.398 14.476
v 322.252 283.676 14.476
v 322.305 274.751 14.457
v 318.202 281.030 14.457
v 318.255 272.105 14.437
v 314.152 278.383 14.437
v 314.206 269.458 14.418
v 310.103 275.736 14.418
v 310.156 266.811 14.398
v 306.053 273.090 14.398
v 306.106 264.165 14.379
v 302.003 270.443 14.379
v 302.056 261.518 14.360
v 297.953 267.796 14.360
v 298.006 258.871 14.341
v 293.903 265.150 14.341
v 293.956 256.225 14.322
v 289.853 262.503 14.322
v 289.906 253.578 14.303
v 285.803 259.856 14.303
v 285.856 250.932 14.284
v 281.754 257.210 14.284
v 281.807 248.285 14.265
v 277.704 254.563 14.265
v 277.757 245.638 14.247
v 273.654 251.916 14.247
v 273.707 242.992 14.228
v 269.604 249.270 14.228
v 269.657 240.345 14.208
v 265.554 246.623 14.208
v 265.607 237.698 14.189
v 261.504 243.976 14.189
v 261.557 235.052 14.170
v 257.454 241.330 14.170
v 257.507 232.405 14.150
v 253.404 238.683 14.150
v 253.458 229.758 14.130
v 249.355 236.037 14.130
v 346.559 299.561 14.592
v 350.647 293.273 14.592
v 350.693 302.248 14.610
v 354.780 295.960 14.610
v 354.826 304.935 14.629
v 358.914 298.647 14.629
v 358.960 307.622 14.646
v 363.047 301.334 14.646
v 363.093 310.309 14.664
v 367.181 304.021 14.664
v 367.227 312.996 14.680
v 371.314 306.708 14.680
v 371.360 315.683 14.696
v 375.448 309.394 14.696
v 375.494 318.370 14.711
v 379.581 312.081 14.711
v 379.627 321.056 14.725
v 383.715 314.768 14.725
v 383.761 323.743 14.738
v 387.848 317.455 14.738
v 387.894 326.430 14.750
v 391.982 320.142 14.750
v 392.028 329.117 14.760
v 396.115 322.829 14.760
v 396.161 331.804 14.770
v 400.249 325.516 14.770
v 400.295 334.491 14.779
v 404.382 328.203 14.779
v 404.428 337.178 14.786
v 408.516 330.890 14.786
v 408.562 339.865 14.792
v 412.649 333.577 14.792
v 412.695 342.552 14.796
v 416.783 336.264 14.796
v 416.829 345.239 14.799
v 420.916 338.950 14.799
v 420.962 347.926 14.800
v 425.050 341.637 14.800
v 425.096 350.613 14.799
v 429.183 344.324 14.799
v 429.229 353.299 14.796
v 433.317 347.011 14.796
v 433.363 355.986 14.792
v 437.450 349.698 14.792
v 437.496 358.673 14.785
v 441.584 352.385 14.785
v 441.630 361.360 14.775
v 445.717 355.072 14.775
v 202.376 718.799 26.487
v 208.684 722.856 26.487
v 199.759 722.869 26.811
v 206.067 726.925 26.811
v 197.142 726.938 27.146
v 203.451 730.995 27.146
v 194.525 731.008 27.494
v 200.834 735.064 27.494
v 191.909 735.077 27.855
v 198.217 739.134 27.855
v 189.292 739.147 28.228
v 195.600 743.203 28.228
v 186.675 743.216 28.615
v 192.983 747.273 28.615
v 184.058 747.286 29.014
v 190.367 751.342 29.014
v 181.441 751.356 29.427
v 187.750 755.412 29.427
v 178.825 755.425 29.854
v 185.133 759.481 29.854
v 176.208 759.495 30.293
v 182.516 763.551 30.293
v 173.591 763.564 30.747
v 179.900 767.621 30.747
v 170.974 767.634 31.213
v 177.283 771.690 31.213
v 168.358 771.703 31.693
v 174.666 775.760 31.693
v 165.741 775.773 32.186
v 172.049 779.829 32.186
v 163.124 779.842 32.692
v 169.432 783.899 32.692
v 160.507 783.912 33.211
v 166.816 787.968 33.211
v 157.890 787.981 33.744
v 164.199 792.038 33.744
v -476.761 -526.437 23.690
v -463.818 -531.775 23.690
v -474.856 -521.819 23.461
v -461.914 -527.157 23.461
v -472.952 -517.201 23.240
v -460.009 -522.539 23.240
v -471.047 -512.583 23.024
v -458.105 -517.921 23.024
v -469.143 -507.965 22.815
v -456.200 -513.303 22.815
v -467.238 -503.347 22.613
v -454.296 -508.685 22.613
v -465.334 -498.729 22.417
v -452.391 -504.067 22.417
v -463.429 -494.111 22.228
v -450.487 -499.449 22.228
v -461.525 -489.493 22.046
v -448.582 -494.831 22.046
v -459.620 -484.875 21.870
v -446.678 -490.213 21.870
v -457.716 -480.257 21.701
v -444.773 -485.595 21.701
v -455.811 -475.639 21.540
v -442.869 -480.977 21.540
v -453.907 -471.021 21.385
v -440.964 -476.359 21.385
v -452.002 -466.403 21.238
v -439.060 -471.741 21.238
v -450.098 -461.785 21.097
v -437.155 -467.123 21.097
v -448.193 -457.167 20.965
v -435.251 -462.505 20.965
v -446.289 -452.549 20.839
v -433.346 -457.887 20.839
v -444.384 -447.931 20.721
v -431.442 -453.269 20.721
v -442.480 -443.313 20.611
v -429.537 -448.651 20.611
v -440.575 -438.695 20.508
v -427.633 -444.033 20.508
v -438.671 -434.077 20.413
v -425.728 -439.415 20.413
v -436.767 -429.459 20.325
v -423.824 -434.797 20.325
v -434.862 -424.841 20.244
v -421.919 -430.179 20.244
v -432.947 -420.197 20.170
v -420.026 -425.587 20.170
v -430.836 -415.222 20.099
v -418.254 -421.361 20.099
v -428.226 -410.520 19.977
v -415.998 -417.338 19.977
v -425.793 -406.157 19.862
v -413.566 -412.975 19.862
v -423.361 -401.794 19.756
v -411.133 -408.612 19.756
v -420.928 -397.431 19.656
v -408.700 -404.249 19.656
v -418.495 -393.068 19.563
v -406.268 -399.886 19.563
v -416.063 -388.705 19.476
v -403.835 -395.523 19.476
v -413.630 -384.342 19.394
v -401.402 -391.160 19.394
v -411.197 -379.979 19.318
v -398.970 -386.797 19.318
v -408.764 -375.616 19.248
v -396.537 -382.434 19.248
v -385.128 -613.898 13.804
v -381.767 -616.499 13.804
v -382.103 -609.987 13.727
v -378.741 -612.588 13.727
v -379.077 -606.076 13.656
v -375.716 -608.677 13.656
v -376.049 -602.162 13.590
v -372.692 -604.769 13.590
v -372.984 -598.229 13.528
v -369.679 -600.901 13.528
v -369.783 -594.411 13.465
v -366.526 -597.141 13.465
v -366.606 -590.622 13.407
v -363.350 -593.352 13.407
v -363.430 -586.832 13.353
v -360.173 -589.563 13.353
v -360.253 -583.043 13.303
v -356.996 -585.774 13.303
v -357.076 -579.254 13.257
v -353.819 -581.984 13.257
v -353.899 -575.465 13.214
v -350.642 -578.195 13.214
v -350.722 -571.676 13.175
v -347.465 -574.406 13.175
v -347.546 -567.886 13.138
v -344.289 -570.617 13.138
v -344.369 -564.097 13.104
v -341.112 -566.828 13.104
v -341.192 -560.308 13.072
v -337.935 -563.038 13.072
v -337.966 -556.462 13.042
v -334.808 -559.306 13.042
v -334.451 -552.827 13.005
v -331.457 -555.843 13.005
v -330.841 -549.385 12.964
v -327.908 -552.462 12.964
v -327.261 -545.974 12.925
v -324.329 -549.050 12.925
v -323.682 -542.562 12.888
v -320.750 -545.638 12.888
v -320.103 -539.150 12.852
v -317.171 -542.226 12.852
v -316.524 -535.738 12.818
v -313.592 -538.815 12.818
v -312.945 -532.327 12.785
v -310.012 -535.403 12.785
v -309.366 -528.915 12.753
v -306.433 -531.991 12.753
v -305.787 -525.503 12.721
v -302.854 -528.579 12.721
v -302.207 -522.091 12.690
v -299.275 -525.168 12.690
v -298.628 -518.680 12.660
v -295.696 -521.756 12.660
v -295.049 -515.268 12.630
v -292.117 -518.344 12.630
v -291.470 -511.856 12.600
v -288.538 -514.933 12.600
v -287.891 -508.445 12.570
v -284.958 -511.521 12.570
v -284.312 -505.033 12.540
v -281.379 -508.109 12.540
v -280.733 -501.621 12.510
v -277.800 -504.697 12.510
v -277.153 -498.209 12.479
v -274.221 -501.286 12.479
v 351.734 298.481 14.592
v 345.472 294.354 14.592
v 354.414 294.414 14.525
v 348.152 290.287 14.525
v 357.094 290.348 14.457
v 350.831 286.221 14.457
v 359.774 286.281 14.387
v 353.511 282.154 14.387
v 362.454 282.215 14.317
v 356.191 278.088 14.317
v 365.133 278.149 14.245
v 358.871 274.021 14.245
v 367.813 274.082 14.172
v 361.551 269.955 14.172
v 370.493 270.016 14.097
v 364.231 265.889 14.097
v 373.173 265.949 14.019
v 366.911 261.822 14.019
v 375.853 261.883 13.939
v 369.591 257.756 13.939
v 370.683 262.967 13.939
v 374.761 256.672 13.939
v 374.832 265.654 13.951
v 378.909 259.359 13.951
v 378.980 268.341 13.963
v 383.058 262.047 13.963
v 383.129 271.029 13.974
v 387.206 264.734 13.974
v 387.277 273.716 13.983
v 391.355 267.421 13.983
v 391.426 276.403 13.992
v 395.504 270.109 13.992
v 395.575 279.091 14.000
v 399.652 272.796 14.000
v 399.723 281.778 14.006
v 403.801 275.483 14.006
v 403.872 284.465 14.011
v 407.949 278.171 14.011
v 408.020 287.153 14.015
v 412.098 280.858 14.015
v 412.169 289.840 14.017
v 416.247 283.545 14.017
v 416.318 292.527 14.018
v 420.395 286.233 14.018
v 420.466 295.215 14.016
v 424.544 288.920 14.016
v 424.615 297.902 14.012
v 428.692 291.607 14.012
v 428.763 300.589 14.007
v 432.841 294.295 14.007
v 432.912 303.277 13.998
v 436.990 296.982 13.998
v 437.061 305.964 13.987
v 441.138 299.669 13.987
v 441.209 308.651 13.973
v 445.287 302.356 13.973
v 445.358 311.339 13.955
v 449.435 305.044 13.955
v 449.506 314.026 13.934
v 453.584 307.731 13.934
v 453.655 316.713 13.909
v 457.732 310.418 13.909
v 457.804 319.400 13.880
v 461.881 313.106 13.880
v 461.952 322.088 13.847
v 466.030 315.793 13.847
v 466.101 324.775 13.809
v 470.178 318.480 13.809
v 80.622 79.155 12.457
v 85.771 73.702 12.457
v 84.164 82.499 12.473
v 89.313 77.046 12.473
v 87.706 85.843 12.492
v 92.854 80.389 12.492
v 91.247 89.187 12.514
v 96.396 83.733 12.514
v 94.789 92.530 12.539
v 99.938 87.077 12.539
v 98.330 95.874 12.566
v 103.479 90.421 12.566
v 101.872 99.218 12.596
v 107.021 93.765 12.596
v 105.413 102.562 12.627
v 110.562 97.109 12.627
v 108.955 105.906 12.661
v 114.104 100.453 12.661
v 112.497 109.250 12.697
v 117.645 103.796 12.697
v 116.038 112.594 12.734
v 121.187 107.140 12.734
v 119.580 115.938 12.772
v 124.729 110.484 12.772
v 123.121 119.281 12.811
v 128.270 113.828 12.811
v 126.663 122.625 12.852
v 131.812 117.172 12.852
v 130.204 125.969 12.893
v 135.353 120.516 12.893
v 133.746 129.313 12.935
v 138.895 123.860 12.935
v 137.288 132.657 12.977
v 142.436 127.204 12.977
v 140.829 136.001 13.020
v 145.978 130.547 13.020
v 144.371 139.345 13.063
v 149.520 133.891 13.063
v 147.912 142.689 13.106
v 153.061 137.235 13.106
v 151.454 146.032 13.149
v 156.603 140.579 13.149
v 154.995 149.376 13.192
v 160.144 143.923 13.192
v 158.537 152.720 13.235
v 163.686 147.267 13.235
v 162.079 156.064 13.278
v 167.228 150.611 13.278
v 165.620 159.408 13.320
v 170.769 153.955 13.320
v 169.162 162.752 13.362
v 174.311 157.298 13.362
v 172.703 166.096 13.403
v 177.852 160.642 13.403
v 253.935 230.128 14.130
v 248.877 235.666 14.130
v 250.310 226.818 14.101
v 245.252 232.355 14.101
v 246.685 223.507 14.072
v 241.627 229.045 14.072
v 243.060 220.196 14.042
v 238.002 225.734 14.042
v 239.434 216.885 14.011
v 234.377 222.423 14.011
v 235.809 213.574 13.980
v 230.751 219.112 13.980
v 232.184 210.263 13.949
v 227.126 215.801 13.949
v 228.559 206.952 13.917
v 223.501 212.490 13.917
v 224.934 203.641 13.884
v 219.876 209.179 13.884
v 221.309 200.331 13.851
v 216.251 205.868 13.851
v 217.683 197.020 13.817
v 212.626 202.558 13.817
v 214.058 193.709 13.783
v 209.000 199.247 13.783
v 210.433 190.398 13.747
v 205.375 195.936 13.747
v 206.808 187.087 13.712
v 201.750 192.625 13.712
v 203.183 183.776 13.675
v 198.125 189.314 13.675
v 199.558 180.465 13.638
v 194.500 186.003 13.638
v 195.932 177.154 13.600
v 190.875 182.692 13.600
v 192.307 173.844 13.562
v 187.249 179.381 13.562
v 188.682 170.533 13.523
v 183.624 176.071 13.523
v 185.057 167.222 13.484
v 179.999 172.760 13.484
v 181.432 163.911 13.444
v 176.374 169.449 13.444
v 177.807 160.600 13.403
v 172.749 166.138 13.403
v -485.473 -691.569 21.604
v -483.594 -695.381 21.604
v -481.032 -689.380 21.007
v -479.153 -693.193 21.007
v -476.591 -687.192 20.438
v -474.712 -691.004 20.438
v -472.150 -685.004 19.895
v -470.271 -688.816 19.895
v -467.709 -682.815 19.377
v -465.830 -686.628 19.377
v -463.553 -680.796 18.883
v -461.104 -684.270 18.883
v -460.270 -677.576 18.547
v -457.293 -680.609 18.547
v -456.766 -674.096 18.226
v -453.771 -677.112 18.226
v -453.253 -670.608 17.915
v -450.258 -673.623 17.915
v -449.740 -667.119 17.614
v -446.745 -670.135 17.614
v -446.221 -663.625 17.323
v -443.238 -666.652 17.323
v -442.633 -660.114 17.040
v -439.751 -663.239 17.040
v -438.848 -656.825 16.744
v -436.061 -660.034 16.744
v -435.110 -653.579 16.461
v -432.323 -656.787 16.461
v -431.373 -650.332 16.190
v -428.586 -653.541 16.190
v -427.635 -647.085 15.933
v -424.848 -650.294 15.933
v -423.897 -643.839 15.688
v -421.110 -647.047 15.688
v -420.160 -640.592 15.455
v -417.373 -643.801 15.455
v -416.422 -637.345 15.235
v -413.635 -640.554 15.235
v -412.684 -634.099 15.028
v -409.897 -637.307 15.028
v -408.947 -630.852 14.834
v -406.160 -634.061 14.834
v -405.194 -627.592 14.651
v -402.437 -630.827 14.651
v -401.286 -624.331 14.476
v -398.756 -627.746 14.476
v -397.041 -621.550 14.288
v -394.714 -625.107 14.288
v -392.898 -618.840 14.114
v -390.571 -622.397 14.114
v -388.754 -616.130 13.953
v -386.428 -619.687 13.953
v -384.611 -613.420 13.804
v -382.285 -616.977 13.804
v 172.793 160.560 13.403
v 177.762 166.178 13.403
v 169.241 163.703 13.455
v 174.210 169.320 13.455
v 165.688 166.845 13.505
v 170.657 172.463 13.505
v 162.135 169.988 13.552
v 167.105 175.606 13.552
v 158.583 173.131 13.598
v 163.552 178.748 13.598
v 155.030 176.273 13.642
v 159.999 181.891 13.642
v 151.477 179.416 13.684
v 156.447 185.034 13.684
v 147.925 182.559 13.725
v 152.894 188.176 13.725
v 144.372 185.701 13.764
v 149.341 191.319 13.764
v 140.820 188.844 13.801
v 145.789 194.461 13.801
v 446.791 360.301 14.775
v 440.556 356.132 14.775
v 449.509 356.235 14.675
v 443.274 352.066 14.675
v 452.228 352.170 14.573
v 445.993 348.001 14.573
v 454.946 348.104 14.471
v 448.711 343.936 14.471
v 457.664 344.039 14.366
v 451.430 339.870 14.366
v 460.383 339.974 14.260
v 454.148 335.805 14.260
v 463.101 335.908 14.151
v 456.867 331.739 14.151
v 465.820 331.843 14.040
v 459.585 327.674 14.040
v 468.538 327.778 13.926
v 462.304 323.609 13.926
v 471.257 323.712 13.809
v 465.022 319.543 13.809
v 208.666 722.884 26.487
v 202.394 718.771 26.487
v 211.352 718.786 26.172
v 205.080 714.674 26.172
v 214.039 714.689 25.869
v 207.766 710.577 25.869
v 216.725 710.592 25.576
v 210.453 706.480 25.576
v 219.411 706.495 25.294
v 213.139 702.383 25.294
v 222.097 702.398 25.022
v 215.825 698.286 25.022
v 224.784 698.301 24.759
v 218.512 694.189 24.759
v 227.470 694.204 24.506
v 221.198 690.091 24.506
v 230.156 690.107 24.261
v 223.884 685.994 24.261
v 232.843 686.009 24.024
v 226.570 681.897 24.024
v 235.529 681.912 23.795
v 229.257 677.800 23.795
v 238.215 677.815 23.574
v 231.943 673.703 23.574
v 240.901 673.718 23.360
v 234.629 669.606 23.360
v 243.588 669.621 23.153
v 237.316 665.509 23.153
v 246.274 665.524 22.952
v 240.002 661.411 22.952
v 248.960 661.427 22.758
v 242.688 657.314 22.758
v 251.647 657.329 22.570
v 245.375 653.217 22.570
v 254.333 653.232 22.389
v 248.061 649.120 22.389
v 257.019 649.135 22.213
v 250.747 645.023 22.213
v 259.705 645.038 22.043
v 253.433 640.926 22.043
v 262.392 640.941 21.878
v 256.120 636.829 21.878
v 265.078 636.844 21.719
v 258.806 632.732 21.719
v 267.764 632.747 21.565
v 261.492 628.634 21.565
v 270.451 628.650 21.416
v 264.179 624.537 21.416
v 273.137 624.552 21.272
v 266.865 620.440 21.272
v 275.823 620.455 21.132
v 269.551 616.343 21.132
v 278.510 616.358 20.997
v 272.237 612.246 20.997
v 281.196 612.261 20.866
v 274.924 608.149 20.866
v 283.882 608.164 20.738
v 277.610 604.052 20.738
v 286.568 604.067 20.615
v 280.296 599.954 20.615
v 289.255 599.970 20.494
v 282.983 595.857 20.494
v 115.561 660.437 24.226
v 108.665 657.488 24.226
v 117.524 655.847 23.958
v 110.628 652.898 23.958
v 119.449 651.342 23.700
v 112.629 648.222 23.700
v 121.473 647.177 23.453
v 114.968 643.443 23.453
v 124.110 643.237 23.223
v 117.870 639.076 23.223
v 126.880 639.083 23.001
v 120.640 634.922 23.001
v 129.650 634.930 22.786
v 123.410 630.769 22.786
v 132.420 630.776 22.578
v 126.180 626.615 22.578
v 135.190 626.623 22.377
v 128.950 622.462 22.377
v 137.960 622.469 22.181
v 131.720 618.308 22.181
v 140.730 618.316 21.991
v 134.490 614.154 21.991
v 143.499 614.162 21.807
v 137.260 610.001 21.807
v 146.269 610.009 21.628
v 140.030 605.847 21.628
v 149.039 605.855 21.453
v 142.800 601.694 21.453
v 151.809 601.701 21.283
v 145.569 597.540 21.283
v 154.579 597.548 21.118
v 148.339 593.387 21.118
v 157.349 593.394 20.956
v 151.109 589.233 20.956
v 160.119 589.241 20.799
v 153.879 585.080 20.799
v 162.889 585.087 20.645
v 156.649 580.926 20.645
v 165.659 580.934 20.495
v 159.419 576.772 20.495
v 168.429 576.780 20.348
v 162.189 572.619 20.348
v 171.199 572.626 20.204
v 164.959 568.465 20.204
v 173.969 568.473 20.063
v 167.729 564.312 20.063
v 176.738 564.319 19.926
v 170.499 560.158 19.926
v 179.508 560.166 19.791
v 173.269 556.005 19.791
v 182.278 556.012 19.659
v 176.039 551.851 19.659
v 185.048 551.859 19.530
v 178.808 547.698 19.530
v 187.818 547.705 19.404
v 181.578 543.544 19.404
v 190.588 543.552 19.281
v 184.348 539.390 19.281
v 193.358 539.398 19.160
v 187.118 535.237 19.160
v 15.920 599.131 23.360
v 9.670 594.985 23.360
v 18.635 595.038 23.079
v 12.385 590.892 23.079
v 21.350 590.945 22.810
v 15.100 586.799 22.810
v 24.065 586.852 22.550
v 17.815 582.706 22.550
v 26.780 582.760 22.300
v 20.530 578.614 22.300
v 29.495 578.667 22.059
v 23.245 574.521 22.059
v 32.210 574.574 21.826
v 25.960 570.428 21.826
v 34.925 570.481 21.602
v 28.675 566.335 21.602
v 37.640 566.389 21.384
v 31.390 562.243 21.384
v 40.355 562.296 21.174
v 34.105 558.150 21.174
v 43.070 558.203 20.970
v 36.820 554.057 20.970
v 45.785 554.110 20.772
v 39.535 549.964 20.772
v 48.500 550.018 20.580
v 42.250 545.872 20.580
v 51.215 545.925 20.394
v 44.965 541.779 20.394
v 53.930 541.832 20.213
v 47.680 537.686 20.213
v 56.645 537.739 20.036
v 50.395 533.593 20.036
v 59.360 533.647 19.864
v 53.110 529.501 19.864
v 62.075 529.554 19.696
v 55.825 525.408 19.696
v 64.790 525.461 19.532
v 58.540 521.315 19.532
v 67.505 521.368 19.372
v 61.256 517.222 19.372
v 70.220 517.276 19.216
v 63.971 513.130 19.216
v 72.935 513.183 19.064
v 66.686 509.037 19.064
v 75.650 509.090 18.914
v 69.401 504.944 18.914
v 78.366 504.997 18.768
v 72.116 500.851 18.768
v 81.081 500.905 18.625
v 74.831 496.759 18.625
v 83.796 496.812 18.486
v 77.546 492.666 18.486
v 86.511 492.719 18.349
v 80.261 488.573 18.349
v 89.226 488.626 18.215
v 82.976 484.480 18.215
v 91.941 484.534 18.085
v 85.691 480.388 18.085
v 94.656 480.441 17.957
v 88.406 476.295 17.957
v 97.371 476.348 17.833
v 91.121 472.202 17.833
v 96.099 471.015 17.833
v 92.392 477.535 17.833
v 91.877 468.615 17.806
v 88.171 475.135 17.806
v 87.656 466.215 17.781
v 83.949 472.735 17.781
v 83.532 463.873 17.758
v 79.629 470.277 17.758
v 79.643 461.335 17.730
v 75.394 467.516 17.730
v 75.855 458.595 17.698
v 71.313 464.563 17.698
v 72.166 455.644 17.663
v 67.420 461.451 17.663
v 68.469 452.557 17.627
v 63.662 458.314 17.627
v 64.741 449.444 17.593
v 59.934 455.201 17.593
v 61.013 446.332 17.561
v 56.206 452.089 17.561
v 57.285 443.219 17.531
v 52.478 448.977 17.531
v 53.557 440.107 17.503
v 48.750 445.864 17.503
v 49.829 436.994 17.477
v 45.022 442.752 17.477
v 46.101 433.882 17.453
v 41.294 439.639 17.453
v 42.373 430.770 17.430
v 37.566 436.527 17.430
v 38.645 427.657 17.408
v 33.838 433.414 17.408
v 34.917 424.545 17.388
v 30.111 430.302 17.388
v 31.189 421.432 17.369
v 26.383 427.190 17.369
v 27.461 418.320 17.351
v 22.655 424.077 17.351
v 23.733 415.207 17.334
v 18.927 420.965 17.334
v 20.006 412.095 17.317
v 15.199 417.852 17.317
v 16.278 408.983 17.301
v 11.471 414.740 17.301
v 12.550 405.870 17.285
v 7.743 411.627 17.285
v 8.822 402.758 17.270
v 4.015 408.515 17.270
v 5.094 399.645 17.254
v 0.287 405.402 17.254
v 1.366 396.533 17.239
v -3.441 402.290 17.239
v -2.362 393.420 17.223
v -7.169 399.178 17.223
v -6.090 390.308 17.206
v -10.897 396.065 17.206
v -9.818 387.196 17.189
v -14.625 392.953 17.189
v 85.872 79.056 12.457
v 80.522 73.800 12.457
v 89.219 75.649 12.390
v 83.869 70.393 12.390
v 92.567 72.242 12.321
v 87.217 66.986 12.321
v 95.914 68.835 12.250
v 90.564 63.579 12.250
v 99.261 65.427 12.176
v 93.911 60.171 12.176
v 102.609 62.020 12.100
v 97.259 56.764 12.100
v 105.956 58.613 12.021
v 100.606 53.357 12.021
v 109.304 55.206 11.941
v 103.953 49.950 11.941
v 112.651 51.799 11.857
v 107.301 46.542 11.857
v 115.998 48.391 11.771
v 110.648 43.135 11.771
v 374.740 256.659 13.939
v 370.703 262.980 13.939
v 370.667 254.058 13.927
v 366.631 260.379 13.927
v 366.595 251.457 13.914
v 362.558 257.778 13.914
v 362.522 248.856 13.901
v 358.485 255.177 13.901
v 358.449 246.255 13.888
v 354.412 252.576 13.888
v 354.376 243.654 13.873
v 350.340 249.975 13.873
v 350.304 241.053 13.859
v 346.267 247.374 13.859
v 346.231 238.452 13.844
v 342.194 244.773 13.844
v 342.158 235.851 13.829
v 338.121 242.172 13.829
v 338.085 233.250 13.814
v 334.049 239.571 13.814
v 334.013 230.649 13.798
v 329.976 236.970 13.798
v 329.940 228.048 13.782
v 325.903 234.369 13.782
v 325.867 225.447 13.766
v 321.830 231.768 13.766
v 321.794 222.846 13.749
v 317.758 229.167 13.749
v 317.722 220.245 13.732
v 313.685 226.566 13.732
v 313.649 217.645 13.715
v 309.612 223.965 13.715
v 309.576 215.044 13.698
v 305.539 221.365 13.698
v 305.503 212.443 13.681
v 301.467 218.764 13.681
v 301.431 209.842 13.663
v 297.394 216.163 13.663
v 297.358 207.241 13.644
v 293.321 213.562 13.644
v 293.285 204.640 13.626
v 289.248 210.961 13.626
v 289.212 202.039 13.607
v 285.176 208.360 13.607
v 285.140 199.438 13.588
v 281.103 205.759 13.588
v 281.067 196.837 13.568
v 277.030 203.158 13.568
v 276.994 194.236 13.548
v 272.957 200.557 13.548
v 254.530 234.972 14.130
v 248.282 230.823 14.130
v 257.149 231.027 14.076
v 250.901 226.879 14.076
v 259.768 227.082 14.020
v 253.520 222.934 14.020
v 262.387 223.138 13.961
v 256.138 218.990 13.961
v 265.006 219.193 13.900
v 258.757 215.045 13.900
v 267.624 215.249 13.836
v 261.376 211.100 13.836
v 270.243 211.304 13.769
v 263.995 207.156 13.769
v 272.862 207.360 13.699
v 266.614 203.211 13.699
v 275.481 203.415 13.625
v 269.233 199.267 13.625
v 278.100 199.471 13.548
v 271.851 195.322 13.548
v 110.761 48.502 11.771
v 115.885 43.025 11.771
v 114.388 51.895 11.786
v 119.512 46.418 11.786
v 118.015 55.288 11.804
v 123.139 49.811 11.804
v 121.643 58.681 11.826
v 126.766 53.204 11.826
v 125.270 62.074 11.852
v 130.393 56.597 11.852
v 128.897 65.467 11.881
v 134.020 59.990 11.881
v 132.524 68.860 11.913
v 137.648 63.383 11.913
v 136.151 72.254 11.947
v 141.275 66.777 11.947
v 139.778 75.647 11.984
v 144.902 70.170 11.984
v 143.405 79.040 12.023
v 148.529 73.563 12.023
v 147.032 82.433 12.064
v 152.156 76.956 12.064
v 150.659 85.826 12.106
v 155.783 80.349 12.106
v 154.286 89.219 12.150
v 159.410 83.742 12.150
v 157.913 92.612 12.194
v 163.037 87.135 12.194
v 161.540 96.005 12.240
v 166.664 90.528 12.240
v 165.167 99.398 12.286
v 170.291 93.921 12.286
v 168.795 102.792 12.333
v 173.918 97.315 12.333
v 172.422 106.185 12.379
v 177.545 100.708 12.379
v 176.049 109.578 12.426
v 181.172 104.101 12.426
v 179.676 112.971 12.473
v 184.800 107.494 12.473
v 183.303 116.364 12.520
v 188.427 110.887 12.520
v 186.930 119.757 12.567
v 192.054 114.280 12.567
v 190.557 123.150 12.613
v 195.681 117.673 12.613
v 194.184 126.543 12.659
v 199.308 121.066 12.659
v 197.811 129.936 12.704
v 202.935 124.459 12.704
v 201.438 133.330 12.749
v 206.562 127.853 12.749
v 205.065 136.723 12.794
v 210.189 131.246 12.794
v 277.329 194.477 13.548
v 272.622 200.316 13.548
v 273.610 191.481 13.518
v 268.758 197.200 13.518
v 270.098 188.343 13.484
v 265.012 193.855 13.484
v 266.617 185.025 13.447
v 261.443 190.454 13.447
v 263.092 181.665 13.410
v 257.917 187.094 13.410
v 259.567 178.306 13.372
v 254.392 183.735 13.372
v 256.042 174.946 13.333
v 250.867 180.375 13.333
v 252.516 171.586 13.294
v 247.342 177.015 13.294
v 248.991 168.226 13.254
v 243.817 173.656 13.254
v 245.466 164.867 13.215
v 240.292 170.296 13.215
v 241.941 161.507 13.174
v 236.766 166.936 13.174
v 238.416 158.147 13.134
v 233.241 163.576 13.134
v 234.891 154.788 13.093
v 229.716 160.217 13.093
v 231.365 151.428 13.051
v 226.191 156.857 13.051
v 227.840 148.068 13.009
v 222.666 153.497 13.009
v 224.315 144.708 12.967
v 219.141 150.138 12.967
v 220.790 141.349 12.924
v 215.616 146.778 12.924
v 217.265 137.989 12.881
v 212.090 143.418 12.881
v 213.740 134.629 12.838
v 208.565 140.058 12.838
v 210.214 131.270 12.794
v 205.040 136.699 12.794
v 177.799 166.145 13.403
v 172.756 160.593 13.403
v 181.394 162.880 13.347
v 176.351 157.328 13.347
v 184.988 159.615 13.289
v 179.945 154.063 13.289
v 188.582 156.350 13.228
v 183.540 150.798 13.228
v 192.177 153.085 13.164
v 187.134 147.533 13.164
v 195.771 149.820 13.097
v 190.728 144.268 13.097
v 199.365 146.555 13.027
v 194.323 141.003 13.027
v 202.960 143.290 12.953
v 197.917 137.738 12.953
v 206.554 140.025 12.875
v 201.511 134.473 12.875
v 210.149 136.760 12.794
v 205.106 131.208 12.794
v 207.600 717.701 26.487
v 203.459 723.954 26.487
v 203.539 715.011 26.390
v 199.398 721.264 26.390
v 199.477 712.321 26.292
v 195.336 718.574 26.292
v 195.416 709.632 26.193
v 191.275 715.885 26.193
v 191.354 706.942 26.093
v 187.213 713.195 26.093
v 187.292 704.252 25.993
v 183.151 710.505 25.993
v 183.231 701.562 25.893
v 179.090 707.815 25.893
v 179.169 698.873 25.792
v 175.028 705.126 25.792
v 175.108 696.183 25.692
v 170.966 702.436 25.692
v 171.046 693.493 25.591
v 166.905 699.746 25.591
v 166.984 690.803 25.490
v 162.843 697.056 25.490
v 162.923 688.113 25.390
v 158.782 694.367 25.390
v 158.861 685.424 25.289
v 154.720 691.677 25.289
v 154.800 682.734 25.189
v 150.658 688.987 25.189
v 150.738 680.044 25.089
v 146.597 686.297 25.089
v 146.676 677.354 24.990
v 142.535 683.607 24.990
v 142.615 674.665 24.891
v 138.474 680.918 24.891
v 138.553 671.975 24.793
v 134.412 678.228 24.793
v 134.492 669.285 24.696
v 130.350 675.538 24.696
v 130.430 666.595 24.599
v 126.289 672.848 24.599
v 126.368 663.905 24.504
v 122.227 670.159 24.504
v 122.307 661.216 24.410
v 118.166 667.469 24.410
v 118.245 658.526 24.317
v 114.104 664.779 24.317
v 114.183 655.836 24.226
v 110.042 662.089 24.226
v 9.952 601.619 23.360
v 15.638 592.496 23.360
v 14.090 604.198 23.337
v 19.776 595.075 23.337
v 18.228 606.778 23.319
v 23.914 597.655 23.319
v 22.366 609.357 23.307
v 28.053 600.234 23.307
v 26.505 611.937 23.300
v 32.191 602.814 23.300
v 30.643 614.516 23.299
v 36.329 605.393 23.299
v 34.781 617.095 23.303
v 40.467 607.972 23.303
v 38.919 619.675 23.313
v 44.606 610.552 23.313
v 43.058 622.254 23.328
v 48.744 613.131 23.328
v 47.196 624.833 23.349
v 52.882 615.711 23.349
v 51.334 627.413 23.375
v 57.021 618.290 23.375
v 55.472 629.992 23.407
v 61.159 620.869 23.407
v 59.611 632.572 23.444
v 65.297 623.449 23.444
v 63.749 635.151 23.487
v 69.435 626.028 23.487
v 67.887 637.730 23.534
v 73.574 628.607 23.534
v 72.025 640.310 23.587
v 77.712 631.187 23.587
v 76.164 642.889 23.644
v 81.850 633.766 23.644
v 80.302 645.469 23.705
v 85.988 636.346 23.705
v 84.440 648.048 23.770
v 90.127 638.925 23.770
v 88.578 650.627 23.839
v 94.265 641.504 23.839
v 92.717 653.207 23.911
v 98.403 644.084 23.911
v 96.855 655.786 23.986
v 102.541 646.663 23.986
v 100.993 658.365 24.064
v 106.680 649.242 24.064
v 105.132 660.945 24.144
v 110.818 651.822 24.144
v 109.270 663.524 24.226
v 114.956 654.401 24.226
v 468.671 891.567 27.388
v 475.082 895.458 27.388
v 466.223 895.601 27.728
v 472.634 899.492 27.728
v 463.775 899.635 28.074
v 470.186 903.526 28.074
v 461.327 903.669 28.428
v 467.738 907.560 28.428
v 458.879 907.703 28.789
v 465.290 911.594 28.789
v 456.431 911.737 29.158
v 462.843 915.628 29.158
v 453.983 915.771 29.533
v 460.395 919.662 29.533
v 451.535 919.805 29.914
v 457.947 923.696 29.914
v 449.084 923.844 30.302
v 455.502 927.724 30.302
v 446.632 927.916 30.694
v 453.085 931.737 30.694
v 444.244 932.018 31.091
v 450.725 935.791 31.091
v 441.870 936.096 31.492
v 448.351 939.869 31.492
v 439.496 940.174 31.896
v 445.978 943.947 31.896
v 437.122 944.251 32.303
v 443.604 948.025 32.303
v 434.748 948.329 32.711
v 441.230 952.103 32.711
v 432.374 952.407 33.120
v 438.856 956.181 33.120
v 430.000 956.485 33.528
v 436.482 960.259 33.528
v 427.626 960.563 33.934
v 434.108 964.337 33.934
v 3.836 226.090 14.335
v -1.868 230.960 14.335
v 0.686 222.401 14.308
v -5.018 227.271 14.308
v -2.465 218.712 14.281
v -8.168 223.582 14.281
v -5.615 215.023 14.255
v -11.318 219.893 14.255
v -8.765 211.334 14.229
v -14.468 216.204 14.229
v -11.915 207.645 14.204
v -17.619 212.515 14.204
v -15.065 203.956 14.179
v -20.769 208.826 14.179
v -18.215 200.267 14.155
v -23.919 205.137 14.155
v -21.366 196.578 14.132
v -27.069 201.448 14.132
v -24.516 192.889 14.109
v -30.219 197.759 14.109
v -27.666 189.200 14.088
v -33.369 194.071 14.088
v -30.816 185.511 14.068
v -36.519 190.382 14.068
v -33.966 181.822 14.048
v -39.670 186.693 14.048
v -37.116 178.133 14.030
v -42.820 183.004 14.030
v -40.267 174.444 14.013
v -45.970 179.315 14.013
v -43.417 170.755 13.998
v -49.120 175.626 13.998
v 363.670 650.517 21.222
v 370.095 654.387 21.222
v 361.138 654.721 21.357
v 367.562 658.591 21.357
v 358.605 658.926 21.495
v 365.030 662.796 21.495
v 356.073 663.130 21.638
v 362.497 667.000 21.638
v 353.540 667.334 21.786
v 359.965 671.204 21.786
v 351.008 671.539 21.938
v 357.432 675.408 21.938
v 348.475 675.743 22.096
v 354.899 679.613 22.096
v 345.942 679.947 22.259
v 352.367 683.817 22.259
v 343.410 684.151 22.427
v 349.834 688.021 22.427
v 340.877 688.356 22.601
v 347.302 692.225 22.601
v 338.345 692.560 22.782
v 344.769 696.430 22.782
v 335.812 696.764 22.969
v 342.237 700.634 22.969
v 333.280 700.968 23.163
v 339.704 704.838 23.163
v 330.747 705.173 23.364
v 337.172 709.043 23.364
v 328.215 709.377 23.573
v 334.639 713.247 23.573
v 159.017 793.164 33.744
v 163.073 786.855 33.744
v 163.041 795.751 33.867
v 167.097 789.443 33.867
v 167.065 798.339 33.985
v 171.122 792.031 33.985
v 171.090 800.927 34.100
v 175.146 794.618 34.100
v 175.114 803.514 34.210
v 179.170 797.206 34.210
v 179.138 806.102 34.316
v 183.195 799.793 34.316
v 183.163 808.690 34.416
v 187.219 802.381 34.416
v 187.187 811.277 34.512
v 191.243 804.969 34.512
v 191.211 813.865 34.603
v 195.268 807.556 34.603
v 195.236 816.452 34.689
v 199.292 810.144 34.689
v 199.260 819.040 34.769
v 203.316 812.732 34.769
v 203.285 821.628 34.845
v 207.341 815.319 34.845
v 207.309 824.215 34.915
v 211.365 817.907 34.915
v 211.333 826.803 34.979
v 215.390 820.494 34.979
v 215.358 829.391 35.039
v 219.414 823.082 35.039
v 219.382 831.978 35.093
v 223.438 825.670 35.093
v 223.406 834.566 35.142
v 227.463 828.257 35.142
v 227.431 837.153 35.186
v 231.487 830.845 35.186
v 231.455 839.741 35.225
v 235.511 833.433 35.225
v 235.479 842.329 35.259
v 239.536 836.020 35.259
v 239.504 844.916 35.289
v 243.560 838.608 35.289
v 15.848 592.634 23.360
v 9.742 601.481 23.360
v 11.787 589.832 23.375
v 5.681 598.679 23.375
v 7.727 587.029 23.395
v 1.621 595.877 23.395
v 3.667 584.227 23.420
v -2.439 593.075 23.420
v -0.394 581.425 23.449
v -6.500 590.272 23.449
v -4.454 578.623 23.484
v -10.560 587.470 23.484
v -8.324 575.958 23.523
v -14.811 584.530 23.523
v -11.739 573.130 23.538
v -18.965 581.090 23.538
v -15.062 569.820 23.527
v -22.640 577.444 23.527
v -18.561 566.342 23.519
v -26.139 573.966 23.519
v -22.060 562.864 23.512
v -29.638 570.488 23.512
v -25.558 559.386 23.508
v -33.137 567.011 23.508
v -29.057 555.908 23.505
v -36.636 563.533 23.505
v -32.556 552.430 23.504
v -40.135 560.055 23.504
v -36.055 548.952 23.503
v -43.634 556.577 23.503
v -39.460 545.570 23.502
v -47.227 553.003 23.502
v -42.618 542.100 23.484
v -50.704 549.183 23.484
v -45.731 538.405 23.452
v -53.950 545.334 23.452
v -48.911 534.633 23.419
v -57.130 541.562 23.419
v -52.091 530.861 23.384
v -60.310 537.790 23.384
v -55.270 527.089 23.347
v -63.490 534.018 23.347
v -58.450 523.317 23.307
v -66.669 530.246 23.307
v -61.630 519.545 23.265
v -69.849 526.474 23.265
v -64.810 515.773 23.219
v -73.029 522.702 23.219
v -67.989 512.001 23.169
v -76.209 518.930 23.169
v -71.169 508.229 23.116
v -79.388 515.158 23.116
v -74.349 504.457 23.057
v -82.568 511.386 23.057
v -77.529 500.685 22.995
v -85.748 507.614 22.995
v -80.709 496.913 22.927
v -88.928 503.842 22.927
v -83.888 493.141 22.854
v -92.108 500.070 22.854
v -87.068 489.369 22.777
v -95.287 496.298 22.777
v -90.248 485.597 22.694
v -98.467 492.526 22.694
v 203.539 724.005 26.487
v 207.521 717.650 26.487
v 207.681 726.600 26.576
v 211.663 720.245 26.576
v 211.824 729.196 26.663
v 215.805 722.840 26.663
v 215.966 731.791 26.749
v 219.948 725.435 26.749
v 220.108 734.386 26.833
v 224.090 728.030 26.833
v 224.251 736.981 26.915
v 228.232 730.625 26.915
v 228.393 739.576 26.996
v 232.375 733.220 26.996
v 232.535 742.171 27.074
v 236.517 735.815 27.074
v 236.678 744.766 27.150
v 240.659 738.410 27.150
v 240.820 747.361 27.224
v 244.802 741.006 27.224
v 244.952 749.950 27.295
v 248.954 743.607 27.295
v 249.059 752.560 27.365
v 253.098 746.240 27.365
v 253.163 755.198 27.435
v 257.218 748.889 27.435
v 257.274 757.841 27.501
v 261.330 751.532 27.501
v 261.386 760.484 27.565
v 265.442 754.175 27.565
v 265.498 763.128 27.626
v 269.554 756.819 27.626
v 269.610 765.771 27.683
v 273.665 759.462 27.683
v 273.721 768.414 27.737
v 277.777 762.105 27.737
v 277.833 771.057 27.787
v 281.889 764.748 27.787
v 281.945 773.701 27.834
v 286.001 767.392 27.834
v 286.057 776.344 27.878
v 290.112 770.035 27.878
v 340.221 800.560 28.275
v 332.286 812.094 28.275
v 336.207 797.799 28.259
v 328.272 809.333 28.259
v 332.193 795.037 28.240
v 324.258 806.571 28.240
v 328.179 792.276 28.218
v 320.244 803.810 28.218
v 324.164 789.514 28.193
v 316.230 801.048 28.193
v 320.150 786.753 28.165
v 312.215 798.287 28.165
v 316.136 783.991 28.134
v 308.201 795.525 28.134
v 312.122 781.230 28.100
v 304.187 792.764 28.100
v 308.108 778.468 28.062
v 300.173 790.002 28.062
v 304.094 775.707 28.021
v 296.159 787.241 28.021
v 300.080 772.945 27.977
v 292.145 784.480 27.977
v 296.066 770.184 27.929
v 288.131 781.718 27.929
v 292.052 767.422 27.878
v 284.117 778.957 27.878
v 332.464 812.213 28.275
v 340.042 800.441 28.275
v 336.594 814.872 28.278
v 344.172 803.100 28.278
v 340.724 817.530 28.279
v 348.301 805.758 28.279
v 344.853 820.188 28.276
v 352.431 808.416 28.276
v 348.983 822.846 28.272
v 356.561 811.075 28.272
v 353.112 825.505 28.265
v 360.690 813.733 28.265
v 357.242 828.163 28.256
v 364.820 816.391 28.256
v 361.372 830.821 28.245
v 368.949 819.049 28.245
v 365.501 833.480 28.232
v 373.079 821.708 28.232
v 369.631 836.138 28.217
v 377.209 824.366 28.217
v 373.760 838.796 28.200
v 381.338 827.024 28.200
v 377.881 841.449 28.181
v 385.477 829.688 28.181
v 381.989 844.110 28.162
v 389.612 832.367 28.162
v 386.102 846.785 28.142
v 393.734 835.048 28.142
v 390.219 849.462 28.120
v 397.851 837.726 28.120
v 394.336 852.140 28.097
v 401.969 840.403 28.097
v 398.453 854.817 28.072
v 406.086 843.081 28.072
v 402.570 857.495 28.046
v 410.203 845.758 28.046
v 406.688 860.172 28.018
v 414.320 848.436 28.018
v 410.805 862.850 27.989
v 418.437 851.113 27.989
v 414.922 865.527 27.959
v 422.554 853.791 27.959
v 419.039 868.205 27.927
v 426.672 856.468 27.927
v 423.156 870.882 27.894
v 430.789 859.146 27.894
v 423.222 870.924 27.894
v 430.723 859.104 27.894
v 427.304 873.515 27.856
v 434.806 861.694 27.856
v 431.386 876.106 27.816
v 438.888 864.285 27.816
v 435.468 878.696 27.775
v 442.970 866.876 27.775
v 439.550 881.287 27.733
v 447.052 869.467 27.733
v 443.632 883.878 27.689
v 451.134 872.058 27.689
v 447.715 886.469 27.643
v 455.216 874.648 27.643
v 451.797 889.059 27.595
v 459.299 877.239 27.595
v 455.879 891.650 27.546
v 463.381 879.830 27.546
v 459.961 894.241 27.495
v 467.463 882.421 27.495
v 464.043 896.832 27.443
v 471.545 885.011 27.443
v 468.125 899.423 27.388
v 475.627 887.602 27.388
v 526.691 933.575 26.314
v 532.364 924.443 26.314
v 530.820 936.139 26.216
v 536.493 927.008 26.216
v 534.950 938.704 26.115
v 540.622 929.572 26.115
v 539.079 941.269 26.010
v 544.751 932.137 26.010
v 543.208 943.834 25.901
v 548.880 934.702 25.901
v 547.337 946.399 25.788
v 553.009 937.267 25.788
v 551.466 948.963 25.672
v 557.138 939.832 25.672
v 555.595 951.528 25.552
v 561.267 942.396 25.552
v 559.725 954.093 25.428
v 565.397 944.961 25.428
v 563.854 956.658 25.300
v 569.526 947.526 25.300
v 567.983 959.222 25.168
v 573.655 950.090 25.168
v 572.112 961.787 25.032
v 577.784 952.655 25.032
v 576.241 964.352 24.893
v 581.913 955.220 24.893
v 580.371 966.916 24.750
v 586.043 957.784 24.750
v 584.500 969.481 24.604
v 590.172 960.349 24.604
v 588.629 972.046 24.454
v 594.301 962.914 24.454
v 592.758 974.610 24.301
v 598.430 965.478 24.301
v 596.887 977.175 24.145
v 602.559 968.043 24.145
v 423.812 862.996 27.894
v 430.133 867.032 27.894
v 421.203 867.082 28.243
v 427.524 871.119 28.243
v 418.593 871.169 28.600
v 424.915 875.205 28.600
v 415.984 875.256 28.965
v 422.305 879.292 28.965
v 413.375 879.342 29.338
v 419.696 883.378 29.338
v 410.765 883.429 29.719
v 417.087 887.465 29.719
v 408.156 887.515 30.109
v 414.478 891.552 30.109
v 405.547 891.602 30.507
v 411.868 895.638 30.507
v 402.928 895.703 30.913
v 409.268 899.710 30.913
v 400.330 899.857 31.328
v 406.724 903.776 31.328
v 397.795 904.080 31.749
v 404.268 907.868 31.749
v 395.367 908.335 32.177
v 401.891 912.035 32.177
v 392.982 912.568 32.613
v 399.515 916.250 32.613
v 390.601 916.792 33.056
v 397.135 920.474 33.056
v 388.220 921.016 33.506
v 394.754 924.698 33.506
v 385.840 925.240 33.962
v 392.374 928.922 33.962
v 383.459 929.463 34.423
v 389.993 933.146 34.423
v 493.085 570.891 18.080
v 486.775 566.837 18.080
v 495.712 566.802 17.962
v 489.401 562.748 17.962
v 498.338 562.713 17.841
v 492.028 558.659 17.841
v 500.965 558.624 17.719
v 494.654 554.570 17.719
v 503.591 554.535 17.594
v 497.281 550.481 17.594
v 506.218 550.446 17.467
v 499.908 546.392 17.467
v 508.845 546.357 17.337
v 502.534 542.303 17.337
v 511.471 542.268 17.205
v 505.161 538.214 17.205
v 514.099 538.178 17.070
v 507.787 534.127 17.070
v 516.723 534.084 16.932
v 510.408 530.038 16.932
v 519.345 529.991 16.792
v 513.029 525.946 16.792
v 521.966 525.898 16.649
v 515.650 521.854 16.649
v 524.587 521.806 16.503
v 518.271 517.761 16.503
v 527.208 517.713 16.353
v 520.891 513.669 16.353
v 529.828 513.619 16.201
v 523.511 509.576 16.201
v 532.448 509.526 16.045
v 526.132 505.483 16.045
v 535.068 505.433 15.887
v 528.752 501.390 15.887
v 537.689 501.340 15.725
v 531.372 497.297 15.725
v 540.309 497.247 15.559
v 533.992 493.204 15.559
v 542.929 493.154 15.390
v 536.613 489.111 15.390
v 545.549 489.061 15.218
v 539.233 485.018 15.218
v 548.170 484.968 15.042
v 541.853 480.925 15.042
v 550.790 480.875 14.862
v 544.473 476.832 14.862
v 553.410 476.782 14.678
v 547.094 472.739 14.678
v 486.780 566.829 18.080
v 493.080 570.898 18.080
v 484.247 570.751 18.192
v 490.547 574.820 18.192
v 481.714 574.674 18.303
v 488.014 578.743 18.303
v 479.180 578.596 18.412
v 485.481 582.665 18.412
v 476.647 582.518 18.519
v 482.948 586.587 18.519
v 474.114 586.440 18.626
v 480.415 590.509 18.626
v 471.581 590.362 18.732
v 477.882 594.431 18.732
v 469.049 594.283 18.836
v 475.347 598.355 18.836
v 466.514 598.199 18.940
v 472.808 602.278 18.940
v 463.974 602.114 19.044
v 470.266 606.196 19.044
v 461.433 606.031 19.147
v 467.724 610.113 19.147
v 458.891 609.947 19.250
v 465.183 614.030 19.250
v 456.350 613.864 19.353
v 462.642 617.946 19.353
v 453.809 617.781 19.456
v 460.100 621.863 19.456
v 451.267 621.698 19.559
v 457.559 625.780 19.559
v 448.726 625.614 19.663
v 455.018 629.697 19.663
v 284.020 601.021 20.494
v 288.217 594.806 20.494
v 288.058 603.748 20.542
v 292.255 597.533 20.542
v 292.096 606.475 20.589
v 296.294 600.260 20.589
v 296.135 609.202 20.634
v 300.332 602.987 20.634
v 300.173 611.929 20.679
v 304.370 605.713 20.679
v 304.211 614.656 20.722
v 308.408 608.440 20.722
v 308.249 617.383 20.764
v 312.446 611.167 20.764
v 312.287 620.110 20.804
v 316.485 613.894 20.804
v 316.325 622.837 20.844
v 320.523 616.621 20.844
v 320.364 625.564 20.882
v 324.561 619.348 20.882
v 324.402 628.291 20.920
v 328.599 622.075 20.920
v 328.440 631.018 20.956
v 332.637 624.802 20.956
v 332.478 633.744 20.991
v 336.675 627.529 20.991
v 336.516 636.471 21.024
v 340.714 630.256 21.024
v 340.555 639.198 21.057
v 344.752 632.983 21.057
v 344.593 641.925 21.088
v 348.790 635.710 21.088
v 348.631 644.652 21.118
v 352.828 638.437 21.118
v 352.669 647.379 21.146
v 356.866 641.164 21.146
v 356.707 650.106 21.173
v 360.905 643.891 21.173
v 360.746 652.833 21.199
v 364.943 646.617 21.199
v 364.784 655.560 21.222
v 368.981 649.344 21.222
v 574.132 439.066 13.028
v 570.061 445.365 13.028
v 570.013 436.404 13.126
v 565.942 442.703 13.126
v 565.893 433.741 13.221
v 561.822 440.040 13.221
v 561.774 431.079 13.313
v 557.703 437.378 13.313
v 557.655 428.416 13.402
v 553.583 434.715 13.402
v 553.535 425.754 13.489
v 549.464 432.053 13.489
v 549.416 423.091 13.573
v 545.345 429.390 13.573
v 545.296 420.429 13.654
v 541.225 426.728 13.654
v 541.177 417.766 13.734
v 537.106 424.065 13.734
v 537.057 415.104 13.811
v 532.986 421.403 13.811
v 532.938 412.441 13.885
v 528.867 418.740 13.885
v 528.818 409.779 13.957
v 524.747 416.078 13.957
v 524.699 407.116 14.027
v 520.628 413.415 14.027
v 520.580 404.454 14.094
v 516.508 410.753 14.094
v 516.460 401.791 14.159
v 512.389 408.090 14.159
v 512.341 399.129 14.221
v 508.270 405.428 14.221
v 333.120 804.267 28.275
v 339.387 808.387 28.275
v 330.395 808.411 28.636
v 336.662 812.531 28.636
v 327.671 812.555 29.007
v 333.938 816.675 29.007
v 324.946 816.699 29.386
v 331.213 820.819 29.386
v 322.222 820.843 29.774
v 328.489 824.963 29.774
v 319.498 824.987 30.172
v 325.765 829.107 30.172
v 316.773 829.131 30.578
v 323.040 833.251 30.578
v 314.049 833.275 30.994
v 320.316 837.395 30.994
v 311.317 837.430 31.419
v 317.598 841.528 31.419
v 308.603 841.621 31.854
v 314.921 845.662 31.854
v 305.943 845.831 32.297
v 312.284 849.837 32.297
v 303.294 850.024 32.750
v 309.635 854.030 32.750
v 300.645 854.217 33.213
v 306.986 858.223 33.213
v 297.997 858.410 33.685
v 304.337 862.415 33.685
v 295.348 862.603 34.167
v 301.689 866.608 34.167
v 292.699 866.795 34.659
v 299.040 870.801 34.659
v 290.051 870.988 35.161
v 296.391 874.994 35.161
v 290.108 870.900 35.161
v 296.334 875.082 35.161
v 287.467 874.831 35.650
v 293.692 879.014 35.650
v 284.825 878.763 36.148
v 291.051 882.945 36.148
v 282.184 882.694 36.656
v 288.409 886.877 36.656
v 279.542 886.626 37.174
v 285.768 890.809 37.174
v 276.901 890.558 37.702
v 283.126 894.740 37.702
v 274.259 894.489 38.239
v 280.485 898.672 38.239
v 271.618 898.421 38.786
v 277.843 902.603 38.786
v 268.977 902.352 39.342
v 275.202 906.535 39.342
v 266.335 906.284 39.908
v 272.561 910.467 39.908
v 263.694 910.216 40.483
v 269.919 914.398 40.483
v 261.052 914.147 41.068
v 267.278 918.330 41.068
v 258.411 918.079 41.660
v 264.636 922.262 41.660
v 255.769 922.011 42.261
v 261.995 926.193 42.261
v 253.128 925.942 42.869
v 259.353 930.125 42.869
v 250.486 929.874 43.484
v 256.712 934.056 43.484
v 239.593 844.972 35.289
v 243.471 838.552 35.289
v 243.569 847.374 35.299
v 247.447 840.955 35.299
v 247.545 849.776 35.305
v 251.423 843.357 35.305
v 251.521 852.178 35.308
v 255.399 845.759 35.308
v 255.497 854.581 35.307
v 259.375 848.161 35.307
v 259.473 856.983 35.302
v 263.352 850.563 35.302
v 263.449 859.385 35.294
v 267.328 852.966 35.294
v 267.425 861.787 35.283
v 271.304 855.368 35.283
v 271.401 864.189 35.269
v 275.280 857.770 35.269
v 275.377 866.592 35.252
v 279.256 860.172 35.252
v 279.354 868.994 35.232
v 283.232 862.575 35.232
v 283.330 871.396 35.210
v 287.208 864.977 35.210
v 287.306 873.798 35.187
v 291.184 867.379 35.187
v 291.282 876.201 35.161
v 295.160 869.781 35.161
v 342.920 898.688 34.770
v 339.036 905.104 34.770
v 338.940 896.279 34.806
v 335.057 902.695 34.806
v 334.960 893.870 34.842
v 331.077 900.287 34.842
v 330.981 891.461 34.877
v 327.097 897.878 34.877
v 327.001 889.053 34.912
v 323.117 895.469 34.912
v 323.021 886.644 34.946
v 319.138 893.060 34.946
v 319.041 884.235 34.979
v 315.158 890.652 34.979
v 315.061 881.826 35.012
v 311.178 888.243 35.012
v 311.082 879.418 35.044
v 307.198 885.834 35.044
v 307.102 877.009 35.075
v 303.218 883.425 35.075
v 303.122 874.600 35.105
v 299.239 881.017 35.105
v 299.142 872.191 35.134
v 295.259 878.608 35.134
v 295.163 869.783 35.161
v 291.279 876.199 35.161
v 701.602 857.387 17.177
v 697.517 863.677 17.177
v 697.463 854.699 17.237
v 693.378 860.989 17.237
v 693.324 852.011 17.297
v 689.239 858.300 17.297
v 689.186 849.322 17.358
v 685.100 855.612 17.358
v 685.047 846.634 17.420
v 680.962 852.924 17.420
v 680.908 843.946 17.483
v 676.823 850.235 17.483
v 676.769 841.257 17.546
v 672.684 847.547 17.546
v 672.631 838.569 17.611
v 668.545 844.859 17.611
v 668.492 835.881 17.676
v 664.406 842.170 17.676
v 664.353 833.193 17.742
v 660.268 839.482 17.742
v 660.214 830.504 17.809
v 656.129 836.794 17.809
v 656.076 827.816 17.877
v 651.990 834.106 17.877
v 651.937 825.128 17.945
v 647.851 831.417 17.945
v 647.798 822.439 18.014
v 643.713 828.729 18.014
v 643.659 819.751 18.084
v 639.574 826.041 18.084
v 639.521 817.063 18.154
v 635.435 823.352 18.154
v 635.382 814.374 18.225
v 631.296 820.664 18.225
v 631.243 811.686 18.296
v 627.158 817.976 18.296
v 627.104 808.998 18.367
v 623.019 815.287 18.367
v 622.965 806.309 18.439
v 618.880 812.599 18.439
v 618.827 803.621 18.511
v 614.741 809.911 18.511
v 614.688 800.933 18.584
v 610.603 807.222 18.584
v 610.549 798.244 18.657
v 606.464 804.534 18.657
v -362.921 -344.100 17.354
v -360.083 -340.936 17.354
v -366.510 -340.882 17.683
v -363.673 -337.718 17.683
v -370.099 -337.663 18.028
v -367.262 -334.499 18.028
v -373.688 -334.445 18.390
v -370.851 -331.281 18.390
v -377.278 -331.226 18.770
v -374.440 -328.062 18.770
v -380.867 -328.008 19.167
v -378.030 -324.844 19.167
v 85.439 73.422 12.457
v 80.955 79.434 12.457
v 81.736 70.660 12.453
v 77.251 76.672 12.453
v 78.032 67.897 12.452
v 73.548 73.909 12.452
v 74.328 65.135 12.454
v 69.844 71.146 12.454
v 70.625 62.372 12.460
v 66.141 68.384 12.460
v 23.469 137.666 13.374
v 28.641 132.234 13.374
v 26.949 140.979 13.387
v 32.120 135.547 13.387
v 30.428 144.291 13.403
v 35.599 138.859 13.403
v 33.907 147.603 13.420
v 39.079 142.171 13.420
v 37.386 150.915 13.439
v 42.558 145.483 13.439
v 40.866 154.228 13.461
v 46.037 148.796 13.461
v 44.345 157.540 13.484
v 49.516 152.108 13.484
v 47.824 160.852 13.509
v 52.996 155.420 13.509
v 51.303 164.165 13.535
v 56.475 158.733 13.535
v 54.783 167.477 13.562
v 59.954 162.045 13.562
v 58.262 170.789 13.591
v 63.433 165.357 13.591
v 61.741 174.102 13.620
v 66.912 168.670 13.620
v 65.220 177.414 13.651
v 70.392 171.982 13.651
v 68.700 180.726 13.682
v 73.871 175.294 13.682
v 72.179 184.039 13.714
v 77.350 178.607 13.714
v 75.658 187.351 13.746
v 80.829 181.919 13.746
v 79.137 190.663 13.778
v 84.309 185.231 13.778
v 82.616 193.976 13.811
v 87.788 188.544 13.811
v 86.096 197.288 13.844
v 91.267 191.856 13.844
v 89.575 200.600 13.876
v 94.746 195.168 13.876
v 93.054 203.913 13.909
v 98.226 198.481 13.909
v 96.533 207.225 13.942
v 101.705 201.793 13.942
v 100.013 210.537 13.974
v 105.184 205.105 13.974
v 103.492 213.849 14.006
v 108.663 208.417 14.006
v 106.971 217.162 14.038
v 112.142 211.730 14.038
v 110.450 220.474 14.070
v 115.622 215.042 14.070
v 28.721 137.588 13.374
v 23.390 132.312 13.374
v 32.151 134.121 13.328
v 26.821 128.846 13.328
v 35.582 130.654 13.281
v 30.251 125.379 13.281
v 39.013 127.188 13.233
v 33.682 121.912 13.233
v 42.444 123.721 13.184
v 37.113 118.445 13.184
v 45.875 120.254 13.134
v 40.544 114.978 13.134
v 49.306 116.787 13.084
v 43.975 111.512 13.084
v 52.736 113.320 13.033
v 47.405 108.045 13.033
v 56.167 109.853 12.980
v 50.836 104.578 12.980
v 80.498 73.825 12.457
v 85.896 79.032 12.457
v 77.198 77.246 12.522
v 82.597 82.452 12.522
v 73.899 80.667 12.585
v 79.297 85.873 12.585
v 70.599 84.087 12.646
v 75.998 89.294 12.646
v 67.300 87.508 12.706
v 72.698 92.715 12.706
v 64.000 90.929 12.764
v 69.399 96.136 12.764
v 60.701 94.350 12.820
v 66.099 99.557 12.820
v 57.402 97.771 12.875
v 62.800 102.977 12.875
v 54.102 101.192 12.928
v 59.500 106.398 12.928
v 50.803 104.612 12.980
v 56.201 109.819 12.980
v 145.873 188.921 13.801
v 140.735 194.385 13.801
v 142.281 185.543 13.764
v 137.143 191.007 13.764
v 138.689 182.166 13.726
v 133.551 187.630 13.726
v 135.097 178.788 13.689
v 129.959 184.252 13.689
v 131.505 175.411 13.650
v 126.367 180.875 13.650
v 127.912 172.033 13.612
v 122.775 177.497 13.612
v 124.320 168.656 13.573
v 119.183 174.120 13.573
v 120.728 165.278 13.535
v 115.591 170.742 13.535
v 117.136 161.901 13.496
v 111.999 167.365 13.496
v 113.544 158.523 13.457
v 108.406 163.987 13.457
v 109.952 155.146 13.419
v 104.814 160.610 13.419
v 106.360 151.768 13.381
v 101.222 157.232 13.381
v 102.768 148.391 13.343
v 97.630 153.855 13.343
v 99.176 145.013 13.307
v 94.038 150.477 13.307
v 95.584 141.636 13.270
v 90.446 147.100 13.270
v 91.991 138.258 13.235
v 86.854 143.722 13.235
v 88.399 134.881 13.202
v 83.262 140.345 13.202
v 84.807 131.503 13.169
v 79.670 136.968 13.169
v 81.215 128.126 13.138
v 76.078 133.590 13.138
v 77.623 124.749 13.109
v 72.485 130.213 13.109
v 74.031 121.371 13.081
v 68.893 126.835 13.081
v 70.439 117.994 13.056
v 65.301 123.458 13.056
v 66.847 114.616 13.033
v 61.709 120.080 13.033
v 63.255 111.239 13.013
v 58.117 116.703 13.013
v 59.663 107.861 12.995
v 54.525 113.325 12.995
v 56.070 104.484 12.980
v 50.933 109.948 12.980
v 115.485 220.598 14.070
v 110.587 214.918 14.070
v 119.269 217.335 14.039
v 114.370 211.655 14.039
v 123.052 214.071 14.008
v 118.154 208.392 14.008
v 126.836 210.808 13.976
v 121.937 205.129 13.976
v 130.619 207.545 13.944
v 125.721 201.866 13.944
v 134.403 204.282 13.910
v 129.504 198.602 13.910
v 138.186 201.019 13.875
v 133.288 195.339 13.875
v 141.970 197.756 13.839
v 137.071 192.076 13.839
v 145.753 194.492 13.801
v 140.855 188.813 13.801
v 57.344 289.743 14.800
v 51.079 285.619 14.800
v 60.037 285.651 14.745
v 53.773 281.527 14.745
v 62.731 281.559 14.693
v 56.466 277.435 14.693
v 65.424 277.467 14.642
v 59.160 273.343 14.642
v 68.118 273.375 14.594
v 61.853 269.251 14.594
v 70.811 269.283 14.547
v 64.547 265.159 14.547
v 73.505 265.191 14.503
v 67.240 261.067 14.503
v 76.198 261.099 14.459
v 69.934 256.975 14.459
v 78.892 257.007 14.418
v 72.627 252.883 14.418
v 81.586 252.915 14.377
v 75.321 248.791 14.377
v 84.279 248.823 14.337
v 78.014 244.699 14.337
v 86.973 244.731 14.299
v 80.708 240.607 14.299
v 86.274 245.522 14.299
v 81.406 239.817 14.299
v 89.924 242.408 14.269
v 85.056 236.703 14.269
v 93.573 239.294 14.240
v 88.705 233.589 14.240
v 97.223 236.180 14.211
v 92.355 230.475 14.211
v 100.872 233.066 14.183
v 96.004 227.361 14.183
v 104.522 229.953 14.155
v 99.654 224.247 14.155
v 108.171 226.839 14.127
v 103.303 221.133 14.127
v 111.821 223.725 14.098
v 106.952 218.019 14.098
v 115.470 220.611 14.070
v 110.602 214.905 14.070
v 622.907 359.486 7.966
v 629.085 363.739 7.966
v 620.395 363.136 8.206
v 626.572 367.388 8.206
v 617.883 366.785 8.448
v 624.060 371.038 8.448
v 615.370 370.434 8.691
v 621.548 374.687 8.691
v 612.858 374.083 8.935
v 619.036 378.336 8.935
v 610.346 377.732 9.180
v 616.524 381.985 9.180
v 607.834 381.381 9.424
v 614.012 385.634 9.424
v 605.322 385.031 9.669
v 611.500 389.283 9.669
v 610.535 387.194 9.669
v 606.286 387.119 9.669
v 610.623 382.209 9.520
v 606.374 382.134 9.520
v 610.706 377.028 9.374
v 606.468 377.345 9.374
v 609.839 371.839 9.283
v 605.681 372.718 9.283
v 608.554 366.811 9.221
v 604.512 368.123 9.221
v 606.606 361.906 9.200
v 602.782 363.759 9.200
v 604.009 357.410 9.226
v 600.398 359.650 9.226
v 601.185 353.151 9.274
v 597.715 355.604 9.274
v 598.124 349.080 9.340
v 594.782 351.706 9.340
v 594.904 345.158 9.420
v 591.680 347.927 9.420
v 591.542 341.413 9.513
v 588.380 344.252 9.513
v 588.212 337.703 9.607
v 585.049 340.542 9.607
v 584.881 333.993 9.700
v 581.718 336.832 9.700
v 581.550 330.283 9.793
v 578.387 333.122 9.793
v 578.219 326.573 9.885
v 575.056 329.412 9.885
v 574.888 322.862 9.976
v 571.726 325.702 9.976
v 571.557 319.152 10.067
v 568.395 321.992 10.067
v 568.226 315.442 10.156
v 565.064 318.281 10.156
v 564.895 311.732 10.244
v 561.733 314.571 10.244
v 561.564 308.022 10.330
v 558.402 310.861 10.330
v 558.234 304.312 10.414
v 555.071 307.151 10.414
v 554.903 300.602 10.496
v 551.740 303.441 10.496
v 551.572 296.892 10.576
v 548.409 299.731 10.576
v 548.241 293.182 10.653
v 545.078 296.021 10.653
v 544.910 289.472 10.728
v 541.747 292.311 10.728
v 541.579 285.761 10.800
v 538.417 288.601 10.800
v 538.253 282.057 10.869
v 535.080 284.885 10.869
v 535.120 278.539 10.934
v 531.613 280.940 10.934
v 533.049 274.509 10.936
v 529.117 276.121 10.936
v 531.630 269.923 10.893
v 527.572 271.186 10.893
v 530.148 265.162 10.849
v 526.090 266.425 10.849
v 528.667 260.401 10.801
v 524.609 261.664 10.801
v 527.185 255.641 10.752
v 523.127 256.904 10.752
v 525.704 250.880 10.699
v 521.646 252.143 10.699
v 524.222 246.119 10.644
v 520.164 247.382 10.644
v 522.740 241.358 10.586
v 518.682 242.621 10.586
v 375.903 261.805 13.939
v 369.541 257.833 13.939
v 378.277 258.003 13.863
v 371.915 254.031 13.863
v 380.651 254.200 13.784
v 374.289 250.228 13.784
v 383.025 250.397 13.701
v 376.663 246.425 13.701
v 385.399 246.595 13.616
v 379.038 242.623 13.616
v 387.774 242.792 13.527
v 381.412 238.820 13.527
v 390.148 238.989 13.434
v 383.786 235.017 13.434
v 392.522 235.186 13.337
v 386.160 231.214 13.337
v 394.896 231.384 13.236
v 388.534 227.412 13.236
v 397.270 227.581 13.129
v 390.908 223.609 13.129
v 459.860 223.625 12.149
v 454.465 228.836 12.149
v 456.490 220.136 12.129
v 451.096 225.347 12.129
v 453.120 216.648 12.104
v 447.726 221.859 12.104
v 449.750 213.159 12.075
v 444.356 218.370 12.075
v 446.380 209.671 12.043
v 440.986 214.881 12.043
v 443.010 206.182 12.006
v 437.616 211.393 12.006
v 439.641 202.694 11.966
v 434.246 207.904 11.966
v 436.271 199.205 11.922
v 430.877 204.416 11.922
v 432.901 195.716 11.874
v 427.507 200.927 11.874
v 429.500 192.196 11.823
v 424.168 197.471 11.823
v 425.329 188.228 11.773
v 421.461 194.654 11.773
v 418.328 186.491 11.806
v 419.832 193.839 11.806
v 412.535 190.544 11.967
v 418.019 195.660 11.967
v 409.463 195.047 12.138
v 415.696 199.219 12.138
v 406.765 199.078 12.302
v 412.998 203.250 12.302
v 404.067 203.109 12.457
v 410.300 207.281 12.457
v 401.369 207.140 12.605
v 407.602 211.311 12.605
v 398.671 211.171 12.746
v 404.904 215.342 12.746
v 395.942 215.249 12.880
v 402.238 219.326 12.880
v 393.304 219.462 13.008
v 399.729 223.330 13.008
v 390.843 223.718 13.129
v 397.336 227.472 13.129
v 454.463 228.833 12.149
v 459.862 223.628 12.149
v 457.771 232.264 12.165
v 463.170 227.058 12.165
v 461.079 235.695 12.177
v 466.478 230.489 12.177
v 464.386 239.125 12.185
v 469.786 233.919 12.185
v 467.694 242.556 12.189
v 473.093 237.350 12.189
v 471.002 245.986 12.189
v 476.401 240.781 12.189
v 474.310 249.417 12.184
v 479.709 244.211 12.184
v 477.618 252.848 12.175
v 483.017 247.642 12.175
v 480.926 256.278 12.162
v 486.325 251.072 12.162
v 484.233 259.709 12.144
v 489.632 254.503 12.144
v 487.541 263.139 12.122
v 492.940 257.934 12.122
v 490.787 266.505 12.095
v 496.310 261.430 12.095
v 493.529 269.577 12.073
v 499.828 265.506 12.073
v 494.879 272.327 12.102
v 502.293 271.192 12.102
v 494.503 275.182 12.218
v 501.574 277.685 12.218
v 492.328 278.473 12.382
v 498.678 282.464 12.382
v 489.793 282.509 12.541
v 496.143 286.499 12.541
v 487.257 286.544 12.694
v 493.608 290.534 12.694
v 471.250 323.723 13.809
v 465.029 319.532 13.809
v 474.036 319.587 13.686
v 467.816 315.396 13.686
v 476.823 315.451 13.559
v 470.603 311.260 13.559
v 479.609 311.315 13.428
v 473.389 307.124 13.428
v 482.396 307.179 13.291
v 476.176 302.988 13.291
v 485.183 303.042 13.150
v 478.963 298.852 13.150
v 487.969 298.906 13.004
v 481.749 294.716 13.004
v 490.756 294.770 12.852
v 484.536 290.580 12.852
v 493.542 290.634 12.694
v 487.322 286.443 12.694
v 419.255 394.337 15.577
v 423.339 388.047 15.577
v 423.271 396.945 15.585
v 427.355 390.654 15.585
v 427.287 399.552 15.591
v 431.371 393.262 15.591
v 431.303 402.160 15.596
v 435.387 395.869 15.596
v 435.319 404.767 15.599
v 439.403 398.477 15.599
v 439.335 407.375 15.601
v 443.419 401.084 15.601
v 443.351 409.982 15.600
v 447.436 403.692 15.600
v 447.368 412.589 15.597
v 451.452 406.299 15.597
v 451.384 415.197 15.592
v 455.468 408.906 15.592
v 455.400 417.804 15.585
v 459.484 411.514 15.585
v 459.416 420.412 15.575
v 463.500 414.121 15.575
v 463.432 423.019 15.563
v 467.516 416.729 15.563
v 467.448 425.627 15.548
v 471.532 419.336 15.548
v 471.464 428.234 15.531
v 475.548 421.944 15.531
v 475.480 430.842 15.510
v 479.564 424.551 15.510
v 479.496 433.449 15.487
v 483.580 427.159 15.487
v 483.512 436.057 15.462
v 487.596 429.766 15.462
v 487.528 438.664 15.433
v 491.613 432.374 15.433
v 507.123 400.294 14.221
v 513.487 404.263 14.221
v 504.532 404.449 14.382
v 510.895 408.418 14.382
v 501.940 408.604 14.540
v 508.303 412.573 14.540
v 499.348 412.759 14.695
v 505.711 416.728 14.695
v 496.756 416.914 14.848
v 503.120 420.883 14.848
v 494.164 421.069 14.998
v 500.528 425.038 14.998
v 491.572 425.224 15.145
v 497.936 429.193 15.145
v 488.981 429.379 15.290
v 495.344 433.348 15.290
v 486.389 433.534 15.433
v 492.752 437.504 15.433
v 440.570 356.110 14.775
v 446.776 360.322 14.775
v 437.773 360.232 14.877
v 443.979 364.444 14.877
v 434.976 364.354 14.978
v 441.182 368.566 14.978
v 432.179 368.476 15.078
v 438.385 372.688 15.078
v 429.382 372.598 15.178
v 435.588 376.810 15.178
v 426.585 376.720 15.278
v 432.791 380.932 15.278
v 423.788 380.842 15.378
v 429.994 385.054 15.378
v 420.991 384.964 15.477
v 427.197 389.176 15.477
v 418.194 389.086 15.577
v 424.400 393.298 15.577
v 360.136 494.536 17.955
v 353.804 490.516 17.955
v 362.709 490.482 17.863
v 356.377 486.463 17.863
v 365.282 486.429 17.771
v 358.950 482.409 17.771
v 367.855 482.376 17.678
v 361.523 478.356 17.678
v 370.429 478.322 17.585
v 364.097 474.303 17.585
v 373.002 474.269 17.492
v 366.670 470.249 17.492
v 375.575 470.216 17.399
v 369.243 466.196 17.399
v 378.148 466.162 17.305
v 371.816 462.143 17.305
v 380.721 462.109 17.211
v 374.389 458.089 17.211
v 383.294 458.056 17.116
v 376.962 454.036 17.116
v 385.867 454.002 17.022
v 379.535 449.983 17.022
v 388.440 449.949 16.926
v 382.108 445.929 16.926
v 391.013 445.895 16.831
v 384.681 441.876 16.831
v 393.586 441.842 16.735
v 387.254 437.823 16.735
v 396.159 437.789 16.639
v 389.827 433.769 16.639
v 398.732 433.735 16.543
v 392.400 429.716 16.543
v 401.305 429.682 16.446
v 394.973 425.662 16.446
v 403.878 425.629 16.350
v 397.546 421.609 16.350
v 406.451 421.575 16.253
v 400.120 417.556 16.253
v 409.025 417.522 16.156
v 402.693 413.502 16.156
v 411.598 413.469 16.060
v 405.266 409.449 16.060
v 414.171 409.415 15.963
v 407.839 405.396 15.963
v 416.744 405.362 15.866
v 410.412 401.342 15.866
v 419.317 401.308 15.770
v 412.985 397.289 15.770
v 421.890 397.255 15.673
v 415.558 393.236 15.673
v 424.463 393.202 15.577
v 418.131 389.182 15.577
v 487.534 438.668 15.433
v 491.607 432.370 15.433
v 491.580 441.284 15.401
v 495.652 434.986 15.401
v 495.625 443.900 15.367
v 499.698 437.602 15.367
v 499.670 446.516 15.329
v 503.743 440.218 15.329
v 503.716 449.132 15.289
v 507.789 442.834 15.289
v 507.761 451.748 15.246
v 511.834 445.450 15.246
v 511.807 454.364 15.201
v 515.879 448.067 15.201
v 515.852 456.980 15.153
v 519.925 450.683 15.153
v 519.898 459.597 15.103
v 523.970 453.299 15.103
v 523.943 462.213 15.050
v 528.016 455.915 15.050
v 527.988 464.829 14.995
v 532.061 458.531 14.995
v 532.034 467.445 14.937
v 536.107 461.147 14.937
v 536.079 470.061 14.876
v 540.152 463.763 14.876
v 540.125 472.677 14.813
v 544.197 466.379 14.813
v 544.170 475.293 14.747
v 548.243 468.995 14.747
v 548.216 477.909 14.678
v 552.288 471.611 14.678
v 166.491 362.779 15.507
v 170.601 356.505 15.507
v 170.537 365.430 15.547
v 174.647 359.156 15.547
v 174.583 368.081 15.588
v 178.693 361.808 15.588
v 178.629 370.732 15.630
v 182.740 364.459 15.630
v 182.675 373.383 15.672
v 186.786 367.110 15.672
v 186.721 376.034 15.716
v 190.832 369.761 15.716
v 190.767 378.685 15.760
v 194.878 372.412 15.760
v 194.813 381.337 15.805
v 198.924 375.063 15.805
v 198.859 383.988 15.851
v 202.970 377.714 15.851
v 202.906 386.639 15.898
v 207.016 380.366 15.898
v 206.952 389.290 15.946
v 211.062 383.017 15.946
v 210.998 391.941 15.994
v 215.108 385.668 15.994
v 215.044 394.592 16.043
v 219.154 388.319 16.043
v 219.090 397.243 16.092
v 223.200 390.970 16.092
v 223.136 399.895 16.142
v 227.246 393.621 16.142
v 227.182 402.546 16.193
v 231.293 396.272 16.193
v 231.228 405.197 16.245
v 235.339 398.924 16.245
v 235.274 407.848 16.297
v 239.385 401.575 16.297
v 239.320 410.499 16.349
v 243.431 404.226 16.349
v 243.366 413.150 16.402
v 247.477 406.877 16.402
v 247.413 415.801 16.456
v 251.523 409.528 16.456
v 251.459 418.453 16.509
v 255.569 412.179 16.509
v 255.505 421.104 16.564
v 259.615 414.830 16.564
v 259.551 423.755 16.618
v 263.661 417.482 16.618
v 263.597 426.406 16.673
v 267.707 420.133 16.673
v 358.889 489.304 17.955
v 355.051 495.748 17.955
v 354.650 486.779 17.920
v 350.724 493.170 17.920
v 350.632 484.240 17.881
v 346.328 490.382 17.881
v 346.829 481.295 17.832
v 342.242 487.228 17.832
v 342.885 478.245 17.782
v 338.298 484.179 17.782
v 338.941 475.196 17.731
v 334.353 481.129 17.731
v 334.997 472.146 17.679
v 330.409 478.079 17.679
v 331.053 469.097 17.626
v 326.465 475.030 17.626
v 327.109 466.047 17.572
v 322.521 471.980 17.572
v 323.164 462.997 17.517
v 318.577 468.931 17.517
v 319.220 459.948 17.460
v 314.633 465.881 17.460
v 315.276 456.898 17.403
v 310.688 462.831 17.403
v 311.332 453.848 17.345
v 306.744 459.782 17.345
v 307.388 450.799 17.286
v 302.800 456.732 17.286
v 303.443 447.749 17.227
v 298.856 453.683 17.227
v 299.499 444.700 17.167
v 294.912 450.633 17.167
v 295.555 441.650 17.106
v 290.968 447.583 17.106
v 291.611 438.600 17.045
v 287.023 444.534 17.045
v 287.667 435.551 16.983
v 283.079 441.484 16.983
v 283.723 432.501 16.921
v 279.135 438.434 16.921
v 279.778 429.452 16.859
v 275.191 435.385 16.859
v 275.834 426.402 16.797
v 271.247 432.335 16.797
v 271.890 423.352 16.735
v 267.303 429.286 16.735
v 267.946 420.303 16.673
v 263.358 426.236 16.673
v 423.335 388.044 15.577
v 419.259 394.340 15.577
v 419.224 385.382 15.567
v 415.147 391.678 15.567
v 415.112 382.720 15.557
v 411.036 389.015 15.557
v 411.001 380.058 15.545
v 406.924 386.353 15.545
v 406.889 377.396 15.531
v 402.813 383.691 15.531
v 402.778 374.733 15.517
v 398.701 381.029 15.517
v 398.666 372.071 15.502
v 394.590 378.367 15.502
v 394.555 369.409 15.485
v 390.478 375.705 15.485
v 390.443 366.747 15.468
v 386.367 373.042 15.468
v 386.332 364.085 15.450
v 382.255 370.380 15.450
v 382.220 361.422 15.431
v 378.144 367.718 15.431
v 378.109 358.760 15.412
v 374.032 365.056 15.412
v 373.997 356.098 15.391
v 369.921 362.394 15.391
v 369.886 353.436 15.370
v 365.809 359.731 15.370
v 365.774 350.774 15.349
v 361.698 357.069 15.349
v 361.663 348.112 15.327
v 357.586 354.407 15.327
v 357.551 345.449 15.304
v 353.475 351.745 15.304
v 353.440 342.787 15.280
v 349.364 349.083 15.280
v 349.328 340.125 15.257
v 345.252 346.421 15.257
v 345.217 337.463 15.232
v 341.141 343.758 15.232
v 341.105 334.801 15.208
v 337.029 341.096 15.208
v 336.994 332.138 15.183
v 332.918 338.434 15.183
v 332.882 329.476 15.157
v 328.806 335.772 15.157
v 328.771 326.814 15.131
v 324.695 333.110 15.131
v 345.462 294.369 14.592
v 351.744 298.465 14.592
v 343.032 298.096 14.653
v 349.314 302.192 14.653
v 340.602 301.823 14.713
v 346.884 305.920 14.713
v 338.172 305.551 14.773
v 344.454 309.647 14.773
v 335.741 309.278 14.833
v 342.024 313.374 14.833
v 333.311 313.005 14.893
v 339.594 317.101 14.893
v 330.881 316.732 14.953
v 337.164 320.828 14.953
v 328.451 320.459 15.012
v 334.734 324.556 15.012
v 326.021 324.187 15.072
v 332.304 328.283 15.072
v 323.591 327.914 15.131
v 329.874 332.010 15.131
v 328.798 326.832 15.131
v 324.667 333.092 15.131
v 324.760 324.167 15.105
v 320.629 330.427 15.105
v 320.721 321.502 15.079
v 316.590 327.762 15.079
v 316.683 318.837 15.052
v 312.552 325.097 15.052
v 312.644 316.172 15.026
v 308.513 322.432 15.026
v 308.605 313.508 14.999
v 304.475 319.768 14.999
v 304.567 310.843 14.973
v 300.436 317.103 14.973
v 300.528 308.178 14.946
v 296.398 314.438 14.946
v 296.490 305.513 14.920
v 292.359 311.773 14.920
v 292.451 302.848 14.894
v 288.321 309.108 14.894
v 288.413 300.183 14.868
v 284.282 306.443 14.868
v 284.374 297.518 14.842
v 280.244 303.778 14.842
v 280.336 294.853 14.817
v 276.205 301.113 14.817
v 276.297 292.189 14.791
v 272.166 298.449 14.791
v 272.259 289.524 14.766
v 268.128 295.784 14.766
v 268.220 286.859 14.742
v 264.089 293.119 14.742
v 264.182 284.194 14.717
v 260.051 290.454 14.717
v 260.143 281.529 14.693
v 256.012 287.789 14.693
v 256.104 278.864 14.669
v 251.974 285.124 14.669
v 252.066 276.199 14.645
v 247.935 282.459 14.645
v 248.027 273.534 14.621
v 243.897 279.794 14.621
v 243.989 270.870 14.598
v 239.858 277.130 14.598
v 239.950 268.205 14.574
v 235.820 274.465 14.574
v 235.912 265.540 14.550
v 231.781 271.800 14.550
v 231.873 262.875 14.527
v 227.743 269.135 14.527
v 248.265 230.848 14.130
v 254.547 234.946 14.130
v 245.566 234.987 14.185
v 251.847 239.085 14.185
v 242.866 239.125 14.238
v 249.147 243.223 14.238
v 240.166 243.264 14.289
v 246.448 247.362 14.289
v 237.466 247.402 14.339
v 243.748 251.500 14.339
v 234.766 251.541 14.387
v 241.048 255.639 14.387
v 232.067 255.679 14.435
v 238.348 259.777 14.435
v 229.367 259.818 14.481
v 235.648 263.915 14.481
v 226.667 263.956 14.527
v 232.949 268.054 14.527
v 268.775 425.345 16.673
v 262.529 421.194 16.673
v 271.459 421.307 16.604
v 265.213 417.155 16.604
v 274.143 417.269 16.535
v 267.897 413.117 16.535
v 276.827 413.230 16.467
v 270.581 409.079 16.467
v 279.511 409.192 16.398
v 273.265 405.041 16.398
v 282.195 405.154 16.330
v 275.949 401.002 16.330
v 284.879 401.115 16.263
v 278.633 396.964 16.263
v 287.563 397.077 16.195
v 281.317 392.926 16.195
v 290.254 393.029 16.128
v 283.994 388.898 16.128
v 292.919 388.961 16.060
v 286.644 384.854 16.060
v 295.574 384.901 15.993
v 289.296 380.797 15.993
v 298.227 380.843 15.925
v 291.950 376.739 15.925
v 300.881 376.784 15.858
v 294.603 372.680 15.858
v 303.534 372.726 15.791
v 297.256 368.622 15.791
v 306.187 368.667 15.724
v 299.910 364.563 15.724
v 308.841 364.609 15.658
v 302.563 360.505 15.658
v 311.500 360.541 15.592
v 305.210 356.456 15.592
v 314.136 356.455 15.525
v 307.831 352.392 15.525
v 316.761 352.377 15.459
v 310.455 348.316 15.459
v 319.386 348.300 15.393
v 313.080 344.240 15.393
v 322.011 344.223 15.327
v 315.705 340.163 15.327
v 324.636 340.146 15.262
v 318.330 336.086 15.262
v 327.261 336.069 15.197
v 320.955 332.009 15.197
v 329.886 331.992 15.131
v 323.580 327.932 15.131
v 171.705 361.663 15.507
v 165.387 357.621 15.507
v 174.327 357.564 15.458
v 168.009 353.523 15.458
v 176.948 353.465 15.410
v 170.630 349.424 15.410
v 179.570 349.367 15.364
v 173.252 345.326 15.364
v 182.191 345.268 15.319
v 175.873 341.227 15.319
v 184.813 341.170 15.274
v 178.495 337.128 15.274
v 187.435 337.071 15.231
v 181.117 333.030 15.231
v 190.056 332.973 15.188
v 183.738 328.931 15.188
v 192.657 328.905 15.146
v 186.380 324.801 15.146
v 195.337 324.895 15.105
v 189.106 320.721 15.105
v 198.048 320.860 15.065
v 191.822 316.678 15.065
v 200.760 316.821 15.025
v 194.534 312.640 15.025
v 203.473 312.783 14.985
v 197.247 308.601 14.985
v 206.186 308.744 14.945
v 199.960 304.562 14.945
v 208.899 304.705 14.904
v 202.673 300.523 14.904
v 211.611 300.666 14.864
v 205.385 296.484 14.864
v 214.336 296.609 14.824
v 208.086 292.463 14.824
v 217.017 292.518 14.783
v 210.738 288.416 14.783
v 219.675 288.436 14.741
v 213.390 284.343 14.741
v 222.330 284.359 14.699
v 216.045 280.266 14.699
v 224.985 280.282 14.657
v 218.700 276.189 14.657
v 227.640 276.205 14.614
v 221.355 272.112 14.614
v 230.295 272.128 14.571
v 224.010 268.036 14.571
v 232.950 268.051 14.527
v 226.666 263.959 14.527
v 453.913 624.509 19.663
v 449.831 630.802 19.663
v 449.836 621.865 19.678
v 445.755 628.157 19.678
v 445.759 619.221 19.689
v 441.678 625.513 19.689
v 441.682 616.577 19.699
v 437.601 622.869 19.699
v 437.606 613.932 19.705
v 433.524 620.225 19.705
v 433.529 611.288 19.709
v 429.448 617.581 19.709
v 429.452 608.644 19.711
v 425.371 614.936 19.711
v 425.376 606.000 19.711
v 421.294 612.292 19.711
v 421.299 603.356 19.708
v 417.218 609.648 19.708
v 417.222 600.711 19.704
v 413.141 607.004 19.704
v 413.146 598.067 19.697
v 409.064 604.359 19.697
v 409.069 595.423 19.688
v 404.988 601.715 19.688
v 404.992 592.779 19.677
v 400.911 599.071 19.677
v 400.916 590.134 19.665
v 396.834 596.427 19.665
v 420.304 683.673 21.235
v 413.996 679.616 21.235
v 422.975 679.520 21.098
v 416.667 675.463 21.098
v 425.646 675.367 20.965
v 419.338 671.310 20.965
v 428.317 671.214 20.835
v 422.008 667.157 20.835
v 430.987 667.061 20.708
v 424.679 663.004 20.708
v 433.658 662.908 20.584
v 427.350 658.851 20.584
v 436.329 658.755 20.463
v 430.021 654.698 20.463
v 439.000 654.602 20.344
v 432.692 650.545 20.344
v 441.671 650.449 20.226
v 435.363 646.392 20.226
v 444.342 646.296 20.111
v 438.034 642.239 20.111
v 447.013 642.143 19.997
v 440.705 638.086 19.997
v 449.684 637.990 19.885
v 443.376 633.933 19.885
v 452.355 633.837 19.773
v 446.047 629.780 19.773
v 455.026 629.684 19.663
v 448.718 625.627 19.663
v 469.903 896.701 27.388
v 473.850 890.324 27.388
v 474.014 899.246 27.328
v 477.962 892.869 27.328
v 478.126 901.792 27.265
v 482.074 895.415 27.265
v 482.238 904.337 27.201
v 486.186 897.960 27.201
v 486.350 906.882 27.134
v 490.298 900.505 27.134
v 490.462 909.428 27.065
v 494.409 903.051 27.065
v 494.574 911.973 26.994
v 498.521 905.596 26.994
v 498.686 914.519 26.920
v 502.633 908.142 26.920
v 502.797 917.064 26.844
v 506.745 910.687 26.844
v 506.909 919.609 26.765
v 510.857 913.232 26.765
v 511.033 922.162 26.683
v 514.956 915.770 26.683
v 515.178 924.684 26.596
v 519.074 918.275 26.596
v 519.314 927.195 26.505
v 523.206 920.784 26.505
v 523.448 929.705 26.411
v 527.340 923.294 26.411
v 527.581 932.214 26.314
v 531.474 925.803 26.314
v -468.258 -529.730 23.690
v -472.321 -528.482 23.690
v -469.694 -534.405 23.843
v -473.757 -533.157 23.843
v -471.127 -539.067 23.999
v -475.196 -537.843 23.999
v -472.475 -543.637 24.148
v -476.609 -542.650 24.148
v -473.341 -548.338 24.208
v -477.520 -547.566 24.208
v -474.229 -553.147 24.269
v -478.409 -552.375 24.269
v -475.109 -557.905 24.329
v -479.306 -557.235 24.329
v -475.752 -562.682 24.345
v -479.968 -562.147 24.345
v -476.328 -567.522 24.345
v -480.548 -567.020 24.345
v -476.905 -572.378 24.343
v -481.125 -571.876 24.343
v -477.483 -577.234 24.338
v -481.703 -576.732 24.338
v -478.060 -582.090 24.332
v -482.281 -581.588 24.332
v -478.638 -586.946 24.322
v -482.858 -586.444 24.322
v -479.216 -591.802 24.309
v -483.436 -591.300 24.309
v -479.793 -596.658 24.293
v -484.014 -596.156 24.293
v -480.371 -601.514 24.273
v -484.591 -601.012 24.273
v -480.949 -606.370 24.250
v -485.169 -605.868 24.250
v -481.526 -611.226 24.221
v -485.747 -610.724 24.221
v -482.104 -616.082 24.189
v -486.324 -615.580 24.189
v -482.682 -620.938 24.152
v -486.902 -620.436 24.152
v -483.259 -625.794 24.110
v -487.479 -625.292 24.110
v -483.837 -630.650 24.064
v -488.057 -630.148 24.064
v -484.414 -635.506 24.013
v -488.635 -635.004 24.013
v -484.992 -640.362 23.958
v -489.212 -639.860 23.958
v -485.570 -645.218 23.899
v -489.790 -644.716 23.899
v -486.147 -650.074 23.834
v -490.368 -649.572 23.834
v -486.725 -654.930 23.766
v -490.945 -654.428 23.766
v -487.303 -659.786 23.693
v -491.523 -659.283 23.693
v -487.883 -664.644 23.617
v -492.102 -664.137 23.617
v -488.469 -669.500 23.537
v -492.688 -668.991 23.537
v -489.055 -674.355 23.454
v -493.274 -673.846 23.454
v -489.641 -679.210 23.367
v -493.860 -678.701 23.367
v -490.226 -684.065 23.275
v -494.446 -683.556 23.275
v -490.812 -688.920 23.180
v -495.032 -688.411 23.180
v -491.401 -693.798 23.081
v -495.615 -693.244 23.081
v -492.106 -698.739 22.996
v -496.288 -697.981 22.996
v -493.201 -703.693 22.973
v -497.298 -702.562 22.973
v -494.777 -708.439 23.034
v -498.810 -707.097 23.034
v -496.320 -713.079 23.089
v -500.353 -711.737 23.089
v -497.864 -717.719 23.139
v -501.897 -716.378 23.139
v -499.407 -722.359 23.183
v -503.440 -721.018 23.183
v -275.217 -501.820 12.479
v -276.157 -497.675 12.479
v -280.058 -502.917 12.557
v -280.998 -498.773 12.557
v -284.898 -504.015 12.635
v -285.838 -499.870 12.635
v -289.739 -505.113 12.713
v -290.679 -500.968 12.713
v -294.580 -506.210 12.793
v -295.520 -502.066 12.793
v -299.420 -507.308 12.875
v -300.360 -503.163 12.875
v -304.261 -508.406 12.959
v -305.201 -504.261 12.959
v -309.060 -509.494 13.045
v -310.083 -505.368 13.045
v -313.758 -510.759 13.131
v -314.961 -506.683 13.131
v -318.437 -512.261 13.216
v -319.735 -508.214 13.216
v -323.163 -513.776 13.305
v -324.461 -509.730 13.305
v -327.889 -515.292 13.398
v -329.187 -511.246 13.398
v -332.560 -516.790 13.495
v -333.970 -512.780 13.495
v -337.097 -518.529 13.592
v -338.692 -514.589 13.592
v -341.626 -520.462 13.690
v -343.294 -516.553 13.690
v -346.191 -522.410 13.793
v -347.859 -518.501 13.793
v -350.748 -524.354 13.902
v -352.433 -520.453 13.902
v -355.271 -526.332 14.017
v -357.005 -522.451 14.017
v -359.770 -528.387 14.137
v -361.536 -524.521 14.137
v -364.284 -530.449 14.266
v -366.050 -526.584 14.266
v -368.799 -532.512 14.404
v -370.565 -528.646 14.404
v -373.314 -534.574 14.553
v -375.080 -530.708 14.553
v -377.829 -536.637 14.714
v -379.595 -532.771 14.714
v -382.343 -538.699 14.888
v -384.109 -534.833 14.888
v -386.858 -540.761 15.078
v -388.624 -536.896 15.078
v -391.373 -542.824 15.284
v -393.139 -538.958 15.284
v -395.887 -544.886 15.507
v -397.653 -541.021 15.507
v -400.407 -546.951 15.750
v -402.163 -543.081 15.750
v -404.938 -548.993 16.015
v -406.682 -545.118 16.015
v -409.465 -551.030 16.302
v -411.208 -547.153 16.302
v -413.992 -553.065 16.613
v -415.735 -549.189 16.613
v -418.460 -555.073 16.948
v -420.321 -551.252 16.948
v -422.763 -557.336 17.292
v -424.797 -553.604 17.292
v -427.057 -559.761 17.652
v -429.147 -556.060 17.652
v -431.379 -562.201 18.037
v -433.469 -558.501 18.037
v -467.903 -526.214 23.690
v -472.676 -531.998 23.690
v -464.116 -529.338 23.003
v -468.890 -535.123 23.003
v -460.330 -532.463 22.346
v -465.103 -538.247 22.346
v -456.543 -535.587 21.716
v -461.316 -541.372 21.716
v -452.757 -538.712 21.114
v -457.530 -544.496 21.114
v -448.970 -541.836 20.539
v -453.743 -547.621 20.539
v -445.183 -544.961 19.989
v -449.957 -550.745 19.989
v -441.397 -548.085 19.465
v -446.170 -553.870 19.465
v -437.610 -551.210 18.965
v -442.384 -556.994 18.965
v -433.824 -554.334 18.489
v -438.597 -560.119 18.489
v -430.037 -557.459 18.037
v -434.811 -563.243 18.037
v -386.497 -617.381 13.804
v -380.398 -613.016 13.804
v -389.359 -613.381 13.983
v -383.260 -609.017 13.983
v -392.221 -609.382 14.170
v -386.121 -605.018 14.170
v -395.082 -605.383 14.366
v -388.983 -601.019 14.366
v -397.923 -601.413 14.571
v -391.866 -596.991 14.571
v -400.782 -597.573 14.788
v -394.878 -592.947 14.788
v -403.747 -593.969 15.025
v -398.166 -588.959 15.025
v -407.048 -590.599 15.289
v -401.736 -585.304 15.289
v -410.527 -587.173 15.572
v -405.265 -581.829 15.572
v -414.031 -583.723 15.871
v -408.769 -578.379 15.871
v -417.535 -580.273 16.186
v -412.273 -574.929 16.186
v -421.039 -576.823 16.520
v -415.777 -571.479 16.520
v -424.543 -573.373 16.870
v -419.281 -568.029 16.870
v -428.047 -569.923 17.240
v -422.785 -564.579 17.240
v -431.551 -566.473 17.629
v -426.289 -561.129 17.629
v -435.055 -563.023 18.037
v -429.793 -557.679 18.037
v 415.110 684.792 21.235
v 419.189 678.498 21.235
v 419.152 687.412 21.227
v 423.231 681.118 21.227
v 423.194 690.032 21.217
v 427.274 683.738 21.217
v 427.236 692.652 21.205
v 431.316 686.358 21.205
v 431.278 695.272 21.190
v 435.358 688.978 21.190
v 435.320 697.892 21.172
v 439.400 691.598 21.172
v 439.362 700.512 21.152
v 443.442 694.218 21.152
v 443.404 703.132 21.129
v 447.484 696.838 21.129
v 447.446 705.752 21.104
v 451.526 699.458 21.104
v 451.488 708.372 21.077
v 455.568 702.078 21.077
v 455.530 710.992 21.046
v 459.610 704.698 21.046
v 459.573 713.612 21.014
v 463.652 707.319 21.014
v 463.615 716.232 20.978
v 467.694 709.939 20.978
v 467.657 718.852 20.941
v 471.736 712.559 20.941
v 471.699 721.472 20.900
v 475.778 715.179 20.900
v 475.741 724.092 20.858
v 479.820 717.799 20.858
v 479.783 726.712 20.812
v 483.862 720.419 20.812
v 483.825 729.332 20.765
v 487.904 723.039 20.765
v 487.867 731.952 20.715
v 491.946 725.659 20.715
v 491.909 734.572 20.663
v 495.988 728.279 20.663
v 495.951 737.192 20.609
v 500.030 730.899 20.609
v 499.993 739.812 20.554
v 504.072 733.519 20.554
v 504.035 742.432 20.496
v 508.115 736.139 20.496
v 250.530 929.811 43.484
v 256.669 934.119 43.484
v 248.487 932.721 43.950
v 254.626 937.029 43.950
v 246.445 935.631 44.419
v 252.584 939.939 44.419
v 244.403 938.541 44.890
v 250.542 942.849 44.890
v 244.504 955.622 46.962
v 241.773 958.878 46.962
v 240.676 952.412 46.967
v 237.945 955.668 46.967
v 237.154 949.518 46.964
v 233.810 952.142 46.964
v 235.492 946.275 46.682
v 231.262 946.685 46.682
v 236.395 942.948 46.073
v 232.818 940.653 46.073
v 239.224 940.620 45.419
v 237.557 936.711 45.419
v 242.712 940.220 44.970
v 243.639 936.072 44.970
v 246.388 942.523 44.890
v 248.557 938.868 44.890
v 246.138 942.349 44.890
v 248.807 939.042 44.890
v 249.623 945.161 44.900
v 252.292 941.854 44.900
v 253.107 947.974 44.904
v 255.777 944.667 44.904
v 252.988 947.870 44.904
v 255.896 944.771 44.904
v 256.198 950.815 44.950
v 259.706 948.416 44.950
v 257.624 954.388 45.243
v 261.815 953.684 45.243
v 257.559 957.916 45.721
v 261.432 959.666 45.721
v 255.313 960.024 46.310
v 256.935 963.952 46.310
v 251.920 960.056 46.724
v 250.935 964.190 46.724
v 248.274 958.029 46.870
v 246.120 961.693 46.870
v 244.288 955.463 46.962
v 241.989 959.037 46.962
v 238.245 839.957 35.289
v 244.819 843.567 35.289
v 236.651 842.861 35.645
v 243.226 846.470 35.645
v 235.057 845.764 36.005
v 241.632 849.373 36.005
v 486.365 433.572 15.433
v 492.776 437.466 15.433
v 483.810 437.779 15.574
v 490.220 441.673 15.574
v 481.255 441.986 15.712
v 487.665 445.879 15.712
v 478.699 446.193 15.848
v 485.109 450.086 15.848
v 476.144 450.400 15.983
v 482.554 454.293 15.983
v 473.588 454.607 16.115
v 479.998 458.500 16.115
v 471.033 458.813 16.246
v 477.443 462.707 16.246
v 468.478 463.020 16.374
v 474.888 466.914 16.374
v 465.922 467.227 16.502
v 472.332 471.121 16.502
v 463.367 471.434 16.627
v 469.777 475.328 16.627
v 460.815 475.636 16.751
v 467.218 479.540 16.751
v 458.257 479.816 16.873
v 464.638 483.757 16.873
v 455.661 483.980 16.994
v 462.027 487.947 16.994
v 453.058 488.158 17.114
v 459.423 492.125 17.114
v 450.455 492.335 17.232
v 456.820 496.302 17.232
v 447.852 496.513 17.349
v 454.217 500.479 17.349
v 445.248 500.690 17.464
v 451.614 504.657 17.464
v 442.645 504.868 17.578
v 449.010 508.834 17.578
v 440.042 509.045 17.691
v 446.407 513.012 17.691
v 437.439 513.223 17.802
v 443.804 517.189 17.802
v 434.835 517.400 17.913
v 441.201 521.367 17.913
v 432.232 521.578 18.022
v 438.597 525.544 18.022
v 429.629 525.755 18.130
v 435.994 529.722 18.130
v 426.984 530.002 18.236
v 433.433 533.830 18.236
v 424.484 534.428 18.342
v 431.096 537.967 18.342
v 422.220 538.894 18.447
v 428.911 542.283 18.447
v 419.996 543.285 18.551
v 426.687 546.674 18.551
v 417.772 547.676 18.654
v 424.462 551.065 18.654
v 415.547 552.067 18.757
v 422.238 555.456 18.757
v 413.323 556.458 18.859
v 420.014 559.847 18.859
v 411.099 560.849 18.960
v 417.790 564.238 18.960
v 408.875 565.240 19.061
v 415.565 568.629 19.061
v 406.651 569.631 19.161
v 413.341 573.020 19.161
v 404.426 574.022 19.261
v 411.117 577.411 19.261
v 402.202 578.413 19.362
v 408.893 581.802 19.362
v 399.978 582.804 19.462
v 406.669 586.193 19.462
v 397.754 587.195 19.563
v 404.444 590.584 19.563
v 395.530 591.586 19.665
v 402.220 594.975 19.665
v -75.745 277.611 15.488
v -79.976 283.804 15.488
v -79.818 274.829 15.462
v -84.049 281.022 15.462
v -83.891 272.047 15.437
v -88.122 278.240 15.437
v -87.964 269.265 15.411
v -92.194 275.458 15.411
v -92.037 266.483 15.384
v -96.267 272.676 15.384
v -96.110 263.701 15.358
v -100.340 269.894 15.358
v -100.182 260.918 15.331
v -104.413 267.111 15.331
v -104.255 258.136 15.305
v -108.486 264.329 15.305
v -108.328 255.354 15.279
v -112.559 261.547 15.279
v -112.413 252.563 15.253
v -116.619 258.773 15.253
v -116.533 249.797 15.228
v -120.689 256.041 15.228
v -120.663 247.073 15.204
v -124.793 253.333 15.204
v -124.781 244.357 15.181
v -128.910 250.617 15.181
v -128.898 241.641 15.158
v -133.028 247.901 15.158
v -133.015 238.925 15.137
v -137.145 245.185 15.137
v -137.132 236.209 15.117
v -141.262 242.469 15.117
v -141.250 233.493 15.098
v -145.379 239.753 15.098
v -145.299 230.822 15.081
v -149.564 236.991 15.081
v -149.198 227.998 15.062
v -153.653 234.032 15.062
v -153.111 225.053 15.044
v -157.621 231.045 15.044
v -157.052 222.087 15.028
v -161.562 228.079 15.028
v -160.993 219.120 15.015
v -165.503 225.113 15.015
v -164.933 216.154 15.005
v -169.444 222.147 15.005
v -168.874 213.188 14.997
v -173.385 219.180 14.997
v -1.128 225.426 14.335
v 3.096 231.624 14.335
v -5.240 228.229 14.381
v -1.017 234.426 14.381
v -9.353 231.031 14.428
v -5.130 237.229 14.428
v -13.466 233.834 14.476
v -9.242 240.032 14.476
v -17.579 236.637 14.527
v -13.355 242.834 14.527
v -21.691 239.439 14.579
v -17.468 245.637 14.579
v -25.804 242.242 14.632
v -21.581 248.440 14.632
v -29.917 245.045 14.688
v -25.693 251.242 14.688
v -34.029 247.847 14.745
v -29.806 254.045 14.745
v -38.123 250.637 14.804
v -33.938 256.861 14.804
v -42.248 253.373 14.864
v -38.108 259.627 14.864
v -46.397 256.114 14.926
v -42.263 262.372 14.926
v -50.550 258.857 14.990
v -46.416 265.115 14.990
v -54.703 261.600 15.056
v -50.569 267.858 15.056
v -58.820 264.321 15.124
v -54.756 270.624 15.124
v -62.996 266.948 15.193
v -59.005 273.298 15.193
v -67.210 269.593 15.264
v -63.222 275.945 15.264
v -71.425 272.239 15.337
v -67.437 278.591 15.337
v -75.640 274.886 15.411
v -71.652 281.238 15.411
v -79.855 277.532 15.488
v -75.867 283.884 15.488
v -47.425 169.623 13.998
v -45.112 176.758 13.998
v -52.078 171.131 14.027
v -49.765 178.266 14.027
v -56.731 172.640 14.056
v -54.418 179.774 14.056
v -61.384 174.148 14.085
v -59.071 181.282 14.085
v -66.037 175.656 14.113
v -63.725 182.791 14.113
v -70.690 177.164 14.142
v -68.378 184.299 14.142
v -75.343 178.673 14.171
v -73.031 185.807 14.171
v -79.996 180.181 14.199
v -77.684 187.315 14.199
v -84.649 181.689 14.229
v -82.337 188.824 14.229
v -89.308 183.199 14.258
v -86.985 190.330 14.258
v -94.007 184.738 14.288
v -91.582 191.835 14.288
v -98.661 186.395 14.320
v -96.144 193.461 14.320
v -103.268 188.036 14.353
v -100.752 195.102 14.353
v -107.876 189.677 14.387
v -105.360 196.743 14.387
v -112.484 191.318 14.421
v -109.968 198.384 14.421
v -117.092 192.959 14.457
v -114.576 200.025 14.457
v -121.700 194.600 14.494
v -119.184 201.666 14.494
v -126.308 196.241 14.532
v -123.792 203.307 14.532
v -130.916 197.882 14.572
v -128.400 204.948 14.572
v -135.524 199.523 14.613
v -133.008 206.589 14.613
v -140.132 201.164 14.655
v -137.616 208.230 14.655
v -144.740 202.805 14.699
v -142.224 209.871 14.699
v -149.348 204.447 14.745
v -146.832 211.512 14.745
v -153.956 206.088 14.792
v -151.440 213.153 14.792
v -158.564 207.729 14.840
v -156.048 214.794 14.840
v -163.172 209.370 14.891
v -160.655 216.435 14.891
v -167.780 211.011 14.943
v -165.263 218.076 14.943
v -172.388 212.652 14.997
v -169.871 219.717 14.997
v -45.175 176.778 13.998
v -47.362 169.603 13.998
v -40.705 175.415 13.970
v -42.892 168.241 13.970
v -36.236 174.053 13.942
v -38.422 166.879 13.942
v -31.766 172.691 13.913
v -33.952 165.517 13.913
v -27.296 171.329 13.884
v -29.483 164.155 13.884
v -22.826 169.967 13.855
v -25.013 162.793 13.855
v -18.357 168.605 13.826
v -20.543 161.430 13.826
v -13.887 167.243 13.796
v -16.073 160.068 13.796
v -9.417 165.880 13.766
v -11.604 158.706 13.766
v -4.947 164.518 13.735
v -7.134 157.344 13.735
v -0.478 163.156 13.705
v -2.664 155.982 13.705
v 86.390 239.919 14.299
v 81.291 245.419 14.299
v 82.737 236.533 14.270
v 77.638 242.033 14.270
v 79.084 233.146 14.241
v 73.985 238.646 14.241
v 75.430 229.759 14.212
v 70.331 235.259 14.212
v 71.777 226.372 14.184
v 66.678 231.872 14.184
v 68.124 222.985 14.155
v 63.025 228.486 14.155
v 64.471 219.599 14.127
v 59.372 225.099 14.127
v 60.818 216.212 14.099
v 55.719 221.712 14.099
v 57.165 212.825 14.071
v 52.066 218.325 14.071
v 53.512 209.438 14.044
v 48.413 214.938 14.044
v 49.859 206.052 14.017
v 44.760 211.552 14.017
v 46.205 202.665 13.990
v 41.106 208.165 13.990
v 42.552 199.278 13.964
v 37.453 204.778 13.964
v 38.899 195.891 13.939
v 33.800 201.391 13.939
v 35.246 192.505 13.914
v 30.147 198.005 13.914
v 31.593 189.118 13.890
v 26.494 194.618 13.890
v 27.940 185.731 13.867
v 22.841 191.231 13.867
v 24.287 182.344 13.845
v 19.188 187.844 13.845
v 20.634 178.958 13.825
v 15.535 184.458 13.825
v 16.980 175.571 13.805
v 11.881 181.071 13.805
v 13.327 172.184 13.787
v 8.228 177.684 13.787
v 9.733 168.853 13.770
v 4.517 174.242 13.770
v 6.496 165.597 13.753
v 0.759 170.428 13.753
v 3.943 162.011 13.731
v -2.443 165.943 13.731
v 1.747 157.822 13.705
v -4.889 161.316 13.705
v 23.360 132.342 13.374
v 28.750 137.558 13.374
v 20.107 135.704 13.419
v 25.497 140.920 13.419
v 16.854 139.065 13.463
v 22.244 144.281 13.463
v 13.601 142.427 13.506
v 18.991 147.643 13.506
v 10.348 145.789 13.549
v 15.738 151.004 13.549
v 7.095 149.150 13.591
v 12.484 154.366 13.591
v 4.049 152.314 13.633
v 9.025 157.925 13.633
v 1.007 154.659 13.673
v 4.616 161.233 13.673
v -2.873 156.052 13.705
v -0.268 163.086 13.705
v 44.499 37.459 12.578
v 39.248 42.813 12.578
v 41.706 34.720 12.605
v 36.455 40.074 12.605
v 38.913 31.981 12.634
v 33.662 37.336 12.634
v 36.120 29.242 12.667
v 30.869 34.597 12.667
v -11.203 74.136 13.354
v -16.468 79.477 13.354
v -14.705 70.683 13.384
v -19.971 76.024 13.384
v -18.208 67.230 13.417
v -23.473 72.571 13.417
v -21.711 63.777 13.451
v -26.976 69.118 13.451
v -25.214 60.324 13.488
v -30.479 65.665 13.488
v -28.716 56.871 13.526
v -33.981 62.212 13.526
v -32.219 53.418 13.566
v -37.484 58.759 13.566
v -35.722 49.965 13.608
v -40.987 55.306 13.608
v -39.224 46.512 13.651
v -44.490 51.853 13.651
v -42.727 43.059 13.694
v -47.992 48.400 13.694
v -46.230 39.606 13.739
v -51.495 44.947 13.739
v -49.733 36.153 13.784
v -54.998 41.494 13.784
v -53.235 32.700 13.829
v -58.501 38.041 13.829
v -56.738 29.247 13.874
v -62.003 34.588 13.874
v -60.241 25.794 13.919
v -65.506 31.135 13.919
v -63.743 22.341 13.964
v -69.009 27.682 13.964
v -67.246 18.888 14.008
v -72.511 24.229 14.008
v -70.749 15.435 14.051
v -76.014 20.776 14.051
v -74.252 11.982 14.094
v -79.517 17.323 14.094
v -77.754 8.529 14.135
v -83.020 13.870 14.135
v -81.257 5.076 14.175
v -86.522 10.418 14.175
v -84.760 1.623 14.214
v -90.025 6.965 14.214
v -88.263 -1.830 14.252
v -93.528 3.512 14.252
v -91.765 -5.282 14.288
v -97.030 0.059 14.288
v -91.705 -0.003 14.288
v -97.091 -5.221 14.288
v -88.335 -3.481 14.284
v -93.721 -8.700 14.284
v -84.964 -6.959 14.280
v -90.351 -12.178 14.280
v -81.594 -10.438 14.276
v -86.981 -15.656 14.276
v -78.224 -13.916 14.270
v -83.611 -19.135 14.270
v -74.854 -17.394 14.264
v -80.241 -22.613 14.264
v -71.484 -20.873 14.257
v -76.870 -26.092 14.257
v -68.118 -24.347 14.249
v -73.496 -29.574 14.249
v -64.773 -27.778 14.239
v -70.080 -33.078 14.239
v -61.342 -31.132 14.227
v -66.584 -36.495 14.227
v -57.878 -34.518 14.213
v -63.121 -39.881 14.213
v -54.415 -37.903 14.198
v -59.657 -43.266 14.198
v -50.951 -41.289 14.180
v -56.194 -46.652 14.180
v -47.488 -44.674 14.160
v -52.731 -50.038 14.160
v 31.743 28.603 12.667
v 35.246 35.235 12.667
v 27.585 30.800 12.732
v 31.088 37.432 12.732
v 23.230 33.108 12.796
v 27.125 39.517 12.796
v 19.102 35.963 12.856
v 23.528 42.017 12.856
v 15.147 39.015 12.913
v 20.049 44.692 12.913
v 11.557 42.475 12.965
v 16.873 47.765 12.965
v 8.201 45.984 13.014
v 13.733 51.049 13.014
v 5.047 49.580 13.060
v 10.687 54.525 13.060
v 1.947 53.116 13.105
v 7.586 58.061 13.105
v -1.154 56.653 13.150
v 4.486 61.597 13.150
v -4.254 60.189 13.193
v 1.386 65.133 13.193
v -7.354 63.725 13.235
v -1.715 68.670 13.235
v -10.454 67.262 13.276
v -4.815 72.206 13.276
v -13.555 70.798 13.316
v -7.915 75.742 13.316
v -16.655 74.334 13.354
v -11.015 79.278 13.354
v -133.907 -128.002 14.466
v -129.088 -122.255 14.466
v -137.480 -125.005 14.489
v -132.661 -119.259 14.489
v -141.053 -122.009 14.512
v -136.234 -116.262 14.512
v -144.626 -119.013 14.536
v -139.807 -113.266 14.536
v -148.199 -116.016 14.561
v -143.380 -110.270 14.561
v -151.835 -112.966 14.587
v -146.890 -107.327 14.587
v -155.357 -109.738 14.614
v -150.239 -104.256 14.614
v -158.761 -106.503 14.642
v -153.595 -101.066 14.642
v -162.142 -103.291 14.671
v -156.975 -97.854 14.671
v -165.522 -100.079 14.701
v -160.356 -94.642 14.701
v -168.902 -96.867 14.732
v -163.736 -91.430 14.732
v -172.283 -93.655 14.764
v -167.116 -88.218 14.764
v -175.663 -90.443 14.797
v -170.497 -85.006 14.797
v -179.043 -87.231 14.832
v -173.877 -81.794 14.832
v 36.073 29.196 12.667
v 30.916 34.642 12.667
v 32.555 25.865 12.711
v 27.398 31.311 12.711
v 29.038 22.535 12.760
v 23.881 27.981 12.760
v 25.520 19.204 12.812
v 20.363 24.650 12.812
v 22.002 15.873 12.868
v 16.846 21.319 12.868
v 18.485 12.542 12.927
v 13.328 17.988 12.927
v 14.967 9.211 12.988
v 9.810 14.657 12.988
v 11.450 5.880 13.053
v 6.293 11.326 13.053
v 7.932 2.550 13.119
v 2.775 7.996 13.119
v 4.414 -0.781 13.187
v -0.742 4.665 13.187
v 0.897 -4.112 13.257
v -4.260 1.334 13.257
v -2.621 -7.443 13.328
v -7.778 -1.997 13.328
v -6.138 -10.774 13.400
v -11.295 -5.328 13.400
v -9.656 -14.104 13.472
v -14.813 -8.658 13.472
v -13.174 -17.435 13.543
v -18.330 -11.989 13.543
v -16.691 -20.766 13.614
v -21.848 -15.320 13.614
v -20.209 -24.097 13.685
v -25.366 -18.651 13.685
v -23.726 -27.428 13.754
v -28.883 -21.982 13.754
v -27.244 -30.759 13.821
v -32.401 -25.313 13.821
v -30.762 -34.089 13.886
v -35.918 -28.643 13.886
v -52.697 -44.642 14.160
v -47.522 -50.070 14.160
v -49.343 -41.444 14.111
v -44.168 -46.872 14.111
v -45.989 -38.246 14.059
v -40.814 -43.674 14.059
v -42.635 -35.048 14.004
v -37.460 -40.476 14.004
v -39.282 -31.850 13.946
v -34.106 -37.278 13.946
v -35.928 -28.652 13.886
v -30.752 -34.080 13.886
v -79.942 283.827 15.488
v -75.779 277.589 15.488
v -75.792 286.597 15.512
v -71.629 280.358 15.512
v -71.641 289.366 15.536
v -67.479 283.127 15.536
v -67.491 292.135 15.559
v -63.328 285.896 15.559
v -63.341 294.904 15.581
v -59.178 288.666 15.581
v -59.190 297.674 15.603
v -55.027 291.435 15.603
v -55.040 300.443 15.624
v -50.877 294.204 15.624
v -50.889 303.212 15.644
v -46.727 296.973 15.644
v -46.739 305.981 15.664
v -42.576 299.743 15.664
v -42.589 308.751 15.682
v -38.426 302.512 15.682
v -38.438 311.520 15.700
v -34.276 305.281 15.700
v -34.288 314.289 15.717
v -30.125 308.050 15.717
v -30.138 317.058 15.732
v -25.975 310.820 15.732
v -25.987 319.828 15.747
v -21.825 313.589 15.747
v -21.837 322.597 15.761
v -17.674 316.358 15.761
v -17.687 325.366 15.774
v -13.524 319.127 15.774
v -13.536 328.135 15.787
v -9.373 321.897 15.787
v -9.386 330.905 15.798
v -5.223 324.666 15.798
v -5.235 333.674 15.809
v -1.073 327.435 15.809
v -1.085 336.443 15.820
v 3.078 330.204 15.820
v 3.065 339.212 15.829
v 7.228 332.974 15.829
v 7.216 341.982 15.839
v 11.378 335.743 15.839
v 11.366 344.751 15.848
v 15.529 338.512 15.848
v 15.516 347.520 15.858
v 19.679 341.281 15.858
v 15.547 347.540 15.858
v 19.649 341.261 15.858
v 19.584 350.178 15.866
v 23.686 343.899 15.866
v 23.621 352.815 15.874
v 27.723 346.537 15.874
v 27.659 355.453 15.883
v 31.761 349.174 15.883
v 31.696 358.091 15.892
v 35.798 351.812 15.892
v 35.733 360.728 15.901
v 39.835 354.450 15.901
v 39.771 363.366 15.912
v 43.873 357.087 15.912
v 43.808 366.004 15.923
v 47.910 359.725 15.923
v 47.845 368.642 15.935
v 51.948 362.363 15.935
v 51.883 371.279 15.948
v 55.985 365.000 15.948
v 55.920 373.917 15.962
v 60.022 367.638 15.962
v 59.957 376.555 15.977
v 64.060 370.276 15.977
v 63.995 379.192 15.993
v 68.097 372.914 15.993
v 68.032 381.830 16.010
v 72.134 375.551 16.010
v 72.070 384.468 16.028
v 76.172 378.189 16.028
v 76.107 387.105 16.048
v 80.209 380.827 16.048
v 80.144 389.743 16.069
v 84.246 383.464 16.069
v 84.182 392.381 16.091
v 88.284 386.102 16.091
v 88.219 395.018 16.115
v 92.321 388.740 16.115
v 92.256 397.656 16.140
v 96.358 391.377 16.140
v 96.294 400.294 16.167
v 100.396 394.015 16.167
v 100.331 402.931 16.195
v 104.433 396.653 16.195
v 104.368 405.569 16.224
v 108.470 399.290 16.224
v 108.406 408.207 16.255
v 112.508 401.928 16.255
v 112.443 410.845 16.288
v 116.545 404.566 16.288
v 116.525 413.511 16.322
v 120.538 407.175 16.322
v 120.765 416.112 16.356
v 124.512 409.615 16.356
v 125.097 418.456 16.387
v 128.664 411.859 16.387
v 129.339 420.750 16.419
v 132.906 414.153 16.419
v 129.084 420.599 16.419
v 133.161 414.304 16.419
v 133.127 423.218 16.460
v 137.204 416.923 16.460
v 137.171 425.836 16.502
v 141.248 419.541 16.502
v 141.214 428.455 16.546
v 145.291 422.160 16.546
v 145.257 431.074 16.592
v 149.334 424.778 16.592
v 149.301 433.692 16.639
v 153.378 427.397 16.639
v 153.344 436.311 16.688
v 157.421 430.016 16.688
v 157.387 438.929 16.738
v 161.464 432.634 16.738
v 161.430 441.548 16.789
v 165.507 435.253 16.789
v 165.474 444.167 16.842
v 169.551 437.872 16.842
v 169.517 446.785 16.896
v 173.594 440.490 16.896
v 173.560 449.404 16.951
v 177.637 443.109 16.951
v 177.604 452.023 17.008
v 181.681 445.728 17.008
v 181.647 454.641 17.065
v 185.724 448.346 17.065
v 185.690 457.260 17.123
v 189.767 450.965 17.123
v 189.733 459.879 17.183
v 193.810 453.584 17.183
v 193.777 462.497 17.243
v 197.854 456.202 17.243
v 197.820 465.116 17.303
v 201.897 458.821 17.303
v 201.863 467.735 17.365
v 205.940 461.439 17.365
v 205.907 470.353 17.427
v 209.984 464.058 17.427
v 209.950 472.972 17.489
v 214.027 466.677 17.489
v 213.993 475.591 17.552
v 218.070 469.295 17.552
v 218.037 478.209 17.615
v 222.114 471.914 17.615
v 222.080 480.828 17.679
v 226.157 474.533 17.679
v 226.123 483.446 17.742
v 230.200 477.151 17.742
v 51.061 285.647 14.800
v 57.362 289.715 14.800
v 48.446 289.698 14.857
v 54.747 293.766 14.857
v 45.830 293.750 14.916
v 52.131 297.817 14.916
v 43.215 297.801 14.978
v 49.516 301.869 14.978
v 40.600 301.853 15.043
v 46.901 305.920 15.043
v 37.984 305.904 15.111
v 44.286 309.972 15.111
v 35.369 309.956 15.181
v 41.670 314.023 15.181
v 32.754 314.007 15.254
v 39.055 318.075 15.254
v 30.139 318.058 15.331
v 36.440 322.126 15.331
v 27.523 322.110 15.411
v 33.825 326.177 15.411
v 24.908 326.161 15.493
v 31.209 330.229 15.493
v 22.293 330.213 15.580
v 28.594 334.280 15.580
v 19.678 334.264 15.669
v 25.979 338.332 15.669
v 17.062 338.315 15.762
v 23.364 342.383 15.762
v 14.447 342.367 15.858
v 20.748 346.434 15.858
v -9.081 392.124 17.189
v -15.361 388.024 17.189
v -6.370 387.972 17.049
v -12.650 383.872 17.049
v -3.660 383.820 16.913
v -9.940 379.720 16.913
v -0.949 379.668 16.780
v -7.229 375.568 16.780
v 1.762 375.516 16.652
v -4.518 371.416 16.652
v 4.473 371.364 16.527
v -1.807 367.263 16.527
v 7.184 367.211 16.406
v 0.904 363.111 16.406
v 9.895 363.059 16.289
v 3.614 358.959 16.289
v 12.605 358.907 16.176
v 6.325 354.807 16.176
v 15.316 354.755 16.066
v 9.036 350.655 16.066
v 18.027 350.603 15.960
v 11.747 346.503 15.960
v 20.738 346.451 15.858
v 14.458 342.351 15.858
v 165.398 357.604 15.507
v 171.694 361.680 15.507
v 162.725 361.733 15.559
v 169.021 365.809 15.559
v 160.052 365.863 15.611
v 166.348 369.938 15.611
v 157.379 369.992 15.666
v 163.675 374.068 15.666
v 154.706 374.121 15.723
v 161.002 378.197 15.723
v 152.033 378.250 15.782
v 158.328 382.326 15.782
v 149.359 382.380 15.843
v 155.655 386.455 15.843
v 146.686 386.509 15.906
v 152.982 390.585 15.906
v 144.013 390.638 15.972
v 150.309 394.714 15.972
v 141.340 394.767 16.040
v 147.636 398.843 16.040
v 138.667 398.897 16.111
v 144.963 402.972 16.111
v 135.994 403.026 16.184
v 142.290 407.102 16.184
v 133.321 407.155 16.260
v 139.617 411.231 16.260
v 130.648 411.284 16.338
v 136.944 415.360 16.338
v 127.975 415.414 16.419
v 134.271 419.489 16.419
v 193.361 539.394 19.160
v 187.116 535.241 19.160
v 196.069 535.321 19.044
v 189.824 531.168 19.044
v 198.778 531.249 18.930
v 192.533 527.095 18.930
v 201.487 527.176 18.819
v 195.242 523.022 18.819
v 204.196 523.103 18.710
v 197.951 518.950 18.710
v 206.905 519.030 18.603
v 200.660 514.877 18.603
v 209.613 514.958 18.499
v 203.369 510.804 18.499
v 212.322 510.885 18.397
v 206.077 506.731 18.397
v 215.031 506.812 18.297
v 208.786 502.659 18.297
v 217.740 502.739 18.199
v 211.495 498.586 18.199
v 220.449 498.667 18.104
v 214.204 494.513 18.104
v 223.158 494.594 18.010
v 216.913 490.440 18.010
v 225.866 490.521 17.919
v 219.622 486.368 17.919
v 228.575 486.448 17.830
v 222.330 482.295 17.830
v 231.284 482.376 17.742
v 225.039 478.222 17.742
v 262.519 421.209 16.673
v 268.786 425.329 16.673
v 259.841 425.283 16.743
v 266.108 429.403 16.743
v 257.163 429.356 16.813
v 263.430 433.476 16.813
v 254.485 433.430 16.885
v 260.752 437.550 16.885
v 251.807 437.504 16.957
v 258.074 441.623 16.957
v 249.129 441.577 17.030
v 255.396 445.697 17.030
v 246.451 445.651 17.103
v 252.718 449.771 17.103
v 243.773 449.724 17.178
v 250.040 453.844 17.178
v 241.095 453.798 17.254
v 247.363 457.918 17.254
v 238.418 457.871 17.332
v 244.685 461.991 17.332
v 235.740 461.945 17.411
v 242.007 466.065 17.411
v 233.062 466.018 17.491
v 239.329 470.138 17.491
v 230.384 470.092 17.573
v 236.651 474.212 17.573
v 227.706 474.165 17.657
v 233.973 478.285 17.657
v 225.028 478.239 17.742
v 231.295 482.359 17.742
v 226.096 483.428 17.742
v 230.228 477.169 17.742
v 230.232 486.159 17.809
v 234.364 479.900 17.809
v 234.368 488.889 17.875
v 238.500 482.630 17.875
v 238.504 491.620 17.942
v 242.636 485.361 17.942
v 242.640 494.350 18.008
v 246.772 488.091 18.008
v 246.776 497.081 18.074
v 250.908 490.821 18.074
v 250.912 499.811 18.140
v 255.044 493.552 18.140
v 255.048 502.541 18.205
v 259.180 496.282 18.205
v 259.184 505.272 18.270
v 263.316 499.013 18.270
v 263.320 508.002 18.334
v 267.452 501.743 18.334
v 267.456 510.733 18.397
v 271.588 504.473 18.397
v 271.593 513.463 18.459
v 275.724 507.204 18.459
v 275.729 516.193 18.520
v 279.861 509.934 18.520
v 279.865 518.924 18.579
v 283.997 512.665 18.579
v 284.001 521.654 18.638
v 288.133 515.395 18.638
v 288.137 524.385 18.695
v 292.269 518.125 18.695
v 292.273 527.115 18.751
v 296.405 520.856 18.751
v 296.409 529.845 18.806
v 300.541 523.586 18.806
v 300.545 532.576 18.859
v 304.677 526.317 18.859
v 304.681 535.306 18.911
v 308.813 529.047 18.911
v 308.817 538.037 18.961
v 312.949 531.777 18.961
v 312.953 540.767 19.010
v 317.085 534.508 19.010
v 317.089 543.497 19.057
v 321.221 537.238 19.057
v 321.225 546.228 19.102
v 325.357 539.969 19.102
v 289.222 600.018 20.494
v 283.015 595.809 20.494
v 291.878 596.103 20.382
v 285.670 591.893 20.382
v 294.533 592.187 20.272
v 288.325 587.978 20.272
v 297.188 588.272 20.165
v 290.981 584.063 20.165
v 299.843 584.357 20.060
v 293.636 580.147 20.060
v 302.498 580.441 19.958
v 296.291 576.232 19.958
v 305.153 576.526 19.857
v 298.946 572.317 19.857
v 307.809 572.611 19.758
v 301.601 568.401 19.758
v 310.464 568.695 19.661
v 304.257 564.486 19.661
v 313.119 564.780 19.565
v 306.912 560.570 19.565
v 315.774 560.864 19.470
v 309.567 556.655 19.470
v 318.429 556.949 19.377
v 312.222 552.740 19.377
v 321.085 553.034 19.285
v 314.877 548.824 19.285
v 323.740 549.118 19.193
v 317.533 544.909 19.193
v 326.395 545.203 19.102
v 320.188 540.994 19.102
v 353.849 490.447 17.955
v 360.091 494.605 17.955
v 351.258 494.338 18.043
v 357.501 498.495 18.043
v 348.668 498.228 18.132
v 354.910 502.385 18.132
v 346.077 502.118 18.220
v 352.319 506.275 18.220
v 343.486 506.008 18.308
v 349.729 510.165 18.308
v 340.896 509.898 18.395
v 347.138 514.055 18.395
v 338.305 513.788 18.483
v 344.547 517.946 18.483
v 335.714 517.679 18.571
v 341.957 521.836 18.571
v 333.124 521.569 18.659
v 339.366 525.726 18.659
v 330.533 525.459 18.747
v 336.775 529.616 18.747
v 327.942 529.349 18.835
v 334.185 533.506 18.835
v 325.352 533.239 18.924
v 331.594 537.396 18.924
v 322.761 537.129 19.013
v 329.003 541.287 19.013
v 320.170 541.020 19.102
v 326.413 545.177 19.102
v 321.217 546.222 19.102
v 325.366 539.974 19.102
v 325.195 548.864 19.145
v 329.344 542.615 19.145
v 329.173 551.505 19.186
v 333.322 545.256 19.186
v 333.151 554.146 19.226
v 337.300 547.898 19.226
v 337.130 556.787 19.265
v 341.278 550.539 19.265
v 341.108 559.428 19.302
v 345.256 553.180 19.302
v 345.086 562.069 19.337
v 349.234 555.821 19.337
v 349.064 564.711 19.372
v 353.212 558.462 19.372
v 353.042 567.352 19.405
v 357.190 561.104 19.405
v 357.020 569.993 19.436
v 361.168 563.745 19.436
v 360.998 572.634 19.466
v 365.146 566.386 19.466
v 364.976 575.275 19.494
v 369.125 569.027 19.494
v 368.954 577.917 19.521
v 373.103 571.668 19.521
v 372.932 580.558 19.547
v 377.081 574.309 19.547
v 376.910 583.199 19.571
v 381.059 576.951 19.571
v 380.888 585.840 19.593
v 385.037 579.592 19.593
v 384.867 588.481 19.613
v 389.015 582.233 19.613
v 388.845 591.122 19.632
v 392.993 584.874 19.632
v 392.823 593.764 19.649
v 396.971 587.515 19.649
v 396.801 596.405 19.665
v 400.949 590.157 19.665
v 419.033 678.402 21.235
v 415.266 684.888 21.235
v 414.844 675.969 21.247
v 411.077 682.455 21.247
v 410.655 673.537 21.256
v 406.889 680.022 21.256
v 406.466 671.104 21.263
v 402.700 677.590 21.263
v 402.277 668.671 21.267
v 398.511 675.157 21.267
v 398.088 666.238 21.269
v 394.322 672.724 21.269
v 393.899 663.806 21.269
v 390.133 670.291 21.269
v 389.710 661.373 21.266
v 385.944 667.859 21.266
v 385.521 658.940 21.262
v 381.755 665.426 21.262
v 381.332 656.508 21.255
v 377.566 662.993 21.255
v 377.143 654.075 21.246
v 373.377 660.560 21.246
v 372.955 651.642 21.235
v 369.188 658.128 21.235
v 368.766 649.209 21.222
v 364.999 655.695 21.222
v 395.576 591.497 19.665
v 402.174 595.064 19.665
v 393.291 595.724 19.764
v 399.888 599.291 19.764
v 391.006 599.950 19.865
v 397.603 603.517 19.865
v 388.721 604.177 19.967
v 395.318 607.744 19.967
v 386.435 608.403 20.070
v 393.033 611.970 20.070
v 384.150 612.630 20.174
v 390.748 616.197 20.174
v 381.865 616.856 20.280
v 388.463 620.423 20.280
v 379.580 621.083 20.389
v 386.177 624.650 20.389
v 377.295 625.309 20.499
v 383.892 628.876 20.499
v 375.010 629.536 20.612
v 381.607 633.103 20.612
v 372.724 633.762 20.728
v 379.322 637.330 20.728
v 370.439 637.989 20.847
v 377.037 641.556 20.847
v 368.154 642.216 20.969
v 374.751 645.783 20.969
v 365.869 646.442 21.094
v 372.466 650.009 21.094
v 363.584 650.669 21.222
v 370.181 654.236 21.222
v 430.156 866.995 27.894
v 423.789 863.033 27.894
v 432.681 862.938 27.558
v 426.314 858.975 27.558
v 435.206 858.881 27.229
v 428.838 854.918 27.229
v 437.731 854.823 26.909
v 431.363 850.861 26.909
v 440.256 850.766 26.595
v 433.888 846.803 26.595
v 442.781 846.709 26.289
v 436.413 842.746 26.289
v 445.306 842.652 25.990
v 438.938 838.689 25.990
v 447.830 838.594 25.699
v 441.463 834.632 25.699
v 450.352 834.542 25.414
v 443.991 830.569 25.414
v 452.860 830.539 25.137
v 446.558 826.474 25.137
v 455.476 826.599 24.866
v 449.228 822.451 24.866
v 458.119 822.618 24.601
v 451.871 818.470 24.601
v 460.763 818.637 24.343
v 454.514 814.489 24.343
v 463.406 814.656 24.092
v 457.158 810.507 24.092
v 466.049 810.675 23.847
v 459.801 806.526 23.847
v 468.692 806.693 23.609
v 462.444 802.545 23.609
v 471.335 802.712 23.376
v 465.087 798.564 23.376
v 339.383 808.393 28.275
v 333.123 804.262 28.275
v 342.112 804.257 27.924
v 335.852 800.127 27.924
v 344.840 800.122 27.581
v 338.580 795.991 27.581
v 347.569 795.986 27.247
v 341.308 791.856 27.247
v 350.297 791.851 26.922
v 344.037 787.721 26.922
v 353.025 787.715 26.606
v 346.765 783.585 26.606
v 355.754 783.580 26.298
v 349.494 779.450 26.298
v 358.482 779.444 26.000
v 352.222 775.314 26.000
v 361.211 775.309 25.710
v 354.950 771.179 25.710
v 363.939 771.174 25.428
v 357.679 767.043 25.428
v 366.667 767.038 25.155
v 360.407 762.908 25.155
v 369.396 762.903 24.890
v 363.135 758.772 24.890
v 372.124 758.767 24.634
v 365.864 754.637 24.634
v 374.853 754.632 24.385
v 368.592 750.502 24.385
v 377.581 750.496 24.145
v 371.321 746.366 24.145
v 380.317 746.350 23.913
v 374.042 742.242 23.913
v 383.032 742.171 23.689
v 376.725 738.112 23.689
v 385.703 737.978 23.472
v 379.378 733.948 23.472
v 388.366 733.800 23.262
v 382.040 729.770 23.262
v 391.028 729.622 23.060
v 384.703 725.592 23.060
v 393.690 725.443 22.864
v 387.365 721.413 22.864
v 396.352 721.265 22.676
v 390.027 717.235 22.676
v 399.014 717.087 22.494
v 392.689 713.057 22.494
v 401.677 712.908 22.318
v 395.351 708.878 22.318
v 404.339 708.730 22.148
v 398.014 704.700 22.148
v 407.001 704.552 21.983
v 400.676 700.522 21.983
v 409.663 700.373 21.824
v 403.338 696.343 21.824
v 412.326 696.195 21.670
v 406.000 692.165 21.670
v 414.988 692.017 21.521
v 408.663 687.987 21.521
v 417.650 687.838 21.376
v 411.325 683.808 21.376
v 420.312 683.660 21.235
v 413.987 679.630 21.235
v 605.334 799.390 18.657
v 611.679 803.389 18.657
v 602.776 803.450 18.844
v 609.121 807.448 18.844
v 600.217 807.509 19.034
v 606.563 811.508 19.034
v 597.659 811.569 19.227
v 604.005 815.567 19.227
v 595.101 815.628 19.421
v 601.446 819.627 19.421
v 592.543 819.688 19.619
v 598.888 823.687 19.619
v 589.985 823.748 19.819
v 596.330 827.746 19.819
v 587.427 827.807 20.022
v 593.772 831.806 20.022
v 584.868 831.867 20.228
v 591.214 835.865 20.228
v 582.310 835.926 20.438
v 588.655 839.925 20.438
v 579.752 839.986 20.651
v 586.097 843.985 20.651
v 577.194 844.046 20.868
v 583.539 848.044 20.868
v 574.636 848.105 21.088
v 580.981 852.104 21.088
v 572.077 852.165 21.313
v 578.423 856.163 21.313
v 569.519 856.225 21.542
v 575.864 860.223 21.542
v 566.961 860.284 21.775
v 573.306 864.283 21.775
v 532.731 930.958 26.314
v 526.324 927.059 26.314
v 535.269 926.788 25.985
v 528.862 922.889 25.985
v 537.807 922.617 25.661
v 531.400 918.719 25.661
v 540.345 918.447 25.344
v 533.938 914.548 25.344
v 542.882 914.277 25.033
v 536.476 910.378 25.033
v 545.420 910.106 24.728
v 539.013 906.208 24.728
v 547.958 905.936 24.429
v 541.551 902.037 24.429
v 550.496 901.766 24.137
v 544.089 897.867 24.137
v 553.034 897.595 23.851
v 546.627 893.697 23.851
v 555.572 893.425 23.572
v 549.165 889.526 23.572
v 558.110 889.255 23.298
v 551.703 885.356 23.298
v 560.648 885.084 23.031
v 554.241 881.186 23.031
v 563.185 880.914 22.769
v 556.779 877.015 22.769
v 565.723 876.744 22.513
v 559.316 872.845 22.513
v 568.261 872.574 22.262
v 561.854 868.675 22.262
v 570.799 868.403 22.016
v 564.392 864.504 22.016
v 573.337 864.233 21.775
v 566.930 860.334 21.775
v 163.023 786.824 33.744
v 159.066 793.195 33.744
v 158.834 784.222 33.622
v 154.877 790.593 33.622
v 154.645 781.619 33.496
v 150.687 787.990 33.496
v 150.455 779.017 33.367
v 146.498 785.388 33.367
v 146.266 776.415 33.234
v 142.308 782.786 33.234
v 142.076 773.812 33.099
v 138.119 780.183 33.099
v 137.887 771.210 32.960
v 133.930 777.581 32.960
v 133.698 768.608 32.820
v 129.740 774.979 32.820
v 129.508 766.005 32.678
v 125.551 772.376 32.678
v 125.319 763.403 32.534
v 121.361 769.774 32.534
v 121.129 760.801 32.389
v 117.172 767.172 32.389
v 116.940 758.198 32.243
v 112.983 764.569 32.243
v 112.751 755.596 32.098
v 108.793 761.967 32.098
v 108.561 752.994 31.953
v 104.604 759.364 31.953
v 104.372 750.391 31.809
v 100.414 756.762 31.809
v 100.182 747.789 31.666
v 96.225 754.160 31.666
v 95.993 745.186 31.526
v 92.036 751.557 31.526
v 91.804 742.584 31.389
v 87.846 748.955 31.389
v 87.614 739.982 31.255
v 83.657 746.353 31.255
v 108.430 658.259 24.226
v 115.796 659.667 24.226
v 107.508 663.082 24.502
v 114.874 664.490 24.502
v 106.586 667.905 24.788
v 113.953 669.313 24.788
v 105.719 672.486 25.083
v 112.976 674.379 25.083
v 104.243 676.893 25.390
v 111.351 679.286 25.390
v 102.664 681.529 25.708
v 109.764 683.947 25.708
v 101.081 686.177 26.038
v 108.181 688.595 26.038
v 99.498 690.826 26.381
v 106.598 693.243 26.381
v 97.915 695.474 26.738
v 105.015 697.892 26.738
v 96.332 700.123 27.109
v 103.432 702.540 27.109
v 94.749 704.771 27.497
v 101.849 707.189 27.497
v 93.166 709.419 27.901
v 100.266 711.837 27.901
v 91.583 714.068 28.322
v 98.683 716.486 28.322
v 90.000 718.716 28.761
v 97.100 721.134 28.761
v 88.418 723.365 29.220
v 95.517 725.782 29.220
v 86.835 728.013 29.698
v 93.934 730.431 29.698
v 85.252 732.662 30.196
v 92.351 735.079 30.196
v 83.669 737.310 30.715
v 90.768 739.728 30.715
v 82.086 741.958 31.255
v 89.185 744.376 31.255
v 54.836 809.158 41.584
v 48.925 804.542 41.584
v 57.859 805.284 40.762
v 51.855 800.790 40.762
v 60.727 801.286 39.956
v 54.624 796.927 39.956
v 63.535 797.339 39.172
v 57.423 792.992 39.172
v 66.339 793.398 38.412
v 60.227 789.050 38.412
v 69.231 789.326 37.674
v 62.942 785.239 37.674
v 71.806 784.977 36.947
v 65.284 781.273 36.947
v 74.153 780.674 36.237
v 67.568 777.083 36.237
v 76.532 776.306 35.548
v 69.820 772.958 35.548
v 78.629 771.689 34.876
v 71.714 768.785 34.876
v 80.413 767.077 34.222
v 73.418 764.373 34.222
v 82.157 762.566 33.587
v 75.162 759.862 33.587
v 83.901 758.054 32.973
v 76.906 755.350 32.973
v 85.645 753.543 32.380
v 78.650 750.838 32.380
v 87.389 749.031 31.807
v 80.394 746.327 31.807
v 89.133 744.519 31.255
v 82.138 741.815 31.255
v 697.485 863.656 17.177
v 701.634 857.408 17.177
v 701.559 866.362 17.120
v 705.708 860.114 17.120
v 705.633 869.068 17.064
v 709.782 862.820 17.064
v 709.707 871.774 17.009
v 713.856 865.526 17.009
v 713.781 874.479 16.953
v 717.930 868.232 16.953
v 717.855 877.185 16.898
v 722.004 870.938 16.898
v 721.929 879.891 16.843
v 726.078 873.644 16.843
v 726.003 882.597 16.789
v 730.152 876.350 16.789
v 730.077 885.303 16.734
v 734.226 879.055 16.734
v 734.151 888.009 16.680
v 738.300 881.761 16.680
v 738.225 890.715 16.626
v 742.374 884.467 16.626
v 742.299 893.421 16.571
v 746.448 887.173 16.571
v 746.373 896.126 16.516
v 750.522 889.879 16.516
v 750.447 898.832 16.462
v 754.596 892.585 16.462
v 754.521 901.538 16.407
v 758.671 895.291 16.407
v 758.595 904.244 16.352
v 762.745 897.997 16.352
v 762.669 906.950 16.296
v 766.819 900.702 16.296
v 766.743 909.656 16.241
v 770.893 903.408 16.241
v 770.817 912.362 16.185
v 774.967 906.114 16.185
v 774.891 915.068 16.129
v 779.041 908.820 16.129
v 778.965 917.774 16.072
v 783.115 911.526 16.072
v 783.039 920.479 16.015
v 787.189 914.232 16.015
v 787.113 923.185 15.958
v 791.263 916.938 15.958
v 791.187 925.891 15.901
v 795.337 919.644 15.901
v 795.261 928.597 15.843
v 799.411 922.349 15.843
v 799.335 931.303 15.785
v 803.485 925.055 15.785
v 696.384 858.537 17.177
v 702.734 862.528 17.177
v 693.892 862.502 17.338
v 700.242 866.493 17.338
v 691.400 866.467 17.500
v 697.750 870.458 17.500
v 688.908 870.432 17.664
v 695.258 874.423 17.664
v 686.416 874.397 17.828
v 692.766 878.388 17.828
v 683.924 878.362 17.995
v 690.274 882.353 17.995
v 681.432 882.327 18.163
v 687.781 886.318 18.163
v 678.939 886.292 18.334
v 685.289 890.283 18.334
v 676.447 890.257 18.506
v 682.797 894.248 18.506
v 673.955 894.222 18.681
v 680.305 898.213 18.681
v 671.463 898.187 18.859
v 677.813 902.178 18.859
v 668.971 902.152 19.038
v 675.321 906.143 19.038
v 666.479 906.117 19.221
v 672.829 910.108 19.221
v 663.987 910.082 19.406
v 670.336 914.073 19.406
v 661.494 914.047 19.594
v 667.844 918.038 19.594
v 659.002 918.011 19.786
v 665.352 922.003 19.786
v 605.232 385.167 9.669
v 611.589 389.147 9.669
v 603.829 387.408 9.810
v 610.186 391.388 9.810
v 602.426 389.650 9.952
v 608.783 393.630 9.952
v 52.113 290.789 14.800
v 56.309 284.573 14.800
v 56.116 293.491 14.819
v 60.312 287.275 14.819
v 60.119 296.193 14.837
v 64.315 289.977 14.837
v 64.122 298.895 14.857
v 68.318 292.679 14.857
v 68.125 301.597 14.876
v 72.321 295.381 14.876
v 72.128 304.300 14.897
v 76.324 298.083 14.897
v 76.131 307.002 14.917
v 80.327 300.785 14.917
v 80.134 309.704 14.938
v 84.330 303.487 14.938
v 84.137 312.406 14.960
v 88.333 306.190 14.960
v 88.140 315.108 14.982
v 92.336 308.892 14.982
v 92.143 317.810 15.004
v 96.339 311.594 15.004
v 96.146 320.512 15.028
v 100.342 314.296 15.028
v 100.149 323.214 15.051
v 104.345 316.998 15.051
v 104.152 325.916 15.076
v 108.348 319.700 15.076
v 108.155 328.619 15.101
v 112.351 322.402 15.101
v 112.158 331.321 15.127
v 116.354 325.104 15.127
v 116.161 334.023 15.153
v 120.357 327.806 15.153
v 120.164 336.725 15.181
v 124.360 330.509 15.181
v 124.245 339.478 15.209
v 128.286 333.160 15.209
v 128.524 342.067 15.236
v 132.262 335.565 15.236
v 132.836 344.422 15.262
v 136.429 337.839 15.262
v 137.075 346.736 15.288
v 140.668 340.153 15.288
v 141.314 349.050 15.316
v 144.907 342.467 15.316
v 145.553 351.364 15.345
v 149.147 344.781 15.345
v 149.792 353.678 15.376
v 153.386 347.095 15.376
v 154.032 355.992 15.407
v 157.625 349.408 15.407
v 158.271 358.306 15.439
v 161.864 351.722 15.439
v 162.510 360.620 15.473
v 166.103 354.036 15.473
v 166.749 362.934 15.507
v 170.343 356.350 15.507
v -338.353 224.796 21.796
v -345.460 227.191 21.796
v -339.899 220.207 21.989
v -347.006 222.602 21.989
v -341.382 215.828 22.183
v -348.617 217.804 22.183
v -342.303 211.435 22.311
v -349.686 212.754 22.311
v -342.968 206.936 22.401
v -350.431 207.672 22.401
v -343.198 202.283 22.431
v -350.689 202.654 22.431
v -343.432 197.460 22.453
v -350.924 197.803 22.453
v -343.636 192.749 22.467
v -351.136 192.839 22.467
v -343.545 188.024 22.437
v -351.043 187.882 22.437
v -343.453 183.183 22.402
v -350.951 183.040 22.402
v -343.360 178.341 22.362
v -350.859 178.199 22.362
v -343.268 173.500 22.317
v -350.767 173.357 22.317
v -343.176 168.658 22.268
v -350.675 168.516 22.268
v -343.084 163.817 22.215
v -350.583 163.674 22.215
v -342.992 158.975 22.159
v -350.491 158.832 22.159
v -342.900 154.134 22.099
v -350.398 153.991 22.099
v -342.808 149.292 22.038
v -350.306 149.149 22.038
v -342.716 144.451 21.975
v -350.214 144.308 21.975
v -342.623 139.609 21.911
v -350.122 139.466 21.911
v -342.531 134.768 21.847
v -350.030 134.625 21.847
v -342.439 129.926 21.782
v -349.938 129.783 21.782
v -342.347 125.085 21.717
v -349.846 124.942 21.717
v -342.255 120.243 21.653
v -349.754 120.100 21.653
v -342.163 115.402 21.589
v -349.661 115.259 21.589
v -342.071 110.560 21.527
v -349.569 110.417 21.527
v -341.979 105.719 21.466
v -349.477 105.576 21.466
v -341.886 100.877 21.407
v -349.385 100.734 21.407
v -341.794 96.035 21.349
v -349.293 95.893 21.349
v -341.702 91.194 21.294
v -349.201 91.051 21.294
v -364.026 -339.745 17.354
v -358.977 -345.291 17.354
v -360.635 -336.657 17.231
v -355.586 -342.204 17.231
v -357.243 -333.570 17.111
v -352.194 -339.116 17.111
v -353.851 -330.482 16.995
v -348.802 -336.028 16.995
v -350.460 -327.395 16.881
v -345.411 -332.941 16.881
v -347.068 -324.307 16.770
v -342.019 -329.853 16.770
v -343.676 -321.219 16.662
v -338.627 -326.765 16.662
v -340.284 -318.132 16.557
v -335.236 -323.678 16.557
v -336.893 -315.044 16.455
v -331.844 -320.590 16.455
v -333.501 -311.956 16.355
v -328.452 -317.503 16.355
v -134.088 -122.417 14.466
v -128.907 -127.839 14.466
v -130.549 -119.036 14.475
v -125.368 -124.458 14.475
v -127.011 -115.654 14.483
v -121.829 -121.077 14.483
v -123.472 -112.273 14.490
v -118.291 -117.695 14.490
v -119.934 -108.891 14.497
v -114.752 -114.314 14.497
v -116.395 -105.510 14.502
v -111.214 -110.932 14.502
v -112.856 -102.129 14.506
v -107.675 -107.551 14.506
v -109.318 -98.747 14.509
v -104.136 -104.170 14.509
v -105.779 -95.366 14.510
v -100.598 -100.788 14.510
v -102.241 -91.984 14.509
v -97.059 -97.407 14.509
v -98.702 -88.603 14.505
v -93.521 -94.025 14.505
v -95.163 -85.222 14.499
v -89.982 -90.644 14.499
v -91.625 -81.840 14.490
v -86.443 -87.263 14.490
v -88.086 -78.459 14.478
v -82.905 -83.881 14.478
v -84.548 -75.077 14.462
v -79.366 -80.500 14.462
v -81.009 -71.696 14.444
v -75.827 -77.118 14.444
v -77.470 -68.315 14.422
v -72.289 -73.737 14.422
v -73.932 -64.933 14.396
v -68.750 -70.356 14.396
v -70.393 -61.552 14.366
v -65.212 -66.974 14.366
v -66.855 -58.170 14.332
v -61.673 -63.593 14.332
v -63.316 -54.789 14.295
v -58.134 -60.211 14.295
v -59.777 -51.408 14.254
v -54.596 -56.830 14.254
v -56.239 -48.026 14.209
v -51.057 -53.449 14.209
v -52.700 -44.645 14.160
v -47.519 -50.067 14.160
v -91.749 -5.266 14.288
v -97.047 0.042 14.288
v -95.168 -8.679 14.322
v -100.466 -3.370 14.322
v -98.587 -12.091 14.355
v -103.885 -6.783 14.355
v -102.007 -15.504 14.386
v -107.305 -10.195 14.386
v -105.426 -18.916 14.416
v -110.724 -13.608 14.416
v -108.845 -22.329 14.444
v -114.143 -17.020 14.444
v -112.264 -25.741 14.471
v -117.562 -20.433 14.471
v -115.684 -29.154 14.497
v -120.982 -23.845 14.497
v -119.103 -32.566 14.521
v -124.401 -27.258 14.521
v -122.522 -35.979 14.544
v -127.820 -30.670 14.544
v -125.941 -39.391 14.567
v -131.239 -34.083 14.567
v -129.361 -42.804 14.588
v -134.659 -37.495 14.588
v -132.780 -46.216 14.608
v -138.078 -40.908 14.608
v -136.199 -49.629 14.628
v -141.497 -44.320 14.628
v -139.618 -53.041 14.647
v -144.917 -47.733 14.647
v -143.038 -56.454 14.665
v -148.336 -51.145 14.665
v -146.457 -59.867 14.683
v -151.755 -54.558 14.683
v -149.876 -63.279 14.701
v -155.174 -57.971 14.701
v -153.295 -66.692 14.719
v -158.594 -61.383 14.719
v -156.715 -70.104 14.737
v -162.013 -64.796 14.737
v -160.134 -73.517 14.755
v -165.432 -68.208 14.755
v -163.553 -76.929 14.773
v -168.851 -71.621 14.773
v -166.972 -80.342 14.792
v -172.271 -75.033 14.792
v -170.392 -83.754 14.811
v -175.690 -78.446 14.811
v -173.811 -87.167 14.832
v -179.109 -81.858 14.832
v 292.064 175.037 13.085
v 287.189 180.736 13.085
v 288.615 172.087 13.051
v 283.740 177.786 13.051
v 285.166 169.136 13.018
v 280.291 174.835 13.018
v 281.717 166.186 12.984
v 276.842 171.885 12.984
v 278.268 163.235 12.950
v 273.393 168.934 12.950
v 274.819 160.285 12.916
v 269.944 165.984 12.916
v 271.370 157.334 12.882
v 266.495 163.033 12.882
v 267.921 154.384 12.847
v 263.046 160.083 12.847
v 264.472 151.433 12.813
v 259.596 157.132 12.813
v 277.974 199.648 13.548
v 271.977 195.145 13.548
v 280.904 195.746 13.465
v 274.907 191.243 13.465
v 283.835 191.844 13.378
v 277.837 187.341 13.378
v 286.765 187.943 13.285
v 280.768 183.439 13.285
v 289.695 184.041 13.188
v 283.698 179.537 13.188
v 292.625 180.139 13.085
v 286.628 175.635 13.085
v -333.575 -312.026 16.355
v -328.378 -317.433 16.355
v -329.977 -308.568 16.257
v -324.780 -313.976 16.257
v -326.380 -305.111 16.161
v -321.183 -310.519 16.161
v -322.782 -301.653 16.069
v -317.585 -307.061 16.069
v -319.184 -298.196 15.979
v -313.987 -303.604 15.979
v -315.587 -294.739 15.893
v -310.390 -300.146 15.893
v -311.989 -291.281 15.808
v -306.792 -296.689 15.808
v -308.391 -287.824 15.727
v -303.194 -293.232 15.727
v -304.794 -284.367 15.648
v -299.597 -289.774 15.648
v -301.196 -280.909 15.572
v -295.999 -286.317 15.572
v -297.598 -277.451 15.498
v -292.402 -282.860 15.498
v -293.994 -273.991 15.426
v -288.808 -279.408 15.426
v -290.381 -270.542 15.357
v -285.202 -275.967 15.357
v -286.771 -267.097 15.289
v -281.593 -272.522 15.289
v -283.162 -263.652 15.224
v -277.983 -269.077 15.224
v -279.552 -260.207 15.162
v -274.374 -265.632 15.162
v -275.943 -256.762 15.101
v -270.764 -262.187 15.101
v -272.333 -253.317 15.043
v -267.155 -258.742 15.043
v -268.724 -249.872 14.987
v -263.545 -255.297 14.987
v -265.114 -246.427 14.934
v -259.936 -251.852 14.934
v -261.505 -242.981 14.883
v -256.326 -248.407 14.883
v -257.895 -239.536 14.835
v -252.717 -244.962 14.835
v -254.286 -236.091 14.789
v -249.107 -241.517 14.789
v -250.676 -232.646 14.745
v -245.498 -238.072 14.745
v -247.067 -229.201 14.705
v -241.888 -234.627 14.705
v -243.457 -225.756 14.667
v -238.279 -231.182 14.667
v -239.843 -222.307 14.632
v -234.673 -227.741 14.632
v -236.216 -218.866 14.599
v -231.061 -224.314 14.599
v -232.582 -215.438 14.568
v -227.436 -220.894 14.568
v -228.953 -212.014 14.541
v -223.806 -217.470 14.541
v -225.323 -208.590 14.516
v -220.177 -214.046 14.516
v -221.694 -205.167 14.493
v -216.547 -210.622 14.493
v -218.064 -201.743 14.474
v -212.918 -207.198 14.474
v -214.435 -198.319 14.456
v -209.288 -203.774 14.456
v -210.805 -194.895 14.441
v -205.658 -200.350 14.441
v -207.175 -191.471 14.429
v -202.029 -196.926 14.429
v -203.546 -188.047 14.418
v -198.399 -193.502 14.418
v -199.916 -184.623 14.409
v -194.770 -190.079 14.409
v -196.287 -181.199 14.402
v -191.140 -186.655 14.402
v -192.657 -177.775 14.397
v -187.511 -183.231 14.397
v -189.028 -174.351 14.393
v -183.881 -179.807 14.393
v -185.398 -170.927 14.391
v -180.252 -176.383 14.391
v -181.769 -167.503 14.391
v -176.622 -172.959 14.391
v -178.139 -164.079 14.391
v -172.993 -169.535 14.391
v -174.510 -160.655 14.393
v -169.363 -166.111 14.393
v -170.880 -157.232 14.396
v -165.734 -162.687 14.396
v -167.251 -153.808 14.399
v -162.104 -159.263 14.399
v -163.621 -150.384 14.404
v -158.475 -155.839 14.404
v -159.992 -146.960 14.410
v -154.845 -152.415 14.410
v 607.367 388.330 9.952
v 603.841 394.949 9.952
v 603.366 386.198 10.106
v 599.840 392.818 10.106
v 599.364 384.067 10.259
v 595.838 390.686 10.259
v 595.362 381.935 10.411
v 591.836 388.554 10.411
v 591.361 379.803 10.561
v 587.835 386.423 10.561
v 441.609 361.347 14.775
v 445.737 355.085 14.775
v 445.778 364.095 14.764
v 449.906 357.833 14.764
v 449.946 366.843 14.750
v 454.074 360.581 14.750
v 454.114 369.591 14.733
v 458.242 363.329 14.733
v 458.283 372.339 14.714
v 462.411 366.077 14.714
v 462.451 375.087 14.691
v 466.579 368.826 14.691
v 466.618 377.835 14.664
v 470.748 371.574 14.664
v 470.781 380.583 14.635
v 474.919 374.328 14.635
v 474.940 383.339 14.602
v 479.083 377.087 14.602
v 479.102 386.097 14.566
v 483.245 379.846 14.566
v 483.263 388.855 14.527
v 487.407 382.604 14.527
v 487.425 391.614 14.484
v 491.568 385.362 14.484
v 491.587 394.372 14.437
v 495.730 388.120 14.437
v 495.748 397.130 14.388
v 499.892 390.878 14.388
v 499.910 399.888 14.335
v 504.053 393.636 14.335
v 504.072 402.646 14.280
v 508.215 396.394 14.280
v 508.233 405.404 14.221
v 512.377 399.153 14.221
v 659.542 404.015 7.602
v 656.028 410.641 7.602
v 655.130 401.676 7.757
v 651.617 408.302 7.757
v 650.654 399.303 7.916
v 647.270 405.996 7.916
v 645.942 397.039 8.088
v 642.998 403.937 8.088
v 640.993 395.183 8.287
v 638.595 402.290 8.287
v 635.981 393.675 8.503
v 634.054 400.923 8.503
v 630.920 392.503 8.736
v 629.393 399.846 8.736
v 625.927 391.580 8.980
v 624.565 398.955 8.980
v 621.017 390.673 9.224
v 619.654 398.048 9.224
v 616.106 389.766 9.468
v 614.744 397.141 9.468
v 611.196 388.859 9.711
v 609.834 396.234 9.711
v 606.285 387.952 9.952
v 604.923 395.327 9.952
v 553.694 469.136 14.275
v 557.850 462.893 14.275
v 557.802 471.871 14.198
v 561.958 465.628 14.198
v 561.909 474.605 14.118
v 566.065 468.362 14.118
v 566.016 477.339 14.035
v 570.173 471.096 14.035
v 570.124 480.074 13.949
v 574.280 473.831 13.949
v 574.231 482.808 13.860
v 578.387 476.565 13.860
v 578.339 485.543 13.768
v 582.495 479.300 13.768
v 582.446 488.277 13.672
v 586.602 482.034 13.672
v 586.553 491.012 13.574
v 590.710 484.768 13.574
v 590.661 493.746 13.474
v 594.817 487.503 13.474
v 594.768 496.480 13.370
v 598.924 490.237 13.370
v 598.876 499.215 13.264
v 603.032 492.972 13.264
v 602.983 501.949 13.156
v 607.139 495.706 13.156
v 607.090 504.684 13.046
v 611.247 498.441 13.046
v 611.198 507.418 12.934
v 615.354 501.175 12.934
v 615.305 510.153 12.821
v 619.461 503.909 12.821
v 619.413 512.887 12.706
v 623.569 506.644 12.706
v 623.520 515.621 12.589
v 627.676 509.378 12.589
v 627.627 518.356 12.472
v 631.784 512.113 12.472
v 631.735 521.090 12.353
v 635.891 514.847 12.353
v 635.842 523.825 12.234
v 639.998 517.582 12.234
v 575.157 444.383 13.028
v 569.036 440.048 13.028
v 577.874 440.546 12.808
v 571.754 436.211 12.808
v 580.592 436.709 12.584
v 574.471 432.374 12.584
v 583.309 432.872 12.355
v 577.189 428.537 12.355
v 586.027 429.035 12.123
v 579.906 424.700 12.123
v 588.744 425.198 11.886
v 582.624 420.863 11.886
v 591.461 421.361 11.645
v 585.341 417.026 11.645
v 602.423 389.654 9.952
v 608.785 393.626 9.952
v 599.966 393.590 10.200
v 606.328 397.562 10.200
v 597.508 397.526 10.446
v 603.870 401.498 10.446
v 595.051 401.463 10.691
v 601.412 405.435 10.691
v 592.593 405.399 10.933
v 598.955 409.371 10.933
v 590.135 409.335 11.173
v 596.497 413.307 11.173
v 587.678 413.272 11.411
v 594.040 417.244 11.411
v 585.220 417.208 11.645
v 591.582 421.180 11.645
v 569.004 440.094 13.028
v 575.189 444.337 13.028
v 566.284 444.061 13.247
v 572.468 448.303 13.247
v 563.563 448.027 13.462
v 569.748 452.270 13.462
v 560.842 451.994 13.672
v 567.027 456.236 13.672
v 558.121 455.960 13.877
v 564.306 460.203 13.877
v 555.401 459.927 14.079
v 561.585 464.169 14.079
v 552.680 463.893 14.275
v 558.865 468.136 14.275
v 553.423 476.762 14.678
v 547.081 472.759 14.678
v 555.263 473.847 14.546
v 548.921 469.844 14.546
v 557.103 470.932 14.412
v 550.761 466.928 14.412
v 558.943 468.016 14.275
v 552.601 464.013 14.275
v -199.835 362.742 18.389
v -193.965 358.075 18.389
v -196.733 366.645 18.510
v -190.862 361.977 18.510
v -193.630 370.547 18.634
v -187.759 365.879 18.634
v -190.527 374.449 18.761
v -184.657 369.781 18.761
v -187.424 378.351 18.890
v -181.554 373.684 18.890
v -184.321 382.254 19.022
v -178.451 377.586 19.022
v -181.219 386.156 19.157
v -175.348 381.488 19.157
v -178.116 390.058 19.294
v -172.246 385.390 19.294
v -175.013 393.960 19.432
v -169.143 389.293 19.432
v -171.910 397.863 19.572
v -166.040 393.195 19.572
v -168.808 401.765 19.713
v -162.937 397.097 19.713
v -165.705 405.667 19.855
v -159.834 400.999 19.855
v -162.602 409.569 19.998
v -156.732 404.902 19.998
v -159.499 413.472 20.141
v -153.629 408.804 20.141
v -156.397 417.374 20.285
v -150.526 412.706 20.285
v -153.294 421.276 20.428
v -147.423 416.608 20.428
v -150.191 425.178 20.571
v -144.321 420.511 20.571
v -147.086 429.084 20.714
v -141.221 424.409 20.714
v -143.971 432.983 20.855
v -138.112 428.301 20.855
v -140.859 436.877 20.995
v -135.000 432.195 20.995
v -137.747 440.772 21.134
v -131.887 436.090 21.134
v -134.634 444.667 21.271
v -128.775 439.985 21.271
v -131.522 448.561 21.406
v -125.663 443.879 21.406
v -128.410 452.456 21.540
v -122.551 447.774 21.540
v -125.297 456.351 21.671
v -119.438 451.669 21.671
v -122.185 460.245 21.799
v -116.326 455.563 21.799
v -119.073 464.140 21.924
v -113.214 459.458 21.924
v -115.961 468.035 22.046
v -110.102 463.353 22.046
v -112.848 471.929 22.165
v -106.989 467.247 22.165
v -109.736 475.824 22.279
v -103.877 471.142 22.279
v -106.624 479.719 22.390
v -100.765 475.037 22.390
v -103.512 483.613 22.496
v -97.652 478.931 22.496
v -100.399 487.508 22.597
v -94.540 482.826 22.597
v -97.287 491.403 22.694
v -91.428 486.721 22.694
v -289.595 283.939 17.810
v -281.499 272.517 17.810
v -286.911 285.841 17.730
v -278.815 274.420 17.730
v -284.226 287.744 17.658
v -276.130 276.322 17.658
v -266.535 300.461 17.357
v -258.551 288.961 17.357
v -263.210 302.770 17.327
v -255.226 291.269 17.327
v -259.885 305.078 17.305
v -251.901 293.577 17.305
v -194.854 363.551 18.389
v -198.946 357.266 18.389
v -190.714 360.855 18.277
v -194.807 354.570 18.277
v -186.574 358.159 18.165
v -190.667 351.874 18.165
v -182.434 355.463 18.053
v -186.527 349.178 18.053
v -178.294 352.767 17.943
v -182.387 346.482 17.943
v -174.155 350.071 17.833
v -178.248 343.786 17.833
v -170.015 347.375 17.724
v -174.108 341.090 17.724
v -165.875 344.679 17.616
v -169.968 338.394 17.616
v -161.735 341.983 17.509
v -165.828 335.698 17.509
v -157.596 339.287 17.402
v -161.688 333.002 17.402
v -153.456 336.591 17.297
v -157.549 330.306 17.297
v -149.316 333.895 17.192
v -153.409 327.610 17.192
v -145.176 331.199 17.088
v -149.269 324.914 17.088
v -141.029 328.498 16.985
v -145.137 322.224 16.985
v -136.864 325.756 16.882
v -141.049 319.532 16.882
v -132.761 322.940 16.779
v -137.006 316.757 16.779
v -128.688 320.145 16.677
v -132.933 313.961 16.677
v -124.615 317.349 16.576
v -128.860 311.165 16.576
v -120.542 314.553 16.476
v -124.787 308.370 16.476
v -116.469 311.757 16.378
v -120.714 305.574 16.378
v -112.396 308.962 16.281
v -116.640 302.778 16.281
v -108.323 306.166 16.186
v -112.567 299.982 16.186
v -104.250 303.370 16.092
v -108.494 297.187 16.092
v -100.177 300.574 16.000
v -104.421 294.391 16.000
v -96.104 297.779 15.910
v -100.348 291.595 15.910
v -92.031 294.983 15.822
v -96.275 288.799 15.822
v -87.958 292.187 15.735
v -92.202 286.004 15.735
v -83.885 289.391 15.651
v -88.129 283.208 15.651
v -79.812 286.595 15.568
v -84.056 280.412 15.568
v -75.738 283.800 15.488
v -79.983 277.616 15.488
v -172.934 212.897 14.997
v -169.325 219.472 14.997
v -177.221 215.249 15.060
v -173.612 221.824 15.060
v -181.508 217.602 15.124
v -177.900 224.177 15.124
v -185.795 219.955 15.191
v -182.187 226.530 15.191
v -190.082 222.308 15.260
v -186.474 228.883 15.260
v -194.369 224.660 15.332
v -190.761 231.235 15.332
v -198.656 227.013 15.406
v -195.048 233.588 15.406
v -202.943 229.366 15.483
v -199.335 235.941 15.483
v -207.231 231.718 15.563
v -203.622 238.293 15.563
v -211.518 234.071 15.646
v -207.910 240.646 15.646
v -216.015 236.548 15.732
v -211.987 242.874 15.732
v -220.360 239.739 15.822
v -215.445 245.405 15.822
v -224.091 243.532 15.918
v -218.560 248.597 15.918
v -227.427 247.433 16.015
v -221.579 252.129 16.015
v -230.530 251.555 16.113
v -224.346 255.799 16.113
v -233.207 255.843 16.211
v -226.842 259.811 16.211
v -235.794 259.993 16.312
v -229.429 263.961 16.312
v -238.381 264.144 16.414
v -232.016 268.111 16.414
v -240.968 268.294 16.519
v -234.603 272.261 16.519
v -243.554 272.444 16.625
v -237.190 276.411 16.625
v -246.141 276.594 16.734
v -239.776 280.561 16.734
v -248.728 280.744 16.844
v -242.363 284.711 16.844
v -251.315 284.894 16.956
v -244.950 288.861 16.956
v -253.902 289.044 17.071
v -247.537 293.011 17.071
v -256.489 293.194 17.187
v -250.124 297.161 17.187
v -259.075 297.344 17.305
v -252.711 301.311 17.305
v -193.977 358.059 18.389
v -199.823 362.758 18.389
v -196.954 354.356 18.279
v -202.800 359.054 18.279
v -199.931 350.652 18.171
v -205.777 355.351 18.171
v -202.908 346.948 18.067
v -208.754 351.647 18.067
v -205.885 343.245 17.967
v -211.731 347.944 17.967
v -208.862 339.541 17.871
v -214.708 344.240 17.871
v -211.839 335.838 17.780
v -217.685 340.536 17.780
v -214.816 332.134 17.693
v -220.662 336.833 17.693
v -217.793 328.430 17.610
v -223.639 333.129 17.610
v -220.770 324.727 17.533
v -226.616 329.426 17.533
v -223.819 320.937 17.461
v -229.521 325.809 17.461
v -227.096 317.324 17.401
v -232.630 322.386 17.401
v -230.470 313.671 17.348
v -235.696 319.050 17.348
v -234.257 310.372 17.314
v -239.066 316.128 17.314
v -238.041 307.333 17.291
v -242.693 313.217 17.291
v -241.906 304.327 17.277
v -246.324 310.388 17.277
v -245.928 301.582 17.277
v -250.153 307.779 17.277
v -249.855 298.906 17.286
v -254.079 305.103 17.286
v -253.781 296.229 17.305
v -258.005 302.426 17.305
v 97.394 476.313 17.833
v 91.098 472.238 17.833
v 100.023 472.250 17.713
v 93.726 468.176 17.713
v 102.652 468.188 17.596
v 96.355 464.113 17.596
v 105.281 464.126 17.482
v 98.984 460.051 17.482
v 107.909 460.064 17.370
v 101.613 455.989 17.370
v 110.538 456.001 17.262
v 104.242 451.927 17.262
v 113.167 451.939 17.157
v 106.871 447.864 17.157
v 115.796 447.877 17.055
v 109.499 443.802 17.055
v 118.425 443.815 16.955
v 112.128 439.740 16.955
v 121.050 439.757 16.859
v 114.760 435.673 16.859
v 123.688 435.709 16.765
v 117.406 431.613 16.765
v 126.332 431.658 16.675
v 120.050 427.560 16.675
v 128.975 427.605 16.587
v 122.694 423.507 16.587
v 131.619 423.553 16.502
v 125.338 419.455 16.502
v 134.263 419.500 16.419
v 127.982 415.402 16.419
v 192.302 534.187 19.160
v 188.174 540.448 19.160
v 188.134 531.438 19.091
v 184.005 537.699 19.091
v 183.965 528.689 19.023
v 179.837 534.951 19.023
v 179.797 525.941 18.955
v 175.668 532.202 18.955
v 175.628 523.192 18.887
v 171.500 529.453 18.887
v 171.460 520.443 18.820
v 167.331 526.704 18.820
v 167.291 517.694 18.753
v 163.163 523.956 18.753
v 163.123 514.946 18.687
v 158.994 521.207 18.687
v 158.954 512.197 18.621
v 154.826 518.458 18.621
v 154.786 509.448 18.557
v 150.657 515.709 18.557
v 150.617 506.699 18.494
v 146.489 512.961 18.494
v 146.449 503.951 18.432
v 142.320 510.212 18.432
v 142.280 501.202 18.372
v 138.152 507.463 18.372
v 138.112 498.453 18.313
v 133.983 504.715 18.313
v 133.943 495.705 18.255
v 129.815 501.966 18.255
v 129.775 492.956 18.200
v 125.646 499.217 18.200
v 125.607 490.207 18.146
v 121.478 496.468 18.146
v 121.431 487.453 18.094
v 117.317 493.724 18.094
v 117.237 484.717 18.045
v 113.147 491.003 18.045
v 113.043 481.997 17.998
v 108.962 488.289 17.998
v 108.854 479.280 17.953
v 104.773 485.572 17.953
v 104.665 476.563 17.911
v 100.584 482.855 17.911
v 100.476 473.846 17.871
v 96.395 480.138 17.871
v 96.286 471.129 17.833
v 92.205 477.421 17.833
v 285.263 770.719 27.878
v 290.906 775.660 27.878
v 282.047 774.391 28.228
v 287.689 779.332 28.228
v 278.723 778.192 28.587
v 284.581 782.876 28.587
v 275.709 782.325 28.962
v 281.857 786.620 28.962
v 272.951 786.443 29.351
v 279.184 790.615 29.351
v 270.236 790.499 29.749
v 276.468 794.671 29.749
v 267.520 794.556 30.156
v 273.753 798.728 30.156
v 264.805 798.613 30.574
v 271.038 802.784 30.574
v 262.090 802.669 31.001
v 268.322 806.841 31.001
v 259.359 806.749 31.438
v 265.623 810.874 31.438
v 256.680 810.884 31.885
v 262.994 814.932 31.885
v 254.055 815.021 32.342
v 260.388 819.039 32.342
v 251.440 819.143 32.809
v 257.773 823.161 32.809
v 248.825 823.265 33.285
v 255.158 827.283 33.285
v 246.210 827.387 33.771
v 252.543 831.405 33.771
v 243.595 831.509 34.267
v 249.928 835.527 34.267
v 240.980 835.631 34.773
v 247.314 839.649 34.773
v 238.365 839.753 35.289
v 244.699 843.771 35.289
v 450.222 631.023 19.663
v 453.522 624.288 19.663
v 454.530 633.135 19.633
v 457.831 626.400 19.633
v 458.839 635.246 19.600
v 462.140 628.512 19.600
v 463.148 637.358 19.564
v 466.449 630.624 19.564
v 467.457 639.470 19.525
v 470.758 632.735 19.525
v 471.766 641.582 19.482
v 475.066 634.847 19.482
v 476.074 643.694 19.436
v 479.375 636.959 19.436
v 480.383 645.806 19.386
v 483.684 639.071 19.386
v 484.692 647.917 19.332
v 487.993 641.183 19.332
v 489.001 650.029 19.275
v 492.302 643.295 19.275
v 493.310 652.141 19.214
v 496.611 645.406 19.214
v 497.619 654.253 19.150
v 500.919 647.518 19.150
v 501.927 656.365 19.082
v 505.228 649.630 19.082
v 506.236 658.476 19.011
v 509.537 651.742 19.011
v 510.545 660.588 18.936
v 513.846 653.854 18.936
v 514.854 662.700 18.858
v 518.155 655.965 18.858
v 519.163 664.812 18.777
v 522.463 658.077 18.777
v 523.472 666.924 18.693
v 526.772 660.189 18.693
v 527.780 669.035 18.605
v 531.081 662.301 18.605
v 532.089 671.147 18.516
v 535.390 664.413 18.516
v 536.398 673.259 18.423
v 539.699 666.524 18.423
v 540.707 675.371 18.328
v 544.008 668.636 18.328
v 540.274 675.122 18.328
v 544.441 668.886 18.328
v 544.286 677.803 18.248
v 548.453 671.567 18.248
v 548.298 680.484 18.165
v 552.465 674.248 18.165
v 552.310 683.165 18.081
v 556.477 676.929 18.081
v 556.323 685.846 17.995
v 560.490 679.610 17.995
v 560.335 688.527 17.908
v 564.502 682.291 17.908
v 564.347 691.208 17.820
v 568.514 684.972 17.820
v 568.359 693.889 17.731
v 572.526 687.653 17.731
v 572.371 696.570 17.640
v 576.538 690.334 17.640
v 576.384 699.251 17.550
v 580.551 693.016 17.550
v 580.396 701.933 17.458
v 584.563 695.697 17.458
v 584.408 704.614 17.366
v 588.575 698.378 17.366
v 588.420 707.295 17.275
v 592.587 701.059 17.275
v 592.432 709.976 17.183
v 596.599 703.740 17.183
v 596.445 712.657 17.091
v 600.612 706.421 17.091
v 600.457 715.338 16.999
v 604.624 709.102 16.999
v 604.469 718.019 16.908
v 608.636 711.783 16.908
v 608.481 720.700 16.818
v 612.648 714.464 16.818
v 612.494 723.381 16.728
v 616.661 717.146 16.728
v 616.506 726.062 16.640
v 620.673 719.827 16.640
v 620.518 728.744 16.552
v 624.685 722.508 16.552
v 624.530 731.425 16.466
v 628.697 725.189 16.466
v 628.542 734.106 16.381
v 632.709 727.870 16.381
v 632.555 736.787 16.298
v 636.722 730.551 16.298
v 636.567 739.468 16.216
v 640.734 733.232 16.216
v 640.579 742.149 16.136
v 644.746 735.913 16.136
v 644.591 744.830 16.058
v 648.758 738.594 16.058
v 614.884 556.800 13.987
v 619.152 550.633 13.987
v 618.900 559.580 13.876
v 623.168 553.413 13.876
v 622.916 562.359 13.764
v 627.184 556.192 13.764
v 626.933 565.139 13.650
v 631.201 558.972 13.650
v 630.949 567.918 13.534
v 635.217 561.751 13.534
v 634.966 570.698 13.418
v 639.234 564.531 13.418
v 638.982 573.478 13.300
v 643.250 567.310 13.300
v 642.998 576.257 13.182
v 647.266 570.090 13.182
v 647.015 579.037 13.062
v 651.283 572.869 13.062
v 651.031 581.816 12.942
v 655.299 575.649 12.942
v 655.047 584.596 12.821
v 659.315 578.429 12.821
v 659.064 587.375 12.700
v 663.332 581.208 12.700
v 663.080 590.155 12.579
v 667.348 583.988 12.579
v 667.097 592.934 12.458
v 671.365 586.767 12.458
v 671.113 595.714 12.337
v 675.381 589.547 12.337
v 675.129 598.493 12.215
v 679.397 592.326 12.215
v 679.146 601.273 12.095
v 683.414 595.106 12.095
v 683.162 604.052 11.974
v 687.430 597.885 11.974
v 687.178 606.832 11.855
v 691.446 600.665 11.855
v 691.195 609.612 11.736
v 695.463 603.444 11.736
v 695.211 612.391 11.618
v 699.479 606.224 11.618
v 699.228 615.171 11.502
v 703.496 609.003 11.502
v 703.244 617.950 11.387
v 707.512 611.783 11.387
v 707.260 620.730 11.273
v 711.528 614.563 11.273
v 711.277 623.509 11.161
v 715.545 617.342 11.161
v 715.293 626.289 11.050
v 719.561 620.122 11.050
v 719.309 629.068 10.941
v 723.577 622.901 10.941
v 488.009 572.085 18.080
v 491.851 565.643 18.080
v 492.265 574.623 18.042
v 496.106 568.181 18.042
v 496.520 577.161 18.001
v 500.362 570.720 18.001
v 500.776 579.699 17.956
v 504.618 573.258 17.956
v 505.031 582.237 17.907
v 508.873 575.796 17.907
v 509.287 584.776 17.854
v 513.129 578.334 17.854
v 513.543 587.314 17.797
v 517.385 580.873 17.797
v 517.798 589.852 17.737
v 521.640 583.411 17.737
v 522.054 592.390 17.673
v 525.896 585.949 17.673
v 526.310 594.929 17.605
v 530.151 588.487 17.605
v 530.565 597.467 17.534
v 534.407 591.026 17.534
v 534.821 600.005 17.459
v 538.663 593.564 17.459
v 539.077 602.543 17.381
v 542.918 596.102 17.381
v 543.332 605.082 17.299
v 547.174 598.640 17.299
v 547.588 607.620 17.215
v 551.430 601.179 17.215
v 551.843 610.158 17.127
v 555.685 603.717 17.127
v 556.099 612.696 17.035
v 559.941 606.255 17.035
v 560.355 615.235 16.941
v 564.197 608.793 16.941
v 564.610 617.773 16.844
v 568.452 611.331 16.844
v 568.866 620.311 16.744
v 572.708 613.870 16.744
v 573.122 622.849 16.642
v 576.964 616.408 16.642
v 634.752 518.697 12.234
v 641.089 522.709 12.234
v 632.139 522.824 12.470
v 638.476 526.836 12.470
v 629.526 526.950 12.702
v 635.863 530.963 12.702
v 626.913 531.077 12.929
v 633.250 535.089 12.929
v 624.301 535.204 13.151
v 630.637 539.216 13.151
v 621.688 539.331 13.367
v 628.025 543.343 13.367
v 619.075 543.457 13.579
v 625.412 547.469 13.579
v 616.462 547.584 13.786
v 622.799 551.596 13.786
v 613.849 551.711 13.987
v 620.186 555.723 13.987
v 742.251 587.865 8.926
v 748.500 592.013 8.926
v 739.592 591.870 9.157
v 745.841 596.018 9.157
v 736.933 595.875 9.387
v 743.181 600.023 9.387
v 734.274 599.880 9.615
v 740.522 604.028 9.615
v 731.615 603.885 9.841
v 737.863 608.034 9.841
v 728.956 607.890 10.066
v 735.204 612.039 10.066
v 726.297 611.895 10.288
v 732.545 616.044 10.288
v 723.638 615.900 10.509
v 729.886 620.049 10.509
v 720.978 619.905 10.726
v 727.227 624.054 10.726
v 718.319 623.911 10.941
v 724.568 628.059 10.941
v 539.057 670.224 18.328
v 545.658 673.784 18.328
v 536.789 674.429 18.451
v 543.390 677.989 18.451
v 534.521 678.634 18.575
v 541.123 682.194 18.575
v 532.254 682.839 18.699
v 538.855 686.399 18.699
v 529.986 687.044 18.825
v 536.587 690.604 18.825
v 527.718 691.249 18.952
v 534.320 694.809 18.952
v 525.451 695.454 19.081
v 532.052 699.014 19.081
v 523.183 699.660 19.211
v 529.784 703.219 19.211
v 520.915 703.865 19.343
v 527.517 707.425 19.343
v 518.648 708.070 19.478
v 525.249 711.630 19.478
v 516.380 712.275 19.615
v 522.981 715.835 19.615
v 514.112 716.480 19.754
v 520.714 720.040 19.754
v 511.845 720.685 19.896
v 518.446 724.245 19.896
v 509.577 724.890 20.042
v 516.178 728.450 20.042
v 507.309 729.095 20.190
v 513.911 732.655 20.190
v 505.042 733.301 20.341
v 511.643 736.860 20.341
v 502.774 737.506 20.496
v 509.375 741.066 20.496
v 571.861 617.643 16.642
v 578.224 621.614 16.642
v 569.347 621.672 16.778
v 575.710 625.643 16.778
v 566.833 625.701 16.912
v 573.195 629.672 16.912
v 564.318 629.730 17.045
v 570.681 633.700 17.045
v 561.804 633.759 17.176
v 568.167 637.729 17.176
v 559.290 637.787 17.307
v 565.653 641.758 17.307
v 556.776 641.816 17.436
v 563.138 645.787 17.436
v 554.261 645.845 17.565
v 560.624 649.816 17.565
v 551.747 649.874 17.693
v 558.110 653.845 17.693
v 549.233 653.903 17.820
v 555.596 657.874 17.820
v 546.719 657.932 17.947
v 553.081 661.902 17.947
v 544.204 661.961 18.074
v 550.567 665.931 18.074
v 541.690 665.989 18.201
v 548.053 669.960 18.201
v 539.176 670.018 18.328
v 545.539 673.989 18.328
v 611.666 803.410 18.657
v 605.347 799.369 18.657
v 614.210 799.431 18.473
v 607.892 795.390 18.473
v 616.755 795.453 18.292
v 610.436 791.412 18.292
v 619.299 791.474 18.112
v 612.981 787.433 18.112
v 621.844 787.496 17.933
v 615.526 783.455 17.933
v 624.388 783.517 17.757
v 618.070 779.476 17.757
v 626.933 779.539 17.581
v 620.615 775.498 17.581
v 629.477 775.561 17.407
v 623.159 771.520 17.407
v 632.022 771.582 17.235
v 625.704 767.541 17.235
v 634.567 767.604 17.063
v 628.248 763.563 17.063
v 637.111 763.625 16.893
v 630.793 759.584 16.893
v 639.656 759.647 16.724
v 633.337 755.606 16.724
v 642.200 755.668 16.556
v 635.882 751.627 16.556
v 644.745 751.690 16.389
v 638.426 747.649 16.389
v 647.289 747.711 16.223
v 640.971 743.670 16.223
v 649.834 743.733 16.058
v 643.516 739.692 16.058
v 681.228 681.105 13.651
v 687.534 685.164 13.651
v 678.535 685.289 13.828
v 684.841 689.348 13.828
v 675.841 689.473 14.004
v 682.148 693.533 14.004
v 673.148 693.657 14.177
v 679.454 697.717 14.177
v 670.455 697.841 14.350
v 676.761 701.901 14.350
v 667.761 702.026 14.521
v 674.068 706.085 14.521
v 665.068 706.210 14.692
v 671.374 710.269 14.692
v 662.375 710.394 14.862
v 668.681 714.453 14.862
v 659.681 714.578 15.032
v 665.988 718.637 15.032
v 656.988 718.762 15.202
v 663.294 722.821 15.202
v 654.295 722.946 15.372
v 660.601 727.006 15.372
v 651.601 727.130 15.542
v 657.908 731.190 15.542
v 648.908 731.314 15.714
v 655.215 735.374 15.714
v 646.215 735.498 15.886
v 652.521 739.558 15.886
v 643.522 739.683 16.058
v 649.828 743.742 16.058
v 610.451 798.183 18.657
v 606.562 804.596 18.657
v 606.183 795.595 18.736
v 602.294 802.008 18.736
v 601.915 793.007 18.816
v 598.026 799.421 18.816
v 597.647 790.420 18.896
v 593.758 796.833 18.896
v 593.379 787.832 18.976
v 589.490 794.245 18.976
v 589.111 785.244 19.056
v 585.222 791.658 19.056
v 584.843 782.657 19.136
v 580.954 789.070 19.136
v 580.575 780.069 19.216
v 576.686 786.482 19.216
v 576.307 777.481 19.296
v 572.418 783.895 19.296
v 572.039 774.894 19.375
v 568.150 781.307 19.375
v 567.771 772.306 19.454
v 563.882 778.719 19.454
v 563.503 769.718 19.533
v 559.614 776.132 19.533
v 559.235 767.131 19.612
v 555.346 773.544 19.612
v 554.967 764.543 19.691
v 551.078 770.956 19.691
v 550.699 761.956 19.768
v 546.811 768.369 19.768
v 546.431 759.368 19.846
v 542.543 765.781 19.846
v 542.163 756.780 19.922
v 538.275 763.194 19.922
v 537.895 754.193 19.998
v 534.007 760.606 19.998
v 533.627 751.605 20.073
v 529.739 758.018 20.073
v 529.359 749.017 20.147
v 525.471 755.431 20.147
v 525.091 746.430 20.220
v 521.203 752.843 20.220
v 520.823 743.842 20.291
v 516.935 750.255 20.291
v 516.555 741.254 20.361
v 512.667 747.668 20.361
v 512.287 738.667 20.429
v 508.399 745.080 20.429
v 508.019 736.079 20.496
v 504.131 742.492 20.496
v -359.013 -345.323 17.354
v -363.991 -339.713 17.354
v -362.442 -348.366 17.484
v -367.420 -342.755 17.484
v -365.871 -351.408 17.618
v -370.849 -345.798 17.618
v -369.300 -354.450 17.756
v -374.278 -348.840 17.756
v -372.729 -357.492 17.899
v -377.707 -351.882 17.899
v -376.158 -360.535 18.046
v -381.136 -354.924 18.046
v -379.588 -363.577 18.198
v -384.565 -357.967 18.198
v -383.017 -366.619 18.356
v -387.994 -361.009 18.356
v -386.446 -369.661 18.520
v -391.423 -364.051 18.520
v -389.875 -372.704 18.691
v -394.852 -367.093 18.691
v -393.304 -375.746 18.869
v -398.281 -370.136 18.869
v -396.733 -378.788 19.054
v -401.710 -373.178 19.054
v -400.162 -381.831 19.248
v -405.139 -376.220 19.248
v -373.044 -329.251 19.167
v -385.853 -323.601 19.167
v -374.977 -333.634 19.161
v -387.786 -327.984 19.161
v -376.911 -338.018 19.157
v -389.720 -332.367 19.157
v -378.844 -342.401 19.154
v -391.653 -336.751 19.154
v -380.778 -346.784 19.154
v -393.587 -341.134 19.154
v -382.711 -351.167 19.156
v -395.520 -345.517 19.156
v -384.645 -355.551 19.160
v -397.454 -349.900 19.160
v -386.578 -359.934 19.167
v -399.388 -354.284 19.167
v -388.512 -364.317 19.177
v -401.321 -358.667 19.177
v -390.445 -368.701 19.190
v -403.255 -363.050 19.190
v -392.379 -373.084 19.206
v -405.188 -367.434 19.206
v -394.313 -377.467 19.225
v -407.122 -371.817 19.225
v -396.246 -381.851 19.248
v -409.055 -376.200 19.248
v -92.138 492.084 22.694
v -96.577 486.039 22.694
v -88.234 489.218 22.406
v -92.673 483.173 22.406
v -84.331 486.351 22.126
v -88.770 480.306 22.126
v -80.427 483.485 21.854
v -84.866 477.439 21.854
v -76.523 480.618 21.590
v -80.962 474.573 21.590
v -72.620 477.751 21.335
v -77.059 471.706 21.335
v -68.716 474.885 21.087
v -73.155 468.840 21.087
v -64.812 472.018 20.848
v -69.251 465.973 20.848
v -60.909 469.152 20.616
v -65.348 463.106 20.616
v -56.778 466.105 20.391
v -61.671 460.420 20.391
v -52.933 462.211 20.171
v -58.812 457.555 20.171
v -50.122 457.773 19.952
v -56.476 453.788 19.952
v -47.549 453.670 19.740
v -53.902 449.685 19.740
v -44.975 449.567 19.535
v -51.329 445.582 19.535
v -42.401 445.464 19.336
v -48.756 441.480 19.336
v -39.828 441.357 19.143
v -46.186 437.379 19.143
v -37.261 437.247 18.955
v -43.622 433.274 18.955
v -34.695 433.139 18.773
v -41.057 429.166 18.773
v -32.130 429.031 18.595
v -38.491 425.058 18.595
v -29.564 424.923 18.422
v -35.926 420.950 18.422
v -26.999 420.815 18.254
v -33.360 416.842 18.254
v -24.433 416.708 18.089
v -30.795 412.735 18.089
v -21.868 412.600 17.930
v -28.229 408.627 17.930
v -19.302 408.492 17.774
v -25.664 404.519 17.774
v -16.737 404.384 17.622
v -23.098 400.411 17.622
v -14.172 400.276 17.474
v -20.533 396.303 17.474
v -11.606 396.168 17.329
v -17.967 392.196 17.329
v -9.041 392.061 17.189
v -15.402 388.088 17.189
v 392.038 228.734 13.129
v 396.140 222.456 13.129
v 396.053 231.357 13.140
v 400.155 225.078 13.140
v 400.067 233.980 13.149
v 404.169 227.701 13.149
v 404.081 236.602 13.156
v 408.183 230.324 13.156
v 408.095 239.225 13.162
v 412.198 232.946 13.162
v 412.110 241.848 13.166
v 416.212 235.569 13.166
v 416.124 244.470 13.169
v 420.226 238.192 13.169
v 420.138 247.093 13.170
v 424.240 240.814 13.170
v 424.153 249.716 13.168
v 428.255 243.437 13.168
v 428.167 252.338 13.165
v 432.269 246.060 13.165
v 432.181 254.961 13.159
v 436.283 248.682 13.159
v 436.195 257.584 13.151
v 440.298 251.305 13.151
v 440.210 260.206 13.140
v 444.312 253.927 13.140
v 444.224 262.829 13.126
v 448.326 256.550 13.126
v 448.238 265.452 13.109
v 452.340 259.173 13.109
v 452.253 268.074 13.088
v 456.355 261.795 13.088
v 456.267 270.697 13.063
v 460.369 264.418 13.063
v 460.281 273.320 13.034
v 464.383 267.041 13.034
v 464.296 275.942 13.001
v 468.398 269.663 13.001
v 468.310 278.565 12.962
v 472.412 272.286 12.962
v 472.324 281.188 12.919
v 476.426 274.909 12.919
v 476.338 283.810 12.871
v 480.441 277.531 12.871
v 480.353 286.433 12.818
v 484.455 280.154 12.818
v 484.367 289.055 12.759
v 488.469 282.777 12.759
v 488.381 291.678 12.694
v 492.483 285.399 12.694
v -128.816 -122.507 14.466
v -134.179 -127.750 14.466
v -125.446 -125.954 14.443
v -130.808 -131.197 14.443
v -122.075 -129.401 14.420
v -127.438 -134.644 14.420
v -118.705 -132.848 14.396
v -124.068 -138.091 14.396
v -115.335 -136.295 14.373
v -120.698 -141.538 14.373
v -111.965 -139.742 14.349
v -117.327 -144.985 14.349
v -108.594 -143.189 14.325
v -113.957 -148.432 14.325
v -105.224 -146.636 14.300
v -110.587 -151.879 14.300
v -101.854 -150.083 14.273
v -107.217 -155.326 14.273
v -98.484 -153.530 14.246
v -103.846 -158.773 14.246
v -95.113 -156.977 14.217
v -100.476 -162.221 14.217
v -91.743 -160.424 14.186
v -97.106 -165.668 14.186
v -88.373 -163.871 14.153
v -93.735 -169.115 14.153
v -85.002 -167.319 14.117
v -90.365 -172.562 14.117
v -81.632 -170.766 14.078
v -86.995 -176.009 14.078
v -78.262 -174.213 14.037
v -83.625 -179.456 14.037
v -74.892 -177.660 13.991
v -80.254 -182.903 13.991
v -71.521 -181.107 13.942
v -76.884 -186.350 13.942
v -68.151 -184.554 13.889
v -73.514 -189.797 13.889
v -64.781 -188.001 13.832
v -70.144 -193.244 13.832
v -61.411 -191.448 13.769
v -66.773 -196.691 13.769
v -58.040 -194.895 13.702
v -63.403 -200.138 13.702
v -54.670 -198.342 13.629
v -60.033 -203.585 13.629
v -51.300 -201.789 13.551
v -56.662 -207.032 13.551
v -47.929 -205.236 13.467
v -53.292 -210.480 13.467
v -44.559 -208.683 13.377
v -49.922 -213.927 13.377
v -41.189 -212.130 13.281
v -46.552 -217.374 13.281
v -3.673 -261.156 11.454
v 1.685 -255.908 11.454
v -6.971 -257.788 11.636
v -1.613 -252.541 11.636
v -10.269 -254.421 11.810
v -4.911 -249.173 11.810
v -13.568 -251.053 11.978
v -8.209 -245.805 11.978
v -16.866 -247.685 12.139
v -11.507 -242.438 12.139
v -20.164 -244.318 12.293
v -14.806 -239.070 12.293
v -23.462 -240.950 12.440
v -18.104 -235.702 12.440
v -26.760 -237.582 12.580
v -21.402 -232.334 12.580
v -30.059 -234.214 12.714
v -24.700 -228.967 12.714
v -33.357 -230.847 12.840
v -27.998 -225.599 12.840
v -36.655 -227.479 12.960
v -31.297 -222.231 12.960
v -39.953 -224.111 13.073
v -34.595 -218.864 13.073
v -43.251 -220.744 13.180
v -37.893 -215.496 13.180
v -46.549 -217.376 13.281
v -41.191 -212.128 13.281
v -41.063 -217.238 13.281
v -46.678 -212.266 13.281
v -43.782 -220.309 13.271
v -49.397 -215.336 13.271
v -46.502 -223.379 13.259
v -52.116 -218.406 13.259
v -49.221 -226.450 13.246
v -54.836 -221.477 13.246
v -51.941 -229.520 13.232
v -57.555 -224.547 13.232
v -342.748 93.721 21.294
v -348.155 88.524 21.294
v -339.301 90.136 20.908
v -344.708 84.938 20.908
v -335.854 86.550 20.542
v -341.261 81.352 20.542
v -332.406 82.964 20.196
v -337.813 77.766 20.196
v -328.959 79.378 19.870
v -334.366 74.180 19.870
v -325.512 75.792 19.562
v -330.919 70.594 19.562
v -322.065 72.206 19.273
v -327.472 67.008 19.273
v -318.618 68.620 19.000
v -324.024 63.422 19.000
v -315.170 65.034 18.744
v -320.577 59.836 18.744
v -311.723 61.448 18.503
v -317.130 56.250 18.503
v -308.276 57.862 18.278
v -313.683 52.665 18.278
v -304.829 54.276 18.066
v -310.236 49.079 18.066
v -301.382 50.690 17.868
v -306.788 45.493 17.868
v -297.934 47.104 17.683
v -303.341 41.907 17.683
v -294.487 43.518 17.510
v -299.894 38.321 17.510
v -291.040 39.933 17.347
v -296.447 34.735 17.347
v -287.593 36.347 17.196
v -293.000 31.149 17.196
v -284.146 32.761 17.053
v -289.552 27.563 17.053
v -280.698 29.175 16.920
v -286.105 23.977 16.920
v -277.251 25.589 16.795
v -282.658 20.391 16.795
v -273.804 22.003 16.677
v -279.211 16.805 16.677
v -270.357 18.417 16.566
v -275.764 13.219 16.566
v -266.911 14.832 16.461
v -272.315 9.632 16.461
v -263.462 11.250 16.362
v -268.864 6.048 16.362
v -260.012 7.667 16.268
v -265.414 2.465 16.268
v -256.561 4.084 16.179
v -261.964 -1.118 16.179
v -253.111 0.501 16.093
v -258.514 -4.701 16.093
v -249.661 -3.083 16.012
v -255.064 -8.285 16.012
v -246.211 -6.666 15.935
v -251.614 -11.868 15.935
v -242.761 -10.249 15.860
v -248.164 -15.451 15.860
v -239.311 -13.832 15.789
v -244.713 -19.034 15.789
v -235.861 -17.415 15.721
v -241.263 -22.617 15.721
v -232.411 -20.998 15.655
v -237.813 -26.200 15.655
v -228.961 -24.581 15.591
v -234.363 -29.783 15.591
v -225.510 -28.164 15.531
v -230.913 -33.367 15.531
v -222.060 -31.748 15.472
v -227.463 -36.950 15.472
v -218.610 -35.331 15.415
v -224.013 -40.533 15.415
v -215.160 -38.914 15.361
v -220.563 -44.116 15.361
v -211.710 -42.497 15.308
v -217.113 -47.699 15.308
v -208.260 -46.080 15.257
v -213.662 -51.282 15.257
v -204.810 -49.663 15.208
v -210.212 -54.865 15.208
v -201.360 -53.246 15.161
v -206.762 -58.448 15.161
v -197.910 -56.829 15.115
v -203.312 -62.032 15.115
v -194.459 -60.413 15.071
v -199.862 -65.615 15.071
v -191.009 -63.996 15.028
v -196.412 -69.198 15.028
v -187.559 -67.579 14.986
v -192.962 -72.781 14.986
v -184.109 -71.162 14.946
v -189.512 -76.364 14.946
v -180.659 -74.745 14.906
v -186.062 -79.947 14.906
v -177.209 -78.328 14.868
v -182.611 -83.530 14.868
v -173.759 -81.911 14.832
v -179.161 -87.113 14.832
v -338.453 91.248 21.294
v -352.450 90.997 21.294
v -338.363 86.257 21.240
v -352.361 86.005 21.240
v -338.273 81.265 21.188
v -352.271 81.014 21.188
v -338.184 76.274 21.140
v -352.181 76.022 21.140
v -338.094 71.282 21.095
v -352.092 71.031 21.095
v -338.004 66.290 21.053
v -352.002 66.039 21.053
v -337.915 61.299 21.015
v -351.912 61.047 21.015
v -337.825 56.307 20.981
v -351.823 56.056 20.981
v -337.735 51.316 20.952
v -351.733 51.064 20.952
v -337.646 46.324 20.928
v -351.643 46.073 20.928
v -337.556 41.332 20.908
v -351.554 41.081 20.908
v -337.466 36.341 20.894
v -351.464 36.089 20.894
v -337.377 31.349 20.886
v -351.374 31.098 20.886
v -337.287 26.358 20.883
v -351.285 26.106 20.883
v -337.197 21.366 20.886
v -351.195 21.115 20.886
v -337.108 16.375 20.895
v -351.105 16.123 20.895
v -337.018 11.383 20.909
v -351.016 11.132 20.909
v -336.928 6.391 20.928
v -350.926 6.140 20.928
v -336.839 1.400 20.952
v -350.836 1.148 20.952
v -336.749 -3.589 20.980
v -350.747 -3.846 20.980
v -336.656 -8.553 21.012
v -350.652 -8.865 21.012
v -336.527 -13.519 21.044
v -350.523 -13.881 21.044
v -336.400 -18.450 21.079
v -350.392 -18.931 21.079
v -336.203 -23.124 21.107
v -350.160 -24.226 21.107
v -335.657 -27.835 21.104
v -349.565 -29.435 21.104
v -335.117 -32.563 21.101
v -348.964 -34.626 21.101
v -334.315 -36.943 21.068
v -347.969 -40.040 21.068
v -333.080 -41.480 20.996
v -346.594 -45.140 20.996
v -331.775 -46.299 20.924
v -345.289 -49.959 20.924
v -330.470 -51.118 20.851
v -343.984 -54.778 20.851
v -329.165 -55.937 20.777
v -342.678 -59.596 20.777
v -327.860 -60.755 20.701
v -341.373 -64.415 20.701
v -326.555 -65.574 20.623
v -340.068 -69.234 20.623
v -325.250 -70.393 20.542
v -338.763 -74.053 20.542
v -323.945 -75.212 20.460
v -337.458 -78.872 20.460
v -322.640 -80.031 20.374
v -336.153 -83.690 20.374
v -321.335 -84.849 20.285
v -334.848 -88.509 20.285
v -320.030 -89.668 20.194
v -333.543 -93.328 20.194
v -318.725 -94.487 20.100
v -332.238 -98.147 20.100
v -317.420 -99.306 20.003
v -330.933 -102.966 20.003
v -316.115 -104.125 19.902
v -329.628 -107.784 19.902
v -314.750 -109.181 19.799
v -328.383 -112.366 19.799
v -313.716 -114.408 19.717
v -327.488 -116.925 19.717
v -312.870 -119.427 19.642
v -326.675 -121.753 19.642
v -312.010 -124.546 19.563
v -325.876 -126.480 19.563
v -311.418 -129.892 19.499
v -325.371 -131.042 19.499
v -311.135 -135.073 19.450
v -325.114 -135.831 19.450
v -310.865 -140.058 19.396
v -324.844 -140.816 19.396
v -310.590 -145.131 19.335
v -324.578 -145.713 19.335
v -310.441 -150.542 19.278
v -324.438 -150.270 19.278
v -310.794 -155.861 19.249
v -324.762 -154.913 19.249
v -311.132 -160.842 19.214
v -325.100 -159.894 19.214
v -311.470 -165.823 19.173
v -325.438 -164.875 19.173
v -311.808 -170.804 19.124
v -325.776 -169.856 19.124
v -312.146 -175.785 19.070
v -326.114 -174.837 19.070
v -163.689 -139.965 14.500
v -168.334 -145.854 14.500
v -160.825 -142.225 14.469
v -165.470 -148.113 14.469
v -157.960 -144.484 14.439
v -162.605 -150.373 14.439
v -155.096 -146.743 14.410
v -159.741 -152.632 14.410
v -128.918 -127.850 14.466
v -134.077 -122.406 14.466
v -132.158 -130.920 14.459
v -137.317 -125.476 14.459
v -135.398 -133.990 14.451
v -140.557 -128.546 14.451
v -138.639 -137.060 14.443
v -143.797 -131.616 14.443
v -141.879 -140.130 14.436
v -147.037 -134.686 14.436
v -145.119 -143.200 14.429
v -150.277 -137.756 14.429
v -148.359 -146.270 14.422
v -153.517 -140.826 14.422
v -151.599 -149.340 14.416
v -156.757 -143.895 14.416
v -154.839 -152.410 14.410
v -159.998 -146.965 14.410
v -1.865 230.964 14.335
v 3.833 226.086 14.335
v 1.379 234.753 14.363
v 7.077 229.875 14.363
v 4.623 238.542 14.392
v 10.320 233.665 14.392
v 7.867 242.331 14.421
v 13.564 237.454 14.421
v 11.110 246.121 14.450
v 16.808 241.243 14.450
v 14.354 249.910 14.479
v 20.052 245.033 14.479
v 17.598 253.699 14.508
v 23.296 248.822 14.508
v 20.842 257.489 14.538
v 26.539 252.611 14.538
v 24.086 261.278 14.568
v 29.783 256.401 14.568
v 27.330 265.067 14.599
v 33.027 260.190 14.599
v 30.573 268.856 14.630
v 36.271 263.979 14.630
v 33.817 272.646 14.661
v 39.515 267.768 14.661
v 37.062 276.437 14.692
v 42.757 271.556 14.692
v 40.312 280.224 14.724
v 46.003 275.340 14.724
v 43.729 284.193 14.756
v 49.083 278.941 14.756
v 47.786 287.810 14.781
v 52.411 281.906 14.781
v 52.089 290.773 14.800
v 56.333 284.589 14.800
v -385.881 -323.666 19.167
v -373.015 -329.185 19.167
v -383.931 -319.119 19.179
v -371.065 -324.638 19.179
v -381.980 -314.571 19.192
v -369.114 -320.090 19.192
v -380.030 -310.024 19.205
v -367.164 -315.543 19.205
v -378.079 -305.477 19.219
v -365.213 -310.995 19.219
v -376.129 -300.929 19.233
v -363.262 -306.448 19.233
v -374.178 -296.382 19.247
v -361.312 -301.900 19.247
v -372.228 -291.834 19.259
v -359.361 -297.353 19.259
v -370.267 -287.262 19.271
v -357.421 -292.829 19.271
v -368.236 -282.625 19.278
v -355.483 -288.402 19.278
v -366.099 -278.063 19.273
v -353.422 -284.002 19.273
v -364.000 -273.582 19.266
v -351.323 -279.521 19.266
v -361.901 -269.102 19.257
v -349.223 -275.041 19.257
v -359.802 -264.621 19.245
v -347.124 -270.560 19.245
v -357.703 -260.140 19.232
v -345.025 -266.079 19.232
v -355.604 -255.659 19.216
v -342.926 -261.598 19.216
v -353.505 -251.178 19.198
v -340.827 -257.117 19.198
v -351.406 -246.697 19.178
v -338.728 -252.636 19.178
v -349.307 -242.216 19.155
v -336.629 -248.155 19.155
v -347.208 -237.736 19.130
v -334.530 -243.674 19.130
v -345.109 -233.255 19.102
v -332.431 -239.194 19.102
v -343.010 -228.774 19.072
v -330.332 -234.713 19.072
v -340.911 -224.293 19.039
v -328.233 -230.232 19.039
v -338.812 -219.812 19.004
v -326.134 -225.751 19.004
v -336.829 -215.593 18.966
v -323.919 -221.008 18.966
v -335.304 -211.491 18.957
v -322.004 -215.864 18.957
v -334.019 -206.992 18.974
v -320.561 -210.850 18.974
v -332.655 -202.235 18.987
v -319.198 -206.094 18.987
v -331.291 -197.479 18.995
v -317.834 -201.338 18.995
v -329.928 -192.722 18.999
v -316.470 -196.581 18.999
v -328.621 -188.179 18.998
v -315.049 -191.612 18.998
v -327.647 -183.737 19.016
v -313.903 -186.403 19.016
v -326.855 -179.027 19.046
v -313.050 -181.354 19.046
v -326.033 -174.147 19.070
v -312.227 -176.475 19.070
v 210.184 136.728 12.794
v 205.071 131.241 12.794
v 213.745 133.409 12.707
v 208.632 127.922 12.707
v 217.306 130.091 12.616
v 212.192 124.604 12.616
v 220.866 126.773 12.520
v 215.753 121.286 12.520
v 224.427 123.455 12.418
v 219.314 117.968 12.418
v 227.988 120.136 12.312
v 222.875 114.649 12.312
v 231.712 116.657 12.199
v 226.273 111.493 12.199
v 235.401 112.152 12.076
v 228.807 108.579 12.076
v 237.117 105.362 11.948
v 229.701 106.486 11.948
v 233.711 99.709 11.880
v 228.004 104.575 11.880
v 229.909 96.071 11.834
v 224.745 101.510 11.834
v 226.379 92.720 11.788
v 221.216 98.159 11.788
v 222.849 89.369 11.743
v 217.686 94.808 11.743
v 219.320 86.017 11.697
v 214.156 91.457 11.697
v 215.790 82.666 11.651
v 210.626 88.105 11.651
v 212.260 79.315 11.606
v 207.096 84.754 11.606
v 208.730 75.964 11.560
v 203.566 81.403 11.560
v 205.200 72.613 11.515
v 200.036 78.052 11.515
v 201.670 69.261 11.470
v 196.506 74.701 11.470
v 198.140 65.910 11.426
v 192.976 71.349 11.426
v 194.610 62.559 11.382
v 189.446 67.998 11.382
v 191.080 59.208 11.339
v 185.916 64.647 11.339
v 187.550 55.857 11.296
v 182.386 61.296 11.296
v 184.020 52.505 11.254
v 178.856 57.945 11.254
v 180.490 49.154 11.214
v 175.326 54.593 11.214
v 176.960 45.803 11.175
v 171.797 51.242 11.175
v 173.430 42.452 11.138
v 168.267 47.891 11.138
v 169.901 39.101 11.103
v 164.737 44.540 11.103
v 166.371 35.749 11.070
v 161.207 41.189 11.070
v 162.841 32.398 11.040
v 157.677 37.837 11.040
v 159.311 29.047 11.012
v 154.147 34.486 11.012
v 155.781 25.696 10.988
v 150.617 31.135 10.988
v 152.251 22.344 10.967
v 147.087 27.784 10.967
v 148.388 18.712 10.950
v 143.890 24.714 10.950
v 143.836 16.039 10.964
v 140.070 22.525 10.964
v 115.966 48.424 11.771
v 110.680 43.103 11.771
v 119.443 44.969 11.680
v 114.157 39.648 11.680
v 122.921 41.514 11.587
v 117.635 36.194 11.587
v 126.398 38.060 11.490
v 121.112 32.739 11.490
v 129.875 34.605 11.390
v 124.589 29.284 11.390
v 133.352 31.150 11.286
v 128.066 25.830 11.286
v 136.829 27.696 11.180
v 131.543 22.375 11.180
v 139.896 24.594 11.069
v 135.431 18.568 11.069
v 143.724 22.587 10.964
v 140.181 15.977 10.964
v 396.094 222.426 13.129
v 392.084 228.764 13.129
v 391.988 219.828 13.119
v 387.978 226.166 13.119
v 387.881 217.229 13.107
v 383.871 223.567 13.107
v 383.775 214.631 13.094
v 379.765 220.969 13.094
v 379.668 212.033 13.080
v 375.658 218.371 13.080
v 375.562 209.434 13.065
v 371.552 215.772 13.065
v 371.455 206.836 13.049
v 367.445 213.174 13.049
v 367.349 204.238 13.032
v 363.339 210.576 13.032
v 363.242 201.640 13.014
v 359.232 207.977 13.014
v 359.136 199.041 12.996
v 355.126 205.379 12.996
v 355.029 196.443 12.977
v 351.019 202.781 12.977
v 350.923 193.845 12.958
v 346.913 200.182 12.958
v 346.816 191.246 12.938
v 342.806 197.584 12.938
v 342.710 188.648 12.918
v 338.700 194.986 12.918
v 338.603 186.050 12.898
v 334.593 192.387 12.898
v 334.497 183.451 12.878
v 330.487 189.789 12.878
v 330.390 180.853 12.858
v 326.380 187.191 12.858
v 326.284 178.255 12.838
v 322.274 184.592 12.838
v 322.177 175.656 12.818
v 318.167 181.994 12.818
v 318.071 173.058 12.798
v 314.061 179.396 12.798
v 313.965 170.460 12.778
v 309.954 176.798 12.778
v 309.835 167.847 12.758
v 305.871 174.213 12.758
v 305.477 165.184 12.740
v 301.950 171.803 12.740
v 300.856 163.061 12.738
v 297.734 169.880 12.738
v 292.713 180.016 13.085
v 286.540 175.757 13.085
v 294.868 176.894 13.000
v 288.695 172.634 13.000
v 297.011 173.787 12.911
v 290.861 169.495 12.911
v 298.724 171.247 12.819
v 293.516 165.850 12.819
v 301.348 169.608 12.738
v 297.241 163.333 12.738
v 384.572 941.917 35.409
v 378.193 937.971 35.409
v 386.353 939.037 35.078
v 379.974 935.092 35.078
v 388.134 936.157 34.750
v 381.756 932.212 34.750
v 389.915 933.277 34.423
v 383.537 929.332 34.423
v 101.113 -765.403 13.916
v 95.445 -770.315 13.916
v 104.239 -769.009 14.215
v 98.571 -773.921 14.215
v 107.364 -772.616 14.502
v 101.697 -777.528 14.502
v 110.490 -776.223 14.776
v 104.822 -781.134 14.776
v 113.616 -779.829 15.038
v 107.948 -784.741 15.038
v 116.741 -783.436 15.286
v 111.073 -788.348 15.286
v 119.867 -787.043 15.520
v 114.199 -791.954 15.520
v 122.992 -790.649 15.741
v 117.325 -795.561 15.741
v 126.118 -794.256 15.947
v 120.450 -799.168 15.947
v 129.244 -797.862 16.139
v 123.576 -802.774 16.139
v 132.369 -801.469 16.317
v 126.702 -806.381 16.317
v 135.495 -805.076 16.481
v 129.827 -809.988 16.481
v 138.621 -808.682 16.632
v 132.953 -813.594 16.632
v 141.746 -812.289 16.769
v 136.079 -817.201 16.769
v 144.872 -815.896 16.893
v 139.204 -820.808 16.893
v 147.998 -819.502 17.004
v 142.330 -824.414 17.004
v 151.123 -823.109 17.103
v 145.455 -828.021 17.103
v -170.441 -465.285 10.680
v -172.851 -472.388 10.680
v -166.006 -466.790 10.539
v -168.415 -473.892 10.539
v -161.532 -468.308 10.392
v -164.017 -475.384 10.392
v -156.819 -470.033 10.239
v -159.941 -476.852 10.239
v -152.204 -472.615 10.075
v -156.380 -478.844 10.075
v -148.184 -475.802 9.905
v -153.125 -481.444 9.905
v -144.679 -479.168 9.728
v -149.879 -484.573 9.728
v -141.304 -482.416 9.546
v -146.504 -487.821 9.546
v -137.928 -485.664 9.357
v -143.129 -491.068 9.357
v -134.553 -488.911 9.163
v -139.753 -494.316 9.163
v -131.178 -492.159 8.963
v -136.378 -497.563 8.963
v -127.803 -495.407 8.758
v -133.003 -500.811 8.758
v -124.427 -498.654 8.548
v -129.628 -504.059 8.548
v -121.040 -501.913 8.333
v -126.264 -507.295 8.333
v -117.665 -505.219 8.115
v -122.947 -510.543 8.115
v -114.344 -508.557 7.893
v -119.661 -513.847 7.893
v 357.316 869.972 31.467
v 363.679 873.942 31.467
v 354.948 873.766 31.853
v 361.311 877.736 31.853
v 352.583 877.556 32.247
v 358.942 881.534 32.247
v 350.210 881.342 32.649
v 356.564 885.326 32.649
v 347.834 885.130 33.058
v 354.188 889.115 33.058
v 345.458 888.919 33.474
v 351.812 892.904 33.474
v 343.100 892.681 33.899
v 349.419 896.720 33.899
v 340.798 896.225 34.330
v 346.844 900.663 34.330
v 338.083 899.512 34.770
v 343.873 904.280 34.770
v 338.970 905.063 34.770
v 342.986 898.729 34.770
v 343.146 907.711 34.741
v 347.162 901.377 34.741
v 347.321 910.358 34.712
v 351.337 904.024 34.712
v 351.497 913.006 34.681
v 355.513 906.672 34.681
v 355.672 915.654 34.650
v 359.689 909.320 34.650
v 359.848 918.301 34.618
v 363.864 911.967 34.618
v 364.020 920.947 34.584
v 368.043 914.617 34.584
v 368.164 923.587 34.551
v 372.239 917.291 34.551
v 372.272 926.289 34.522
v 376.393 920.022 34.522
v 376.403 929.005 34.491
v 380.524 922.738 34.491
v 380.535 931.722 34.458
v 384.655 925.455 34.458
v 384.666 934.438 34.423
v 388.786 928.171 34.423
v 573.171 622.878 16.642
v 576.914 616.379 16.642
v 577.386 625.305 16.537
v 581.128 618.806 16.537
v 581.600 627.732 16.429
v 585.343 621.233 16.429
v 585.814 630.159 16.319
v 589.557 623.660 16.319
v 590.029 632.586 16.207
v 593.772 626.086 16.207
v 594.243 635.013 16.094
v 597.986 628.513 16.094
v 598.458 637.440 15.978
v 602.200 630.940 15.978
v 602.672 639.867 15.862
v 606.415 633.367 15.862
v 606.887 642.293 15.744
v 610.629 635.794 15.744
v 611.101 644.720 15.625
v 614.844 638.221 15.625
v 615.315 647.147 15.505
v 619.058 640.648 15.505
v 619.530 649.574 15.384
v 623.273 643.075 15.384
v 623.744 652.001 15.263
v 627.487 645.502 15.263
v 627.957 654.427 15.142
v 631.703 647.930 15.142
v 632.156 656.851 15.021
v 635.928 650.369 15.021
v 636.339 659.305 14.902
v 640.134 652.836 14.902
v 640.534 661.765 14.782
v 644.329 655.296 14.782
v 644.729 664.226 14.663
v 648.524 657.756 14.663
v 648.924 666.686 14.546
v 652.719 660.217 14.546
v 653.119 669.147 14.429
v 656.914 662.677 14.429
v 657.314 671.607 14.313
v 661.109 665.138 14.313
v 661.509 674.067 14.198
v 665.303 667.598 14.198
v 665.704 676.528 14.085
v 669.498 670.058 14.085
v 669.899 678.988 13.974
v 673.693 672.519 13.974
v 674.094 681.449 13.864
v 677.888 674.979 13.864
v 678.289 683.909 13.757
v 682.083 677.440 13.757
v 682.484 686.369 13.651
v 686.278 679.900 13.651
v 578.196 621.657 16.642
v 571.889 617.600 16.642
v 580.839 617.550 16.499
v 574.531 613.492 16.499
v 583.481 613.442 16.354
v 577.173 609.385 16.354
v 586.123 609.334 16.206
v 579.815 605.277 16.206
v 588.765 605.227 16.056
v 582.457 601.169 16.056
v 591.407 601.119 15.903
v 585.099 597.062 15.903
v 594.049 597.011 15.748
v 587.741 592.954 15.748
v 596.693 592.901 15.589
v 590.381 588.850 15.589
v 599.336 588.774 15.427
v 593.006 584.751 15.427
v 601.948 584.632 15.262
v 595.605 580.631 15.262
v 604.554 580.502 15.093
v 598.211 576.500 15.093
v 607.160 576.371 14.920
v 600.817 572.369 14.920
v 609.766 572.240 14.743
v 603.423 568.239 14.743
v 612.372 568.110 14.561
v 606.029 564.108 14.561
v 614.978 563.979 14.374
v 608.634 559.977 14.374
v 617.583 559.848 14.183
v 611.240 555.847 14.183
v 620.189 555.718 13.987
v 613.846 551.716 13.987
v 718.297 623.944 10.941
v 724.590 628.025 10.941
v 715.650 628.026 11.155
v 721.942 632.107 11.155
v 713.002 632.108 11.365
v 719.294 636.189 11.365
v 710.354 636.190 11.572
v 716.647 640.271 11.572
v 707.707 640.272 11.777
v 713.999 644.353 11.777
v 705.059 644.354 11.978
v 711.351 648.435 11.978
v 702.411 648.435 12.175
v 708.704 652.517 12.175
v 699.763 652.518 12.370
v 706.056 656.598 12.370
v 697.116 656.600 12.561
v 703.409 660.681 12.561
v 694.469 660.683 12.750
v 700.762 664.763 12.750
v 691.822 664.765 12.935
v 698.115 668.845 12.935
v 689.175 668.847 13.118
v 695.468 672.928 13.118
v 686.528 672.930 13.298
v 692.821 677.010 13.298
v 683.882 677.012 13.476
v 690.174 681.092 13.476
v 681.235 681.094 13.651
v 687.528 685.175 13.651
v -328.184 -312.226 16.355
v -333.769 -317.233 16.355
v -325.191 -315.566 16.119
v -330.775 -320.572 16.119
v -322.197 -318.905 15.894
v -327.782 -323.911 15.894
v -319.204 -322.244 15.680
v -324.788 -327.251 15.680
v -316.210 -325.584 15.476
v -321.794 -330.590 15.476
v 288.150 594.761 20.494
v 284.088 601.066 20.494
v 284.004 592.090 20.447
v 279.942 598.395 20.447
v 279.858 589.419 20.398
v 275.796 595.724 20.398
v 275.713 586.748 20.349
v 271.651 593.053 20.349
v 271.566 584.077 20.297
v 267.506 590.382 20.297
v 267.408 581.400 20.245
v 263.370 587.720 20.245
v 263.234 578.752 20.192
v 259.216 585.085 20.192
v 259.069 576.111 20.138
v 255.052 582.444 20.138
v 254.905 573.469 20.083
v 250.887 579.802 20.083
v 250.740 570.827 20.026
v 246.723 577.161 20.026
v 246.576 568.186 19.968
v 242.559 574.519 19.968
v 242.412 565.544 19.910
v 238.394 571.877 19.910
v 238.247 562.902 19.850
v 234.230 569.236 19.850
v 234.083 560.261 19.790
v 230.065 566.594 19.790
v 229.918 557.619 19.728
v 225.901 563.952 19.728
v 225.754 554.977 19.666
v 221.737 561.311 19.666
v 221.582 552.331 19.603
v 217.579 558.674 19.603
v 217.388 549.697 19.540
v 213.421 556.062 19.540
v 213.182 547.097 19.478
v 209.238 553.475 19.478
v 208.988 544.503 19.415
v 205.043 550.882 19.415
v 204.794 541.909 19.351
v 200.849 548.288 19.351
v 200.599 539.315 19.288
v 196.655 545.694 19.288
v 196.405 536.722 19.224
v 192.460 543.101 19.224
v 192.210 534.128 19.160
v 188.266 540.507 19.160
v -348.501 228.341 21.796
v -335.311 223.646 21.796
v -346.790 233.140 21.595
v -333.730 228.098 21.595
v -344.468 238.579 21.374
v -332.295 231.664 21.374
v -341.087 243.232 21.055
v -329.834 234.902 21.055
v -337.898 247.518 20.752
v -327.181 238.509 20.752
v -333.949 251.663 20.426
v -324.405 241.420 20.426
v -329.856 255.065 20.086
v -320.932 244.278 20.086
v -326.066 258.201 19.769
v -317.157 247.402 19.769
v -322.264 261.329 19.475
v -313.375 250.512 19.475
v -318.466 264.446 19.203
v -309.583 253.625 19.203
v -314.385 267.783 18.955
v -306.073 256.518 18.955
v -309.971 270.712 18.710
v -302.299 259.001 18.710
v -305.830 273.401 18.487
v -298.205 261.660 18.487
v -301.713 276.076 18.286
v -294.087 264.334 18.286
v -297.595 278.750 18.107
v -289.970 267.009 18.107
v -293.477 281.424 17.949
v -285.852 269.683 17.949
v -289.360 284.098 17.810
v -281.734 272.357 17.810
v 471.402 802.607 23.376
v 465.020 798.668 23.376
v 473.927 798.517 23.150
v 467.544 794.578 23.150
v 476.451 794.427 22.929
v 470.069 790.488 22.929
v 478.975 790.337 22.714
v 472.593 786.398 22.714
v 481.499 786.247 22.504
v 475.117 782.308 22.504
v 484.024 782.157 22.300
v 477.641 778.218 22.300
v 486.548 778.066 22.100
v 480.165 774.128 22.100
v 489.072 773.976 21.905
v 482.690 770.037 21.905
v 491.596 769.886 21.715
v 485.214 765.947 21.715
v 494.121 765.796 21.529
v 487.738 761.857 21.529
v 496.645 761.706 21.347
v 490.262 757.767 21.347
v 499.169 757.616 21.169
v 492.787 753.677 21.169
v 501.693 753.526 20.995
v 495.311 749.587 20.995
v 504.218 749.435 20.825
v 497.835 745.497 20.825
v 506.742 745.345 20.659
v 500.359 741.406 20.659
v 509.266 741.255 20.496
v 502.884 737.316 20.496
v -169.772 -472.084 10.680
v -173.521 -465.589 10.680
v -174.027 -474.540 10.743
v -177.776 -468.045 10.743
v -178.283 -476.997 10.806
v -182.032 -470.501 10.806
v -182.538 -479.453 10.869
v -186.287 -472.957 10.869
v -186.794 -481.909 10.932
v -190.543 -475.413 10.932
v -191.049 -484.365 10.995
v -194.798 -477.869 10.995
v -195.305 -486.821 11.058
v -199.054 -480.325 11.058
v -199.561 -489.277 11.121
v -203.310 -482.781 11.121
v -203.816 -491.733 11.184
v -207.565 -485.238 11.184
v -208.072 -494.189 11.247
v -211.821 -487.694 11.247
v -212.327 -496.645 11.310
v -216.076 -490.150 11.310
v -216.583 -499.102 11.373
v -220.332 -492.606 11.373
v -220.838 -501.558 11.435
v -224.587 -495.062 11.435
v -225.094 -504.014 11.496
v -228.843 -497.518 11.496
v -229.350 -506.470 11.557
v -233.099 -499.974 11.557
v -233.605 -508.926 11.617
v -237.354 -502.430 11.617
v -237.861 -511.382 11.676
v -241.610 -504.886 11.676
v -242.116 -513.838 11.734
v -245.865 -507.343 11.734
v -246.372 -516.294 11.792
v -250.121 -509.799 11.792
v -250.627 -518.751 11.848
v -254.376 -512.255 11.848
v -254.883 -521.207 11.903
v -258.632 -514.711 11.903
v -259.139 -523.663 11.957
v -262.888 -517.167 11.957
v -263.394 -526.119 12.010
v -267.143 -519.623 12.010
v -267.646 -528.573 12.062
v -271.402 -522.081 12.062
v -271.890 -531.034 12.114
v -275.659 -524.551 12.114
v -276.083 -533.477 12.165
v -279.957 -527.055 12.165
v -280.159 -536.022 12.212
v -284.213 -529.712 12.212
v -284.216 -538.705 12.257
v -288.353 -532.449 12.257
v -288.188 -541.328 12.302
v -292.578 -535.247 12.302
v -291.917 -544.265 12.339
v -296.571 -538.384 12.339
v -295.752 -547.319 12.375
v -300.424 -541.452 12.375
v -299.596 -550.379 12.412
v -304.267 -544.512 12.412
v -303.422 -553.426 12.450
v -308.129 -547.587 12.450
v -307.157 -556.473 12.488
v -312.006 -550.752 12.488
v -310.784 -559.667 12.523
v -315.755 -554.051 12.523
v -314.319 -562.809 12.558
v -319.557 -557.442 12.558
v -317.554 -566.276 12.584
v -323.033 -561.154 12.584
v -320.883 -569.836 12.611
v -326.415 -564.773 12.611
v -324.125 -573.456 12.638
v -329.730 -568.472 12.638
v -327.367 -577.129 12.665
v -332.990 -572.166 12.665
v -330.619 -580.813 12.694
v -336.242 -575.850 12.694
v -333.870 -584.497 12.725
v -339.493 -579.533 12.725
v -337.122 -588.180 12.759
v -342.745 -583.217 12.759
v -340.373 -591.864 12.795
v -345.996 -586.901 12.795
v -343.625 -595.548 12.834
v -349.248 -590.585 12.834
v -346.876 -599.232 12.876
v -352.499 -594.269 12.876
v -350.128 -602.915 12.921
v -355.751 -597.952 12.921
v -353.379 -606.599 12.970
v -359.002 -601.636 12.970
v -356.631 -610.283 13.022
v -362.254 -605.320 13.022
v -359.882 -613.967 13.079
v -365.505 -609.004 13.079
v -363.133 -617.651 13.139
v -368.756 -612.688 13.139
v -366.385 -621.334 13.205
v -372.008 -616.371 13.205
v -369.636 -625.018 13.275
v -375.259 -620.055 13.275
v -372.888 -628.702 13.351
v -378.511 -623.739 13.351
v -380.380 -613.042 13.804
v -386.516 -617.355 13.804
v -377.797 -616.716 13.647
v -383.933 -621.029 13.647
v -375.214 -620.390 13.496
v -381.350 -624.703 13.496
v -372.632 -624.064 13.351
v -378.767 -628.377 13.351
v -373.216 -629.030 13.351
v -378.183 -623.411 13.351
v -376.918 -632.302 13.455
v -381.885 -626.683 13.455
v -380.619 -635.574 13.567
v -385.586 -629.955 13.567
v -384.321 -638.847 13.687
v -389.288 -633.227 13.687
v -388.023 -642.119 13.816
v -392.990 -636.500 13.816
v -391.724 -645.391 13.954
v -396.692 -639.772 13.954
v -395.426 -648.663 14.101
v -400.393 -643.044 14.101
v -399.128 -651.935 14.259
v -404.095 -646.316 14.259
v -402.830 -655.208 14.427
v -407.797 -649.588 14.427
v -406.531 -658.480 14.605
v -411.499 -652.860 14.605
v -410.233 -661.752 14.795
v -415.200 -656.133 14.795
v -413.935 -665.024 14.995
v -418.902 -659.405 14.995
v -417.637 -668.296 15.207
v -422.604 -662.677 15.207
v -421.338 -671.568 15.429
v -426.306 -665.949 15.429
v -425.027 -674.829 15.663
v -430.020 -669.233 15.663
v -428.684 -678.121 15.904
v -433.707 -672.552 15.904
v -432.274 -681.364 16.155
v -437.448 -675.934 16.155
v -435.619 -684.726 16.397
v -441.064 -679.568 16.397
v -438.839 -688.297 16.628
v -444.462 -683.334 16.628
v -441.948 -691.895 16.858
v -447.805 -687.210 16.858
v -444.803 -695.754 17.061
v -450.830 -691.292 17.061
v -447.717 -699.690 17.267
v -453.796 -695.298 17.267
v -450.525 -703.676 17.466
v -456.679 -699.388 17.466
v -453.317 -707.728 17.663
v -459.493 -703.473 17.663
v -456.120 -711.796 17.862
v -462.296 -707.542 17.862
v -458.923 -715.865 18.062
v -465.099 -711.610 18.062
v -461.725 -719.934 18.263
v -467.902 -715.679 18.263
v -464.528 -724.002 18.465
v -470.705 -719.748 18.465
v -467.331 -728.071 18.668
v -473.507 -723.816 18.668
v -470.134 -732.140 18.871
v -476.310 -727.885 18.871
v -472.937 -736.208 19.075
v -479.113 -731.954 19.075
v -475.740 -740.277 19.277
v -481.916 -736.022 19.277
v -478.542 -744.346 19.480
v -484.719 -740.091 19.480
v -481.345 -748.414 19.682
v -487.522 -744.160 19.682
v -484.148 -752.483 19.883
v -490.324 -748.228 19.883
v -486.951 -756.552 20.084
v -493.127 -752.297 20.084
v -489.754 -760.620 20.283
v -495.930 -756.366 20.283
v -492.557 -764.689 20.482
v -498.733 -760.434 20.482
v -495.359 -768.758 20.679
v -501.536 -764.503 20.679
v -498.162 -772.826 20.876
v -504.339 -768.572 20.876
v -500.965 -776.895 21.071
v -507.141 -772.640 21.071
v -503.768 -780.964 21.266
v -509.944 -776.709 21.266
v -506.571 -785.032 21.459
v -512.747 -780.778 21.459
v -509.374 -789.101 21.652
v -515.550 -784.846 21.652
v -512.176 -793.170 21.843
v -518.353 -788.915 21.843
v -514.979 -797.238 22.034
v -521.156 -792.984 22.034
v -517.782 -801.307 22.223
v -523.958 -797.052 22.223
v -520.585 -805.376 22.412
v -526.761 -801.121 22.412
v -523.388 -809.444 22.600
v -529.564 -805.190 22.600
v -526.191 -813.513 22.787
v -532.367 -809.258 22.787
v -528.989 -817.576 22.973
v -535.174 -813.333 22.973
v -531.695 -821.532 23.156
v -538.042 -817.535 23.156
v -534.098 -825.688 23.283
v -540.589 -821.931 23.283
v -536.561 -829.943 23.410
v -543.076 -826.228 23.410
v -538.953 -834.204 23.528
v -545.521 -830.582 23.528
v -541.261 -838.464 23.636
v -547.919 -835.011 23.636
v -543.394 -842.763 23.720
v -550.174 -839.557 23.720
v -545.393 -847.205 23.779
v -552.232 -844.126 23.779
v -547.422 -851.710 23.843
v -554.260 -848.631 23.843
v -549.450 -856.215 23.913
v -556.289 -853.136 23.913
v -551.479 -860.720 23.990
v -558.318 -857.640 23.990
v -30.606 -28.800 13.886
v -36.074 -33.933 13.886
v -27.261 -32.363 13.859
v -32.729 -37.496 13.859
v -23.916 -35.926 13.831
v -29.384 -41.059 13.831
v -20.571 -39.489 13.800
v -26.039 -44.622 13.800
v -17.226 -43.052 13.767
v -22.694 -48.186 13.767
v -13.881 -46.616 13.731
v -19.349 -51.749 13.731
v -10.536 -50.179 13.692
v -16.004 -55.312 13.692
v -7.191 -53.742 13.651
v -12.659 -58.875 13.651
v -3.846 -57.305 13.607
v -9.315 -62.438 13.607
v -0.502 -60.868 13.559
v -5.970 -66.001 13.559
v 2.843 -64.431 13.508
v -2.625 -69.565 13.508
v 6.188 -67.994 13.453
v 0.720 -73.128 13.453
v 9.533 -71.558 13.395
v 4.065 -76.691 13.395
v 12.878 -75.121 13.332
v 7.410 -80.254 13.332
v 16.223 -78.684 13.264
v 10.755 -83.817 13.264
v 19.568 -82.247 13.192
v 14.100 -87.380 13.192
v 22.913 -85.810 13.115
v 17.445 -90.943 13.115
v 26.258 -89.373 13.032
v 20.790 -94.507 13.032
v 29.603 -92.937 12.944
v 24.135 -98.070 12.944
v 32.946 -96.498 12.850
v 27.481 -101.635 12.850
v 36.291 -100.052 12.750
v 30.836 -105.198 12.750
v 39.646 -103.599 12.644
v 34.196 -108.753 12.644
v 43.004 -107.150 12.531
v 37.554 -112.303 12.531
v 46.362 -110.701 12.412
v 40.912 -115.854 12.412
v 49.719 -114.252 12.285
v 44.270 -119.405 12.285
v 53.077 -117.803 12.152
v 47.628 -122.956 12.152
v 56.435 -121.354 12.012
v 50.986 -126.507 12.012
v 59.793 -124.905 11.864
v 54.343 -130.058 11.864
v 63.151 -128.456 11.709
v 57.701 -133.609 11.709
v 66.509 -132.007 11.547
v 61.059 -137.160 11.547
v 69.873 -135.566 11.378
v 64.410 -140.704 11.378
v 73.221 -139.145 11.202
v 67.739 -144.263 11.202
v 76.555 -142.724 11.019
v 71.067 -147.836 11.019
v 79.886 -146.300 10.830
v 74.399 -151.412 10.830
v 83.218 -149.876 10.633
v 77.730 -154.988 10.633
v 86.549 -153.452 10.430
v 81.061 -158.564 10.430
v 89.880 -157.028 10.220
v 84.392 -162.140 10.220
v 799.383 931.334 15.785
v 803.438 925.024 15.785
v 803.389 933.909 15.725
v 807.444 927.599 15.725
v 807.395 936.483 15.666
v 811.450 930.174 15.666
v 811.402 939.058 15.606
v 815.457 932.749 15.606
v 815.408 941.633 15.546
v 819.463 935.323 15.546
v 819.414 944.208 15.485
v 823.469 937.898 15.485
v 823.421 946.782 15.424
v 827.476 940.473 15.424
v 827.427 949.357 15.363
v 831.482 943.048 15.363
v 831.433 951.932 15.301
v 835.488 945.622 15.301
v 835.440 954.507 15.239
v 839.495 948.197 15.239
v 839.446 957.081 15.177
v 843.501 950.772 15.177
v 843.452 959.656 15.115
v 847.507 953.347 15.115
v 847.459 962.231 15.052
v 851.514 955.921 15.052
v 851.465 964.806 14.989
v 855.520 958.496 14.989
v 855.471 967.380 14.926
v 859.526 961.071 14.926
v 859.478 969.955 14.863
v 863.533 963.646 14.863
v 863.484 972.530 14.800
v 867.539 966.220 14.800
v 867.490 975.105 14.736
v 871.545 968.795 14.736
v -347.863 93.994 21.294
v -343.040 88.251 21.294
v -344.085 97.167 20.931
v -339.262 91.424 20.931
v -340.306 100.340 20.583
v -335.483 94.597 20.583
v -336.528 103.513 20.248
v -331.705 97.770 20.248
v -332.750 106.686 19.927
v -327.926 100.943 19.927
v -328.971 109.859 19.620
v -324.148 104.116 19.620
v -325.193 113.032 19.326
v -320.370 107.288 19.326
v -321.414 116.205 19.045
v -316.591 110.461 19.045
v -317.636 119.378 18.777
v -312.813 113.634 18.777
v -313.858 122.551 18.521
v -309.035 116.807 18.521
v -310.079 125.724 18.279
v -305.256 119.980 18.279
v -306.301 128.897 18.048
v -301.478 123.153 18.048
v -302.523 132.069 17.830
v -297.699 126.326 17.830
v -298.744 135.242 17.623
v -293.921 129.499 17.623
v -294.966 138.415 17.427
v -290.143 132.672 17.427
v -291.187 141.588 17.242
v -286.364 135.845 17.242
v -287.409 144.761 17.068
v -282.586 139.018 17.068
v -283.631 147.934 16.903
v -278.808 142.191 16.903
v -279.852 151.107 16.748
v -275.029 145.364 16.748
v -276.074 154.280 16.603
v -271.251 148.537 16.603
v -272.296 157.453 16.466
v -267.472 151.709 16.466
v -268.517 160.626 16.338
v -263.694 154.882 16.338
v -264.739 163.799 16.218
v -259.916 158.055 16.218
v -260.960 166.972 16.106
v -256.137 161.228 16.106
v -257.182 170.145 16.001
v -252.359 164.401 16.001
v -253.404 173.318 15.904
v -248.581 167.574 15.904
v -249.625 176.490 15.814
v -244.802 170.747 15.814
v -245.847 179.663 15.732
v -241.024 173.920 15.732
v -242.069 182.836 15.656
v -237.245 177.093 15.656
v -238.290 186.009 15.587
v -233.467 180.266 15.587
v -234.512 189.182 15.524
v -229.689 183.439 15.524
v -230.733 192.355 15.468
v -225.910 186.612 15.468
v -16.241 73.929 13.354
v -11.430 79.683 13.354
v -20.048 77.113 13.398
v -15.237 82.867 13.398
v -23.668 80.149 13.440
v -19.232 86.197 13.440
v -27.598 82.655 13.483
v -23.650 89.031 13.483
v -31.769 85.154 13.524
v -27.993 91.634 13.524
v -36.045 87.575 13.564
v -32.355 94.105 13.564
v -40.345 90.000 13.602
v -36.701 96.555 13.602
v -44.677 92.373 13.638
v -41.074 98.951 13.638
v -49.030 94.758 13.672
v -45.426 101.335 13.672
v -53.307 97.102 13.704
v -49.854 103.760 13.704
v -57.627 99.219 13.735
v -54.441 106.008 13.735
v -62.097 101.224 13.765
v -59.027 108.067 13.765
v -66.618 103.252 13.793
v -63.562 110.102 13.793
v -71.131 105.254 13.820
v -68.122 112.124 13.820
v -75.671 107.218 13.845
v -72.693 114.101 13.845
v -80.226 109.188 13.870
v -77.248 116.072 13.870
v -84.625 111.095 13.894
v -81.959 118.105 13.894
v -89.173 112.591 13.917
v -86.836 119.718 13.917
v -93.886 114.128 13.940
v -91.561 121.259 13.940
v -98.585 115.661 13.963
v -96.298 122.803 13.963
v -103.230 117.121 13.986
v -101.121 124.318 13.986
v -107.949 118.404 14.009
v -105.980 125.641 14.009
v -112.738 119.707 14.032
v -110.769 126.944 14.032
v -117.527 121.010 14.057
v -115.558 128.247 14.057
v -122.316 122.312 14.082
v -120.347 129.549 14.082
v -127.105 123.615 14.108
v -125.136 130.852 14.108
v -131.894 124.918 14.136
v -129.925 132.155 14.136
v -136.683 126.221 14.165
v -134.714 133.458 14.165
v -141.472 127.524 14.196
v -139.503 134.761 14.196
v -146.261 128.827 14.229
v -144.292 136.064 14.229
v -151.049 130.129 14.263
v -149.081 137.366 14.263
v -155.838 131.432 14.300
v -153.870 138.669 14.300
v -160.627 132.735 14.339
v -158.659 139.972 14.339
v -165.416 134.038 14.380
v -163.448 141.275 14.380
v -170.205 135.341 14.424
v -168.237 142.578 14.424
v -175.267 136.729 14.471
v -172.753 143.795 14.471
v -180.121 138.875 14.520
v -176.943 145.668 14.520
v -184.808 141.184 14.572
v -181.163 147.739 14.572
v -189.234 143.942 14.626
v -185.141 150.227 14.626
v -193.494 146.836 14.683
v -189.092 152.909 14.683
v -197.539 149.959 14.742
v -192.898 155.851 14.742
v -201.450 153.098 14.804
v -196.728 158.925 14.804
v -205.391 156.325 14.869
v -200.467 161.982 14.869
v -209.118 159.774 14.937
v -204.023 165.277 14.937
v -212.873 163.254 15.008
v -207.552 168.540 15.008
v -216.431 167.153 15.080
v -210.660 171.943 15.080
v -219.528 171.254 15.151
v -213.538 175.768 15.151
v -222.528 175.237 15.226
v -216.511 179.713 15.226
v -225.481 179.258 15.303
v -219.433 183.693 15.303
v -228.415 183.264 15.384
v -222.364 187.695 15.384
v -231.347 187.268 15.468
v -225.296 191.699 15.468
v -282.380 280.235 17.810
v -288.714 276.220 17.810
v -279.810 276.181 17.679
v -286.145 272.166 17.679
v -277.240 272.127 17.552
v -283.575 268.112 17.552
v -274.671 268.072 17.427
v -281.006 264.057 17.427
v -272.101 264.018 17.304
v -278.436 260.003 17.304
v -269.531 259.964 17.183
v -275.866 255.949 17.183
v -266.962 255.909 17.065
v -273.297 251.894 17.065
v -264.392 251.855 16.949
v -270.727 247.840 16.949
v -261.823 247.800 16.835
v -268.157 243.785 16.835
v -259.253 243.746 16.723
v -265.588 239.731 16.723
v -256.683 239.692 16.614
v -263.018 235.677 16.614
v -254.114 235.637 16.506
v -260.448 231.622 16.506
v -251.544 231.583 16.401
v -257.879 227.568 16.401
v -248.974 227.529 16.298
v -255.309 223.514 16.298
v -246.408 223.480 16.197
v -252.736 219.454 16.197
v -243.849 219.473 16.098
v -250.128 215.371 16.098
v -241.204 215.514 16.000
v -247.440 211.347 16.000
v -238.537 211.523 15.905
v -244.773 207.356 15.905
v -235.870 207.531 15.812
v -242.107 203.365 15.812
v -233.204 203.540 15.722
v -239.440 199.374 15.722
v -230.537 199.549 15.634
v -236.773 195.382 15.634
v -227.870 195.558 15.550
v -234.107 191.391 15.550
v -225.204 191.567 15.468
v -231.440 187.400 15.468
v 748.448 587.789 8.926
v 742.303 592.089 8.926
v 745.612 583.736 8.948
v 739.467 588.035 8.948
v 742.777 579.682 8.971
v 736.631 583.981 8.971
v 739.941 575.628 8.994
v 733.795 579.927 8.994
v 737.105 571.574 9.018
v 730.959 575.873 9.018
v 734.269 567.520 9.042
v 728.123 571.819 9.042
v 731.433 563.466 9.067
v 725.287 567.765 9.067
v 728.597 559.412 9.091
v 722.452 563.711 9.091
v 725.761 555.358 9.116
v 719.616 559.658 9.116
v 722.925 551.305 9.140
v 716.780 555.604 9.140
v 720.089 547.251 9.164
v 713.944 551.550 9.164
v 717.254 543.197 9.188
v 711.108 547.496 9.188
v 714.418 539.143 9.210
v 708.272 543.442 9.210
v 711.582 535.089 9.232
v 705.436 539.388 9.232
v 708.746 531.035 9.254
v 702.600 535.334 9.254
v 705.910 526.981 9.274
v 699.765 531.280 9.274
v 703.074 522.927 9.293
v 696.929 527.227 9.293
v 700.238 518.874 9.312
v 694.093 523.173 9.312
v 697.402 514.820 9.329
v 691.257 519.119 9.329
v 694.567 510.766 9.346
v 688.421 515.065 9.346
v 691.731 506.712 9.362
v 685.585 511.011 9.362
v 688.895 502.658 9.377
v 682.749 506.957 9.377
v 686.059 498.604 9.391
v 679.913 502.903 9.391
v 683.223 494.550 9.405
v 677.077 498.849 9.405
v 680.387 490.496 9.418
v 674.242 494.796 9.418
v 677.551 486.443 9.431
v 671.406 490.742 9.431
v 674.715 482.389 9.443
v 668.570 486.688 9.443
v 671.879 478.335 9.456
v 665.734 482.634 9.456
v 669.044 474.281 9.468
v 662.898 478.580 9.468
v 586.301 422.301 11.645
v 590.501 416.087 11.645
v 590.325 425.020 11.529
v 594.524 418.806 11.529
v 594.348 427.739 11.410
v 598.547 421.525 11.410
v 598.371 430.458 11.291
v 602.570 424.244 11.291
v 602.394 433.177 11.170
v 606.594 426.963 11.170
v 606.417 435.896 11.048
v 610.617 429.682 11.048
v 610.440 438.615 10.925
v 614.640 432.401 10.925
v 614.463 441.334 10.801
v 618.663 435.120 10.801
v 618.487 444.053 10.678
v 622.686 437.839 10.678
v 622.510 446.772 10.554
v 626.709 440.558 10.554
v 626.533 449.491 10.430
v 630.733 443.277 10.430
v 630.556 452.210 10.306
v 634.756 445.996 10.306
v 634.579 454.929 10.183
v 638.779 448.715 10.183
v 638.602 457.648 10.060
v 642.802 451.434 10.060
v 642.626 460.367 9.939
v 646.825 454.153 9.939
v 646.649 463.085 9.818
v 650.848 456.872 9.818
v 650.672 465.804 9.697
v 654.871 459.591 9.697
v 654.583 468.445 9.578
v 659.007 462.388 9.578
v 657.917 471.040 9.481
v 663.256 465.772 9.481
v 660.410 474.326 9.456
v 666.637 470.147 9.456
v 662.732 478.321 9.468
v 669.210 474.540 9.468
v 641.088 522.710 12.234
v 634.753 518.696 12.234
v 643.638 518.685 11.999
v 637.303 514.671 11.999
v 646.188 514.661 11.759
v 639.853 510.647 11.759
v 648.738 510.636 11.516
v 642.403 506.622 11.516
v 651.288 506.611 11.269
v 644.953 502.597 11.269
v 653.838 502.586 11.019
v 647.503 498.572 11.019
v 656.388 498.561 10.766
v 650.053 494.547 10.766
v 658.938 494.537 10.511
v 652.603 490.523 10.511
v 661.488 490.512 10.253
v 655.153 486.498 10.253
v 664.038 486.487 9.992
v 657.703 482.473 9.992
v 666.588 482.462 9.731
v 660.253 478.448 9.731
v 669.139 478.437 9.468
v 662.803 474.423 9.468
v 742.208 591.946 8.926
v 748.543 587.932 8.926
v 744.844 596.107 8.917
v 751.180 592.093 8.917
v 747.480 600.268 8.909
v 753.816 596.254 8.909
v 750.116 604.429 8.902
v 756.452 600.416 8.902
v 752.753 608.590 8.896
v 759.088 604.577 8.896
v 755.389 612.752 8.891
v 761.724 608.738 8.891
v 758.025 616.913 8.888
v 764.361 612.899 8.888
v 760.661 621.074 8.885
v 766.997 617.060 8.885
v 763.297 625.235 8.885
v 769.633 621.221 8.885
v 765.934 629.396 8.885
v 772.269 625.382 8.885
v 768.570 633.557 8.888
v 774.905 629.544 8.888
v 771.206 637.719 8.892
v 777.542 633.705 8.892
v 773.842 641.880 8.898
v 780.178 637.866 8.898
v 776.479 646.041 8.906
v 782.814 642.027 8.906
v 779.115 650.202 8.916
v 785.450 646.188 8.916
v 781.751 654.363 8.928
v 788.087 650.349 8.928
v 784.387 658.524 8.942
v 790.723 654.511 8.942
v 787.023 662.685 8.959
v 793.359 658.672 8.959
v 789.660 666.847 8.978
v 795.995 662.833 8.978
v 792.296 671.008 8.999
v 798.631 666.994 8.999
v 794.932 675.169 9.023
v 801.268 671.155 9.023
v 797.568 679.330 9.049
v 803.904 675.316 9.049
v 800.205 683.491 9.077
v 806.540 679.477 9.077
v 802.841 687.652 9.108
v 809.176 683.639 9.108
v 805.477 691.814 9.140
v 811.813 687.800 9.140
v 875.807 790.263 10.377
v 869.446 794.236 10.377
v 873.248 786.165 10.324
v 866.886 790.138 10.324
v 870.688 782.067 10.269
v 864.327 786.040 10.269
v 868.129 777.969 10.215
v 861.768 781.942 10.215
v 865.570 773.872 10.160
v 859.209 777.845 10.160
v 863.011 769.774 10.105
v 856.649 773.747 10.105
v 860.451 765.676 10.051
v 854.090 769.649 10.051
v 857.892 761.579 9.996
v 851.531 765.552 9.996
v 855.333 757.481 9.941
v 848.972 761.454 9.941
v 852.774 753.383 9.886
v 846.412 757.356 9.886
v 850.214 749.286 9.832
v 843.853 753.259 9.832
v 847.655 745.188 9.779
v 841.294 749.161 9.779
v 845.096 741.090 9.726
v 838.735 745.063 9.726
v 842.537 736.993 9.674
v 836.175 740.966 9.674
v 839.977 732.895 9.622
v 833.616 736.868 9.622
v 837.418 728.797 9.572
v 831.057 732.770 9.572
v 834.859 724.699 9.522
v 828.498 728.672 9.522
v 832.299 720.602 9.474
v 825.938 724.575 9.474
v 829.740 716.504 9.427
v 823.379 720.477 9.427
v 827.181 712.406 9.381
v 820.820 716.379 9.381
v 824.622 708.309 9.337
v 818.260 712.282 9.337
v 822.062 704.211 9.294
v 815.701 708.184 9.294
v 819.503 700.113 9.253
v 813.142 704.086 9.253
v 816.944 696.016 9.213
v 810.583 699.989 9.213
v 814.385 691.918 9.176
v 808.023 695.891 9.176
v 811.825 687.820 9.140
v 805.464 691.793 9.140
v 644.563 744.811 16.058
v 648.786 738.613 16.058
v 648.641 747.589 15.982
v 652.863 741.391 15.982
v 652.718 750.367 15.908
v 656.941 744.168 15.908
v 656.795 753.144 15.837
v 661.018 746.946 15.837
v 660.873 755.922 15.767
v 665.095 749.724 15.767
v 664.950 758.700 15.700
v 669.173 752.501 15.700
v 669.027 761.477 15.635
v 673.250 755.279 15.635
v 673.105 764.255 15.572
v 677.327 758.057 15.572
v 677.182 767.033 15.512
v 681.404 760.834 15.512
v 681.259 769.810 15.453
v 685.482 763.612 15.453
v 685.336 772.588 15.397
v 689.559 766.390 15.397
v 689.414 775.366 15.343
v 693.636 769.167 15.343
v 693.491 778.143 15.291
v 697.714 771.945 15.291
v 697.568 780.921 15.240
v 701.791 774.723 15.240
v 701.646 783.699 15.191
v 705.868 777.500 15.191
v 705.723 786.476 15.144
v 709.946 780.278 15.144
v 709.800 789.254 15.098
v 714.023 783.055 15.098
v 713.878 792.031 15.053
v 718.100 785.833 15.053
v 717.955 794.809 15.009
v 722.177 788.611 15.009
v 722.032 797.587 14.966
v 726.255 791.388 14.966
v 726.109 800.364 14.923
v 730.332 794.166 14.923
v 730.187 803.142 14.882
v 734.409 796.944 14.882
v 734.264 805.920 14.840
v 738.487 799.721 14.840
v 702.721 862.549 17.177
v 696.398 858.515 17.177
v 705.351 858.427 17.010
v 699.028 854.393 17.010
v 707.980 854.304 16.843
v 701.657 850.271 16.843
v 710.610 850.182 16.678
v 704.287 846.149 16.678
v 713.240 846.060 16.513
v 706.917 842.026 16.513
v 715.869 841.938 16.348
v 709.546 837.904 16.348
v 718.499 837.815 16.183
v 712.176 833.782 16.183
v 721.129 833.693 16.018
v 714.806 829.660 16.018
v 723.759 829.571 15.852
v 717.436 825.537 15.852
v 726.388 825.449 15.686
v 720.065 821.415 15.686
v 729.018 821.326 15.519
v 722.695 817.293 15.519
v 731.648 817.204 15.351
v 725.325 813.170 15.351
v 734.277 813.082 15.182
v 727.954 809.048 15.182
v 736.907 808.960 15.012
v 730.584 804.926 15.012
v 739.537 804.837 14.840
v 733.214 800.804 14.840
v 805.485 687.786 9.140
v 811.804 691.827 9.140
v 802.809 691.972 9.385
v 809.127 696.013 9.385
v 800.132 696.158 9.628
v 806.451 700.198 9.628
v 797.456 700.343 9.870
v 803.774 704.384 9.870
v 794.779 704.529 10.109
v 801.097 708.570 10.109
v 792.102 708.715 10.347
v 798.421 712.755 10.347
v 789.426 712.901 10.582
v 795.744 716.941 10.582
v 786.749 717.086 10.814
v 793.067 721.127 10.814
v 784.072 721.272 11.043
v 790.391 725.313 11.043
v 781.396 725.458 11.270
v 787.714 729.498 11.270
v 778.719 729.643 11.493
v 785.038 733.684 11.493
v 776.042 733.829 11.713
v 782.361 737.870 11.713
v 773.366 738.015 11.931
v 779.684 742.055 11.931
v 770.689 742.200 12.145
v 777.008 746.241 12.145
v 768.012 746.386 12.356
v 774.331 750.427 12.356
v 765.336 750.572 12.563
v 771.654 754.612 12.563
v 762.659 754.758 12.768
v 768.978 758.798 12.768
v 759.983 758.943 12.970
v 766.301 762.984 12.970
v 757.306 763.129 13.169
v 763.624 767.169 13.169
v 754.629 767.315 13.365
v 760.948 771.355 13.365
v 751.953 771.500 13.558
v 758.271 775.541 13.558
v 749.276 775.686 13.748
v 755.594 779.727 13.748
v 746.599 779.872 13.936
v 752.918 783.912 13.936
v 743.923 784.057 14.121
v 750.241 788.098 14.121
v 741.246 788.243 14.304
v 747.565 792.284 14.304
v 738.569 792.429 14.485
v 744.888 796.469 14.485
v 735.893 796.615 14.663
v 742.211 800.655 14.663
v 733.216 800.800 14.840
v 739.535 804.841 14.840
v 627.988 942.390 21.649
v 632.195 936.181 21.649
v 631.484 944.759 21.554
v 635.691 938.550 21.554
v 634.980 947.127 21.457
v 639.187 940.918 21.457
v 638.477 949.496 21.360
v 642.683 943.287 21.360
v 641.973 951.865 21.261
v 646.179 945.655 21.261
v 644.831 888.763 19.569
v 651.557 892.080 19.569
v 642.816 892.849 19.751
v 649.542 896.166 19.751
v 640.800 896.936 19.935
v 647.527 900.253 19.935
v 638.785 901.023 20.123
v 645.512 904.340 20.123
v 636.770 905.109 20.313
v 643.497 908.426 20.313
v 659.004 918.009 19.786
v 665.351 922.005 19.786
v 656.418 922.117 19.987
v 662.765 926.112 19.987
v 653.832 926.224 20.192
v 660.179 930.220 20.192
v 651.246 930.332 20.400
v 657.593 934.328 20.400
v 648.660 934.439 20.611
v 655.007 938.435 20.611
v 646.074 938.547 20.825
v 652.421 942.543 20.825
v 643.489 942.654 21.042
v 649.835 946.650 21.042
v 640.903 946.762 21.261
v 647.250 950.758 21.261
v 568.122 865.448 21.775
v 572.145 859.118 21.775
v 572.240 868.065 21.699
v 576.263 861.735 21.699
v 576.358 870.682 21.621
v 580.380 864.352 21.621
v 580.475 873.299 21.542
v 584.498 866.969 21.542
v 584.593 875.915 21.462
v 588.615 869.585 21.462
v 588.710 878.532 21.380
v 592.733 872.202 21.380
v 592.828 881.149 21.298
v 596.851 874.819 21.298
v 596.946 883.765 21.214
v 600.968 877.436 21.214
v 601.063 886.382 21.128
v 605.086 880.052 21.128
v 605.181 888.999 21.042
v 609.204 882.669 21.042
v 609.299 891.616 20.954
v 613.321 885.286 20.954
v 613.416 894.232 20.865
v 617.439 887.902 20.865
v 617.534 896.849 20.776
v 621.557 890.519 20.776
v 621.652 899.466 20.685
v 625.674 893.136 20.685
v 625.769 902.083 20.593
v 629.792 895.753 20.593
v 629.887 904.699 20.500
v 633.910 898.369 20.500
v 634.005 907.316 20.407
v 638.027 900.986 20.407
v 638.122 909.933 20.313
v 642.145 903.603 20.313
v 663.662 916.564 19.786
v 660.693 923.451 19.786
v 659.994 914.995 19.896
v 656.482 921.622 19.896
v 656.633 912.838 19.980
v 652.601 919.163 19.980
v 653.012 910.530 20.063
v 648.980 916.854 20.063
v 649.391 908.222 20.147
v 645.360 914.546 20.147
v 645.770 905.914 20.230
v 641.739 912.238 20.230
v 642.149 903.606 20.313
v 638.118 909.930 20.313
f 1 2 4
f 1 4 3
f 3 4 6
f 3 6 5
f 5 6 8
f 5 8 7
f 7 8 10
f 7 10 9
f 9 10 12
f 9 12 11
f 11 12 14
f 11 14 13
f 13 14 16
f 13 16 15
f 15 16 18
f 15 18 17
f 17 18 20
f 17 20 19
f 19 20 22
f 19 22 21
f 21 22 24
f 21 24 23
f 23 24 26
f 23 26 25
f 27 28 30
f 27 30 29
f 29 30 32
f 29 32 31
f 31 32 34
f 31 34 33
f 33 34 36
f 33 36 35
f 35 36 38
f 35 38 37
f 37 38 40
f 37 40 39
f 39 40 42
f 39 42 41
f 41 42 44
f 41 44 43
f 43 44 46
f 43 46 45
f 45 46 48
f 45 48 47
f 47 48 50
f 47 50 49
f 49 50 52
f 49 52 51
f 51 52 54
f 51 54 53
f 53 54 56
f 53 56 55
f 55 56 58
f 55 58 57
f 57 58 60
f 57 60 59
f 59 60 62
f 59 62 61
f 61 62 64
f 61 64 63
f 63 64 66
f 63 66 65
f 65 66 68
f 65 68 67
f 67 68 70
f 67 70 69
f 69 70 72
f 69 72 71
f 71 72 74
f 71 74 73
f 73 74 76
f 73 76 75
f 75 76 78
f 75 78 77
f 77 78 80
f 77 80 79
f 79 80 82
f 79 82 81
f 81 82 84
f 81 84 83
f 83 84 86
f 83 86 85
f 85 86 88
f 85 88 87
f 87 88 90
f 87 90 89
f 89 90 92
f 89 92 91
f 91 92 94
f 91 94 93
f 93 94 96
f 93 96 95
f 95 96 98
f 95 98 97
f 97 98 100
f 97 100 99
f 99 100 102
f 99 102 101
f 101 102 104
f 101 104 103
f 103 104 106
f 103 106 105
f 105 106 108
f 105 108 107
f 107 108 110
f 107 110 109
f 109 110 112
f 109 112 111
f 111 112 114
f 111 114 113
f 113 114 116
f 113 116 115
f 115 116 118
f 115 118 117
f 117 118 120
f 117 120 119
f 119 120 122
f 119 122 121
f 121 122 124
f 121 124 123
f 123 124 126
f 123 126 125
f 125 126 128
f 125 128 127
f 127 128 130
f 127 130 129
f 129 130 132
f 129 132 131
f 131 132 134
f 131 134 133
f 133 134 136
f 133 136 135
f 135 136 138
f 135 138 137
f 137 138 140
f 137 140 139
f 139 140 142
f 139 142 141
f 141 142 144
f 141 144 143
f 143 144 146
f 143 146 145
f 145 146 148
f 145 148 147
f 147 148 150
f 147 150 149
f 149 150 152
f 149 152 151
f 151 152 154
f 151 154 153
f 153 154 156
f 153 156 155
f 155 156 158
f 155 158 157
f 157 158 160
f 157 160 159
f 159 160 162
f 159 162 161
f 161 162 164
f 161 164 163
f 163 164 166
f 163 166 165
f 165 166 168
f 165 168 167
f 167 168 170
f 167 170 169
f 169 170 172
f 169 172 171
f 171 172 174
f 171 174 173
f 173 174 176
f 173 176 175
f 175 176 178
f 175 178 177
f 177 178 180
f 177 180 179
f 179 180 182
f 179 182 181
f 181 182 184
f 181 184 183
f 183 184 186
f 183 186 185
f 185 186 188
f 185 188 187
f 187 188 190
f 187 190 189
f 189 190 192
f 189 192 191
f 191 192 194
f 191 194 193
f 193 194 196
f 193 196 195
f 195 196 198
f 195 198 197
f 197 198 200
f 197 200 199
f 199 200 202
f 199 202 201
f 201 202 204
f 201 204 203
f 203 204 206
f 203 206 205
f 205 206 208
f 205 208 207
f 207 208 210
f 207 210 209
f 209 210 212
f 209 212 211
f 211 212 214
f 211 214 213
f 213 214 216
f 213 216 215
f 215 216 218
f 215 218 217
f 217 218 220
f 217 220 219
f 219 220 222
f 219 222 221
f 221 222 224
f 221 224 223
f 223 224 226
f 223 226 225
f 225 226 228
f 225 228 227
f 227 228 230
f 227 230 229
f 229 230 232
f 229 232 231
f 231 232 234
f 231 234 233
f 233 234 236
f 233 236 235
f 235 236 238
f 235 238 237
f 237 238 240
f 237 240 239
f 239 240 242
f 239 242 241
f 241 242 244
f 241 244 243
f 243 244 246
f 243 246 245
f 245 246 248
f 245 248 247
f 247 248 250
f 247 250 249
f 249 250 252
f 249 252 251
f 251 252 254
f 251 254 253
f 253 254 256
f 253 256 255
f 255 256 258
f 255 258 257
f 257 258 260
f 257 260 259
f 259 260 262
f 259 262 261
f 261 262 264
f 261 264 263
f 265 266 268
f 265 268 267
f 267 268 270
f 267 270 269
f 269 270 272
f 269 272 271
f 271 272 274
f 271 274 273
f 273 274 276
f 273 276 275
f 275 276 278
f 275 278 277
f 277 278 280
f 277 280 279
f 281 282 284
f 281 284 283
f 283 284 286
f 283 286 285
f 285 286 288
f 285 288 287
f 287 288 290
f 287 290 289
f 289 290 292
f 289 292 291
f 291 292 294
f 291 294 293
f 293 294 296
f 293 296 295
f 295 296 298
f 295 298 297
f 297 298 300
f 297 300 299
f 299 300 302
f 299 302 301
f 301 302 304
f 301 304 303
f 303 304 306
f 303 306 305
f 305 306 308
f 305 308 307
f 307 308 310
f 307 310 309
f 309 310 312
f 309 312 311
f 311 312 314
f 311 314 313
f 313 314 316
f 313 316 315
f 315 316 318
f 315 318 317
f 317 318 320
f 317 320 319
f 319 320 322
f 319 322 321
f 321 322 324
f 321 324 323
f 325 326 328
f 325 328 327
f 327 328 330
f 327 330 329
f 329 330 332
f 329 332 331
f 331 332 334
f 331 334 333
f 333 334 336
f 333 336 335
f 335 336 338
f 335 338 337
f 337 338 340
f 337 340 339
f 339 340 342
f 339 342 341
f 341 342 344
f 341 344 343
f 343 344 346
f 343 346 345
f 345 346 348
f 345 348 347
f 347 348 350
f 347 350 349
f 349 350 352
f 349 352 351
f 351 352 354
f 351 354 353
f 353 354 356
f 353 356 355
f 355 356 358
f 355 358 357
f 357 358 360
f 357 360 359
f 359 360 362
f 359 362 361
f 361 362 364
f 361 364 363
f 363 364 366
f 363 366 365
f 365 366 368
f 365 368 367
f 367 368 370
f 367 370 369
f 369 370 372
f 369 372 371
f 371 372 374
f 371 374 373
f 373 374 376
f 373 376 375
f 375 376 378
f 375 378 377
f 377 378 380
f 377 380 379
f 379 380 382
f 379 382 381
f 381 382 384
f 381 384 383
f 383 384 386
f 383 386 385
f 385 386 388
f 385 388 387
f 387 388 390
f 387 390 389
f 389 390 392
f 389 392 391
f 391 392 394
f 391 394 393
f 393 394 396
f 393 396 395
f 395 396 398
f 395 398 397
f 397 398 400
f 397 400 399
f 399 400 402
f 399 402 401
f 401 402 404
f 401 404 403
f 403 404 406
f 403 406 405
f 405 406 408
f 405 408 407
f 407 408 410
f 407 410 409
f 409 410 412
f 409 412 411
f 411 412 414
f 411 414 413
f 413 414 416
f 413 416 415
f 415 416 418
f 415 418 417
f 417 418 420
f 417 420 419
f 419 420 422
f 419 422 421
f 421 422 424
f 421 424 423
f 423 424 426
f 423 426 425
f 425 426 428
f 425 428 427
f 427 428 430
f 427 430 429
f 429 430 432
f 429 432 431
f 431 432 434
f 431 434 433
f 433 434 436
f 433 436 435
f 435 436 438
f 435 438 437
f 437 438 440
f 437 440 439
f 439 440 442
f 439 442 441
f 443 444 446
f 443 446 445
f 445 446 448
f 445 448 447
f 447 448 450
f 447 450 449
f 449 450 452
f 449 452 451
f 451 452 454
f 451 454 453
f 453 454 456
f 453 456 455
f 455 456 458
f 455 458 457
f 457 458 460
f 457 460 459
f 459 460 462
f 459 462 461
f 461 462 464
f 461 464 463
f 463 464 466
f 463 466 465
f 465 466 468
f 465 468 467
f 467 468 470
f 467 470 469
f 469 470 472
f 469 472 471
f 471 472 474
f 471 474 473
f 473 474 476
f 473 476 475
f 475 476 478
f 475 478 477
f 477 478 480
f 477 480 479
f 479 480 482
f 479 482 481
f 481 482 484
f 481 484 483
f 483 484 486
f 483 486 485
f 485 486 488
f 485 488 487
f 487 488 490
f 487 490 489
f 489 490 492
f 489 492 491
f 491 492 494
f 491 494 493
f 493 494 496
f 493 496 495
f 495 496 498
f 495 498 497
f 497 498 500
f 497 500 499
f 499 500 502
f 499 502 501
f 501 502 504
f 501 504 503
f 503 504 506
f 503 506 505
f 505 506 508
f 505 508 507
f 509 510 512
f 509 512 511
f 511 512 514
f 511 514 513
f 513 514 516
f 513 516 515
f 515 516 518
f 515 518 517
f 517 518 520
f 517 520 519
f 519 520 522
f 519 522 521
f 521 522 524
f 521 524 523
f 523 524 526
f 523 526 525
f 525 526 528
f 525 528 527
f 527 528 530
f 527 530 529
f 529 530 532
f 529 532 531
f 531 532 534
f 531 534 533
f 533 534 536
f 533 536 535
f 535 536 538
f 535 538 537
f 537 538 540
f 537 540 539
f 539 540 542
f 539 542 541
f 541 542 544
f 541 544 543
f 543 544 546
f 543 546 545
f 545 546 548
f 545 548 547
f 547 548 550
f 547 550 549
f 549 550 552
f 549 552 551
f 551 552 554
f 551 554 553
f 553 554 556
f 553 556 555
f 555 556 558
f 555 558 557
f 557 558 560
f 557 560 559
f 559 560 562
f 559 562 561
f 561 562 564
f 561 564 563
f 563 564 566
f 563 566 565
f 565 566 568
f 565 568 567
f 567 568 570
f 567 570 569
f 569 570 572
f 569 572 571
f 571 572 574
f 571 574 573
f 573 574 576
f 573 576 575
f 575 576 578
f 575 578 577
f 577 578 580
f 577 580 579
f 579 580 582
f 579 582 581
f 581 582 584
f 581 584 583
f 583 584 586
f 583 586 585
f 585 586 588
f 585 588 587
f 587 588 590
f 587 590 589
f 589 590 592
f 589 592 591
f 591 592 594
f 591 594 593
f 593 594 596
f 593 596 595
f 595 596 598
f 595 598 597
f 597 598 600
f 597 600 599
f 599 600 602
f 599 602 601
f 601 602 604
f 601 604 603
f 603 604 606
f 603 606 605
f 605 606 608
f 605 608 607
f 607 608 610
f 607 610 609
f 609 610 612
f 609 612 611
f 611 612 614
f 611 614 613
f 613 614 616
f 613 616 615
f 615 616 618
f 615 618 617
f 617 618 620
f 617 620 619
f 619 620 622
f 619 622 621
f 621 622 624
f 621 624 623
f 623 624 626
f 623 626 625
f 625 626 628
f 625 628 627
f 627 628 630
f 627 630 629
f 629 630 632
f 629 632 631
f 631 632 634
f 631 634 633
f 633 634 636
f 633 636 635
f 635 636 638
f 635 638 637
f 637 638 640
f 637 640 639
f 639 640 642
f 639 642 641
f 641 642 644
f 641 644 643
f 643 644 646
f 643 646 645
f 645 646 648
f 645 648 647
f 647 648 650
f 647 650 649
f 649 650 652
f 649 652 651
f 651 652 654
f 651 654 653
f 653 654 656
f 653 656 655
f 655 656 658
f 655 658 657
f 657 658 660
f 657 660 659
f 659 660 662
f 659 662 661
f 661 662 664
f 661 664 663
f 663 664 666
f 663 666 665
f 665 666 668
f 665 668 667
f 667 668 670
f 667 670 669
f 669 670 672
f 669 672 671
f 671 672 674
f 671 674 673
f 673 674 676
f 673 676 675
f 677 678 680
f 677 680 679
f 679 680 682
f 679 682 681
f 681 682 684
f 681 684 683
f 683 684 686
f 683 686 685
f 685 686 688
f 685 688 687
f 687 688 690
f 687 690 689
f 689 690 692
f 689 692 691
f 691 692 694
f 691 694 693
f 693 694 696
f 693 696 695
f 695 696 698
f 695 698 697
f 697 698 700
f 697 700 699
f 699 700 702
f 699 702 701
f 701 702 704
f 701 704 703
f 703 704 706
f 703 706 705
f 705 706 708
f 705 708 707
f 707 708 710
f 707 710 709
f 709 710 712
f 709 712 711
f 711 712 714
f 711 714 713
f 713 714 716
f 713 716 715
f 715 716 718
f 715 718 717
f 717 718 720
f 717 720 719
f 719 720 722
f 719 722 721
f 721 722 724
f 721 724 723
f 723 724 726
f 723 726 725
f 727 728 730
f 727 730 729
f 729 730 732
f 729 732 731
f 731 732 734
f 731 734 733
f 733 734 736
f 733 736 735
f 735 736 738
f 735 738 737
f 737 738 740
f 737 740 739
f 739 740 742
f 739 742 741
f 741 742 744
f 741 744 743
f 743 744 746
f 743 746 745
f 745 746 748
f 745 748 747
f 747 748 750
f 747 750 749
f 749 750 752
f 749 752 751
f 751 752 754
f 751 754 753
f 753 754 756
f 753 756 755
f 755 756 758
f 755 758 757
f 757 758 760
f 757 760 759
f 759 760 762
f 759 762 761
f 761 762 764
f 761 764 763
f 763 764 766
f 763 766 765
f 765 766 768
f 765 768 767
f 767 768 770
f 767 770 769
f 769 770 772
f 769 772 771
f 771 772 774
f 771 774 773
f 775 776 778
f 775 778 777
f 777 778 780
f 777 780 779
f 779 780 782
f 779 782 781
f 781 782 784
f 781 784 783
f 783 784 786
f 783 786 785
f 785 786 788
f 785 788 787
f 787 788 790
f 787 790 789
f 789 790 792
f 789 792 791
f 791 792 794
f 791 794 793
f 793 794 796
f 793 796 795
f 795 796 798
f 795 798 797
f 797 798 800
f 797 800 799
f 799 800 802
f 799 802 801
f 801 802 804
f 801 804 803
f 803 804 806
f 803 806 805
f 805 806 808
f 805 808 807
f 807 808 810
f 807 810 809
f 811 812 814
f 811 814 813
f 813 814 816
f 813 816 815
f 815 816 818
f 815 818 817
f 817 818 820
f 817 820 819
f 819 820 822
f 819 822 821
f 821 822 824
f 821 824 823
f 823 824 826
f 823 826 825
f 825 826 828
f 825 828 827
f 827 828 830
f 827 830 829
f 829 830 832
f 829 832 831
f 831 832 834
f 831 834 833
f 833 834 836
f 833 836 835
f 835 836 838
f 835 838 837
f 837 838 840
f 837 840 839
f 839 840 842
f 839 842 841
f 841 842 844
f 841 844 843
f 843 844 846
f 843 846 845
f 845 846 848
f 845 848 847
f 847 848 850
f 847 850 849
f 849 850 852
f 849 852 851
f 851 852 854
f 851 854 853
f 853 854 856
f 853 856 855
f 855 856 858
f 855 858 857
f 857 858 860
f 857 860 859
f 859 860 862
f 859 862 861
f 861 862 864
f 861 864 863
f 863 864 866
f 863 866 865
f 865 866 868
f 865 868 867
f 867 868 870
f 867 870 869
f 869 870 872
f 869 872 871
f 871 872 874
f 871 874 873
f 873 874 876
f 873 876 875
f 875 876 878
f 875 878 877
f 879 880 882
f 879 882 881
f 881 882 884
f 881 884 883
f 883 884 886
f 883 886 885
f 885 886 888
f 885 888 887
f 887 888 890
f 887 890 889
f 889 890 892
f 889 892 891
f 891 892 894
f 891 894 893
f 893 894 896
f 893 896 895
f 895 896 898
f 895 898 897
f 897 898 900
f 897 900 899
f 899 900 902
f 899 902 901
f 901 902 904
f 901 904 903
f 903 904 906
f 903 906 905
f 905 906 908
f 905 908 907
f 907 908 910
f 907 910 909
f 909 910 912
f 909 912 911
f 911 912 914
f 911 914 913
f 913 914 916
f 913 916 915
f 915 916 918
f 915 918 917
f 917 918 920
f 917 920 919
f 919 920 922
f 919 922 921
f 921 922 924
f 921 924 923
f 923 924 926
f 923 926 925
f 925 926 928
f 925 928 927
f 927 928 930
f 927 930 929
f 929 930 932
f 929 932 931
f 931 932 934
f 931 934 933
f 933 934 936
f 933 936 935
f 935 936 938
f 935 938 937
f 937 938 940
f 937 940 939
f 939 940 942
f 939 942 941
f 941 942 944
f 941 944 943
f 945 946 948
f 945 948 947
f 947 948 950
f 947 950 949
f 949 950 952
f 949 952 951
f 951 952 954
f 951 954 953
f 953 954 956
f 953 956 955
f 955 956 958
f 955 958 957
f 957 958 960
f 957 960 959
f 959 960 962
f 959 962 961
f 961 962 964
f 961 964 963
f 965 966 968
f 965 968 967
f 967 968 970
f 967 970 969
f 969 970 972
f 969 972 971
f 971 972 974
f 971 974 973
f 973 974 976
f 973 976 975
f 975 976 978
f 975 978 977
f 977 978 980
f 977 980 979
f 979 980 982
f 979 982 981
f 981 982 984
f 981 984 983
f 983 984 986
f 983 986 985
f 985 986 988
f 985 988 987
f 987 988 990
f 987 990 989
f 989 990 992
f 989 992 991
f 991 992 994
f 991 994 993
f 993 994 996
f 993 996 995
f 995 996 998
f 995 998 997
f 997 998 1000
f 997 1000 999
f 999 1000 1002
f 999 1002 1001
f 1001 1002 1004
f 1001 1004 1003
f 1003 1004 1006
f 1003 1006 1005
f 1005 1006 1008
f 1005 1008 1007
f 1007 1008 1010
f 1007 1010 1009
f 1009 1010 1012
f 1009 1012 1011
f 1013 1014 1016
f 1013 1016 1015
f 1015 1016 1018
f 1015 1018 1017
f 1017 1018 1020
f 1017 1020 1019
f 1019 1020 1022
f 1019 1022 1021
f 1021 1022 1024
f 1021 1024 1023
f 1023 1024 1026
f 1023 1026 1025
f 1025 1026 1028
f 1025 1028 1027
f 1027 1028 1030
f 1027 1030 1029
f 1029 1030 1032
f 1029 1032 1031
f 1031 1032 1034
f 1031 1034 1033
f 1033 1034 1036
f 1033 1036 1035
f 1035 1036 1038
f 1035 1038 1037
f 1037 1038 1040
f 1037 1040 1039
f 1039 1040 1042
f 1039 1042 1041
f 1041 1042 1044
f 1041 1044 1043
f 1043 1044 1046
f 1043 1046 1045
f 1045 1046 1048
f 1045 1048 1047
f 1047 1048 1050
f 1047 1050 1049
f 1049 1050 1052
f 1049 1052 1051
f 1051 1052 1054
f 1051 1054 1053
f 1053 1054 1056
f 1053 1056 1055
f 1055 1056 1058
f 1055 1058 1057
f 1057 1058 1060
f 1057 1060 1059
f 1059 1060 1062
f 1059 1062 1061
f 1061 1062 1064
f 1061 1064 1063
f 1063 1064 1066
f 1063 1066 1065
f 1067 1068 1070
f 1067 1070 1069
f 1069 1070 1072
f 1069 1072 1071
f 1071 1072 1074
f 1071 1074 1073
f 1073 1074 1076
f 1073 1076 1075
f 1075 1076 1078
f 1075 1078 1077
f 1077 1078 1080
f 1077 1080 1079
f 1079 1080 1082
f 1079 1082 1081
f 1081 1082 1084
f 1081 1084 1083
f 1083 1084 1086
f 1083 1086 1085
f 1085 1086 1088
f 1085 1088 1087
f 1087 1088 1090
f 1087 1090 1089
f 1089 1090 1092
f 1089 1092 1091
f 1091 1092 1094
f 1091 1094 1093
f 1093 1094 1096
f 1093 1096 1095
f 1095 1096 1098
f 1095 1098 1097
f 1097 1098 1100
f 1097 1100 1099
f 1099 1100 1102
f 1099 1102 1101
f 1101 1102 1104
f 1101 1104 1103
f 1103 1104 1106
f 1103 1106 1105
f 1105 1106 1108
f 1105 1108 1107
f 1107 1108 1110
f 1107 1110 1109
f 1111 1112 1114
f 1111 1114 1113
f 1113 1114 1116
f 1113 1116 1115
f 1115 1116 1118
f 1115 1118 1117
f 1117 1118 1120
f 1117 1120 1119
f 1119 1120 1122
f 1119 1122 1121
f 1121 1122 1124
f 1121 1124 1123
f 1123 1124 1126
f 1123 1126 1125
f 1125 1126 1128
f 1125 1128 1127
f 1127 1128 1130
f 1127 1130 1129
f 1129 1130 1132
f 1129 1132 1131
f 1131 1132 1134
f 1131 1134 1133
f 1133 1134 1136
f 1133 1136 1135
f 1135 1136 1138
f 1135 1138 1137
f 1137 1138 1140
f 1137 1140 1139
f 1139 1140 1142
f 1139 1142 1141
f 1141 1142 1144
f 1141 1144 1143
f 1143 1144 1146
f 1143 1146 1145
f 1145 1146 1148
f 1145 1148 1147
f 1147 1148 1150
f 1147 1150 1149
f 1149 1150 1152
f 1149 1152 1151
f 1151 1152 1154
f 1151 1154 1153
f 1153 1154 1156
f 1153 1156 1155
f 1155 1156 1158
f 1155 1158 1157
f 1157 1158 1160
f 1157 1160 1159
f 1159 1160 1162
f 1159 1162 1161
f 1161 1162 1164
f 1161 1164 1163
f 1165 1166 1168
f 1165 1168 1167
f 1167 1168 1170
f 1167 1170 1169
f 1169 1170 1172
f 1169 1172 1171
f 1171 1172 1174
f 1171 1174 1173
f 1173 1174 1176
f 1173 1176 1175
f 1175 1176 1178
f 1175 1178 1177
f 1177 1178 1180
f 1177 1180 1179
f 1179 1180 1182
f 1179 1182 1181
f 1181 1182 1184
f 1181 1184 1183
f 1185 1186 1188
f 1185 1188 1187
f 1187 1188 1190
f 1187 1190 1189
f 1189 1190 1192
f 1189 1192 1191
f 1191 1192 1194
f 1191 1194 1193
f 1193 1194 1196
f 1193 1196 1195
f 1195 1196 1198
f 1195 1198 1197
f 1197 1198 1200
f 1197 1200 1199
f 1199 1200 1202
f 1199 1202 1201
f 1201 1202 1204
f 1201 1204 1203
f 1205 1206 1208
f 1205 1208 1207
f 1207 1208 1210
f 1207 1210 1209
f 1209 1210 1212
f 1209 1212 1211
f 1211 1212 1214
f 1211 1214 1213
f 1213 1214 1216
f 1213 1216 1215
f 1215 1216 1218
f 1215 1218 1217
f 1217 1218 1220
f 1217 1220 1219
f 1219 1220 1222
f 1219 1222 1221
f 1221 1222 1224
f 1221 1224 1223
f 1223 1224 1226
f 1223 1226 1225
f 1225 1226 1228
f 1225 1228 1227
f 1227 1228 1230
f 1227 1230 1229
f 1229 1230 1232
f 1229 1232 1231
f 1231 1232 1234
f 1231 1234 1233
f 1233 1234 1236
f 1233 1236 1235
f 1235 1236 1238
f 1235 1238 1237
f 1237 1238 1240
f 1237 1240 1239
f 1239 1240 1242
f 1239 1242 1241
f 1241 1242 1244
f 1241 1244 1243
f 1243 1244 1246
f 1243 1246 1245
f 1245 1246 1248
f 1245 1248 1247
f 1247 1248 1250
f 1247 1250 1249
f 1249 1250 1252
f 1249 1252 1251
f 1251 1252 1254
f 1251 1254 1253
f 1253 1254 1256
f 1253 1256 1255
f 1255 1256 1258
f 1255 1258 1257
f 1257 1258 1260
f 1257 1260 1259
f 1259 1260 1262
f 1259 1262 1261
f 1261 1262 1264
f 1261 1264 1263
f 1263 1264 1266
f 1263 1266 1265
f 1267 1268 1270
f 1267 1270 1269
f 1269 1270 1272
f 1269 1272 1271
f 1271 1272 1274
f 1271 1274 1273
f 1273 1274 1276
f 1273 1276 1275
f 1275 1276 1278
f 1275 1278 1277
f 1277 1278 1280
f 1277 1280 1279
f 1279 1280 1282
f 1279 1282 1281
f 1281 1282 1284
f 1281 1284 1283
f 1283 1284 1286
f 1283 1286 1285
f 1285 1286 1288
f 1285 1288 1287
f 1287 1288 1290
f 1287 1290 1289
f 1289 1290 1292
f 1289 1292 1291
f 1291 1292 1294
f 1291 1294 1293
f 1293 1294 1296
f 1293 1296 1295
f 1295 1296 1298
f 1295 1298 1297
f 1297 1298 1300
f 1297 1300 1299
f 1299 1300 1302
f 1299 1302 1301
f 1301 1302 1304
f 1301 1304 1303
f 1303 1304 1306
f 1303 1306 1305
f 1305 1306 1308
f 1305 1308 1307
f 1307 1308 1310
f 1307 1310 1309
f 1309 1310 1312
f 1309 1312 1311
f 1311 1312 1314
f 1311 1314 1313
f 1313 1314 1316
f 1313 1316 1315
f 1315 1316 1318
f 1315 1318 1317
f 1317 1318 1320
f 1317 1320 1319
f 1319 1320 1322
f 1319 1322 1321
f 1321 1322 1324
f 1321 1324 1323
f 1323 1324 1326
f 1323 1326 1325
f 1327 1328 1330
f 1327 1330 1329
f 1329 1330 1332
f 1329 1332 1331
f 1331 1332 1334
f 1331 1334 1333
f 1333 1334 1336
f 1333 1336 1335
f 1335 1336 1338
f 1335 1338 1337
f 1337 1338 1340
f 1337 1340 1339
f 1339 1340 1342
f 1339 1342 1341
f 1341 1342 1344
f 1341 1344 1343
f 1343 1344 1346
f 1343 1346 1345
f 1345 1346 1348
f 1345 1348 1347
f 1347 1348 1350
f 1347 1350 1349
f 1349 1350 1352
f 1349 1352 1351
f 1351 1352 1354
f 1351 1354 1353
f 1353 1354 1356
f 1353 1356 1355
f 1355 1356 1358
f 1355 1358 1357
f 1357 1358 1360
f 1357 1360 1359
f 1359 1360 1362
f 1359 1362 1361
f 1361 1362 1364
f 1361 1364 1363
f 1363 1364 1366
f 1363 1366 1365
f 1365 1366 1368
f 1365 1368 1367
f 1367 1368 1370
f 1367 1370 1369
f 1369 1370 1372
f 1369 1372 1371
f 1371 1372 1374
f 1371 1374 1373
f 1373 1374 1376
f 1373 1376 1375
f 1375 1376 1378
f 1375 1378 1377
f 1377 1378 1380
f 1377 1380 1379
f 1379 1380 1382
f 1379 1382 1381
f 1381 1382 1384
f 1381 1384 1383
f 1383 1384 1386
f 1383 1386 1385
f 1385 1386 1388
f 1385 1388 1387
f 1389 1390 1392
f 1389 1392 1391
f 1391 1392 1394
f 1391 1394 1393
f 1393 1394 1396
f 1393 1396 1395
f 1395 1396 1398
f 1395 1398 1397
f 1397 1398 1400
f 1397 1400 1399
f 1399 1400 1402
f 1399 1402 1401
f 1401 1402 1404
f 1401 1404 1403
f 1403 1404 1406
f 1403 1406 1405
f 1405 1406 1408
f 1405 1408 1407
f 1407 1408 1410
f 1407 1410 1409
f 1409 1410 1412
f 1409 1412 1411
f 1411 1412 1414
f 1411 1414 1413
f 1413 1414 1416
f 1413 1416 1415
f 1415 1416 1418
f 1415 1418 1417
f 1417 1418 1420
f 1417 1420 1419
f 1419 1420 1422
f 1419 1422 1421
f 1421 1422 1424
f 1421 1424 1423
f 1423 1424 1426
f 1423 1426 1425
f 1425 1426 1428
f 1425 1428 1427
f 1427 1428 1430
f 1427 1430 1429
f 1429 1430 1432
f 1429 1432 1431
f 1431 1432 1434
f 1431 1434 1433
f 1433 1434 1436
f 1433 1436 1435
f 1435 1436 1438
f 1435 1438 1437
f 1437 1438 1440
f 1437 1440 1439
f 1439 1440 1442
f 1439 1442 1441
f 1441 1442 1444
f 1441 1444 1443
f 1443 1444 1446
f 1443 1446 1445
f 1447 1448 1450
f 1447 1450 1449
f 1449 1450 1452
f 1449 1452 1451
f 1451 1452 1454
f 1451 1454 1453
f 1453 1454 1456
f 1453 1456 1455
f 1455 1456 1458
f 1455 1458 1457
f 1457 1458 1460
f 1457 1460 1459
f 1459 1460 1462
f 1459 1462 1461
f 1461 1462 1464
f 1461 1464 1463
f 1463 1464 1466
f 1463 1466 1465
f 1467 1468 1470
f 1467 1470 1469
f 1469 1470 1472
f 1469 1472 1471
f 1471 1472 1474
f 1471 1474 1473
f 1473 1474 1476
f 1473 1476 1475
f 1475 1476 1478
f 1475 1478 1477
f 1477 1478 1480
f 1477 1480 1479
f 1479 1480 1482
f 1479 1482 1481
f 1481 1482 1484
f 1481 1484 1483
f 1483 1484 1486
f 1483 1486 1485
f 1485 1486 1488
f 1485 1488 1487
f 1487 1488 1490
f 1487 1490 1489
f 1489 1490 1492
f 1489 1492 1491
f 1491 1492 1494
f 1491 1494 1493
f 1493 1494 1496
f 1493 1496 1495
f 1495 1496 1498
f 1495 1498 1497
f 1497 1498 1500
f 1497 1500 1499
f 1499 1500 1502
f 1499 1502 1501
f 1501 1502 1504
f 1501 1504 1503
f 1503 1504 1506
f 1503 1506 1505
f 1505 1506 1508
f 1505 1508 1507
f 1507 1508 1510
f 1507 1510 1509
f 1509 1510 1512
f 1509 1512 1511
f 1511 1512 1514
f 1511 1514 1513
f 1513 1514 1516
f 1513 1516 1515
f 1517 1518 1520
f 1517 1520 1519
f 1519 1520 1522
f 1519 1522 1521
f 1521 1522 1524
f 1521 1524 1523
f 1523 1524 1526
f 1523 1526 1525
f 1525 1526 1528
f 1525 1528 1527
f 1527 1528 1530
f 1527 1530 1529
f 1529 1530 1532
f 1529 1532 1531
f 1531 1532 1534
f 1531 1534 1533
f 1533 1534 1536
f 1533 1536 1535
f 1537 1538 1540
f 1537 1540 1539
f 1539 1540 1542
f 1539 1542 1541
f 1541 1542 1544
f 1541 1544 1543
f 1543 1544 1546
f 1543 1546 1545
f 1545 1546 1548
f 1545 1548 1547
f 1547 1548 1550
f 1547 1550 1549
f 1549 1550 1552
f 1549 1552 1551
f 1551 1552 1554
f 1551 1554 1553
f 1553 1554 1556
f 1553 1556 1555
f 1555 1556 1558
f 1555 1558 1557
f 1557 1558 1560
f 1557 1560 1559
f 1559 1560 1562
f 1559 1562 1561
f 1561 1562 1564
f 1561 1564 1563
f 1563 1564 1566
f 1563 1566 1565
f 1565 1566 1568
f 1565 1568 1567
f 1567 1568 1570
f 1567 1570 1569
f 1569 1570 1572
f 1569 1572 1571
f 1571 1572 1574
f 1571 1574 1573
f 1573 1574 1576
f 1573 1576 1575
f 1575 1576 1578
f 1575 1578 1577
f 1577 1578 1580
f 1577 1580 1579
f 1579 1580 1582
f 1579 1582 1581
f 1581 1582 1584
f 1581 1584 1583
f 1583 1584 1586
f 1583 1586 1585
f 1585 1586 1588
f 1585 1588 1587
f 1587 1588 1590
f 1587 1590 1589
f 1591 1592 1594
f 1591 1594 1593
f 1593 1594 1596
f 1593 1596 1595
f 1595 1596 1598
f 1595 1598 1597
f 1597 1598 1600
f 1597 1600 1599
f 1599 1600 1602
f 1599 1602 1601
f 1601 1602 1604
f 1601 1604 1603
f 1603 1604 1606
f 1603 1606 1605
f 1605 1606 1608
f 1605 1608 1607
f 1607 1608 1610
f 1607 1610 1609
f 1609 1610 1612
f 1609 1612 1611
f 1611 1612 1614
f 1611 1614 1613
f 1613 1614 1616
f 1613 1616 1615
f 1615 1616 1618
f 1615 1618 1617
f 1617 1618 1620
f 1617 1620 1619
f 1619 1620 1622
f 1619 1622 1621
f 1621 1622 1624
f 1621 1624 1623
f 1623 1624 1626
f 1623 1626 1625
f 1625 1626 1628
f 1625 1628 1627
f 1627 1628 1630
f 1627 1630 1629
f 1631 1632 1634
f 1631 1634 1633
f 1633 1634 1636
f 1633 1636 1635
f 1635 1636 1638
f 1635 1638 1637
f 1637 1638 1640
f 1637 1640 1639
f 1639 1640 1642
f 1639 1642 1641
f 1641 1642 1644
f 1641 1644 1643
f 1643 1644 1646
f 1643 1646 1645
f 1645 1646 1648
f 1645 1648 1647
f 1647 1648 1650
f 1647 1650 1649
f 1651 1652 1654
f 1651 1654 1653
f 1653 1654 1656
f 1653 1656 1655
f 1655 1656 1658
f 1655 1658 1657
f 1657 1658 1660
f 1657 1660 1659
f 1659 1660 1662
f 1659 1662 1661
f 1661 1662 1664
f 1661 1664 1663
f 1663 1664 1666
f 1663 1666 1665
f 1665 1666 1668
f 1665 1668 1667
f 1667 1668 1670
f 1667 1670 1669
f 1669 1670 1672
f 1669 1672 1671
f 1671 1672 1674
f 1671 1674 1673
f 1673 1674 1676
f 1673 1676 1675
f 1675 1676 1678
f 1675 1678 1677
f 1677 1678 1680
f 1677 1680 1679
f 1679 1680 1682
f 1679 1682 1681
f 1681 1682 1684
f 1681 1684 1683
f 1683 1684 1686
f 1683 1686 1685
f 1685 1686 1688
f 1685 1688 1687
f 1687 1688 1690
f 1687 1690 1689
f 1689 1690 1692
f 1689 1692 1691
f 1691 1692 1694
f 1691 1694 1693
f 1693 1694 1696
f 1693 1696 1695
f 1695 1696 1698
f 1695 1698 1697
f 1699 1700 1702
f 1699 1702 1701
f 1701 1702 1704
f 1701 1704 1703
f 1703 1704 1706
f 1703 1706 1705
f 1705 1706 1708
f 1705 1708 1707
f 1707 1708 1710
f 1707 1710 1709
f 1709 1710 1712
f 1709 1712 1711
f 1711 1712 1714
f 1711 1714 1713
f 1713 1714 1716
f 1713 1716 1715
f 1715 1716 1718
f 1715 1718 1717
f 1717 1718 1720
f 1717 1720 1719
f 1719 1720 1722
f 1719 1722 1721
f 1721 1722 1724
f 1721 1724 1723
f 1723 1724 1726
f 1723 1726 1725
f 1725 1726 1728
f 1725 1728 1727
f 1727 1728 1730
f 1727 1730 1729
f 1729 1730 1732
f 1729 1732 1731
f 1731 1732 1734
f 1731 1734 1733
f 1733 1734 1736
f 1733 1736 1735
f 1735 1736 1738
f 1735 1738 1737
f 1737 1738 1740
f 1737 1740 1739
f 1739 1740 1742
f 1739 1742 1741
f 1741 1742 1744
f 1741 1744 1743
f 1743 1744 1746
f 1743 1746 1745
f 1745 1746 1748
f 1745 1748 1747
f 1749 1750 1752
f 1749 1752 1751
f 1751 1752 1754
f 1751 1754 1753
f 1753 1754 1756
f 1753 1756 1755
f 1755 1756 1758
f 1755 1758 1757
f 1757 1758 1760
f 1757 1760 1759
f 1759 1760 1762
f 1759 1762 1761
f 1761 1762 1764
f 1761 1764 1763
f 1763 1764 1766
f 1763 1766 1765
f 1765 1766 1768
f 1765 1768 1767
f 1767 1768 1770
f 1767 1770 1769
f 1769 1770 1772
f 1769 1772 1771
f 1771 1772 1774
f 1771 1774 1773
f 1773 1774 1776
f 1773 1776 1775
f 1775 1776 1778
f 1775 1778 1777
f 1777 1778 1780
f 1777 1780 1779
f 1779 1780 1782
f 1779 1782 1781
f 1781 1782 1784
f 1781 1784 1783
f 1785 1786 1788
f 1785 1788 1787
f 1787 1788 1790
f 1787 1790 1789
f 1789 1790 1792
f 1789 1792 1791
f 1791 1792 1794
f 1791 1794 1793
f 1793 1794 1796
f 1793 1796 1795
f 1795 1796 1798
f 1795 1798 1797
f 1797 1798 1800
f 1797 1800 1799
f 1799 1800 1802
f 1799 1802 1801
f 1801 1802 1804
f 1801 1804 1803
f 1803 1804 1806
f 1803 1806 1805
f 1805 1806 1808
f 1805 1808 1807
f 1807 1808 1810
f 1807 1810 1809
f 1809 1810 1812
f 1809 1812 1811
f 1811 1812 1814
f 1811 1814 1813
f 1813 1814 1816
f 1813 1816 1815
f 1817 1818 1820
f 1817 1820 1819
f 1819 1820 1822
f 1819 1822 1821
f 1821 1822 1824
f 1821 1824 1823
f 1823 1824 1826
f 1823 1826 1825
f 1825 1826 1828
f 1825 1828 1827
f 1827 1828 1830
f 1827 1830 1829
f 1829 1830 1832
f 1829 1832 1831
f 1831 1832 1834
f 1831 1834 1833
f 1833 1834 1836
f 1833 1836 1835
f 1835 1836 1838
f 1835 1838 1837
f 1837 1838 1840
f 1837 1840 1839
f 1839 1840 1842
f 1839 1842 1841
f 1841 1842 1844
f 1841 1844 1843
f 1843 1844 1846
f 1843 1846 1845
f 1847 1848 1850
f 1847 1850 1849
f 1849 1850 1852
f 1849 1852 1851
f 1851 1852 1854
f 1851 1854 1853
f 1853 1854 1856
f 1853 1856 1855
f 1855 1856 1858
f 1855 1858 1857
f 1857 1858 1860
f 1857 1860 1859
f 1859 1860 1862
f 1859 1862 1861
f 1861 1862 1864
f 1861 1864 1863
f 1863 1864 1866
f 1863 1866 1865
f 1865 1866 1868
f 1865 1868 1867
f 1867 1868 1870
f 1867 1870 1869
f 1869 1870 1872
f 1869 1872 1871
f 1871 1872 1874
f 1871 1874 1873
f 1873 1874 1876
f 1873 1876 1875
f 1875 1876 1878
f 1875 1878 1877
f 1877 1878 1880
f 1877 1880 1879
f 1879 1880 1882
f 1879 1882 1881
f 1881 1882 1884
f 1881 1884 1883
f 1883 1884 1886
f 1883 1886 1885
f 1885 1886 1888
f 1885 1888 1887
f 1889 1890 1892
f 1889 1892 1891
f 1891 1892 1894
f 1891 1894 1893
f 1893 1894 1896
f 1893 1896 1895
f 1895 1896 1898
f 1895 1898 1897
f 1897 1898 1900
f 1897 1900 1899
f 1899 1900 1902
f 1899 1902 1901
f 1901 1902 1904
f 1901 1904 1903
f 1903 1904 1906
f 1903 1906 1905
f 1905 1906 1908
f 1905 1908 1907
f 1907 1908 1910
f 1907 1910 1909
f 1909 1910 1912
f 1909 1912 1911
f 1911 1912 1914
f 1911 1914 1913
f 1913 1914 1916
f 1913 1916 1915
f 1915 1916 1918
f 1915 1918 1917
f 1917 1918 1920
f 1917 1920 1919
f 1919 1920 1922
f 1919 1922 1921
f 1921 1922 1924
f 1921 1924 1923
f 1923 1924 1926
f 1923 1926 1925
f 1925 1926 1928
f 1925 1928 1927
f 1927 1928 1930
f 1927 1930 1929
f 1929 1930 1932
f 1929 1932 1931
f 1931 1932 1934
f 1931 1934 1933
f 1933 1934 1936
f 1933 1936 1935
f 1935 1936 1938
f 1935 1938 1937
f 1937 1938 1940
f 1937 1940 1939
f 1939 1940 1942
f 1939 1942 1941
f 1941 1942 1944
f 1941 1944 1943
f 1943 1944 1946
f 1943 1946 1945
f 1945 1946 1948
f 1945 1948 1947
f 1947 1948 1950
f 1947 1950 1949
f 1949 1950 1952
f 1949 1952 1951
f 1953 1954 1956
f 1953 1956 1955
f 1955 1956 1958
f 1955 1958 1957
f 1957 1958 1960
f 1957 1960 1959
f 1959 1960 1962
f 1959 1962 1961
f 1961 1962 1964
f 1961 1964 1963
f 1963 1964 1966
f 1963 1966 1965
f 1965 1966 1968
f 1965 1968 1967
f 1967 1968 1970
f 1967 1970 1969
f 1969 1970 1972
f 1969 1972 1971
f 1971 1972 1974
f 1971 1974 1973
f 1973 1974 1976
f 1973 1976 1975
f 1975 1976 1978
f 1975 1978 1977
f 1977 1978 1980
f 1977 1980 1979
f 1979 1980 1982
f 1979 1982 1981
f 1981 1982 1984
f 1981 1984 1983
f 1983 1984 1986
f 1983 1986 1985
f 1985 1986 1988
f 1985 1988 1987
f 1987 1988 1990
f 1987 1990 1989
f 1989 1990 1992
f 1989 1992 1991
f 1991 1992 1994
f 1991 1994 1993
f 1995 1996 1998
f 1995 1998 1997
f 1997 1998 2000
f 1997 2000 1999
f 1999 2000 2002
f 1999 2002 2001
f 2001 2002 2004
f 2001 2004 2003
f 2003 2004 2006
f 2003 2006 2005
f 2005 2006 2008
f 2005 2008 2007
f 2007 2008 2010
f 2007 2010 2009
f 2009 2010 2012
f 2009 2012 2011
f 2011 2012 2014
f 2011 2014 2013
f 2013 2014 2016
f 2013 2016 2015
f 2015 2016 2018
f 2015 2018 2017
f 2017 2018 2020
f 2017 2020 2019
f 2021 2022 2024
f 2021 2024 2023
f 2023 2024 2026
f 2023 2026 2025
f 2025 2026 2028
f 2025 2028 2027
f 2027 2028 2030
f 2027 2030 2029
f 2029 2030 2032
f 2029 2032 2031
f 2031 2032 2034
f 2031 2034 2033
f 2033 2034 2036
f 2033 2036 2035
f 2035 2036 2038
f 2035 2038 2037
f 2037 2038 2040
f 2037 2040 2039
f 2039 2040 2042
f 2039 2042 2041
f 2041 2042 2044
f 2041 2044 2043
f 2043 2044 2046
f 2043 2046 2045
f 2045 2046 2048
f 2045 2048 2047
f 2047 2048 2050
f 2047 2050 2049
f 2049 2050 2052
f 2049 2052 2051
f 2051 2052 2054
f 2051 2054 2053
f 2053 2054 2056
f 2053 2056 2055
f 2055 2056 2058
f 2055 2058 2057
f 2057 2058 2060
f 2057 2060 2059
f 2059 2060 2062
f 2059 2062 2061
f 2061 2062 2064
f 2061 2064 2063
f 2063 2064 2066
f 2063 2066 2065
f 2067 2068 2070
f 2067 2070 2069
f 2069 2070 2072
f 2069 2072 2071
f 2071 2072 2074
f 2071 2074 2073
f 2073 2074 2076
f 2073 2076 2075
f 2075 2076 2078
f 2075 2078 2077
f 2077 2078 2080
f 2077 2080 2079
f 2079 2080 2082
f 2079 2082 2081
f 2081 2082 2084
f 2081 2084 2083
f 2083 2084 2086
f 2083 2086 2085
f 2085 2086 2088
f 2085 2088 2087
f 2087 2088 2090
f 2087 2090 2089
f 2091 2092 2094
f 2091 2094 2093
f 2093 2094 2096
f 2093 2096 2095
f 2095 2096 2098
f 2095 2098 2097
f 2097 2098 2100
f 2097 2100 2099
f 2099 2100 2102
f 2099 2102 2101
f 2101 2102 2104
f 2101 2104 2103
f 2103 2104 2106
f 2103 2106 2105
f 2105 2106 2108
f 2105 2108 2107
f 2107 2108 2110
f 2107 2110 2109
f 2109 2110 2112
f 2109 2112 2111
f 2111 2112 2114
f 2111 2114 2113
f 2113 2114 2116
f 2113 2116 2115
f 2115 2116 2118
f 2115 2118 2117
f 2117 2118 2120
f 2117 2120 2119
f 2119 2120 2122
f 2119 2122 2121
f 2121 2122 2124
f 2121 2124 2123
f 2123 2124 2126
f 2123 2126 2125
f 2127 2128 2130
f 2127 2130 2129
f 2129 2130 2132
f 2129 2132 2131
f 2131 2132 2134
f 2131 2134 2133
f 2133 2134 2136
f 2133 2136 2135
f 2135 2136 2138
f 2135 2138 2137
f 2137 2138 2140
f 2137 2140 2139
f 2139 2140 2142
f 2139 2142 2141
f 2141 2142 2144
f 2141 2144 2143
f 2143 2144 2146
f 2143 2146 2145
f 2145 2146 2148
f 2145 2148 2147
f 2147 2148 2150
f 2147 2150 2149
f 2149 2150 2152
f 2149 2152 2151
f 2151 2152 2154
f 2151 2154 2153
f 2153 2154 2156
f 2153 2156 2155
f 2155 2156 2158
f 2155 2158 2157
f 2157 2158 2160
f 2157 2160 2159
f 2161 2162 2164
f 2161 2164 2163
f 2163 2164 2166
f 2163 2166 2165
f 2165 2166 2168
f 2165 2168 2167
f 2167 2168 2170
f 2167 2170 2169
f 2169 2170 2172
f 2169 2172 2171
f 2171 2172 2174
f 2171 2174 2173
f 2173 2174 2176
f 2173 2176 2175
f 2175 2176 2178
f 2175 2178 2177
f 2177 2178 2180
f 2177 2180 2179
f 2179 2180 2182
f 2179 2182 2181
f 2181 2182 2184
f 2181 2184 2183
f 2183 2184 2186
f 2183 2186 2185
f 2185 2186 2188
f 2185 2188 2187
f 2187 2188 2190
f 2187 2190 2189
f 2189 2190 2192
f 2189 2192 2191
f 2191 2192 2194
f 2191 2194 2193
f 2193 2194 2196
f 2193 2196 2195
f 2195 2196 2198
f 2195 2198 2197
f 2197 2198 2200
f 2197 2200 2199
f 2199 2200 2202
f 2199 2202 2201
f 2201 2202 2204
f 2201 2204 2203
f 2203 2204 2206
f 2203 2206 2205
f 2205 2206 2208
f 2205 2208 2207
f 2209 2210 2212
f 2209 2212 2211
f 2211 2212 2214
f 2211 2214 2213
f 2213 2214 2216
f 2213 2216 2215
f 2215 2216 2218
f 2215 2218 2217
f 2217 2218 2220
f 2217 2220 2219
f 2219 2220 2222
f 2219 2222 2221
f 2221 2222 2224
f 2221 2224 2223
f 2223 2224 2226
f 2223 2226 2225
f 2225 2226 2228
f 2225 2228 2227
f 2227 2228 2230
f 2227 2230 2229
f 2229 2230 2232
f 2229 2232 2231
f 2231 2232 2234
f 2231 2234 2233
f 2233 2234 2236
f 2233 2236 2235
f 2235 2236 2238
f 2235 2238 2237
f 2237 2238 2240
f 2237 2240 2239
f 2241 2242 2244
f 2241 2244 2243
f 2243 2244 2246
f 2243 2246 2245
f 2245 2246 2248
f 2245 2248 2247
f 2247 2248 2250
f 2247 2250 2249
f 2249 2250 2252
f 2249 2252 2251
f 2251 2252 2254
f 2251 2254 2253
f 2253 2254 2256
f 2253 2256 2255
f 2255 2256 2258
f 2255 2258 2257
f 2257 2258 2260
f 2257 2260 2259
f 2259 2260 2262
f 2259 2262 2261
f 2261 2262 2264
f 2261 2264 2263
f 2263 2264 2266
f 2263 2266 2265
f 2265 2266 2268
f 2265 2268 2267
f 2267 2268 2270
f 2267 2270 2269
f 2269 2270 2272
f 2269 2272 2271
f 2271 2272 2274
f 2271 2274 2273
f 2273 2274 2276
f 2273 2276 2275
f 2275 2276 2278
f 2275 2278 2277
f 2277 2278 2280
f 2277 2280 2279
f 2279 2280 2282
f 2279 2282 2281
f 2283 2284 2286
f 2283 2286 2285
f 2285 2286 2288
f 2285 2288 2287
f 2287 2288 2290
f 2287 2290 2289
f 2289 2290 2292
f 2289 2292 2291
f 2291 2292 2294
f 2291 2294 2293
f 2293 2294 2296
f 2293 2296 2295
f 2295 2296 2298
f 2295 2298 2297
f 2297 2298 2300
f 2297 2300 2299
f 2299 2300 2302
f 2299 2302 2301
f 2301 2302 2304
f 2301 2304 2303
f 2303 2304 2306
f 2303 2306 2305
f 2305 2306 2308
f 2305 2308 2307
f 2307 2308 2310
f 2307 2310 2309
f 2309 2310 2312
f 2309 2312 2311
f 2311 2312 2314
f 2311 2314 2313
f 2315 2316 2318
f 2315 2318 2317
f 2317 2318 2320
f 2317 2320 2319
f 2319 2320 2322
f 2319 2322 2321
f 2321 2322 2324
f 2321 2324 2323
f 2323 2324 2326
f 2323 2326 2325
f 2325 2326 2328
f 2325 2328 2327
f 2327 2328 2330
f 2327 2330 2329
f 2329 2330 2332
f 2329 2332 2331
f 2331 2332 2334
f 2331 2334 2333
f 2333 2334 2336
f 2333 2336 2335
f 2335 2336 2338
f 2335 2338 2337
f 2337 2338 2340
f 2337 2340 2339
f 2339 2340 2342
f 2339 2342 2341
f 2341 2342 2344
f 2341 2344 2343
f 2343 2344 2346
f 2343 2346 2345
f 2345 2346 2348
f 2345 2348 2347
f 2349 2350 2352
f 2349 2352 2351
f 2351 2352 2354
f 2351 2354 2353
f 2353 2354 2356
f 2353 2356 2355
f 2355 2356 2358
f 2355 2358 2357
f 2357 2358 2360
f 2357 2360 2359
f 2359 2360 2362
f 2359 2362 2361
f 2361 2362 2364
f 2361 2364 2363
f 2363 2364 2366
f 2363 2366 2365
f 2365 2366 2368
f 2365 2368 2367
f 2367 2368 2370
f 2367 2370 2369
f 2369 2370 2372
f 2369 2372 2371
f 2371 2372 2374
f 2371 2374 2373
f 2373 2374 2376
f 2373 2376 2375
f 2375 2376 2378
f 2375 2378 2377
f 2377 2378 2380
f 2377 2380 2379
f 2381 2382 2384
f 2381 2384 2383
f 2383 2384 2386
f 2383 2386 2385
f 2385 2386 2388
f 2385 2388 2387
f 2387 2388 2390
f 2387 2390 2389
f 2389 2390 2392
f 2389 2392 2391
f 2391 2392 2394
f 2391 2394 2393
f 2393 2394 2396
f 2393 2396 2395
f 2395 2396 2398
f 2395 2398 2397
f 2397 2398 2400
f 2397 2400 2399
f 2399 2400 2402
f 2399 2402 2401
f 2401 2402 2404
f 2401 2404 2403
f 2403 2404 2406
f 2403 2406 2405
f 2405 2406 2408
f 2405 2408 2407
f 2409 2410 2412
f 2409 2412 2411
f 2411 2412 2414
f 2411 2414 2413
f 2413 2414 2416
f 2413 2416 2415
f 2415 2416 2418
f 2415 2418 2417
f 2417 2418 2420
f 2417 2420 2419
f 2419 2420 2422
f 2419 2422 2421
f 2421 2422 2424
f 2421 2424 2423
f 2423 2424 2426
f 2423 2426 2425
f 2425 2426 2428
f 2425 2428 2427
f 2427 2428 2430
f 2427 2430 2429
f 2429 2430 2432
f 2429 2432 2431
f 2431 2432 2434
f 2431 2434 2433
f 2435 2436 2438
f 2435 2438 2437
f 2437 2438 2440
f 2437 2440 2439
f 2439 2440 2442
f 2439 2442 2441
f 2441 2442 2444
f 2441 2444 2443
f 2443 2444 2446
f 2443 2446 2445
f 2445 2446 2448
f 2445 2448 2447
f 2447 2448 2450
f 2447 2450 2449
f 2449 2450 2452
f 2449 2452 2451
f 2451 2452 2454
f 2451 2454 2453
f 2453 2454 2456
f 2453 2456 2455
f 2455 2456 2458
f 2455 2458 2457
f 2457 2458 2460
f 2457 2460 2459
f 2459 2460 2462
f 2459 2462 2461
f 2461 2462 2464
f 2461 2464 2463
f 2463 2464 2466
f 2463 2466 2465
f 2465 2466 2468
f 2465 2468 2467
f 2467 2468 2470
f 2467 2470 2469
f 2469 2470 2472
f 2469 2472 2471
f 2471 2472 2474
f 2471 2474 2473
f 2473 2474 2476
f 2473 2476 2475
f 2475 2476 2478
f 2475 2478 2477
f 2477 2478 2480
f 2477 2480 2479
f 2481 2482 2484
f 2481 2484 2483
f 2483 2484 2486
f 2483 2486 2485
f 2485 2486 2488
f 2485 2488 2487
f 2487 2488 2490
f 2487 2490 2489
f 2489 2490 2492
f 2489 2492 2491
f 2493 2494 2496
f 2493 2496 2495
f 2495 2496 2498
f 2495 2498 2497
f 2497 2498 2500
f 2497 2500 2499
f 2499 2500 2502
f 2499 2502 2501
f 2503 2504 2506
f 2503 2506 2505
f 2505 2506 2508
f 2505 2508 2507
f 2507 2508 2510
f 2507 2510 2509
f 2509 2510 2512
f 2509 2512 2511
f 2511 2512 2514
f 2511 2514 2513
f 2513 2514 2516
f 2513 2516 2515
f 2515 2516 2518
f 2515 2518 2517
f 2517 2518 2520
f 2517 2520 2519
f 2519 2520 2522
f 2519 2522 2521
f 2521 2522 2524
f 2521 2524 2523
f 2523 2524 2526
f 2523 2526 2525
f 2525 2526 2528
f 2525 2528 2527
f 2527 2528 2530
f 2527 2530 2529
f 2529 2530 2532
f 2529 2532 2531
f 2531 2532 2534
f 2531 2534 2533
f 2533 2534 2536
f 2533 2536 2535
f 2535 2536 2538
f 2535 2538 2537
f 2537 2538 2540
f 2537 2540 2539
f 2539 2540 2542
f 2539 2542 2541
f 2541 2542 2544
f 2541 2544 2543
f 2543 2544 2546
f 2543 2546 2545
f 2545 2546 2548
f 2545 2548 2547
f 2547 2548 2550
f 2547 2550 2549
f 2549 2550 2552
f 2549 2552 2551
f 2551 2552 2554
f 2551 2554 2553
f 2555 2556 2558
f 2555 2558 2557
f 2557 2558 2560
f 2557 2560 2559
f 2559 2560 2562
f 2559 2562 2561
f 2561 2562 2564
f 2561 2564 2563
f 2563 2564 2566
f 2563 2566 2565
f 2565 2566 2568
f 2565 2568 2567
f 2567 2568 2570
f 2567 2570 2569
f 2569 2570 2572
f 2569 2572 2571
f 2573 2574 2576
f 2573 2576 2575
f 2575 2576 2578
f 2575 2578 2577
f 2577 2578 2580
f 2577 2580 2579
f 2579 2580 2582
f 2579 2582 2581
f 2581 2582 2584
f 2581 2584 2583
f 2583 2584 2586
f 2583 2586 2585
f 2585 2586 2588
f 2585 2588 2587
f 2587 2588 2590
f 2587 2590 2589
f 2589 2590 2592
f 2589 2592 2591
f 2593 2594 2596
f 2593 2596 2595
f 2595 2596 2598
f 2595 2598 2597
f 2597 2598 2600
f 2597 2600 2599
f 2599 2600 2602
f 2599 2602 2601
f 2601 2602 2604
f 2601 2604 2603
f 2603 2604 2606
f 2603 2606 2605
f 2605 2606 2608
f 2605 2608 2607
f 2607 2608 2610
f 2607 2610 2609
f 2609 2610 2612
f 2609 2612 2611
f 2611 2612 2614
f 2611 2614 2613
f 2613 2614 2616
f 2613 2616 2615
f 2615 2616 2618
f 2615 2618 2617
f 2617 2618 2620
f 2617 2620 2619
f 2619 2620 2622
f 2619 2622 2621
f 2621 2622 2624
f 2621 2624 2623
f 2623 2624 2626
f 2623 2626 2625
f 2625 2626 2628
f 2625 2628 2627
f 2627 2628 2630
f 2627 2630 2629
f 2629 2630 2632
f 2629 2632 2631
f 2631 2632 2634
f 2631 2634 2633
f 2633 2634 2636
f 2633 2636 2635
f 2635 2636 2638
f 2635 2638 2637
f 2637 2638 2640
f 2637 2640 2639
f 2639 2640 2642
f 2639 2642 2641
f 2641 2642 2644
f 2641 2644 2643
f 2645 2646 2648
f 2645 2648 2647
f 2647 2648 2650
f 2647 2650 2649
f 2649 2650 2652
f 2649 2652 2651
f 2651 2652 2654
f 2651 2654 2653
f 2653 2654 2656
f 2653 2656 2655
f 2655 2656 2658
f 2655 2658 2657
f 2657 2658 2660
f 2657 2660 2659
f 2659 2660 2662
f 2659 2662 2661
f 2663 2664 2666
f 2663 2666 2665
f 2665 2666 2668
f 2665 2668 2667
f 2667 2668 2670
f 2667 2670 2669
f 2669 2670 2672
f 2669 2672 2671
f 2671 2672 2674
f 2671 2674 2673
f 2673 2674 2676
f 2673 2676 2675
f 2675 2676 2678
f 2675 2678 2677
f 2677 2678 2680
f 2677 2680 2679
f 2679 2680 2682
f 2679 2682 2681
f 2681 2682 2684
f 2681 2684 2683
f 2683 2684 2686
f 2683 2686 2685
f 2687 2688 2690
f 2687 2690 2689
f 2689 2690 2692
f 2689 2692 2691
f 2691 2692 2694
f 2691 2694 2693
f 2693 2694 2696
f 2693 2696 2695
f 2695 2696 2698
f 2695 2698 2697
f 2697 2698 2700
f 2697 2700 2699
f 2699 2700 2702
f 2699 2702 2701
f 2701 2702 2704
f 2701 2704 2703
f 2705 2706 2708
f 2705 2708 2707
f 2707 2708 2710
f 2707 2710 2709
f 2709 2710 2712
f 2709 2712 2711
f 2711 2712 2714
f 2711 2714 2713
f 2713 2714 2716
f 2713 2716 2715
f 2715 2716 2718
f 2715 2718 2717
f 2717 2718 2720
f 2717 2720 2719
f 2721 2722 2724
f 2721 2724 2723
f 2723 2724 2726
f 2723 2726 2725
f 2725 2726 2728
f 2725 2728 2727
f 2727 2728 2730
f 2727 2730 2729
f 2729 2730 2732
f 2729 2732 2731
f 2731 2732 2734
f 2731 2734 2733
f 2733 2734 2736
f 2733 2736 2735
f 2735 2736 2738
f 2735 2738 2737
f 2737 2738 2740
f 2737 2740 2739
f 2739 2740 2742
f 2739 2742 2741
f 2741 2742 2744
f 2741 2744 2743
f 2743 2744 2746
f 2743 2746 2745
f 2745 2746 2748
f 2745 2748 2747
f 2747 2748 2750
f 2747 2750 2749
f 2749 2750 2752
f 2749 2752 2751
f 2751 2752 2754
f 2751 2754 2753
f 2753 2754 2756
f 2753 2756 2755
f 2755 2756 2758
f 2755 2758 2757
f 2757 2758 2760
f 2757 2760 2759
f 2759 2760 2762
f 2759 2762 2761
f 2761 2762 2764
f 2761 2764 2763
f 2763 2764 2766
f 2763 2766 2765
f 2765 2766 2768
f 2765 2768 2767
f 2767 2768 2770
f 2767 2770 2769
f 2769 2770 2772
f 2769 2772 2771
f 2771 2772 2774
f 2771 2774 2773
f 2773 2774 2776
f 2773 2776 2775
f 2775 2776 2778
f 2775 2778 2777
f 2777 2778 2780
f 2777 2780 2779
f 2779 2780 2782
f 2779 2782 2781
f 2781 2782 2784
f 2781 2784 2783
f 2783 2784 2786
f 2783 2786 2785
f 2785 2786 2788
f 2785 2788 2787
f 2787 2788 2790
f 2787 2790 2789
f 2789 2790 2792
f 2789 2792 2791
f 2793 2794 2796
f 2793 2796 2795
f 2795 2796 2798
f 2795 2798 2797
f 2797 2798 2800
f 2797 2800 2799
f 2799 2800 2802
f 2799 2802 2801
f 2801 2802 2804
f 2801 2804 2803
f 2803 2804 2806
f 2803 2806 2805
f 2805 2806 2808
f 2805 2808 2807
f 2807 2808 2810
f 2807 2810 2809
f 2809 2810 2812
f 2809 2812 2811
f 2813 2814 2816
f 2813 2816 2815
f 2815 2816 2818
f 2815 2818 2817
f 2817 2818 2820
f 2817 2820 2819
f 2819 2820 2822
f 2819 2822 2821
f 2821 2822 2824
f 2821 2824 2823
f 2823 2824 2826
f 2823 2826 2825
f 2825 2826 2828
f 2825 2828 2827
f 2827 2828 2830
f 2827 2830 2829
f 2829 2830 2832
f 2829 2832 2831
f 2831 2832 2834
f 2831 2834 2833
f 2833 2834 2836
f 2833 2836 2835
f 2835 2836 2838
f 2835 2838 2837
f 2837 2838 2840
f 2837 2840 2839
f 2839 2840 2842
f 2839 2842 2841
f 2841 2842 2844
f 2841 2844 2843
f 2843 2844 2846
f 2843 2846 2845
f 2845 2846 2848
f 2845 2848 2847
f 2847 2848 2850
f 2847 2850 2849
f 2849 2850 2852
f 2849 2852 2851
f 2851 2852 2854
f 2851 2854 2853
f 2855 2856 2858
f 2855 2858 2857
f 2857 2858 2860
f 2857 2860 2859
f 2859 2860 2862
f 2859 2862 2861
f 2861 2862 2864
f 2861 2864 2863
f 2863 2864 2866
f 2863 2866 2865
f 2865 2866 2868
f 2865 2868 2867
f 2867 2868 2870
f 2867 2870 2869
f 2869 2870 2872
f 2869 2872 2871
f 2871 2872 2874
f 2871 2874 2873
f 2873 2874 2876
f 2873 2876 2875
f 2875 2876 2878
f 2875 2878 2877
f 2877 2878 2880
f 2877 2880 2879
f 2879 2880 2882
f 2879 2882 2881
f 2881 2882 2884
f 2881 2884 2883
f 2883 2884 2886
f 2883 2886 2885
f 2885 2886 2888
f 2885 2888 2887
f 2887 2888 2890
f 2887 2890 2889
f 2891 2892 2894
f 2891 2894 2893
f 2893 2894 2896
f 2893 2896 2895
f 2895 2896 2898
f 2895 2898 2897
f 2897 2898 2900
f 2897 2900 2899
f 2899 2900 2902
f 2899 2902 2901
f 2901 2902 2904
f 2901 2904 2903
f 2903 2904 2906
f 2903 2906 2905
f 2905 2906 2908
f 2905 2908 2907
f 2909 2910 2912
f 2909 2912 2911
f 2911 2912 2914
f 2911 2914 2913
f 2913 2914 2916
f 2913 2916 2915
f 2915 2916 2918
f 2915 2918 2917
f 2917 2918 2920
f 2917 2920 2919
f 2919 2920 2922
f 2919 2922 2921
f 2921 2922 2924
f 2921 2924 2923
f 2923 2924 2926
f 2923 2926 2925
f 2925 2926 2928
f 2925 2928 2927
f 2927 2928 2930
f 2927 2930 2929
f 2929 2930 2932
f 2929 2932 2931
f 2931 2932 2934
f 2931 2934 2933
f 2933 2934 2936
f 2933 2936 2935
f 2935 2936 2938
f 2935 2938 2937
f 2937 2938 2940
f 2937 2940 2939
f 2939 2940 2942
f 2939 2942 2941
f 2941 2942 2944
f 2941 2944 2943
f 2945 2946 2948
f 2945 2948 2947
f 2947 2948 2950
f 2947 2950 2949
f 2949 2950 2952
f 2949 2952 2951
f 2951 2952 2954
f 2951 2954 2953
f 2953 2954 2956
f 2953 2956 2955
f 2955 2956 2958
f 2955 2958 2957
f 2957 2958 2960
f 2957 2960 2959
f 2959 2960 2962
f 2959 2962 2961
f 2963 2964 2966
f 2963 2966 2965
f 2965 2966 2968
f 2965 2968 2967
f 2967 2968 2970
f 2967 2970 2969
f 2969 2970 2972
f 2969 2972 2971
f 2971 2972 2974
f 2971 2974 2973
f 2973 2974 2976
f 2973 2976 2975
f 2975 2976 2978
f 2975 2978 2977
f 2977 2978 2980
f 2977 2980 2979
f 2981 2982 2984
f 2981 2984 2983
f 2983 2984 2986
f 2983 2986 2985
f 2985 2986 2988
f 2985 2988 2987
f 2987 2988 2990
f 2987 2990 2989
f 2989 2990 2992
f 2989 2992 2991
f 2991 2992 2994
f 2991 2994 2993
f 2993 2994 2996
f 2993 2996 2995
f 2995 2996 2998
f 2995 2998 2997
f 2997 2998 3000
f 2997 3000 2999
f 2999 3000 3002
f 2999 3002 3001
f 3001 3002 3004
f 3001 3004 3003
f 3003 3004 3006
f 3003 3006 3005
f 3005 3006 3008
f 3005 3008 3007
f 3007 3008 3010
f 3007 3010 3009
f 3009 3010 3012
f 3009 3012 3011
f 3011 3012 3014
f 3011 3014 3013
f 3013 3014 3016
f 3013 3016 3015
f 3015 3016 3018
f 3015 3018 3017
f 3017 3018 3020
f 3017 3020 3019
f 3019 3020 3022
f 3019 3022 3021
f 3021 3022 3024
f 3021 3024 3023
f 3023 3024 3026
f 3023 3026 3025
f 3025 3026 3028
f 3025 3028 3027
f 3027 3028 3030
f 3027 3030 3029
f 3029 3030 3032
f 3029 3032 3031
f 3033 3034 3036
f 3033 3036 3035
f 3035 3036 3038
f 3035 3038 3037
f 3037 3038 3040
f 3037 3040 3039
f 3039 3040 3042
f 3039 3042 3041
f 3041 3042 3044
f 3041 3044 3043
f 3043 3044 3046
f 3043 3046 3045
f 3045 3046 3048
f 3045 3048 3047
f 3047 3048 3050
f 3047 3050 3049
f 3049 3050 3052
f 3049 3052 3051
f 3051 3052 3054
f 3051 3054 3053
f 3053 3054 3056
f 3053 3056 3055
f 3055 3056 3058
f 3055 3058 3057
f 3057 3058 3060
f 3057 3060 3059
f 3059 3060 3062
f 3059 3062 3061
f 3061 3062 3064
f 3061 3064 3063
f 3065 3066 3068
f 3065 3068 3067
f 3067 3068 3070
f 3067 3070 3069
f 3069 3070 3072
f 3069 3072 3071
f 3071 3072 3074
f 3071 3074 3073
f 3073 3074 3076
f 3073 3076 3075
f 3075 3076 3078
f 3075 3078 3077
f 3077 3078 3080
f 3077 3080 3079
f 3079 3080 3082
f 3079 3082 3081
f 3081 3082 3084
f 3081 3084 3083
f 3083 3084 3086
f 3083 3086 3085
f 3085 3086 3088
f 3085 3088 3087
f 3087 3088 3090
f 3087 3090 3089
f 3089 3090 3092
f 3089 3092 3091
f 3091 3092 3094
f 3091 3094 3093
f 3093 3094 3096
f 3093 3096 3095
f 3095 3096 3098
f 3095 3098 3097
f 3097 3098 3100
f 3097 3100 3099
f 3099 3100 3102
f 3099 3102 3101
f 3101 3102 3104
f 3101 3104 3103
f 3103 3104 3106
f 3103 3106 3105
f 3105 3106 3108
f 3105 3108 3107
f 3107 3108 3110
f 3107 3110 3109
f 3109 3110 3112
f 3109 3112 3111
f 3111 3112 3114
f 3111 3114 3113
f 3115 3116 3118
f 3115 3118 3117
f 3117 3118 3120
f 3117 3120 3119
f 3119 3120 3122
f 3119 3122 3121
f 3121 3122 3124
f 3121 3124 3123
f 3123 3124 3126
f 3123 3126 3125
f 3125 3126 3128
f 3125 3128 3127
f 3127 3128 3130
f 3127 3130 3129
f 3129 3130 3132
f 3129 3132 3131
f 3131 3132 3134
f 3131 3134 3133
f 3133 3134 3136
f 3133 3136 3135
f 3135 3136 3138
f 3135 3138 3137
f 3137 3138 3140
f 3137 3140 3139
f 3139 3140 3142
f 3139 3142 3141
f 3141 3142 3144
f 3141 3144 3143
f 3143 3144 3146
f 3143 3146 3145
f 3145 3146 3148
f 3145 3148 3147
f 3147 3148 3150
f 3147 3150 3149
f 3149 3150 3152
f 3149 3152 3151
f 3151 3152 3154
f 3151 3154 3153
f 3153 3154 3156
f 3153 3156 3155
f 3155 3156 3158
f 3155 3158 3157
f 3157 3158 3160
f 3157 3160 3159
f 3159 3160 3162
f 3159 3162 3161
f 3163 3164 3166
f 3163 3166 3165
f 3165 3166 3168
f 3165 3168 3167
f 3167 3168 3170
f 3167 3170 3169
f 3169 3170 3172
f 3169 3172 3171
f 3171 3172 3174
f 3171 3174 3173
f 3173 3174 3176
f 3173 3176 3175
f 3175 3176 3178
f 3175 3178 3177
f 3177 3178 3180
f 3177 3180 3179
f 3179 3180 3182
f 3179 3182 3181
f 3181 3182 3184
f 3181 3184 3183
f 3183 3184 3186
f 3183 3186 3185
f 3185 3186 3188
f 3185 3188 3187
f 3187 3188 3190
f 3187 3190 3189
f 3189 3190 3192
f 3189 3192 3191
f 3191 3192 3194
f 3191 3194 3193
f 3193 3194 3196
f 3193 3196 3195
f 3195 3196 3198
f 3195 3198 3197
f 3197 3198 3200
f 3197 3200 3199
f 3199 3200 3202
f 3199 3202 3201
f 3201 3202 3204
f 3201 3204 3203
f 3203 3204 3206
f 3203 3206 3205
f 3205 3206 3208
f 3205 3208 3207
f 3207 3208 3210
f 3207 3210 3209
f 3211 3212 3214
f 3211 3214 3213
f 3213 3214 3216
f 3213 3216 3215
f 3215 3216 3218
f 3215 3218 3217
f 3217 3218 3220
f 3217 3220 3219
f 3219 3220 3222
f 3219 3222 3221
f 3221 3222 3224
f 3221 3224 3223
f 3223 3224 3226
f 3223 3226 3225
f 3225 3226 3228
f 3225 3228 3227
f 3227 3228 3230
f 3227 3230 3229
f 3231 3232 3234
f 3231 3234 3233
f 3233 3234 3236
f 3233 3236 3235
f 3235 3236 3238
f 3235 3238 3237
f 3237 3238 3240
f 3237 3240 3239
f 3239 3240 3242
f 3239 3242 3241
f 3241 3242 3244
f 3241 3244 3243
f 3243 3244 3246
f 3243 3246 3245
f 3245 3246 3248
f 3245 3248 3247
f 3247 3248 3250
f 3247 3250 3249
f 3249 3250 3252
f 3249 3252 3251
f 3251 3252 3254
f 3251 3254 3253
f 3253 3254 3256
f 3253 3256 3255
f 3255 3256 3258
f 3255 3258 3257
f 3257 3258 3260
f 3257 3260 3259
f 3259 3260 3262
f 3259 3262 3261
f 3261 3262 3264
f 3261 3264 3263
f 3263 3264 3266
f 3263 3266 3265
f 3265 3266 3268
f 3265 3268 3267
f 3267 3268 3270
f 3267 3270 3269
f 3269 3270 3272
f 3269 3272 3271
f 3271 3272 3274
f 3271 3274 3273
f 3273 3274 3276
f 3273 3276 3275
f 3275 3276 3278
f 3275 3278 3277
f 3277 3278 3280
f 3277 3280 3279
f 3281 3282 3284
f 3281 3284 3283
f 3283 3284 3286
f 3283 3286 3285
f 3285 3286 3288
f 3285 3288 3287
f 3287 3288 3290
f 3287 3290 3289
f 3289 3290 3292
f 3289 3292 3291
f 3291 3292 3294
f 3291 3294 3293
f 3293 3294 3296
f 3293 3296 3295
f 3295 3296 3298
f 3295 3298 3297
f 3299 3300 3302
f 3299 3302 3301
f 3301 3302 3304
f 3301 3304 3303
f 3303 3304 3306
f 3303 3306 3305
f 3305 3306 3308
f 3305 3308 3307
f 3307 3308 3310
f 3307 3310 3309
f 3309 3310 3312
f 3309 3312 3311
f 3311 3312 3314
f 3311 3314 3313
f 3313 3314 3316
f 3313 3316 3315
f 3315 3316 3318
f 3315 3318 3317
f 3317 3318 3320
f 3317 3320 3319
f 3319 3320 3322
f 3319 3322 3321
f 3321 3322 3324
f 3321 3324 3323
f 3323 3324 3326
f 3323 3326 3325
f 3325 3326 3328
f 3325 3328 3327
f 3327 3328 3330
f 3327 3330 3329
f 3329 3330 3332
f 3329 3332 3331
f 3331 3332 3334
f 3331 3334 3333
f 3333 3334 3336
f 3333 3336 3335
f 3335 3336 3338
f 3335 3338 3337
f 3337 3338 3340
f 3337 3340 3339
f 3339 3340 3342
f 3339 3342 3341
f 3341 3342 3344
f 3341 3344 3343
f 3343 3344 3346
f 3343 3346 3345
f 3347 3348 3350
f 3347 3350 3349
f 3349 3350 3352
f 3349 3352 3351
f 3351 3352 3354
f 3351 3354 3353
f 3353 3354 3356
f 3353 3356 3355
f 3355 3356 3358
f 3355 3358 3357
f 3357 3358 3360
f 3357 3360 3359
f 3359 3360 3362
f 3359 3362 3361
f 3361 3362 3364
f 3361 3364 3363
f 3363 3364 3366
f 3363 3366 3365
f 3365 3366 3368
f 3365 3368 3367
f 3367 3368 3370
f 3367 3370 3369
f 3369 3370 3372
f 3369 3372 3371
f 3371 3372 3374
f 3371 3374 3373
f 3373 3374 3376
f 3373 3376 3375
f 3375 3376 3378
f 3375 3378 3377
f 3377 3378 3380
f 3377 3380 3379
f 3379 3380 3382
f 3379 3382 3381
f 3381 3382 3384
f 3381 3384 3383
f 3383 3384 3386
f 3383 3386 3385
f 3385 3386 3388
f 3385 3388 3387
f 3387 3388 3390
f 3387 3390 3389
f 3389 3390 3392
f 3389 3392 3391
f 3391 3392 3394
f 3391 3394 3393
f 3395 3396 3398
f 3395 3398 3397
f 3397 3398 3400
f 3397 3400 3399
f 3399 3400 3402
f 3399 3402 3401
f 3401 3402 3404
f 3401 3404 3403
f 3403 3404 3406
f 3403 3406 3405
f 3405 3406 3408
f 3405 3408 3407
f 3407 3408 3410
f 3407 3410 3409
f 3409 3410 3412
f 3409 3412 3411
f 3411 3412 3414
f 3411 3414 3413
f 3413 3414 3416
f 3413 3416 3415
f 3415 3416 3418
f 3415 3418 3417
f 3417 3418 3420
f 3417 3420 3419
f 3419 3420 3422
f 3419 3422 3421
f 3423 3424 3426
f 3423 3426 3425
f 3425 3426 3428
f 3425 3428 3427
f 3427 3428 3430
f 3427 3430 3429
f 3429 3430 3432
f 3429 3432 3431
f 3431 3432 3434
f 3431 3434 3433
f 3433 3434 3436
f 3433 3436 3435
f 3435 3436 3438
f 3435 3438 3437
f 3437 3438 3440
f 3437 3440 3439
f 3439 3440 3442
f 3439 3442 3441
f 3441 3442 3444
f 3441 3444 3443
f 3443 3444 3446
f 3443 3446 3445
f 3445 3446 3448
f 3445 3448 3447
f 3447 3448 3450
f 3447 3450 3449
f 3451 3452 3454
f 3451 3454 3453
f 3453 3454 3456
f 3453 3456 3455
f 3455 3456 3458
f 3455 3458 3457
f 3457 3458 3460
f 3457 3460 3459
f 3459 3460 3462
f 3459 3462 3461
f 3461 3462 3464
f 3461 3464 3463
f 3463 3464 3466
f 3463 3466 3465
f 3465 3466 3468
f 3465 3468 3467
f 3467 3468 3470
f 3467 3470 3469
f 3469 3470 3472
f 3469 3472 3471
f 3471 3472 3474
f 3471 3474 3473
f 3473 3474 3476
f 3473 3476 3475
f 3475 3476 3478
f 3475 3478 3477
f 3477 3478 3480
f 3477 3480 3479
f 3481 3482 3484
f 3481 3484 3483
f 3483 3484 3486
f 3483 3486 3485
f 3485 3486 3488
f 3485 3488 3487
f 3487 3488 3490
f 3487 3490 3489
f 3489 3490 3492
f 3489 3492 3491
f 3491 3492 3494
f 3491 3494 3493
f 3493 3494 3496
f 3493 3496 3495
f 3495 3496 3498
f 3495 3498 3497
f 3497 3498 3500
f 3497 3500 3499
f 3499 3500 3502
f 3499 3502 3501
f 3501 3502 3504
f 3501 3504 3503
f 3503 3504 3506
f 3503 3506 3505
f 3505 3506 3508
f 3505 3508 3507
f 3507 3508 3510
f 3507 3510 3509
f 3509 3510 3512
f 3509 3512 3511
f 3511 3512 3514
f 3511 3514 3513
f 3513 3514 3516
f 3513 3516 3515
f 3515 3516 3518
f 3515 3518 3517
f 3517 3518 3520
f 3517 3520 3519
f 3519 3520 3522
f 3519 3522 3521
f 3521 3522 3524
f 3521 3524 3523
f 3523 3524 3526
f 3523 3526 3525
f 3525 3526 3528
f 3525 3528 3527
f 3527 3528 3530
f 3527 3530 3529
f 3529 3530 3532
f 3529 3532 3531
f 3531 3532 3534
f 3531 3534 3533
f 3533 3534 3536
f 3533 3536 3535
f 3535 3536 3538
f 3535 3538 3537
f 3537 3538 3540
f 3537 3540 3539
f 3539 3540 3542
f 3539 3542 3541
f 3541 3542 3544
f 3541 3544 3543
f 3543 3544 3546
f 3543 3546 3545
f 3545 3546 3548
f 3545 3548 3547
f 3547 3548 3550
f 3547 3550 3549
f 3549 3550 3552
f 3549 3552 3551
f 3551 3552 3554
f 3551 3554 3553
f 3553 3554 3556
f 3553 3556 3555
f 3555 3556 3558
f 3555 3558 3557
f 3557 3558 3560
f 3557 3560 3559
f 3559 3560 3562
f 3559 3562 3561
f 3563 3564 3566
f 3563 3566 3565
f 3565 3566 3568
f 3565 3568 3567
f 3567 3568 3570
f 3567 3570 3569
f 3569 3570 3572
f 3569 3572 3571
f 3571 3572 3574
f 3571 3574 3573
f 3573 3574 3576
f 3573 3576 3575
f 3575 3576 3578
f 3575 3578 3577
f 3577 3578 3580
f 3577 3580 3579
f 3579 3580 3582
f 3579 3582 3581
f 3581 3582 3584
f 3581 3584 3583
f 3583 3584 3586
f 3583 3586 3585
f 3585 3586 3588
f 3585 3588 3587
f 3587 3588 3590
f 3587 3590 3589
f 3589 3590 3592
f 3589 3592 3591
f 3591 3592 3594
f 3591 3594 3593
f 3593 3594 3596
f 3593 3596 3595
f 3595 3596 3598
f 3595 3598 3597
f 3597 3598 3600
f 3597 3600 3599
f 3599 3600 3602
f 3599 3602 3601
f 3601 3602 3604
f 3601 3604 3603
f 3603 3604 3606
f 3603 3606 3605
f 3605 3606 3608
f 3605 3608 3607
f 3607 3608 3610
f 3607 3610 3609
f 3609 3610 3612
f 3609 3612 3611
f 3611 3612 3614
f 3611 3614 3613
f 3613 3614 3616
f 3613 3616 3615
f 3615 3616 3618
f 3615 3618 3617
f 3617 3618 3620
f 3617 3620 3619
f 3619 3620 3622
f 3619 3622 3621
f 3621 3622 3624
f 3621 3624 3623
f 3623 3624 3626
f 3623 3626 3625
f 3625 3626 3628
f 3625 3628 3627
f 3627 3628 3630
f 3627 3630 3629
f 3629 3630 3632
f 3629 3632 3631
f 3633 3634 3636
f 3633 3636 3635
f 3635 3636 3638
f 3635 3638 3637
f 3637 3638 3640
f 3637 3640 3639
f 3639 3640 3642
f 3639 3642 3641
f 3641 3642 3644
f 3641 3644 3643
f 3643 3644 3646
f 3643 3646 3645
f 3645 3646 3648
f 3645 3648 3647
f 3647 3648 3650
f 3647 3650 3649
f 3649 3650 3652
f 3649 3652 3651
f 3651 3652 3654
f 3651 3654 3653
f 3655 3656 3658
f 3655 3658 3657
f 3657 3658 3660
f 3657 3660 3659
f 3659 3660 3662
f 3659 3662 3661
f 3661 3662 3664
f 3661 3664 3663
f 3663 3664 3666
f 3663 3666 3665
f 3665 3666 3668
f 3665 3668 3667
f 3667 3668 3670
f 3667 3670 3669
f 3669 3670 3672
f 3669 3672 3671
f 3671 3672 3674
f 3671 3674 3673
f 3673 3674 3676
f 3673 3676 3675
f 3675 3676 3678
f 3675 3678 3677
f 3677 3678 3680
f 3677 3680 3679
f 3679 3680 3682
f 3679 3682 3681
f 3681 3682 3684
f 3681 3684 3683
f 3683 3684 3686
f 3683 3686 3685
f 3687 3688 3690
f 3687 3690 3689
f 3689 3690 3692
f 3689 3692 3691
f 3691 3692 3694
f 3691 3694 3693
f 3693 3694 3696
f 3693 3696 3695
f 3695 3696 3698
f 3695 3698 3697
f 3697 3698 3700
f 3697 3700 3699
f 3699 3700 3702
f 3699 3702 3701
f 3701 3702 3704
f 3701 3704 3703
f 3703 3704 3706
f 3703 3706 3705
f 3705 3706 3708
f 3705 3708 3707
f 3707 3708 3710
f 3707 3710 3709
f 3709 3710 3712
f 3709 3712 3711
f 3711 3712 3714
f 3711 3714 3713
f 3713 3714 3716
f 3713 3716 3715
f 3715 3716 3718
f 3715 3718 3717
f 3717 3718 3720
f 3717 3720 3719
f 3719 3720 3722
f 3719 3722 3721
f 3721 3722 3724
f 3721 3724 3723
f 3723 3724 3726
f 3723 3726 3725
f 3725 3726 3728
f 3725 3728 3727
f 3727 3728 3730
f 3727 3730 3729
f 3729 3730 3732
f 3729 3732 3731
f 3733 3734 3736
f 3733 3736 3735
f 3735 3736 3738
f 3735 3738 3737
f 3737 3738 3740
f 3737 3740 3739
f 3741 3742 3744
f 3741 3744 3743
f 3743 3744 3746
f 3743 3746 3745
f 3745 3746 3748
f 3745 3748 3747
f 3747 3748 3750
f 3747 3750 3749
f 3749 3750 3752
f 3749 3752 3751
f 3751 3752 3754
f 3751 3754 3753
f 3753 3754 3756
f 3753 3756 3755
f 3757 3758 3760
f 3757 3760 3759
f 3759 3760 3762
f 3759 3762 3761
f 3763 3764 3766
f 3763 3766 3765
f 3765 3766 3768
f 3765 3768 3767
f 3767 3768 3770
f 3767 3770 3769
f 3769 3770 3772
f 3769 3772 3771
f 3771 3772 3774
f 3771 3774 3773
f 3773 3774 3776
f 3773 3776 3775
f 3775 3776 3778
f 3775 3778 3777
f 3779 3780 3782
f 3779 3782 3781
f 3781 3782 3784
f 3781 3784 3783
f 3785 3786 3788
f 3785 3788 3787
f 3787 3788 3790
f 3787 3790 3789
f 3789 3790 3792
f 3789 3792 3791
f 3791 3792 3794
f 3791 3794 3793
f 3793 3794 3796
f 3793 3796 3795
f 3795 3796 3798
f 3795 3798 3797
f 3797 3798 3800
f 3797 3800 3799
f 3799 3800 3802
f 3799 3802 3801
f 3801 3802 3804
f 3801 3804 3803
f 3803 3804 3806
f 3803 3806 3805
f 3805 3806 3808
f 3805 3808 3807
f 3807 3808 3810
f 3807 3810 3809
f 3809 3810 3812
f 3809 3812 3811
f 3811 3812 3814
f 3811 3814 3813
f 3813 3814 3816
f 3813 3816 3815
f 3815 3816 3818
f 3815 3818 3817
f 3817 3818 3820
f 3817 3820 3819
f 3819 3820 3822
f 3819 3822 3821
f 3821 3822 3824
f 3821 3824 3823
f 3823 3824 3826
f 3823 3826 3825
f 3825 3826 3828
f 3825 3828 3827
f 3827 3828 3830
f 3827 3830 3829
f 3829 3830 3832
f 3829 3832 3831
f 3831 3832 3834
f 3831 3834 3833
f 3833 3834 3836
f 3833 3836 3835
f 3835 3836 3838
f 3835 3838 3837
f 3837 3838 3840
f 3837 3840 3839
f 3839 3840 3842
f 3839 3842 3841
f 3841 3842 3844
f 3841 3844 3843
f 3843 3844 3846
f 3843 3846 3845
f 3845 3846 3848
f 3845 3848 3847
f 3847 3848 3850
f 3847 3850 3849
f 3849 3850 3852
f 3849 3852 3851
f 3851 3852 3854
f 3851 3854 3853
f 3853 3854 3856
f 3853 3856 3855
f 3855 3856 3858
f 3855 3858 3857
f 3857 3858 3860
f 3857 3860 3859
f 3861 3862 3864
f 3861 3864 3863
f 3863 3864 3866
f 3863 3866 3865
f 3865 3866 3868
f 3865 3868 3867
f 3867 3868 3870
f 3867 3870 3869
f 3869 3870 3872
f 3869 3872 3871
f 3871 3872 3874
f 3871 3874 3873
f 3873 3874 3876
f 3873 3876 3875
f 3875 3876 3878
f 3875 3878 3877
f 3877 3878 3880
f 3877 3880 3879
f 3879 3880 3882
f 3879 3882 3881
f 3881 3882 3884
f 3881 3884 3883
f 3883 3884 3886
f 3883 3886 3885
f 3885 3886 3888
f 3885 3888 3887
f 3887 3888 3890
f 3887 3890 3889
f 3889 3890 3892
f 3889 3892 3891
f 3891 3892 3894
f 3891 3894 3893
f 3893 3894 3896
f 3893 3896 3895
f 3895 3896 3898
f 3895 3898 3897
f 3897 3898 3900
f 3897 3900 3899
f 3899 3900 3902
f 3899 3902 3901
f 3901 3902 3904
f 3901 3904 3903
f 3903 3904 3906
f 3903 3906 3905
f 3905 3906 3908
f 3905 3908 3907
f 3909 3910 3912
f 3909 3912 3911
f 3911 3912 3914
f 3911 3914 3913
f 3913 3914 3916
f 3913 3916 3915
f 3915 3916 3918
f 3915 3918 3917
f 3917 3918 3920
f 3917 3920 3919
f 3919 3920 3922
f 3919 3922 3921
f 3921 3922 3924
f 3921 3924 3923
f 3923 3924 3926
f 3923 3926 3925
f 3925 3926 3928
f 3925 3928 3927
f 3927 3928 3930
f 3927 3930 3929
f 3929 3930 3932
f 3929 3932 3931
f 3931 3932 3934
f 3931 3934 3933
f 3933 3934 3936
f 3933 3936 3935
f 3935 3936 3938
f 3935 3938 3937
f 3937 3938 3940
f 3937 3940 3939
f 3939 3940 3942
f 3939 3942 3941
f 3941 3942 3944
f 3941 3944 3943
f 3943 3944 3946
f 3943 3946 3945
f 3945 3946 3948
f 3945 3948 3947
f 3949 3950 3952
f 3949 3952 3951
f 3951 3952 3954
f 3951 3954 3953
f 3953 3954 3956
f 3953 3956 3955
f 3955 3956 3958
f 3955 3958 3957
f 3957 3958 3960
f 3957 3960 3959
f 3959 3960 3962
f 3959 3962 3961
f 3961 3962 3964
f 3961 3964 3963
f 3963 3964 3966
f 3963 3966 3965
f 3965 3966 3968
f 3965 3968 3967
f 3967 3968 3970
f 3967 3970 3969
f 3969 3970 3972
f 3969 3972 3971
f 3971 3972 3974
f 3971 3974 3973
f 3973 3974 3976
f 3973 3976 3975
f 3975 3976 3978
f 3975 3978 3977
f 3977 3978 3980
f 3977 3980 3979
f 3979 3980 3982
f 3979 3982 3981
f 3981 3982 3984
f 3981 3984 3983
f 3983 3984 3986
f 3983 3986 3985
f 3985 3986 3988
f 3985 3988 3987
f 3987 3988 3990
f 3987 3990 3989
f 3989 3990 3992
f 3989 3992 3991
f 3991 3992 3994
f 3991 3994 3993
f 3993 3994 3996
f 3993 3996 3995
f 3995 3996 3998
f 3995 3998 3997
f 3997 3998 4000
f 3997 4000 3999
f 3999 4000 4002
f 3999 4002 4001
f 4001 4002 4004
f 4001 4004 4003
f 4005 4006 4008
f 4005 4008 4007
f 4007 4008 4010
f 4007 4010 4009
f 4009 4010 4012
f 4009 4012 4011
f 4011 4012 4014
f 4011 4014 4013
f 4013 4014 4016
f 4013 4016 4015
f 4015 4016 4018
f 4015 4018 4017
f 4017 4018 4020
f 4017 4020 4019
f 4019 4020 4022
f 4019 4022 4021
f 4021 4022 4024
f 4021 4024 4023
f 4023 4024 4026
f 4023 4026 4025
f 4027 4028 4030
f 4027 4030 4029
f 4029 4030 4032
f 4029 4032 4031
f 4031 4032 4034
f 4031 4034 4033
f 4033 4034 4036
f 4033 4036 4035
f 4035 4036 4038
f 4035 4038 4037
f 4037 4038 4040
f 4037 4040 4039
f 4039 4040 4042
f 4039 4042 4041
f 4041 4042 4044
f 4041 4044 4043
f 4043 4044 4046
f 4043 4046 4045
f 4045 4046 4048
f 4045 4048 4047
f 4047 4048 4050
f 4047 4050 4049
f 4049 4050 4052
f 4049 4052 4051
f 4051 4052 4054
f 4051 4054 4053
f 4053 4054 4056
f 4053 4056 4055
f 4055 4056 4058
f 4055 4058 4057
f 4057 4058 4060
f 4057 4060 4059
f 4059 4060 4062
f 4059 4062 4061
f 4061 4062 4064
f 4061 4064 4063
f 4063 4064 4066
f 4063 4066 4065
f 4065 4066 4068
f 4065 4068 4067
f 4067 4068 4070
f 4067 4070 4069
f 4069 4070 4072
f 4069 4072 4071
f 4071 4072 4074
f 4071 4074 4073
f 4073 4074 4076
f 4073 4076 4075
f 4077 4078 4080
f 4077 4080 4079
f 4079 4080 4082
f 4079 4082 4081
f 4081 4082 4084
f 4081 4084 4083
f 4083 4084 4086
f 4083 4086 4085
f 4085 4086 4088
f 4085 4088 4087
f 4087 4088 4090
f 4087 4090 4089
f 4089 4090 4092
f 4089 4092 4091
f 4091 4092 4094
f 4091 4094 4093
f 4095 4096 4098
f 4095 4098 4097
f 4097 4098 4100
f 4097 4100 4099
f 4099 4100 4102
f 4099 4102 4101
f 4103 4104 4106
f 4103 4106 4105
f 4105 4106 4108
f 4105 4108 4107
f 4107 4108 4110
f 4107 4110 4109
f 4109 4110 4112
f 4109 4112 4111
f 4111 4112 4114
f 4111 4114 4113
f 4113 4114 4116
f 4113 4116 4115
f 4115 4116 4118
f 4115 4118 4117
f 4117 4118 4120
f 4117 4120 4119
f 4119 4120 4122
f 4119 4122 4121
f 4121 4122 4124
f 4121 4124 4123
f 4123 4124 4126
f 4123 4126 4125
f 4125 4126 4128
f 4125 4128 4127
f 4127 4128 4130
f 4127 4130 4129
f 4129 4130 4132
f 4129 4132 4131
f 4131 4132 4134
f 4131 4134 4133
f 4133 4134 4136
f 4133 4136 4135
f 4135 4136 4138
f 4135 4138 4137
f 4137 4138 4140
f 4137 4140 4139
f 4139 4140 4142
f 4139 4142 4141
f 4141 4142 4144
f 4141 4144 4143
f 4143 4144 4146
f 4143 4146 4145
f 4145 4146 4148
f 4145 4148 4147
f 4147 4148 4150
f 4147 4150 4149
f 4151 4152 4154
f 4151 4154 4153
f 4153 4154 4156
f 4153 4156 4155
f 4155 4156 4158
f 4155 4158 4157
f 4157 4158 4160
f 4157 4160 4159
f 4159 4160 4162
f 4159 4162 4161
f 4161 4162 4164
f 4161 4164 4163
f 4163 4164 4166
f 4163 4166 4165
f 4165 4166 4168
f 4165 4168 4167
f 4167 4168 4170
f 4167 4170 4169
f 4169 4170 4172
f 4169 4172 4171
f 4171 4172 4174
f 4171 4174 4173
f 4173 4174 4176
f 4173 4176 4175
f 4175 4176 4178
f 4175 4178 4177
f 4179 4180 4182
f 4179 4182 4181
f 4181 4182 4184
f 4181 4184 4183
f 4183 4184 4186
f 4183 4186 4185
f 4185 4186 4188
f 4185 4188 4187
f 4187 4188 4190
f 4187 4190 4189
f 4189 4190 4192
f 4189 4192 4191
f 4191 4192 4194
f 4191 4194 4193
f 4193 4194 4196
f 4193 4196 4195
f 4195 4196 4198
f 4195 4198 4197
f 4197 4198 4200
f 4197 4200 4199
f 4199 4200 4202
f 4199 4202 4201
f 4201 4202 4204
f 4201 4204 4203
f 4203 4204 4206
f 4203 4206 4205
f 4205 4206 4208
f 4205 4208 4207
f 4209 4210 4212
f 4209 4212 4211
f 4211 4212 4214
f 4211 4214 4213
f 4213 4214 4216
f 4213 4216 4215
f 4215 4216 4218
f 4215 4218 4217
f 4217 4218 4220
f 4217 4220 4219
f 4219 4220 4222
f 4219 4222 4221
f 4221 4222 4224
f 4221 4224 4223
f 4223 4224 4226
f 4223 4226 4225
f 4225 4226 4228
f 4225 4228 4227
f 4227 4228 4230
f 4227 4230 4229
f 4229 4230 4232
f 4229 4232 4231
f 4231 4232 4234
f 4231 4234 4233
f 4233 4234 4236
f 4233 4236 4235
f 4237 4238 4240
f 4237 4240 4239
f 4239 4240 4242
f 4239 4242 4241
f 4241 4242 4244
f 4241 4244 4243
f 4243 4244 4246
f 4243 4246 4245
f 4245 4246 4248
f 4245 4248 4247
f 4247 4248 4250
f 4247 4250 4249
f 4249 4250 4252
f 4249 4252 4251
f 4251 4252 4254
f 4251 4254 4253
f 4253 4254 4256
f 4253 4256 4255
f 4255 4256 4258
f 4255 4258 4257
f 4257 4258 4260
f 4257 4260 4259
f 4259 4260 4262
f 4259 4262 4261
f 4261 4262 4264
f 4261 4264 4263
f 4263 4264 4266
f 4263 4266 4265
f 4265 4266 4268
f 4265 4268 4267
f 4267 4268 4270
f 4267 4270 4269
f 4269 4270 4272
f 4269 4272 4271
f 4271 4272 4274
f 4271 4274 4273
f 4273 4274 4276
f 4273 4276 4275
f 4277 4278 4280
f 4277 4280 4279
f 4279 4280 4282
f 4279 4282 4281
f 4281 4282 4284
f 4281 4284 4283
f 4283 4284 4286
f 4283 4286 4285
f 4285 4286 4288
f 4285 4288 4287
f 4289 4290 4292
f 4289 4292 4291
f 4291 4292 4294
f 4291 4294 4293
f 4293 4294 4296
f 4293 4296 4295
f 4295 4296 4298
f 4295 4298 4297
f 4297 4298 4300
f 4297 4300 4299
f 4299 4300 4302
f 4299 4302 4301
f 4301 4302 4304
f 4301 4304 4303
f 4303 4304 4306
f 4303 4306 4305
f 4305 4306 4308
f 4305 4308 4307
f 4307 4308 4310
f 4307 4310 4309
f 4309 4310 4312
f 4309 4312 4311
f 4311 4312 4314
f 4311 4314 4313
f 4313 4314 4316
f 4313 4316 4315
f 4315 4316 4318
f 4315 4318 4317
f 4317 4318 4320
f 4317 4320 4319
f 4319 4320 4322
f 4319 4322 4321
f 4321 4322 4324
f 4321 4324 4323
f 4323 4324 4326
f 4323 4326 4325
f 4325 4326 4328
f 4325 4328 4327
f 4327 4328 4330
f 4327 4330 4329
f 4329 4330 4332
f 4329 4332 4331
f 4331 4332 4334
f 4331 4334 4333
f 4333 4334 4336
f 4333 4336 4335
f 4337 4338 4340
f 4337 4340 4339
f 4339 4340 4342
f 4339 4342 4341
f 4341 4342 4344
f 4341 4344 4343
f 4343 4344 4346
f 4343 4346 4345
f 4345 4346 4348
f 4345 4348 4347
f 4347 4348 4350
f 4347 4350 4349
f 4349 4350 4352
f 4349 4352 4351
f 4351 4352 4354
f 4351 4354 4353
f 4353 4354 4356
f 4353 4356 4355
f 4355 4356 4358
f 4355 4358 4357
f 4357 4358 4360
f 4357 4360 4359
f 4359 4360 4362
f 4359 4362 4361
f 4361 4362 4364
f 4361 4364 4363
f 4363 4364 4366
f 4363 4366 4365
f 4365 4366 4368
f 4365 4368 4367
f 4367 4368 4370
f 4367 4370 4369
f 4369 4370 4372
f 4369 4372 4371
f 4371 4372 4374
f 4371 4374 4373
f 4373 4374 4376
f 4373 4376 4375
f 4375 4376 4378
f 4375 4378 4377
f 4377 4378 4380
f 4377 4380 4379
f 4379 4380 4382
f 4379 4382 4381
f 4381 4382 4384
f 4381 4384 4383
f 4383 4384 4386
f 4383 4386 4385
f 4385 4386 4388
f 4385 4388 4387
f 4387 4388 4390
f 4387 4390 4389
f 4389 4390 4392
f 4389 4392 4391
f 4391 4392 4394
f 4391 4394 4393
f 4395 4396 4398
f 4395 4398 4397
f 4397 4398 4400
f 4397 4400 4399
f 4399 4400 4402
f 4399 4402 4401
f 4401 4402 4404
f 4401 4404 4403
f 4403 4404 4406
f 4403 4406 4405
f 4405 4406 4408
f 4405 4408 4407
f 4407 4408 4410
f 4407 4410 4409
f 4409 4410 4412
f 4409 4412 4411
f 4411 4412 4414
f 4411 4414 4413
f 4413 4414 4416
f 4413 4416 4415
f 4415 4416 4418
f 4415 4418 4417
f 4417 4418 4420
f 4417 4420 4419
f 4419 4420 4422
f 4419 4422 4421
f 4421 4422 4424
f 4421 4424 4423
f 4423 4424 4426
f 4423 4426 4425
f 4425 4426 4428
f 4425 4428 4427
f 4427 4428 4430
f 4427 4430 4429
f 4429 4430 4432
f 4429 4432 4431
f 4431 4432 4434
f 4431 4434 4433
f 4433 4434 4436
f 4433 4436 4435
f 4435 4436 4438
f 4435 4438 4437
f 4437 4438 4440
f 4437 4440 4439
f 4439 4440 4442
f 4439 4442 4441
f 4441 4442 4444
f 4441 4444 4443
f 4445 4446 4448
f 4445 4448 4447
f 4447 4448 4450
f 4447 4450 4449
f 4449 4450 4452
f 4449 4452 4451
f 4451 4452 4454
f 4451 4454 4453
f 4453 4454 4456
f 4453 4456 4455
f 4455 4456 4458
f 4455 4458 4457
f 4457 4458 4460
f 4457 4460 4459
f 4459 4460 4462
f 4459 4462 4461
f 4461 4462 4464
f 4461 4464 4463
f 4463 4464 4466
f 4463 4466 4465
f 4465 4466 4468
f 4465 4468 4467
f 4467 4468 4470
f 4467 4470 4469
f 4469 4470 4472
f 4469 4472 4471
f 4471 4472 4474
f 4471 4474 4473
f 4475 4476 4478
f 4475 4478 4477
f 4477 4478 4480
f 4477 4480 4479
f 4479 4480 4482
f 4479 4482 4481
f 4481 4482 4484
f 4481 4484 4483
f 4483 4484 4486
f 4483 4486 4485
f 4485 4486 4488
f 4485 4488 4487
f 4487 4488 4490
f 4487 4490 4489
f 4489 4490 4492
f 4489 4492 4491
f 4491 4492 4494
f 4491 4494 4493
f 4493 4494 4496
f 4493 4496 4495
f 4495 4496 4498
f 4495 4498 4497
f 4499 4500 4502
f 4499 4502 4501
f 4501 4502 4504
f 4501 4504 4503
f 4503 4504 4506
f 4503 4506 4505
f 4505 4506 4508
f 4505 4508 4507
f 4507 4508 4510
f 4507 4510 4509
f 4509 4510 4512
f 4509 4512 4511
f 4511 4512 4514
f 4511 4514 4513
f 4513 4514 4516
f 4513 4516 4515
f 4515 4516 4518
f 4515 4518 4517
f 4517 4518 4520
f 4517 4520 4519
f 4519 4520 4522
f 4519 4522 4521
f 4521 4522 4524
f 4521 4524 4523
f 4523 4524 4526
f 4523 4526 4525
f 4525 4526 4528
f 4525 4528 4527
f 4529 4530 4532
f 4529 4532 4531
f 4531 4532 4534
f 4531 4534 4533
f 4533 4534 4536
f 4533 4536 4535
f 4535 4536 4538
f 4535 4538 4537
f 4537 4538 4540
f 4537 4540 4539
f 4539 4540 4542
f 4539 4542 4541
f 4541 4542 4544
f 4541 4544 4543
f 4543 4544 4546
f 4543 4546 4545
f 4545 4546 4548
f 4545 4548 4547
f 4547 4548 4550
f 4547 4550 4549
f 4549 4550 4552
f 4549 4552 4551
f 4551 4552 4554
f 4551 4554 4553
f 4553 4554 4556
f 4553 4556 4555
f 4555 4556 4558
f 4555 4558 4557
f 4559 4560 4562
f 4559 4562 4561
f 4561 4562 4564
f 4561 4564 4563
f 4563 4564 4566
f 4563 4566 4565
f 4565 4566 4568
f 4565 4568 4567
f 4567 4568 4570
f 4567 4570 4569
f 4569 4570 4572
f 4569 4572 4571
f 4571 4572 4574
f 4571 4574 4573
f 4573 4574 4576
f 4573 4576 4575
f 4575 4576 4578
f 4575 4578 4577
f 4577 4578 4580
f 4577 4580 4579
f 4579 4580 4582
f 4579 4582 4581
f 4581 4582 4584
f 4581 4584 4583
f 4583 4584 4586
f 4583 4586 4585
f 4585 4586 4588
f 4585 4588 4587
f 4589 4590 4592
f 4589 4592 4591
f 4591 4592 4594
f 4591 4594 4593
f 4593 4594 4596
f 4593 4596 4595
f 4595 4596 4598
f 4595 4598 4597
f 4597 4598 4600
f 4597 4600 4599
f 4599 4600 4602
f 4599 4602 4601
f 4601 4602 4604
f 4601 4604 4603
f 4603 4604 4606
f 4603 4606 4605
f 4605 4606 4608
f 4605 4608 4607
f 4607 4608 4610
f 4607 4610 4609
f 4609 4610 4612
f 4609 4612 4611
f 4611 4612 4614
f 4611 4614 4613
f 4613 4614 4616
f 4613 4616 4615
f 4615 4616 4618
f 4615 4618 4617
f 4617 4618 4620
f 4617 4620 4619
f 4619 4620 4622
f 4619 4622 4621
f 4621 4622 4624
f 4621 4624 4623
f 4623 4624 4626
f 4623 4626 4625
f 4625 4626 4628
f 4625 4628 4627
f 4627 4628 4630
f 4627 4630 4629
f 4629 4630 4632
f 4629 4632 4631
f 4631 4632 4634
f 4631 4634 4633
f 4633 4634 4636
f 4633 4636 4635
f 4637 4638 4640
f 4637 4640 4639
f 4639 4640 4642
f 4639 4642 4641
f 4641 4642 4644
f 4641 4644 4643
f 4643 4644 4646
f 4643 4646 4645
f 4645 4646 4648
f 4645 4648 4647
f 4647 4648 4650
f 4647 4650 4649
f 4649 4650 4652
f 4649 4652 4651
f 4651 4652 4654
f 4651 4654 4653
f 4653 4654 4656
f 4653 4656 4655
f 4655 4656 4658
f 4655 4658 4657
f 4657 4658 4660
f 4657 4660 4659
f 4659 4660 4662
f 4659 4662 4661
f 4661 4662 4664
f 4661 4664 4663
f 4663 4664 4666
f 4663 4666 4665
f 4667 4668 4670
f 4667 4670 4669
f 4669 4670 4672
f 4669 4672 4671
f 4671 4672 4674
f 4671 4674 4673
f 4673 4674 4676
f 4673 4676 4675
f 4675 4676 4678
f 4675 4678 4677
f 4677 4678 4680
f 4677 4680 4679
f 4679 4680 4682
f 4679 4682 4681
f 4681 4682 4684
f 4681 4684 4683
f 4683 4684 4686
f 4683 4686 4685
f 4685 4686 4688
f 4685 4688 4687
f 4687 4688 4690
f 4687 4690 4689
f 4689 4690 4692
f 4689 4692 4691
f 4691 4692 4694
f 4691 4694 4693
f 4695 4696 4698
f 4695 4698 4697
f 4697 4698 4700
f 4697 4700 4699
f 4699 4700 4702
f 4699 4702 4701
f 4701 4702 4704
f 4701 4704 4703
f 4703 4704 4706
f 4703 4706 4705
f 4705 4706 4708
f 4705 4708 4707
f 4707 4708 4710
f 4707 4710 4709
f 4709 4710 4712
f 4709 4712 4711
f 4711 4712 4714
f 4711 4714 4713
f 4713 4714 4716
f 4713 4716 4715
f 4715 4716 4718
f 4715 4718 4717
f 4717 4718 4720
f 4717 4720 4719
f 4719 4720 4722
f 4719 4722 4721
f 4721 4722 4724
f 4721 4724 4723
f 4723 4724 4726
f 4723 4726 4725
f 4725 4726 4728
f 4725 4728 4727
f 4727 4728 4730
f 4727 4730 4729
f 4729 4730 4732
f 4729 4732 4731
f 4731 4732 4734
f 4731 4734 4733
f 4735 4736 4738
f 4735 4738 4737
f 4737 4738 4740
f 4737 4740 4739
f 4739 4740 4742
f 4739 4742 4741
f 4741 4742 4744
f 4741 4744 4743
f 4743 4744 4746
f 4743 4746 4745
f 4745 4746 4748
f 4745 4748 4747
f 4747 4748 4750
f 4747 4750 4749
f 4749 4750 4752
f 4749 4752 4751
f 4751 4752 4754
f 4751 4754 4753
f 4753 4754 4756
f 4753 4756 4755
f 4755 4756 4758
f 4755 4758 4757
f 4757 4758 4760
f 4757 4760 4759
f 4761 4762 4764
f 4761 4764 4763
f 4763 4764 4766
f 4763 4766 4765
f 4765 4766 4768
f 4765 4768 4767
f 4767 4768 4770
f 4767 4770 4769
f 4769 4770 4772
f 4769 4772 4771
f 4771 4772 4774
f 4771 4774 4773
f 4773 4774 4776
f 4773 4776 4775
f 4775 4776 4778
f 4775 4778 4777
f 4777 4778 4780
f 4777 4780 4779
f 4779 4780 4782
f 4779 4782 4781
f 4781 4782 4784
f 4781 4784 4783
f 4783 4784 4786
f 4783 4786 4785
f 4785 4786 4788
f 4785 4788 4787
f 4787 4788 4790
f 4787 4790 4789
f 4791 4792 4794
f 4791 4794 4793
f 4793 4794 4796
f 4793 4796 4795
f 4795 4796 4798
f 4795 4798 4797
f 4797 4798 4800
f 4797 4800 4799
f 4799 4800 4802
f 4799 4802 4801
f 4801 4802 4804
f 4801 4804 4803
f 4803 4804 4806
f 4803 4806 4805
f 4805 4806 4808
f 4805 4808 4807
f 4807 4808 4810
f 4807 4810 4809
f 4809 4810 4812
f 4809 4812 4811
f 4811 4812 4814
f 4811 4814 4813
f 4813 4814 4816
f 4813 4816 4815
f 4815 4816 4818
f 4815 4818 4817
f 4817 4818 4820
f 4817 4820 4819
f 4819 4820 4822
f 4819 4822 4821
f 4821 4822 4824
f 4821 4824 4823
f 4825 4826 4828
f 4825 4828 4827
f 4827 4828 4830
f 4827 4830 4829
f 4829 4830 4832
f 4829 4832 4831
f 4831 4832 4834
f 4831 4834 4833
f 4833 4834 4836
f 4833 4836 4835
f 4835 4836 4838
f 4835 4838 4837
f 4837 4838 4840
f 4837 4840 4839
f 4839 4840 4842
f 4839 4842 4841
f 4841 4842 4844
f 4841 4844 4843
f 4843 4844 4846
f 4843 4846 4845
f 4845 4846 4848
f 4845 4848 4847
f 4847 4848 4850
f 4847 4850 4849
f 4849 4850 4852
f 4849 4852 4851
f 4851 4852 4854
f 4851 4854 4853
f 4853 4854 4856
f 4853 4856 4855
f 4855 4856 4858
f 4855 4858 4857
f 4857 4858 4860
f 4857 4860 4859
f 4859 4860 4862
f 4859 4862 4861
f 4861 4862 4864
f 4861 4864 4863
f 4863 4864 4866
f 4863 4866 4865
f 4865 4866 4868
f 4865 4868 4867
f 4867 4868 4870
f 4867 4870 4869
f 4869 4870 4872
f 4869 4872 4871
f 4871 4872 4874
f 4871 4874 4873
f 4873 4874 4876
f 4873 4876 4875
f 4875 4876 4878
f 4875 4878 4877
f 4877 4878 4880
f 4877 4880 4879
f 4879 4880 4882
f 4879 4882 4881
f 4881 4882 4884
f 4881 4884 4883
f 4883 4884 4886
f 4883 4886 4885
f 4887 4888 4890
f 4887 4890 4889
f 4889 4890 4892
f 4889 4892 4891
f 4891 4892 4894
f 4891 4894 4893
f 4893 4894 4896
f 4893 4896 4895
f 4895 4896 4898
f 4895 4898 4897
f 4897 4898 4900
f 4897 4900 4899
f 4899 4900 4902
f 4899 4902 4901
f 4901 4902 4904
f 4901 4904 4903
f 4903 4904 4906
f 4903 4906 4905
f 4905 4906 4908
f 4905 4908 4907
f 4907 4908 4910
f 4907 4910 4909
f 4909 4910 4912
f 4909 4912 4911
f 4911 4912 4914
f 4911 4914 4913
f 4913 4914 4916
f 4913 4916 4915
f 4915 4916 4918
f 4915 4918 4917
f 4919 4920 4922
f 4919 4922 4921
f 4921 4922 4924
f 4921 4924 4923
f 4923 4924 4926
f 4923 4926 4925
f 4925 4926 4928
f 4925 4928 4927
f 4927 4928 4930
f 4927 4930 4929
f 4929 4930 4932
f 4929 4932 4931
f 4931 4932 4934
f 4931 4934 4933
f 4933 4934 4936
f 4933 4936 4935
f 4935 4936 4938
f 4935 4938 4937
f 4937 4938 4940
f 4937 4940 4939
f 4939 4940 4942
f 4939 4942 4941
f 4941 4942 4944
f 4941 4944 4943
f 4943 4944 4946
f 4943 4946 4945
f 4945 4946 4948
f 4945 4948 4947
f 4947 4948 4950
f 4947 4950 4949
f 4949 4950 4952
f 4949 4952 4951
f 4953 4954 4956
f 4953 4956 4955
f 4955 4956 4958
f 4955 4958 4957
f 4957 4958 4960
f 4957 4960 4959
f 4959 4960 4962
f 4959 4962 4961
f 4961 4962 4964
f 4961 4964 4963
f 4963 4964 4966
f 4963 4966 4965
f 4965 4966 4968
f 4965 4968 4967
f 4967 4968 4970
f 4967 4970 4969
f 4969 4970 4972
f 4969 4972 4971
f 4971 4972 4974
f 4971 4974 4973
f 4973 4974 4976
f 4973 4976 4975
f 4975 4976 4978
f 4975 4978 4977
f 4977 4978 4980
f 4977 4980 4979
f 4979 4980 4982
f 4979 4982 4981
f 4981 4982 4984
f 4981 4984 4983
f 4983 4984 4986
f 4983 4986 4985
f 4985 4986 4988
f 4985 4988 4987
f 4987 4988 4990
f 4987 4990 4989
f 4991 4992 4994
f 4991 4994 4993
f 4993 4994 4996
f 4993 4996 4995
f 4995 4996 4998
f 4995 4998 4997
f 4997 4998 5000
f 4997 5000 4999
f 4999 5000 5002
f 4999 5002 5001
f 5001 5002 5004
f 5001 5004 5003
f 5003 5004 5006
f 5003 5006 5005
f 5005 5006 5008
f 5005 5008 5007
f 5007 5008 5010
f 5007 5010 5009
f 5009 5010 5012
f 5009 5012 5011
f 5011 5012 5014
f 5011 5014 5013
f 5013 5014 5016
f 5013 5016 5015
f 5015 5016 5018
f 5015 5018 5017
f 5017 5018 5020
f 5017 5020 5019
f 5019 5020 5022
f 5019 5022 5021
f 5021 5022 5024
f 5021 5024 5023
f 5023 5024 5026
f 5023 5026 5025
f 5025 5026 5028
f 5025 5028 5027
f 5029 5030 5032
f 5029 5032 5031
f 5031 5032 5034
f 5031 5034 5033
f 5033 5034 5036
f 5033 5036 5035
f 5035 5036 5038
f 5035 5038 5037
f 5037 5038 5040
f 5037 5040 5039
f 5039 5040 5042
f 5039 5042 5041
f 5041 5042 5044
f 5041 5044 5043
f 5043 5044 5046
f 5043 5046 5045
f 5045 5046 5048
f 5045 5048 5047
f 5047 5048 5050
f 5047 5050 5049
f 5049 5050 5052
f 5049 5052 5051
f 5051 5052 5054
f 5051 5054 5053
f 5053 5054 5056
f 5053 5056 5055
f 5055 5056 5058
f 5055 5058 5057
f 5057 5058 5060
f 5057 5060 5059
f 5061 5062 5064
f 5061 5064 5063
f 5063 5064 5066
f 5063 5066 5065
f 5065 5066 5068
f 5065 5068 5067
f 5067 5068 5070
f 5067 5070 5069
f 5069 5070 5072
f 5069 5072 5071
f 5071 5072 5074
f 5071 5074 5073
f 5073 5074 5076
f 5073 5076 5075
f 5075 5076 5078
f 5075 5078 5077
f 5077 5078 5080
f 5077 5080 5079
f 5079 5080 5082
f 5079 5082 5081
f 5081 5082 5084
f 5081 5084 5083
f 5083 5084 5086
f 5083 5086 5085
f 5085 5086 5088
f 5085 5088 5087
f 5087 5088 5090
f 5087 5090 5089
f 5089 5090 5092
f 5089 5092 5091
f 5091 5092 5094
f 5091 5094 5093
f 5093 5094 5096
f 5093 5096 5095
f 5095 5096 5098
f 5095 5098 5097
f 5097 5098 5100
f 5097 5100 5099
f 5099 5100 5102
f 5099 5102 5101
f 5101 5102 5104
f 5101 5104 5103
f 5103 5104 5106
f 5103 5106 5105
f 5105 5106 5108
f 5105 5108 5107
f 5107 5108 5110
f 5107 5110 5109
f 5109 5110 5112
f 5109 5112 5111
f 5113 5114 5116
f 5113 5116 5115
f 5115 5116 5118
f 5115 5118 5117
f 5117 5118 5120
f 5117 5120 5119
f 5119 5120 5122
f 5119 5122 5121
f 5121 5122 5124
f 5121 5124 5123
f 5123 5124 5126
f 5123 5126 5125
f 5125 5126 5128
f 5125 5128 5127
f 5127 5128 5130
f 5127 5130 5129
f 5129 5130 5132
f 5129 5132 5131
f 5131 5132 5134
f 5131 5134 5133
f 5133 5134 5136
f 5133 5136 5135
f 5135 5136 5138
f 5135 5138 5137
f 5137 5138 5140
f 5137 5140 5139
f 5139 5140 5142
f 5139 5142 5141
f 5141 5142 5144
f 5141 5144 5143
f 5145 5146 5148
f 5145 5148 5147
f 5147 5148 5150
f 5147 5150 5149
f 5151 5152 5154
f 5151 5154 5153
f 5153 5154 5156
f 5153 5156 5155
f 5155 5156 5158
f 5155 5158 5157
f 5157 5158 5160
f 5157 5160 5159
f 5159 5160 5162
f 5159 5162 5161
f 5161 5162 5164
f 5161 5164 5163
f 5163 5164 5166
f 5163 5166 5165
f 5165 5166 5168
f 5165 5168 5167
f 5167 5168 5170
f 5167 5170 5169
f 5169 5170 5172
f 5169 5172 5171
f 5171 5172 5174
f 5171 5174 5173
f 5173 5174 5176
f 5173 5176 5175
f 5175 5176 5178
f 5175 5178 5177
f 5177 5178 5180
f 5177 5180 5179
f 5179 5180 5182
f 5179 5182 5181
f 5181 5182 5184
f 5181 5184 5183
f 5183 5184 5186
f 5183 5186 5185
f 5185 5186 5188
f 5185 5188 5187
f 5187 5188 5190
f 5187 5190 5189
f 5189 5190 5192
f 5189 5192 5191
f 5191 5192 5194
f 5191 5194 5193
f 5193 5194 5196
f 5193 5196 5195
f 5195 5196 5198
f 5195 5198 5197
f 5197 5198 5200
f 5197 5200 5199
f 5199 5200 5202
f 5199 5202 5201
f 5201 5202 5204
f 5201 5204 5203
f 5203 5204 5206
f 5203 5206 5205
f 5205 5206 5208
f 5205 5208 5207
f 5209 5210 5212
f 5209 5212 5211
f 5211 5212 5214
f 5211 5214 5213
f 5213 5214 5216
f 5213 5216 5215
f 5215 5216 5218
f 5215 5218 5217
f 5217 5218 5220
f 5217 5220 5219
f 5219 5220 5222
f 5219 5222 5221
f 5221 5222 5224
f 5221 5224 5223
f 5223 5224 5226
f 5223 5226 5225
f 5225 5226 5228
f 5225 5228 5227
f 5227 5228 5230
f 5227 5230 5229
f 5229 5230 5232
f 5229 5232 5231
f 5231 5232 5234
f 5231 5234 5233
f 5233 5234 5236
f 5233 5236 5235
f 5235 5236 5238
f 5235 5238 5237
f 5237 5238 5240
f 5237 5240 5239
f 5239 5240 5242
f 5239 5242 5241
f 5241 5242 5244
f 5241 5244 5243
f 5243 5244 5246
f 5243 5246 5245
f 5245 5246 5248
f 5245 5248 5247
f 5247 5248 5250
f 5247 5250 5249
f 5249 5250 5252
f 5249 5252 5251
f 5251 5252 5254
f 5251 5254 5253
f 5253 5254 5256
f 5253 5256 5255
f 5255 5256 5258
f 5255 5258 5257
f 5257 5258 5260
f 5257 5260 5259
f 5259 5260 5262
f 5259 5262 5261
f 5261 5262 5264
f 5261 5264 5263
f 5263 5264 5266
f 5263 5266 5265
f 5267 5268 5270
f 5267 5270 5269
f 5269 5270 5272
f 5269 5272 5271
f 5271 5272 5274
f 5271 5274 5273
f 5273 5274 5276
f 5273 5276 5275
f 5275 5276 5278
f 5275 5278 5277
f 5277 5278 5280
f 5277 5280 5279
f 5279 5280 5282
f 5279 5282 5281
f 5281 5282 5284
f 5281 5284 5283
f 5283 5284 5286
f 5283 5286 5285
f 5287 5288 5290
f 5287 5290 5289
f 5289 5290 5292
f 5289 5292 5291
f 5291 5292 5294
f 5291 5294 5293
f 5293 5294 5296
f 5293 5296 5295
f 5295 5296 5298
f 5295 5298 5297
f 5297 5298 5300
f 5297 5300 5299
f 5299 5300 5302
f 5299 5302 5301
f 5301 5302 5304
f 5301 5304 5303
f 5303 5304 5306
f 5303 5306 5305
f 5305 5306 5308
f 5305 5308 5307
f 5307 5308 5310
f 5307 5310 5309
f 5309 5310 5312
f 5309 5312 5311
f 5311 5312 5314
f 5311 5314 5313
f 5313 5314 5316
f 5313 5316 5315
f 5315 5316 5318
f 5315 5318 5317
f 5317 5318 5320
f 5317 5320 5319
f 5319 5320 5322
f 5319 5322 5321
f 5321 5322 5324
f 5321 5324 5323
f 5323 5324 5326
f 5323 5326 5325
f 5325 5326 5328
f 5325 5328 5327
f 5327 5328 5330
f 5327 5330 5329
f 5329 5330 5332
f 5329 5332 5331
f 5331 5332 5334
f 5331 5334 5333
f 5335 5336 5338
f 5335 5338 5337
f 5337 5338 5340
f 5337 5340 5339
f 5339 5340 5342
f 5339 5342 5341
f 5341 5342 5344
f 5341 5344 5343
f 5343 5344 5346
f 5343 5346 5345
f 5345 5346 5348
f 5345 5348 5347
f 5347 5348 5350
f 5347 5350 5349
f 5349 5350 5352
f 5349 5352 5351
f 5351 5352 5354
f 5351 5354 5353
f 5353 5354 5356
f 5353 5356 5355
f 5355 5356 5358
f 5355 5358 5357
f 5357 5358 5360
f 5357 5360 5359
f 5359 5360 5362
f 5359 5362 5361
f 5361 5362 5364
f 5361 5364 5363
f 5363 5364 5366
f 5363 5366 5365
f 5365 5366 5368
f 5365 5368 5367
f 5367 5368 5370
f 5367 5370 5369
f 5369 5370 5372
f 5369 5372 5371
f 5371 5372 5374
f 5371 5374 5373
f 5373 5374 5376
f 5373 5376 5375
f 5375 5376 5378
f 5375 5378 5377
f 5377 5378 5380
f 5377 5380 5379
f 5379 5380 5382
f 5379 5382 5381
f 5381 5382 5384
f 5381 5384 5383
f 5385 5386 5388
f 5385 5388 5387
f 5387 5388 5390
f 5387 5390 5389
f 5389 5390 5392
f 5389 5392 5391
f 5391 5392 5394
f 5391 5394 5393
f 5393 5394 5396
f 5393 5396 5395
f 5395 5396 5398
f 5395 5398 5397
f 5397 5398 5400
f 5397 5400 5399
f 5399 5400 5402
f 5399 5402 5401
f 5403 5404 5406
f 5403 5406 5405
f 5405 5406 5408
f 5405 5408 5407
f 5407 5408 5410
f 5407 5410 5409
f 5409 5410 5412
f 5409 5412 5411
f 5411 5412 5414
f 5411 5414 5413
f 5415 5416 5418
f 5415 5418 5417
f 5417 5418 5420
f 5417 5420 5419
f 5419 5420 5422
f 5419 5422 5421
f 5421 5422 5424
f 5421 5424 5423
f 5423 5424 5426
f 5423 5426 5425
f 5425 5426 5428
f 5425 5428 5427
f 5427 5428 5430
f 5427 5430 5429
f 5429 5430 5432
f 5429 5432 5431
f 5431 5432 5434
f 5431 5434 5433
f 5433 5434 5436
f 5433 5436 5435
f 5435 5436 5438
f 5435 5438 5437
f 5437 5438 5440
f 5437 5440 5439
f 5439 5440 5442
f 5439 5442 5441
f 5441 5442 5444
f 5441 5444 5443
f 5443 5444 5446
f 5443 5446 5445
f 5445 5446 5448
f 5445 5448 5447
f 5447 5448 5450
f 5447 5450 5449
f 5449 5450 5452
f 5449 5452 5451
f 5451 5452 5454
f 5451 5454 5453
f 5453 5454 5456
f 5453 5456 5455
f 5455 5456 5458
f 5455 5458 5457
f 5457 5458 5460
f 5457 5460 5459
f 5459 5460 5462
f 5459 5462 5461
f 5461 5462 5464
f 5461 5464 5463
f 5463 5464 5466
f 5463 5466 5465
f 5465 5466 5468
f 5465 5468 5467
f 5467 5468 5470
f 5467 5470 5469
f 5469 5470 5472
f 5469 5472 5471
f 5471 5472 5474
f 5471 5474 5473
f 5473 5474 5476
f 5473 5476 5475
f 5475 5476 5478
f 5475 5478 5477
f 5477 5478 5480
f 5477 5480 5479
f 5479 5480 5482
f 5479 5482 5481
f 5481 5482 5484
f 5481 5484 5483
f 5483 5484 5486
f 5483 5486 5485
f 5485 5486 5488
f 5485 5488 5487
f 5487 5488 5490
f 5487 5490 5489
f 5489 5490 5492
f 5489 5492 5491
f 5491 5492 5494
f 5491 5494 5493
f 5493 5494 5496
f 5493 5496 5495
f 5495 5496 5498
f 5495 5498 5497
f 5497 5498 5500
f 5497 5500 5499
f 5499 5500 5502
f 5499 5502 5501
f 5501 5502 5504
f 5501 5504 5503
f 5503 5504 5506
f 5503 5506 5505
f 5505 5506 5508
f 5505 5508 5507
f 5507 5508 5510
f 5507 5510 5509
f 5509 5510 5512
f 5509 5512 5511
f 5513 5514 5516
f 5513 5516 5515
f 5515 5516 5518
f 5515 5518 5517
f 5517 5518 5520
f 5517 5520 5519
f 5519 5520 5522
f 5519 5522 5521
f 5523 5524 5526
f 5523 5526 5525
f 5525 5526 5528
f 5525 5528 5527
f 5527 5528 5530
f 5527 5530 5529
f 5529 5530 5532
f 5529 5532 5531
f 5531 5532 5534
f 5531 5534 5533
f 5533 5534 5536
f 5533 5536 5535
f 5535 5536 5538
f 5535 5538 5537
f 5537 5538 5540
f 5537 5540 5539
f 5539 5540 5542
f 5539 5542 5541
f 5541 5542 5544
f 5541 5544 5543
f 5543 5544 5546
f 5543 5546 5545
f 5545 5546 5548
f 5545 5548 5547
f 5547 5548 5550
f 5547 5550 5549
f 5549 5550 5552
f 5549 5552 5551
f 5551 5552 5554
f 5551 5554 5553
f 5553 5554 5556
f 5553 5556 5555
f 5557 5558 5560
f 5557 5560 5559
f 5559 5560 5562
f 5559 5562 5561
f 5561 5562 5564
f 5561 5564 5563
f 5563 5564 5566
f 5563 5566 5565
f 5565 5566 5568
f 5565 5568 5567
f 5567 5568 5570
f 5567 5570 5569
f 5569 5570 5572
f 5569 5572 5571
f 5571 5572 5574
f 5571 5574 5573
f 5573 5574 5576
f 5573 5576 5575
f 5575 5576 5578
f 5575 5578 5577
f 5577 5578 5580
f 5577 5580 5579
f 5581 5582 5584
f 5581 5584 5583
f 5583 5584 5586
f 5583 5586 5585
f 5585 5586 5588
f 5585 5588 5587
f 5587 5588 5590
f 5587 5590 5589
f 5589 5590 5592
f 5589 5592 5591
f 5591 5592 5594
f 5591 5594 5593
f 5593 5594 5596
f 5593 5596 5595
f 5595 5596 5598
f 5595 5598 5597
f 5597 5598 5600
f 5597 5600 5599
f 5599 5600 5602
f 5599 5602 5601
f 5601 5602 5604
f 5601 5604 5603
f 5603 5604 5606
f 5603 5606 5605
f 5605 5606 5608
f 5605 5608 5607
f 5607 5608 5610
f 5607 5610 5609
f 5609 5610 5612
f 5609 5612 5611
f 5611 5612 5614
f 5611 5614 5613
f 5613 5614 5616
f 5613 5616 5615
f 5615 5616 5618
f 5615 5618 5617
f 5617 5618 5620
f 5617 5620 5619
f 5619 5620 5622
f 5619 5622 5621
f 5623 5624 5626
f 5623 5626 5625
f 5625 5626 5628
f 5625 5628 5627
f 5627 5628 5630
f 5627 5630 5629
f 5629 5630 5632
f 5629 5632 5631
f 5631 5632 5634
f 5631 5634 5633
f 5633 5634 5636
f 5633 5636 5635
f 5637 5638 5640
f 5637 5640 5639
f 5639 5640 5642
f 5639 5642 5641
f 5641 5642 5644
f 5641 5644 5643
f 5643 5644 5646
f 5643 5646 5645
f 5645 5646 5648
f 5645 5648 5647
f 5647 5648 5650
f 5647 5650 5649
f 5649 5650 5652
f 5649 5652 5651
f 5653 5654 5656
f 5653 5656 5655
f 5655 5656 5658
f 5655 5658 5657
f 5657 5658 5660
f 5657 5660 5659
f 5659 5660 5662
f 5659 5662 5661
f 5661 5662 5664
f 5661 5664 5663
f 5663 5664 5666
f 5663 5666 5665
f 5667 5668 5670
f 5667 5670 5669
f 5669 5670 5672
f 5669 5672 5671
f 5671 5672 5674
f 5671 5674 5673
f 5675 5676 5678
f 5675 5678 5677
f 5677 5678 5680
f 5677 5680 5679
f 5679 5680 5682
f 5679 5682 5681
f 5681 5682 5684
f 5681 5684 5683
f 5683 5684 5686
f 5683 5686 5685
f 5685 5686 5688
f 5685 5688 5687
f 5687 5688 5690
f 5687 5690 5689
f 5689 5690 5692
f 5689 5692 5691
f 5691 5692 5694
f 5691 5694 5693
f 5693 5694 5696
f 5693 5696 5695
f 5695 5696 5698
f 5695 5698 5697
f 5697 5698 5700
f 5697 5700 5699
f 5699 5700 5702
f 5699 5702 5701
f 5701 5702 5704
f 5701 5704 5703
f 5703 5704 5706
f 5703 5706 5705
f 5705 5706 5708
f 5705 5708 5707
f 5707 5708 5710
f 5707 5710 5709
f 5709 5710 5712
f 5709 5712 5711
f 5711 5712 5714
f 5711 5714 5713
f 5713 5714 5716
f 5713 5716 5715
f 5715 5716 5718
f 5715 5718 5717
f 5717 5718 5720
f 5717 5720 5719
f 5719 5720 5722
f 5719 5722 5721
f 5721 5722 5724
f 5721 5724 5723
f 5723 5724 5726
f 5723 5726 5725
f 5725 5726 5728
f 5725 5728 5727
f 5727 5728 5730
f 5727 5730 5729
f 5729 5730 5732
f 5729 5732 5731
f 5731 5732 5734
f 5731 5734 5733
f 5733 5734 5736
f 5733 5736 5735
f 5735 5736 5738
f 5735 5738 5737
f 5737 5738 5740
f 5737 5740 5739
f 5739 5740 5742
f 5739 5742 5741
f 5743 5744 5746
f 5743 5746 5745
f 5745 5746 5748
f 5745 5748 5747
f 5749 5750 5752
f 5749 5752 5751
f 5751 5752 5754
f 5751 5754 5753
f 5755 5756 5758
f 5755 5758 5757
f 5757 5758 5760
f 5757 5760 5759
f 5759 5760 5762
f 5759 5762 5761
f 5761 5762 5764
f 5761 5764 5763
f 5763 5764 5766
f 5763 5766 5765
f 5765 5766 5768
f 5765 5768 5767
f 5767 5768 5770
f 5767 5770 5769
f 5769 5770 5772
f 5769 5772 5771
f 5771 5772 5774
f 5771 5774 5773
f 5773 5774 5776
f 5773 5776 5775
f 5775 5776 5778
f 5775 5778 5777
f 5777 5778 5780
f 5777 5780 5779
f 5779 5780 5782
f 5779 5782 5781
f 5781 5782 5784
f 5781 5784 5783
f 5783 5784 5786
f 5783 5786 5785
f 5785 5786 5788
f 5785 5788 5787
f 5787 5788 5790
f 5787 5790 5789
f 5789 5790 5792
f 5789 5792 5791
f 5791 5792 5794
f 5791 5794 5793
f 5793 5794 5796
f 5793 5796 5795
f 5795 5796 5798
f 5795 5798 5797
f 5797 5798 5800
f 5797 5800 5799
f 5799 5800 5802
f 5799 5802 5801
f 5801 5802 5804
f 5801 5804 5803
f 5803 5804 5806
f 5803 5806 5805
f 5805 5806 5808
f 5805 5808 5807
f 5807 5808 5810
f 5807 5810 5809
f 5809 5810 5812
f 5809 5812 5811
f 5811 5812 5814
f 5811 5814 5813
f 5815 5816 5818
f 5815 5818 5817
f 5817 5818 5820
f 5817 5820 5819
f 5819 5820 5822
f 5819 5822 5821
f 5821 5822 5824
f 5821 5824 5823
f 5823 5824 5826
f 5823 5826 5825
f 5825 5826 5828
f 5825 5828 5827
f 5827 5828 5830
f 5827 5830 5829
f 5829 5830 5832
f 5829 5832 5831
f 5831 5832 5834
f 5831 5834 5833
f 5833 5834 5836
f 5833 5836 5835
f 5835 5836 5838
f 5835 5838 5837
f 5837 5838 5840
f 5837 5840 5839
f 5839 5840 5842
f 5839 5842 5841
f 5841 5842 5844
f 5841 5844 5843
f 5843 5844 5846
f 5843 5846 5845
f 5845 5846 5848
f 5845 5848 5847
f 5847 5848 5850
f 5847 5850 5849
f 5849 5850 5852
f 5849 5852 5851
f 5851 5852 5854
f 5851 5854 5853
f 5853 5854 5856
f 5853 5856 5855
f 5855 5856 5858
f 5855 5858 5857
f 5857 5858 5860
f 5857 5860 5859
f 5859 5860 5862
f 5859 5862 5861
f 5861 5862 5864
f 5861 5864 5863
f 5863 5864 5866
f 5863 5866 5865
f 5867 5868 5870
f 5867 5870 5869
f 5869 5870 5872
f 5869 5872 5871
f 5871 5872 5874
f 5871 5874 5873
f 5873 5874 5876
f 5873 5876 5875
f 5875 5876 5878
f 5875 5878 5877
f 5877 5878 5880
f 5877 5880 5879
f 5879 5880 5882
f 5879 5882 5881
f 5881 5882 5884
f 5881 5884 5883
f 5883 5884 5886
f 5883 5886 5885
f 5885 5886 5888
f 5885 5888 5887
f 5887 5888 5890
f 5887 5890 5889
f 5889 5890 5892
f 5889 5892 5891
f 5891 5892 5894
f 5891 5894 5893
f 5893 5894 5896
f 5893 5896 5895
f 5895 5896 5898
f 5895 5898 5897
f 5897 5898 5900
f 5897 5900 5899
f 5899 5900 5902
f 5899 5902 5901
f 5901 5902 5904
f 5901 5904 5903
f 5905 5906 5908
f 5905 5908 5907
f 5907 5908 5910
f 5907 5910 5909
f 5909 5910 5912
f 5909 5912 5911
f 5911 5912 5914
f 5911 5914 5913
f 5913 5914 5916
f 5913 5916 5915
f 5915 5916 5918
f 5915 5918 5917
f 5917 5918 5920
f 5917 5920 5919
f 5919 5920 5922
f 5919 5922 5921
f 5921 5922 5924
f 5921 5924 5923
f 5923 5924 5926
f 5923 5926 5925
f 5925 5926 5928
f 5925 5928 5927
f 5927 5928 5930
f 5927 5930 5929
f 5929 5930 5932
f 5929 5932 5931
f 5931 5932 5934
f 5931 5934 5933
f 5935 5936 5938
f 5935 5938 5937
f 5937 5938 5940
f 5937 5940 5939
f 5939 5940 5942
f 5939 5942 5941
f 5941 5942 5944
f 5941 5944 5943
f 5943 5944 5946
f 5943 5946 5945
f 5945 5946 5948
f 5945 5948 5947
f 5947 5948 5950
f 5947 5950 5949
f 5949 5950 5952
f 5949 5952 5951
f 5951 5952 5954
f 5951 5954 5953
f 5953 5954 5956
f 5953 5956 5955
f 5955 5956 5958
f 5955 5958 5957
f 5957 5958 5960
f 5957 5960 5959
f 5959 5960 5962
f 5959 5962 5961
f 5961 5962 5964
f 5961 5964 5963
f 5963 5964 5966
f 5963 5966 5965
f 5965 5966 5968
f 5965 5968 5967
f 5967 5968 5970
f 5967 5970 5969
f 5969 5970 5972
f 5969 5972 5971
f 5971 5972 5974
f 5971 5974 5973
f 5973 5974 5976
f 5973 5976 5975
f 5975 5976 5978
f 5975 5978 5977
f 5977 5978 5980
f 5977 5980 5979
f 5979 5980 5982
f 5979 5982 5981
f 5983 5984 5986
f 5983 5986 5985
f 5985 5986 5988
f 5985 5988 5987
f 5987 5988 5990
f 5987 5990 5989
f 5989 5990 5992
f 5989 5992 5991
f 5991 5992 5994
f 5991 5994 5993
f 5993 5994 5996
f 5993 5996 5995
f 5995 5996 5998
f 5995 5998 5997
f 5997 5998 6000
f 5997 6000 5999
f 5999 6000 6002
f 5999 6002 6001
f 6001 6002 6004
f 6001 6004 6003
f 6003 6004 6006
f 6003 6006 6005
f 6005 6006 6008
f 6005 6008 6007
f 6007 6008 6010
f 6007 6010 6009
f 6009 6010 6012
f 6009 6012 6011
f 6011 6012 6014
f 6011 6014 6013
f 6013 6014 6016
f 6013 6016 6015
f 6015 6016 6018
f 6015 6018 6017
f 6019 6020 6022
f 6019 6022 6021
f 6021 6022 6024
f 6021 6024 6023
f 6023 6024 6026
f 6023 6026 6025
f 6025 6026 6028
f 6025 6028 6027
f 6027 6028 6030
f 6027 6030 6029
f 6029 6030 6032
f 6029 6032 6031
f 6031 6032 6034
f 6031 6034 6033
f 6033 6034 6036
f 6033 6036 6035
f 6035 6036 6038
f 6035 6038 6037
f 6037 6038 6040
f 6037 6040 6039
f 6039 6040 6042
f 6039 6042 6041
f 6041 6042 6044
f 6041 6044 6043
f 6043 6044 6046
f 6043 6046 6045
f 6045 6046 6048
f 6045 6048 6047
f 6047 6048 6050
f 6047 6050 6049
f 6049 6050 6052
f 6049 6052 6051
f 6051 6052 6054
f 6051 6054 6053
f 6053 6054 6056
f 6053 6056 6055
f 6055 6056 6058
f 6055 6058 6057
f 6057 6058 6060
f 6057 6060 6059
f 6059 6060 6062
f 6059 6062 6061
f 6063 6064 6066
f 6063 6066 6065
f 6065 6066 6068
f 6065 6068 6067
f 6067 6068 6070
f 6067 6070 6069
f 6069 6070 6072
f 6069 6072 6071
f 6071 6072 6074
f 6071 6074 6073
f 6073 6074 6076
f 6073 6076 6075
f 6075 6076 6078
f 6075 6078 6077
f 6077 6078 6080
f 6077 6080 6079
f 6079 6080 6082
f 6079 6082 6081
f 6081 6082 6084
f 6081 6084 6083
f 6083 6084 6086
f 6083 6086 6085
f 6085 6086 6088
f 6085 6088 6087
f 6087 6088 6090
f 6087 6090 6089
f 6089 6090 6092
f 6089 6092 6091
f 6091 6092 6094
f 6091 6094 6093
f 6093 6094 6096
f 6093 6096 6095
f 6095 6096 6098
f 6095 6098 6097
f 6097 6098 6100
f 6097 6100 6099
f 6099 6100 6102
f 6099 6102 6101
f 6101 6102 6104
f 6101 6104 6103
f 6103 6104 6106
f 6103 6106 6105
f 6105 6106 6108
f 6105 6108 6107
f 6107 6108 6110
f 6107 6110 6109
f 6109 6110 6112
f 6109 6112 6111
f 6111 6112 6114
f 6111 6114 6113
f 6113 6114 6116
f 6113 6116 6115
f 6117 6118 6120
f 6117 6120 6119
f 6119 6120 6122
f 6119 6122 6121
f 6121 6122 6124
f 6121 6124 6123
f 6123 6124 6126
f 6123 6126 6125
f 6125 6126 6128
f 6125 6128 6127
f 6127 6128 6130
f 6127 6130 6129
f 6129 6130 6132
f 6129 6132 6131
f 6131 6132 6134
f 6131 6134 6133
f 6133 6134 6136
f 6133 6136 6135
f 6135 6136 6138
f 6135 6138 6137
f 6137 6138 6140
f 6137 6140 6139
f 6139 6140 6142
f 6139 6142 6141
f 6141 6142 6144
f 6141 6144 6143
f 6143 6144 6146
f 6143 6146 6145
f 6145 6146 6148
f 6145 6148 6147
f 6147 6148 6150
f 6147 6150 6149
f 6149 6150 6152
f 6149 6152 6151
f 6151 6152 6154
f 6151 6154 6153
f 6153 6154 6156
f 6153 6156 6155
f 6155 6156 6158
f 6155 6158 6157
f 6157 6158 6160
f 6157 6160 6159
f 6159 6160 6162
f 6159 6162 6161
f 6161 6162 6164
f 6161 6164 6163
f 6163 6164 6166
f 6163 6166 6165
f 6165 6166 6168
f 6165 6168 6167
f 6167 6168 6170
f 6167 6170 6169
f 6171 6172 6174
f 6171 6174 6173
f 6173 6174 6176
f 6173 6176 6175
f 6175 6176 6178
f 6175 6178 6177
f 6177 6178 6180
f 6177 6180 6179
f 6179 6180 6182
f 6179 6182 6181
f 6181 6182 6184
f 6181 6184 6183
f 6183 6184 6186
f 6183 6186 6185
f 6185 6186 6188
f 6185 6188 6187
f 6187 6188 6190
f 6187 6190 6189
f 6189 6190 6192
f 6189 6192 6191
f 6191 6192 6194
f 6191 6194 6193
f 6193 6194 6196
f 6193 6196 6195
f 6195 6196 6198
f 6195 6198 6197
f 6197 6198 6200
f 6197 6200 6199
f 6199 6200 6202
f 6199 6202 6201
f 6201 6202 6204
f 6201 6204 6203
f 6203 6204 6206
f 6203 6206 6205
f 6205 6206 6208
f 6205 6208 6207
f 6207 6208 6210
f 6207 6210 6209
f 6209 6210 6212
f 6209 6212 6211
f 6213 6214 6216
f 6213 6216 6215
f 6215 6216 6218
f 6215 6218 6217
f 6217 6218 6220
f 6217 6220 6219
f 6219 6220 6222
f 6219 6222 6221
f 6221 6222 6224
f 6221 6224 6223
f 6223 6224 6226
f 6223 6226 6225
f 6225 6226 6228
f 6225 6228 6227
f 6227 6228 6230
f 6227 6230 6229
f 6231 6232 6234
f 6231 6234 6233
f 6233 6234 6236
f 6233 6236 6235
f 6235 6236 6238
f 6235 6238 6237
f 6237 6238 6240
f 6237 6240 6239
f 6239 6240 6242
f 6239 6242 6241
f 6241 6242 6244
f 6241 6244 6243
f 6243 6244 6246
f 6243 6246 6245
f 6245 6246 6248
f 6245 6248 6247
f 6247 6248 6250
f 6247 6250 6249
f 6251 6252 6254
f 6251 6254 6253
f 6253 6254 6256
f 6253 6256 6255
f 6255 6256 6258
f 6255 6258 6257
f 6257 6258 6260
f 6257 6260 6259
f 6259 6260 6262
f 6259 6262 6261
f 6261 6262 6264
f 6261 6264 6263
f 6263 6264 6266
f 6263 6266 6265
f 6265 6266 6268
f 6265 6268 6267
f 6267 6268 6270
f 6267 6270 6269
f 6269 6270 6272
f 6269 6272 6271
f 6271 6272 6274
f 6271 6274 6273
f 6273 6274 6276
f 6273 6276 6275
f 6275 6276 6278
f 6275 6278 6277
f 6277 6278 6280
f 6277 6280 6279
f 6279 6280 6282
f 6279 6282 6281
f 6281 6282 6284
f 6281 6284 6283
f 6285 6286 6288
f 6285 6288 6287
f 6287 6288 6290
f 6287 6290 6289
f 6289 6290 6292
f 6289 6292 6291
f 6291 6292 6294
f 6291 6294 6293
f 6293 6294 6296
f 6293 6296 6295
f 6295 6296 6298
f 6295 6298 6297
f 6297 6298 6300
f 6297 6300 6299
f 6299 6300 6302
f 6299 6302 6301
f 6301 6302 6304
f 6301 6304 6303
f 6303 6304 6306
f 6303 6306 6305
f 6305 6306 6308
f 6305 6308 6307
f 6307 6308 6310
f 6307 6310 6309
f 6309 6310 6312
f 6309 6312 6311
f 6313 6314 6316
f 6313 6316 6315
f 6315 6316 6318
f 6315 6318 6317
f 6317 6318 6320
f 6317 6320 6319
f 6319 6320 6322
f 6319 6322 6321
f 6321 6322 6324
f 6321 6324 6323
f 6323 6324 6326
f 6323 6326 6325
f 6325 6326 6328
f 6325 6328 6327
f 6327 6328 6330
f 6327 6330 6329
f 6329 6330 6332
f 6329 6332 6331
f 6331 6332 6334
f 6331 6334 6333
f 6333 6334 6336
f 6333 6336 6335
f 6335 6336 6338
f 6335 6338 6337
f 6337 6338 6340
f 6337 6340 6339
f 6339 6340 6342
f 6339 6342 6341
f 6341 6342 6344
f 6341 6344 6343
f 6345 6346 6348
f 6345 6348 6347
f 6347 6348 6350
f 6347 6350 6349
f 6349 6350 6352
f 6349 6352 6351
f 6351 6352 6354
f 6351 6354 6353
f 6353 6354 6356
f 6353 6356 6355
f 6355 6356 6358
f 6355 6358 6357
f 6357 6358 6360
f 6357 6360 6359
f 6359 6360 6362
f 6359 6362 6361
f 6361 6362 6364
f 6361 6364 6363
f 6363 6364 6366
f 6363 6366 6365
f 6365 6366 6368
f 6365 6368 6367
f 6367 6368 6370
f 6367 6370 6369
f 6369 6370 6372
f 6369 6372 6371
f 6371 6372 6374
f 6371 6374 6373
f 6375 6376 6378
f 6375 6378 6377
f 6377 6378 6380
f 6377 6380 6379
f 6379 6380 6382
f 6379 6382 6381
f 6381 6382 6384
f 6381 6384 6383
f 6383 6384 6386
f 6383 6386 6385
f 6385 6386 6388
f 6385 6388 6387
f 6387 6388 6390
f 6387 6390 6389
f 6389 6390 6392
f 6389 6392 6391
f 6391 6392 6394
f 6391 6394 6393
f 6393 6394 6396
f 6393 6396 6395
f 6395 6396 6398
f 6395 6398 6397
f 6397 6398 6400
f 6397 6400 6399
f 6399 6400 6402
f 6399 6402 6401
f 6401 6402 6404
f 6401 6404 6403
f 6403 6404 6406
f 6403 6406 6405
f 6405 6406 6408
f 6405 6408 6407
f 6407 6408 6410
f 6407 6410 6409
f 6409 6410 6412
f 6409 6412 6411
f 6411 6412 6414
f 6411 6414 6413
f 6413 6414 6416
f 6413 6416 6415
f 6415 6416 6418
f 6415 6418 6417
f 6417 6418 6420
f 6417 6420 6419
f 6419 6420 6422
f 6419 6422 6421
f 6421 6422 6424
f 6421 6424 6423
f 6425 6426 6428
f 6425 6428 6427
f 6427 6428 6430
f 6427 6430 6429
f 6429 6430 6432
f 6429 6432 6431
f 6431 6432 6434
f 6431 6434 6433
f 6433 6434 6436
f 6433 6436 6435
f 6435 6436 6438
f 6435 6438 6437
f 6437 6438 6440
f 6437 6440 6439
f 6439 6440 6442
f 6439 6442 6441
f 6441 6442 6444
f 6441 6444 6443
f 6443 6444 6446
f 6443 6446 6445
f 6445 6446 6448
f 6445 6448 6447
f 6447 6448 6450
f 6447 6450 6449
f 6451 6452 6454
f 6451 6454 6453
f 6453 6454 6456
f 6453 6456 6455
f 6455 6456 6458
f 6455 6458 6457
f 6457 6458 6460
f 6457 6460 6459
f 6459 6460 6462
f 6459 6462 6461
f 6461 6462 6464
f 6461 6464 6463
f 6463 6464 6466
f 6463 6466 6465
f 6465 6466 6468
f 6465 6468 6467
f 6467 6468 6470
f 6467 6470 6469
f 6469 6470 6472
f 6469 6472 6471
f 6471 6472 6474
f 6471 6474 6473
f 6473 6474 6476
f 6473 6476 6475
f 6477 6478 6480
f 6477 6480 6479
f 6479 6480 6482
f 6479 6482 6481
f 6481 6482 6484
f 6481 6484 6483
f 6483 6484 6486
f 6483 6486 6485
f 6485 6486 6488
f 6485 6488 6487
f 6487 6488 6490
f 6487 6490 6489
f 6489 6490 6492
f 6489 6492 6491
f 6491 6492 6494
f 6491 6494 6493
f 6493 6494 6496
f 6493 6496 6495
f 6495 6496 6498
f 6495 6498 6497
f 6497 6498 6500
f 6497 6500 6499
f 6499 6500 6502
f 6499 6502 6501
f 6501 6502 6504
f 6501 6504 6503
f 6503 6504 6506
f 6503 6506 6505
f 6505 6506 6508
f 6505 6508 6507
f 6507 6508 6510
f 6507 6510 6509
f 6509 6510 6512
f 6509 6512 6511
f 6511 6512 6514
f 6511 6514 6513
f 6513 6514 6516
f 6513 6516 6515
f 6515 6516 6518
f 6515 6518 6517
f 6517 6518 6520
f 6517 6520 6519
f 6519 6520 6522
f 6519 6522 6521
f 6521 6522 6524
f 6521 6524 6523
f 6523 6524 6526
f 6523 6526 6525
f 6525 6526 6528
f 6525 6528 6527
f 6527 6528 6530
f 6527 6530 6529
f 6529 6530 6532
f 6529 6532 6531
f 6533 6534 6536
f 6533 6536 6535
f 6535 6536 6538
f 6535 6538 6537
f 6537 6538 6540
f 6537 6540 6539
f 6539 6540 6542
f 6539 6542 6541
f 6541 6542 6544
f 6541 6544 6543
f 6543 6544 6546
f 6543 6546 6545
f 6545 6546 6548
f 6545 6548 6547
f 6547 6548 6550
f 6547 6550 6549
f 6549 6550 6552
f 6549 6552 6551
f 6551 6552 6554
f 6551 6554 6553
f 6553 6554 6556
f 6553 6556 6555
f 6555 6556 6558
f 6555 6558 6557
f 6557 6558 6560
f 6557 6560 6559
f 6559 6560 6562
f 6559 6562 6561
f 6561 6562 6564
f 6561 6564 6563
f 6563 6564 6566
f 6563 6566 6565
f 6565 6566 6568
f 6565 6568 6567
f 6567 6568 6570
f 6567 6570 6569
f 6569 6570 6572
f 6569 6572 6571
f 6571 6572 6574
f 6571 6574 6573
f 6573 6574 6576
f 6573 6576 6575
f 6575 6576 6578
f 6575 6578 6577
f 6577 6578 6580
f 6577 6580 6579
f 6579 6580 6582
f 6579 6582 6581
f 6583 6584 6586
f 6583 6586 6585
f 6585 6586 6588
f 6585 6588 6587
f 6587 6588 6590
f 6587 6590 6589
f 6589 6590 6592
f 6589 6592 6591
f 6591 6592 6594
f 6591 6594 6593
f 6593 6594 6596
f 6593 6596 6595
f 6595 6596 6598
f 6595 6598 6597
f 6597 6598 6600
f 6597 6600 6599
f 6599 6600 6602
f 6599 6602 6601
f 6601 6602 6604
f 6601 6604 6603
f 6603 6604 6606
f 6603 6606 6605
f 6605 6606 6608
f 6605 6608 6607
f 6607 6608 6610
f 6607 6610 6609
f 6609 6610 6612
f 6609 6612 6611
f 6611 6612 6614
f 6611 6614 6613
f 6613 6614 6616
f 6613 6616 6615
f 6615 6616 6618
f 6615 6618 6617
f 6617 6618 6620
f 6617 6620 6619
f 6619 6620 6622
f 6619 6622 6621
f 6621 6622 6624
f 6621 6624 6623
f 6623 6624 6626
f 6623 6626 6625
f 6625 6626 6628
f 6625 6628 6627
f 6627 6628 6630
f 6627 6630 6629
f 6629 6630 6632
f 6629 6632 6631
f 6631 6632 6634
f 6631 6634 6633
f 6633 6634 6636
f 6633 6636 6635
f 6637 6638 6640
f 6637 6640 6639
f 6639 6640 6642
f 6639 6642 6641
f 6641 6642 6644
f 6641 6644 6643
f 6643 6644 6646
f 6643 6646 6645
f 6645 6646 6648
f 6645 6648 6647
f 6647 6648 6650
f 6647 6650 6649
f 6649 6650 6652
f 6649 6652 6651
f 6651 6652 6654
f 6651 6654 6653
f 6653 6654 6656
f 6653 6656 6655
f 6655 6656 6658
f 6655 6658 6657
f 6657 6658 6660
f 6657 6660 6659
f 6659 6660 6662
f 6659 6662 6661
f 6661 6662 6664
f 6661 6664 6663
f 6665 6666 6668
f 6665 6668 6667
f 6667 6668 6670
f 6667 6670 6669
f 6669 6670 6672
f 6669 6672 6671
f 6671 6672 6674
f 6671 6674 6673
f 6675 6676 6678
f 6675 6678 6677
f 6677 6678 6680
f 6677 6680 6679
f 6679 6680 6682
f 6679 6682 6681
f 6681 6682 6684
f 6681 6684 6683
f 6683 6684 6686
f 6683 6686 6685
f 6685 6686 6688
f 6685 6688 6687
f 6687 6688 6690
f 6687 6690 6689
f 6689 6690 6692
f 6689 6692 6691
f 6691 6692 6694
f 6691 6694 6693
f 6693 6694 6696
f 6693 6696 6695
f 6695 6696 6698
f 6695 6698 6697
f 6697 6698 6700
f 6697 6700 6699
f 6699 6700 6702
f 6699 6702 6701
f 6701 6702 6704
f 6701 6704 6703
f 6703 6704 6706
f 6703 6706 6705
f 6705 6706 6708
f 6705 6708 6707
f 6707 6708 6710
f 6707 6710 6709
f 6709 6710 6712
f 6709 6712 6711
f 6711 6712 6714
f 6711 6714 6713
f 6713 6714 6716
f 6713 6716 6715
f 6715 6716 6718
f 6715 6718 6717
f 6717 6718 6720
f 6717 6720 6719
f 6719 6720 6722
f 6719 6722 6721
f 6721 6722 6724
f 6721 6724 6723
f 6723 6724 6726
f 6723 6726 6725
f 6725 6726 6728
f 6725 6728 6727
f 6727 6728 6730
f 6727 6730 6729
f 6729 6730 6732
f 6729 6732 6731
f 6731 6732 6734
f 6731 6734 6733
f 6733 6734 6736
f 6733 6736 6735
f 6735 6736 6738
f 6735 6738 6737
f 6737 6738 6740
f 6737 6740 6739
f 6739 6740 6742
f 6739 6742 6741
f 6741 6742 6744
f 6741 6744 6743
f 6743 6744 6746
f 6743 6746 6745
f 6745 6746 6748
f 6745 6748 6747
f 6747 6748 6750
f 6747 6750 6749
f 6749 6750 6752
f 6749 6752 6751
f 6751 6752 6754
f 6751 6754 6753
f 6753 6754 6756
f 6753 6756 6755
f 6755 6756 6758
f 6755 6758 6757
f 6757 6758 6760
f 6757 6760 6759
f 6759 6760 6762
f 6759 6762 6761
f 6761 6762 6764
f 6761 6764 6763
f 6763 6764 6766
f 6763 6766 6765
f 6765 6766 6768
f 6765 6768 6767
f 6767 6768 6770
f 6767 6770 6769
f 6769 6770 6772
f 6769 6772 6771
f 6771 6772 6774
f 6771 6774 6773
f 6775 6776 6778
f 6775 6778 6777
f 6777 6778 6780
f 6777 6780 6779
f 6779 6780 6782
f 6779 6782 6781
f 6781 6782 6784
f 6781 6784 6783
f 6783 6784 6786
f 6783 6786 6785
f 6785 6786 6788
f 6785 6788 6787
f 6787 6788 6790
f 6787 6790 6789
f 6789 6790 6792
f 6789 6792 6791
f 6791 6792 6794
f 6791 6794 6793
f 6793 6794 6796
f 6793 6796 6795
f 6795 6796 6798
f 6795 6798 6797
f 6797 6798 6800
f 6797 6800 6799
f 6799 6800 6802
f 6799 6802 6801
f 6801 6802 6804
f 6801 6804 6803
f 6803 6804 6806
f 6803 6806 6805
f 6805 6806 6808
f 6805 6808 6807
f 6807 6808 6810
f 6807 6810 6809
f 6809 6810 6812
f 6809 6812 6811
f 6811 6812 6814
f 6811 6814 6813
f 6813 6814 6816
f 6813 6816 6815
f 6815 6816 6818
f 6815 6818 6817
f 6817 6818 6820
f 6817 6820 6819
f 6819 6820 6822
f 6819 6822 6821
f 6821 6822 6824
f 6821 6824 6823
f 6823 6824 6826
f 6823 6826 6825
f 6825 6826 6828
f 6825 6828 6827
f 6827 6828 6830
f 6827 6830 6829
f 6829 6830 6832
f 6829 6832 6831
f 6831 6832 6834
f 6831 6834 6833
f 6833 6834 6836
f 6833 6836 6835
f 6835 6836 6838
f 6835 6838 6837
f 6837 6838 6840
f 6837 6840 6839
f 6839 6840 6842
f 6839 6842 6841
f 6841 6842 6844
f 6841 6844 6843
f 6843 6844 6846
f 6843 6846 6845
f 6845 6846 6848
f 6845 6848 6847
f 6847 6848 6850
f 6847 6850 6849
f 6849 6850 6852
f 6849 6852 6851
f 6851 6852 6854
f 6851 6854 6853
f 6853 6854 6856
f 6853 6856 6855
f 6855 6856 6858
f 6855 6858 6857
f 6857 6858 6860
f 6857 6860 6859
f 6859 6860 6862
f 6859 6862 6861
f 6861 6862 6864
f 6861 6864 6863
f 6863 6864 6866
f 6863 6866 6865
f 6865 6866 6868
f 6865 6868 6867
f 6867 6868 6870
f 6867 6870 6869
f 6869 6870 6872
f 6869 6872 6871
f 6871 6872 6874
f 6871 6874 6873
f 6873 6874 6876
f 6873 6876 6875
f 6875 6876 6878
f 6875 6878 6877
f 6877 6878 6880
f 6877 6880 6879
f 6879 6880 6882
f 6879 6882 6881
f 6881 6882 6884
f 6881 6884 6883
f 6885 6886 6888
f 6885 6888 6887
f 6887 6888 6890
f 6887 6890 6889
f 6889 6890 6892
f 6889 6892 6891
f 6893 6894 6896
f 6893 6896 6895
f 6895 6896 6898
f 6895 6898 6897
f 6897 6898 6900
f 6897 6900 6899
f 6899 6900 6902
f 6899 6902 6901
f 6901 6902 6904
f 6901 6904 6903
f 6903 6904 6906
f 6903 6906 6905
f 6905 6906 6908
f 6905 6908 6907
f 6907 6908 6910
f 6907 6910 6909
f 6911 6912 6914
f 6911 6914 6913
f 6913 6914 6916
f 6913 6916 6915
f 6915 6916 6918
f 6915 6918 6917
f 6917 6918 6920
f 6917 6920 6919
f 6919 6920 6922
f 6919 6922 6921
f 6921 6922 6924
f 6921 6924 6923
f 6923 6924 6926
f 6923 6926 6925
f 6925 6926 6928
f 6925 6928 6927
f 6927 6928 6930
f 6927 6930 6929
f 6929 6930 6932
f 6929 6932 6931
f 6931 6932 6934
f 6931 6934 6933
f 6933 6934 6936
f 6933 6936 6935
f 6935 6936 6938
f 6935 6938 6937
f 6937 6938 6940
f 6937 6940 6939
f 6939 6940 6942
f 6939 6942 6941
f 6941 6942 6944
f 6941 6944 6943
f 6945 6946 6948
f 6945 6948 6947
f 6947 6948 6950
f 6947 6950 6949
f 6949 6950 6952
f 6949 6952 6951
f 6951 6952 6954
f 6951 6954 6953
f 6953 6954 6956
f 6953 6956 6955
f 6955 6956 6958
f 6955 6958 6957
f 6957 6958 6960
f 6957 6960 6959
f 6959 6960 6962
f 6959 6962 6961
f 6961 6962 6964
f 6961 6964 6963
f 6963 6964 6966
f 6963 6966 6965
f 6965 6966 6968
f 6965 6968 6967
f 6967 6968 6970
f 6967 6970 6969
f 6969 6970 6972
f 6969 6972 6971
f 6971 6972 6974
f 6971 6974 6973
f 6973 6974 6976
f 6973 6976 6975
f 6975 6976 6978
f 6975 6978 6977
f 6977 6978 6980
f 6977 6980 6979
f 6979 6980 6982
f 6979 6982 6981
f 6981 6982 6984
f 6981 6984 6983
f 6983 6984 6986
f 6983 6986 6985
f 6985 6986 6988
f 6985 6988 6987
f 6987 6988 6990
f 6987 6990 6989
f 6989 6990 6992
f 6989 6992 6991
f 6991 6992 6994
f 6991 6994 6993
f 6993 6994 6996
f 6993 6996 6995
f 6995 6996 6998
f 6995 6998 6997
f 6997 6998 7000
f 6997 7000 6999
f 6999 7000 7002
f 6999 7002 7001
f 7001 7002 7004
f 7001 7004 7003
f 7003 7004 7006
f 7003 7006 7005
f 7005 7006 7008
f 7005 7008 7007
f 7007 7008 7010
f 7007 7010 7009
f 7009 7010 7012
f 7009 7012 7011
f 7013 7014 7016
f 7013 7016 7015
f 7015 7016 7018
f 7015 7018 7017
f 7017 7018 7020
f 7017 7020 7019
f 7019 7020 7022
f 7019 7022 7021
f 7021 7022 7024
f 7021 7024 7023
f 7023 7024 7026
f 7023 7026 7025
f 7025 7026 7028
f 7025 7028 7027
f 7027 7028 7030
f 7027 7030 7029
f 7029 7030 7032
f 7029 7032 7031
f 7031 7032 7034
f 7031 7034 7033
f 7033 7034 7036
f 7033 7036 7035
f 7035 7036 7038
f 7035 7038 7037
f 7037 7038 7040
f 7037 7040 7039
f 7039 7040 7042
f 7039 7042 7041
f 7041 7042 7044
f 7041 7044 7043
f 7043 7044 7046
f 7043 7046 7045
f 7045 7046 7048
f 7045 7048 7047
f 7047 7048 7050
f 7047 7050 7049
f 7049 7050 7052
f 7049 7052 7051
f 7051 7052 7054
f 7051 7054 7053
f 7053 7054 7056
f 7053 7056 7055
f 7055 7056 7058
f 7055 7058 7057
f 7057 7058 7060
f 7057 7060 7059
f 7059 7060 7062
f 7059 7062 7061
f 7061 7062 7064
f 7061 7064 7063
f 7063 7064 7066
f 7063 7066 7065
f 7065 7066 7068
f 7065 7068 7067
f 7067 7068 7070
f 7067 7070 7069
f 7069 7070 7072
f 7069 7072 7071
f 7071 7072 7074
f 7071 7074 7073
f 7073 7074 7076
f 7073 7076 7075
f 7075 7076 7078
f 7075 7078 7077
f 7077 7078 7080
f 7077 7080 7079
f 7079 7080 7082
f 7079 7082 7081
f 7083 7084 7086
f 7083 7086 7085
f 7085 7086 7088
f 7085 7088 7087
f 7087 7088 7090
f 7087 7090 7089
f 7089 7090 7092
f 7089 7092 7091
f 7091 7092 7094
f 7091 7094 7093
f 7093 7094 7096
f 7093 7096 7095
f 7095 7096 7098
f 7095 7098 7097
f 7097 7098 7100
f 7097 7100 7099
f 7101 7102 7104
f 7101 7104 7103
f 7103 7104 7106
f 7103 7106 7105
f 7105 7106 7108
f 7105 7108 7107
f 7107 7108 7110
f 7107 7110 7109
f 7109 7110 7112
f 7109 7112 7111
f 7111 7112 7114
f 7111 7114 7113
f 7113 7114 7116
f 7113 7116 7115
f 7115 7116 7118
f 7115 7118 7117
f 7117 7118 7120
f 7117 7120 7119
f 7119 7120 7122
f 7119 7122 7121
f 7121 7122 7124
f 7121 7124 7123
f 7123 7124 7126
f 7123 7126 7125
f 7125 7126 7128
f 7125 7128 7127
f 7127 7128 7130
f 7127 7130 7129
f 7129 7130 7132
f 7129 7132 7131
f 7131 7132 7134
f 7131 7134 7133
f 7133 7134 7136
f 7133 7136 7135
f 7135 7136 7138
f 7135 7138 7137
f 7137 7138 7140
f 7137 7140 7139
f 7139 7140 7142
f 7139 7142 7141
f 7141 7142 7144
f 7141 7144 7143
f 7143 7144 7146
f 7143 7146 7145
f 7145 7146 7148
f 7145 7148 7147
f 7149 7150 7152
f 7149 7152 7151
f 7151 7152 7154
f 7151 7154 7153
f 7153 7154 7156
f 7153 7156 7155
f 7155 7156 7158
f 7155 7158 7157
f 7159 7160 7162
f 7159 7162 7161
f 7161 7162 7164
f 7161 7164 7163
f 7163 7164 7166
f 7163 7166 7165
f 7167 7168 7170
f 7167 7170 7169
f 7169 7170 7172
f 7169 7172 7171
f 7171 7172 7174
f 7171 7174 7173
f 7173 7174 7176
f 7173 7176 7175
f 7175 7176 7178
f 7175 7178 7177
f 7177 7178 7180
f 7177 7180 7179
f 7179 7180 7182
f 7179 7182 7181
f 7181 7182 7184
f 7181 7184 7183
f 7183 7184 7186
f 7183 7186 7185
f 7185 7186 7188
f 7185 7188 7187
f 7187 7188 7190
f 7187 7190 7189
f 7189 7190 7192
f 7189 7192 7191
f 7191 7192 7194
f 7191 7194 7193
f 7193 7194 7196
f 7193 7196 7195
f 7195 7196 7198
f 7195 7198 7197
f 7197 7198 7200
f 7197 7200 7199
f 7201 7202 7204
f 7201 7204 7203
f 7203 7204 7206
f 7203 7206 7205
f 7205 7206 7208
f 7205 7208 7207
f 7207 7208 7210
f 7207 7210 7209
f 7209 7210 7212
f 7209 7212 7211
f 7211 7212 7214
f 7211 7214 7213
f 7213 7214 7216
f 7213 7216 7215
f 7215 7216 7218
f 7215 7218 7217
f 7217 7218 7220
f 7217 7220 7219
f 7219 7220 7222
f 7219 7222 7221
f 7221 7222 7224
f 7221 7224 7223
f 7223 7224 7226
f 7223 7226 7225
f 7225 7226 7228
f 7225 7228 7227
f 7227 7228 7230
f 7227 7230 7229
f 7229 7230 7232
f 7229 7232 7231
f 7233 7234 7236
f 7233 7236 7235
f 7235 7236 7238
f 7235 7238 7237
f 7237 7238 7240
f 7237 7240 7239
f 7239 7240 7242
f 7239 7242 7241
f 7241 7242 7244
f 7241 7244 7243
f 7243 7244 7246
f 7243 7246 7245
f 7245 7246 7248
f 7245 7248 7247
f 7247 7248 7250
f 7247 7250 7249
f 7251 7252 7254
f 7251 7254 7253
f 7253 7254 7256
f 7253 7256 7255
f 7255 7256 7258
f 7255 7258 7257
f 7257 7258 7260
f 7257 7260 7259
f 7259 7260 7262
f 7259 7262 7261
f 7261 7262 7264
f 7261 7264 7263
f 7263 7264 7266
f 7263 7266 7265
f 7265 7266 7268
f 7265 7268 7267
f 7267 7268 7270
f 7267 7270 7269
f 7269 7270 7272
f 7269 7272 7271
f 7271 7272 7274
f 7271 7274 7273
f 7275 7276 7278
f 7275 7278 7277
f 7277 7278 7280
f 7277 7280 7279
f 7279 7280 7282
f 7279 7282 7281
f 7281 7282 7284
f 7281 7284 7283
f 7283 7284 7286
f 7283 7286 7285
f 7285 7286 7288
f 7285 7288 7287
f 7287 7288 7290
f 7287 7290 7289
f 7289 7290 7292
f 7289 7292 7291
f 7291 7292 7294
f 7291 7294 7293
f 7293 7294 7296
f 7293 7296 7295
f 7295 7296 7298
f 7295 7298 7297
f 7297 7298 7300
f 7297 7300 7299
f 7299 7300 7302
f 7299 7302 7301
f 7301 7302 7304
f 7301 7304 7303
f 7303 7304 7306
f 7303 7306 7305
f 7305 7306 7308
f 7305 7308 7307
f 7307 7308 7310
f 7307 7310 7309
f 7309 7310 7312
f 7309 7312 7311
f 7311 7312 7314
f 7311 7314 7313
f 7313 7314 7316
f 7313 7316 7315
f 7315 7316 7318
f 7315 7318 7317
f 7317 7318 7320
f 7317 7320 7319
f 7319 7320 7322
f 7319 7322 7321
f 7321 7322 7324
f 7321 7324 7323
f 7323 7324 7326
f 7323 7326 7325
f 7325 7326 7328
f 7325 7328 7327
f 7329 7330 7332
f 7329 7332 7331
f 7331 7332 7334
f 7331 7334 7333
f 7333 7334 7336
f 7333 7336 7335
f 7335 7336 7338
f 7335 7338 7337
f 7337 7338 7340
f 7337 7340 7339
f 7339 7340 7342
f 7339 7342 7341
f 7341 7342 7344
f 7341 7344 7343
f 7343 7344 7346
f 7343 7346 7345
f 7345 7346 7348
f 7345 7348 7347
f 7347 7348 7350
f 7347 7350 7349
f 7349 7350 7352
f 7349 7352 7351
f 7351 7352 7354
f 7351 7354 7353
f 7353 7354 7356
f 7353 7356 7355
f 7355 7356 7358
f 7355 7358 7357
f 7357 7358 7360
f 7357 7360 7359
f 7359 7360 7362
f 7359 7362 7361
f 7363 7364 7366
f 7363 7366 7365
f 7365 7366 7368
f 7365 7368 7367
f 7367 7368 7370
f 7367 7370 7369
f 7369 7370 7372
f 7369 7372 7371
f 7371 7372 7374
f 7371 7374 7373
f 7373 7374 7376
f 7373 7376 7375
f 7375 7376 7378
f 7375 7378 7377
f 7377 7378 7380
f 7377 7380 7379
f 7379 7380 7382
f 7379 7382 7381
f 7381 7382 7384
f 7381 7384 7383
f 7383 7384 7386
f 7383 7386 7385
f 7385 7386 7388
f 7385 7388 7387
f 7387 7388 7390
f 7387 7390 7389
f 7389 7390 7392
f 7389 7392 7391
f 7393 7394 7396
f 7393 7396 7395
f 7395 7396 7398
f 7395 7398 7397
f 7397 7398 7400
f 7397 7400 7399
f 7399 7400 7402
f 7399 7402 7401
f 7403 7404 7406
f 7403 7406 7405
f 7405 7406 7408
f 7405 7408 7407
f 7407 7408 7410
f 7407 7410 7409
f 7409 7410 7412
f 7409 7412 7411
f 7411 7412 7414
f 7411 7414 7413
f 7413 7414 7416
f 7413 7416 7415
f 7415 7416 7418
f 7415 7418 7417
f 7417 7418 7420
f 7417 7420 7419
f 7419 7420 7422
f 7419 7422 7421
f 7421 7422 7424
f 7421 7424 7423
f 7423 7424 7426
f 7423 7426 7425
f 7425 7426 7428
f 7425 7428 7427
f 7427 7428 7430
f 7427 7430 7429
f 7429 7430 7432
f 7429 7432 7431
f 7431 7432 7434
f 7431 7434 7433
f 7433 7434 7436
f 7433 7436 7435
f 7435 7436 7438
f 7435 7438 7437
f 7437 7438 7440
f 7437 7440 7439
f 7439 7440 7442
f 7439 7442 7441
f 7441 7442 7444
f 7441 7444 7443
f 7443 7444 7446
f 7443 7446 7445
f 7445 7446 7448
f 7445 7448 7447
f 7447 7448 7450
f 7447 7450 7449
f 7451 7452 7454
f 7451 7454 7453
f 7453 7454 7456
f 7453 7456 7455
f 7455 7456 7458
f 7455 7458 7457
f 7457 7458 7460
f 7457 7460 7459
f 7459 7460 7462
f 7459 7462 7461
f 7461 7462 7464
f 7461 7464 7463
f 7463 7464 7466
f 7463 7466 7465
f 7465 7466 7468
f 7465 7468 7467
f 7467 7468 7470
f 7467 7470 7469
f 7469 7470 7472
f 7469 7472 7471
f 7471 7472 7474
f 7471 7474 7473
f 7473 7474 7476
f 7473 7476 7475
f 7475 7476 7478
f 7475 7478 7477
f 7477 7478 7480
f 7477 7480 7479
f 7479 7480 7482
f 7479 7482 7481
f 7481 7482 7484
f 7481 7484 7483
f 7485 7486 7488
f 7485 7488 7487
f 7487 7488 7490
f 7487 7490 7489
f 7489 7490 7492
f 7489 7492 7491
f 7491 7492 7494
f 7491 7494 7493
f 7493 7494 7496
f 7493 7496 7495
f 7495 7496 7498
f 7495 7498 7497
f 7497 7498 7500
f 7497 7500 7499
f 7499 7500 7502
f 7499 7502 7501
f 7501 7502 7504
f 7501 7504 7503
f 7503 7504 7506
f 7503 7506 7505
f 7505 7506 7508
f 7505 7508 7507
f 7507 7508 7510
f 7507 7510 7509
f 7509 7510 7512
f 7509 7512 7511
f 7511 7512 7514
f 7511 7514 7513
f 7513 7514 7516
f 7513 7516 7515
f 7517 7518 7520
f 7517 7520 7519
f 7519 7520 7522
f 7519 7522 7521
f 7521 7522 7524
f 7521 7524 7523
f 7523 7524 7526
f 7523 7526 7525
f 7525 7526 7528
f 7525 7528 7527
f 7527 7528 7530
f 7527 7530 7529
f 7529 7530 7532
f 7529 7532 7531
f 7531 7532 7534
f 7531 7534 7533
f 7533 7534 7536
f 7533 7536 7535
f 7535 7536 7538
f 7535 7538 7537
f 7537 7538 7540
f 7537 7540 7539
f 7539 7540 7542
f 7539 7542 7541
f 7541 7542 7544
f 7541 7544 7543
f 7543 7544 7546
f 7543 7546 7545
f 7545 7546 7548
f 7545 7548 7547
f 7547 7548 7550
f 7547 7550 7549
f 7549 7550 7552
f 7549 7552 7551
f 7551 7552 7554
f 7551 7554 7553
f 7553 7554 7556
f 7553 7556 7555
f 7555 7556 7558
f 7555 7558 7557
f 7557 7558 7560
f 7557 7560 7559
f 7559 7560 7562
f 7559 7562 7561
f 7561 7562 7564
f 7561 7564 7563
f 7563 7564 7566
f 7563 7566 7565
f 7565 7566 7568
f 7565 7568 7567
f 7567 7568 7570
f 7567 7570 7569
f 7569 7570 7572
f 7569 7572 7571
f 7571 7572 7574
f 7571 7574 7573
f 7573 7574 7576
f 7573 7576 7575
f 7575 7576 7578
f 7575 7578 7577
f 7577 7578 7580
f 7577 7580 7579
f 7579 7580 7582
f 7579 7582 7581
f 7581 7582 7584
f 7581 7584 7583
f 7583 7584 7586
f 7583 7586 7585
f 7585 7586 7588
f 7585 7588 7587
f 7587 7588 7590
f 7587 7590 7589
f 7589 7590 7592
f 7589 7592 7591
f 7591 7592 7594
f 7591 7594 7593
f 7593 7594 7596
f 7593 7596 7595
f 7595 7596 7598
f 7595 7598 7597
f 7597 7598 7600
f 7597 7600 7599
f 7599 7600 7602
f 7599 7602 7601
f 7601 7602 7604
f 7601 7604 7603
f 7603 7604 7606
f 7603 7606 7605
f 7605 7606 7608
f 7605 7608 7607
f 7607 7608 7610
f 7607 7610 7609
f 7609 7610 7612
f 7609 7612 7611
f 7611 7612 7614
f 7611 7614 7613
f 7613 7614 7616
f 7613 7616 7615
f 7615 7616 7618
f 7615 7618 7617
f 7617 7618 7620
f 7617 7620 7619
f 7619 7620 7622
f 7619 7622 7621
f 7621 7622 7624
f 7621 7624 7623
f 7625 7626 7628
f 7625 7628 7627
f 7627 7628 7630
f 7627 7630 7629
f 7629 7630 7632
f 7629 7632 7631
f 7633 7634 7636
f 7633 7636 7635
f 7635 7636 7638
f 7635 7638 7637
f 7637 7638 7640
f 7637 7640 7639
f 7639 7640 7642
f 7639 7642 7641
f 7641 7642 7644
f 7641 7644 7643
f 7643 7644 7646
f 7643 7646 7645
f 7645 7646 7648
f 7645 7648 7647
f 7647 7648 7650
f 7647 7650 7649
f 7649 7650 7652
f 7649 7652 7651
f 7651 7652 7654
f 7651 7654 7653
f 7653 7654 7656
f 7653 7656 7655
f 7655 7656 7658
f 7655 7658 7657
f 7657 7658 7660
f 7657 7660 7659
f 7659 7660 7662
f 7659 7662 7661
f 7661 7662 7664
f 7661 7664 7663
f 7663 7664 7666
f 7663 7666 7665
f 7665 7666 7668
f 7665 7668 7667
f 7667 7668 7670
f 7667 7670 7669
f 7669 7670 7672
f 7669 7672 7671
f 7671 7672 7674
f 7671 7674 7673
f 7673 7674 7676
f 7673 7676 7675
f 7675 7676 7678
f 7675 7678 7677
f 7677 7678 7680
f 7677 7680 7679
f 7679 7680 7682
f 7679 7682 7681
f 7681 7682 7684
f 7681 7684 7683
f 7683 7684 7686
f 7683 7686 7685
f 7685 7686 7688
f 7685 7688 7687
f 7687 7688 7690
f 7687 7690 7689
f 7689 7690 7692
f 7689 7692 7691
f 7691 7692 7694
f 7691 7694 7693
f 7693 7694 7696
f 7693 7696 7695
f 7695 7696 7698
f 7695 7698 7697
f 7697 7698 7700
f 7697 7700 7699
f 7699 7700 7702
f 7699 7702 7701
f 7701 7702 7704
f 7701 7704 7703
f 7703 7704 7706
f 7703 7706 7705
f 7705 7706 7708
f 7705 7708 7707
f 7707 7708 7710
f 7707 7710 7709
f 7709 7710 7712
f 7709 7712 7711
f 7711 7712 7714
f 7711 7714 7713
f 7713 7714 7716
f 7713 7716 7715
f 7715 7716 7718
f 7715 7718 7717
f 7717 7718 7720
f 7717 7720 7719
f 7719 7720 7722
f 7719 7722 7721
f 7721 7722 7724
f 7721 7724 7723
f 7723 7724 7726
f 7723 7726 7725
f 7725 7726 7728
f 7725 7728 7727
f 7727 7728 7730
f 7727 7730 7729
f 7729 7730 7732
f 7729 7732 7731
f 7731 7732 7734
f 7731 7734 7733
f 7733 7734 7736
f 7733 7736 7735
f 7735 7736 7738
f 7735 7738 7737
f 7737 7738 7740
f 7737 7740 7739
f 7739 7740 7742
f 7739 7742 7741
f 7741 7742 7744
f 7741 7744 7743
f 7743 7744 7746
f 7743 7746 7745
f 7745 7746 7748
f 7745 7748 7747
f 7747 7748 7750
f 7747 7750 7749
f 7749 7750 7752
f 7749 7752 7751
f 7751 7752 7754
f 7751 7754 7753
f 7755 7756 7758
f 7755 7758 7757
f 7757 7758 7760
f 7757 7760 7759
f 7759 7760 7762
f 7759 7762 7761
f 7761 7762 7764
f 7761 7764 7763
f 7763 7764 7766
f 7763 7766 7765
f 7765 7766 7768
f 7765 7768 7767
f 7767 7768 7770
f 7767 7770 7769
f 7769 7770 7772
f 7769 7772 7771
f 7771 7772 7774
f 7771 7774 7773
f 7773 7774 7776
f 7773 7776 7775
f 7775 7776 7778
f 7775 7778 7777
f 7777 7778 7780
f 7777 7780 7779
f 7779 7780 7782
f 7779 7782 7781
f 7781 7782 7784
f 7781 7784 7783
f 7783 7784 7786
f 7783 7786 7785
f 7785 7786 7788
f 7785 7788 7787
f 7787 7788 7790
f 7787 7790 7789
f 7789 7790 7792
f 7789 7792 7791
f 7791 7792 7794
f 7791 7794 7793
f 7793 7794 7796
f 7793 7796 7795
f 7795 7796 7798
f 7795 7798 7797
f 7797 7798 7800
f 7797 7800 7799
f 7799 7800 7802
f 7799 7802 7801
f 7801 7802 7804
f 7801 7804 7803
f 7803 7804 7806
f 7803 7806 7805
f 7805 7806 7808
f 7805 7808 7807
f 7807 7808 7810
f 7807 7810 7809
f 7809 7810 7812
f 7809 7812 7811
f 7811 7812 7814
f 7811 7814 7813
f 7813 7814 7816
f 7813 7816 7815
f 7815 7816 7818
f 7815 7818 7817
f 7817 7818 7820
f 7817 7820 7819
f 7819 7820 7822
f 7819 7822 7821
f 7821 7822 7824
f 7821 7824 7823
f 7823 7824 7826
f 7823 7826 7825
f 7825 7826 7828
f 7825 7828 7827
f 7829 7830 7832
f 7829 7832 7831
f 7831 7832 7834
f 7831 7834 7833
f 7833 7834 7836
f 7833 7836 7835
f 7835 7836 7838
f 7835 7838 7837
f 7837 7838 7840
f 7837 7840 7839
f 7839 7840 7842
f 7839 7842 7841
f 7841 7842 7844
f 7841 7844 7843
f 7843 7844 7846
f 7843 7846 7845
f 7845 7846 7848
f 7845 7848 7847
f 7847 7848 7850
f 7847 7850 7849
f 7849 7850 7852
f 7849 7852 7851
f 7851 7852 7854
f 7851 7854 7853
f 7853 7854 7856
f 7853 7856 7855
f 7855 7856 7858
f 7855 7858 7857
f 7857 7858 7860
f 7857 7860 7859
f 7859 7860 7862
f 7859 7862 7861
f 7861 7862 7864
f 7861 7864 7863
f 7865 7866 7868
f 7865 7868 7867
f 7867 7868 7870
f 7867 7870 7869
f 7869 7870 7872
f 7869 7872 7871
f 7871 7872 7874
f 7871 7874 7873
f 7873 7874 7876
f 7873 7876 7875
f 7875 7876 7878
f 7875 7878 7877
f 7877 7878 7880
f 7877 7880 7879
f 7879 7880 7882
f 7879 7882 7881
f 7881 7882 7884
f 7881 7884 7883
f 7883 7884 7886
f 7883 7886 7885
f 7885 7886 7888
f 7885 7888 7887
f 7887 7888 7890
f 7887 7890 7889
f 7889 7890 7892
f 7889 7892 7891
f 7891 7892 7894
f 7891 7894 7893
f 7893 7894 7896
f 7893 7896 7895
f 7895 7896 7898
f 7895 7898 7897
f 7897 7898 7900
f 7897 7900 7899
f 7899 7900 7902
f 7899 7902 7901
f 7901 7902 7904
f 7901 7904 7903
f 7903 7904 7906
f 7903 7906 7905
f 7905 7906 7908
f 7905 7908 7907
f 7907 7908 7910
f 7907 7910 7909
f 7909 7910 7912
f 7909 7912 7911
f 7911 7912 7914
f 7911 7914 7913
f 7913 7914 7916
f 7913 7916 7915
f 7915 7916 7918
f 7915 7918 7917
f 7917 7918 7920
f 7917 7920 7919
f 7919 7920 7922
f 7919 7922 7921
f 7921 7922 7924
f 7921 7924 7923
f 7923 7924 7926
f 7923 7926 7925
f 7925 7926 7928
f 7925 7928 7927
f 7929 7930 7932
f 7929 7932 7931
f 7931 7932 7934
f 7931 7934 7933
f 7933 7934 7936
f 7933 7936 7935
f 7935 7936 7938
f 7935 7938 7937
f 7937 7938 7940
f 7937 7940 7939
f 7939 7940 7942
f 7939 7942 7941
f 7941 7942 7944
f 7941 7944 7943
f 7943 7944 7946
f 7943 7946 7945
f 7945 7946 7948
f 7945 7948 7947
f 7947 7948 7950
f 7947 7950 7949
f 7949 7950 7952
f 7949 7952 7951
f 7951 7952 7954
f 7951 7954 7953
f 7953 7954 7956
f 7953 7956 7955
f 7955 7956 7958
f 7955 7958 7957
f 7957 7958 7960
f 7957 7960 7959
f 7959 7960 7962
f 7959 7962 7961
f 7961 7962 7964
f 7961 7964 7963
f 7963 7964 7966
f 7963 7966 7965
f 7965 7966 7968
f 7965 7968 7967
f 7967 7968 7970
f 7967 7970 7969
f 7969 7970 7972
f 7969 7972 7971
f 7971 7972 7974
f 7971 7974 7973
f 7973 7974 7976
f 7973 7976 7975
f 7975 7976 7978
f 7975 7978 7977
f 7977 7978 7980
f 7977 7980 7979
f 7979 7980 7982
f 7979 7982 7981
f 7981 7982 7984
f 7981 7984 7983
f 7983 7984 7986
f 7983 7986 7985
f 7985 7986 7988
f 7985 7988 7987
f 7987 7988 7990
f 7987 7990 7989
f 7989 7990 7992
f 7989 7992 7991
f 7991 7992 7994
f 7991 7994 7993
f 7993 7994 7996
f 7993 7996 7995
f 7995 7996 7998
f 7995 7998 7997
f 7997 7998 8000
f 7997 8000 7999
f 7999 8000 8002
f 7999 8002 8001
f 8001 8002 8004
f 8001 8004 8003
f 8003 8004 8006
f 8003 8006 8005
f 8005 8006 8008
f 8005 8008 8007
f 8007 8008 8010
f 8007 8010 8009
f 8009 8010 8012
f 8009 8012 8011
f 8011 8012 8014
f 8011 8014 8013
f 8013 8014 8016
f 8013 8016 8015
f 8015 8016 8018
f 8015 8018 8017
f 8017 8018 8020
f 8017 8020 8019
f 8019 8020 8022
f 8019 8022 8021
f 8021 8022 8024
f 8021 8024 8023
f 8023 8024 8026
f 8023 8026 8025
f 8025 8026 8028
f 8025 8028 8027
f 8027 8028 8030
f 8027 8030 8029
f 8031 8032 8034
f 8031 8034 8033
f 8033 8034 8036
f 8033 8036 8035
f 8035 8036 8038
f 8035 8038 8037
f 8037 8038 8040
f 8037 8040 8039
f 8039 8040 8042
f 8039 8042 8041
f 8041 8042 8044
f 8041 8044 8043
f 8043 8044 8046
f 8043 8046 8045
f 8045 8046 8048
f 8045 8048 8047
f 8047 8048 8050
f 8047 8050 8049
f 8049 8050 8052
f 8049 8052 8051
f 8051 8052 8054
f 8051 8054 8053
f 8053 8054 8056
f 8053 8056 8055
f 8055 8056 8058
f 8055 8058 8057
f 8057 8058 8060
f 8057 8060 8059
f 8059 8060 8062
f 8059 8062 8061
f 8061 8062 8064
f 8061 8064 8063
f 8063 8064 8066
f 8063 8066 8065
f 8065 8066 8068
f 8065 8068 8067
f 8067 8068 8070
f 8067 8070 8069
f 8069 8070 8072
f 8069 8072 8071
f 8071 8072 8074
f 8071 8074 8073
f 8073 8074 8076
f 8073 8076 8075
f 8077 8078 8080
f 8077 8080 8079
f 8079 8080 8082
f 8079 8082 8081
f 8081 8082 8084
f 8081 8084 8083
f 8083 8084 8086
f 8083 8086 8085
f 8085 8086 8088
f 8085 8088 8087
f 8087 8088 8090
f 8087 8090 8089
f 8089 8090 8092
f 8089 8092 8091
f 8091 8092 8094
f 8091 8094 8093
f 8093 8094 8096
f 8093 8096 8095
f 8095 8096 8098
f 8095 8098 8097
f 8097 8098 8100
f 8097 8100 8099
f 8099 8100 8102
f 8099 8102 8101
f 8101 8102 8104
f 8101 8104 8103
f 8103 8104 8106
f 8103 8106 8105
f 8105 8106 8108
f 8105 8108 8107
f 8107 8108 8110
f 8107 8110 8109
f 8109 8110 8112
f 8109 8112 8111
f 8111 8112 8114
f 8111 8114 8113
f 8113 8114 8116
f 8113 8116 8115
f 8115 8116 8118
f 8115 8118 8117
f 8117 8118 8120
f 8117 8120 8119
f 8119 8120 8122
f 8119 8122 8121
f 8121 8122 8124
f 8121 8124 8123
f 8123 8124 8126
f 8123 8126 8125
f 8125 8126 8128
f 8125 8128 8127
f 8127 8128 8130
f 8127 8130 8129
f 8129 8130 8132
f 8129 8132 8131
f 8131 8132 8134
f 8131 8134 8133
f 8135 8136 8138
f 8135 8138 8137
f 8137 8138 8140
f 8137 8140 8139
f 8139 8140 8142
f 8139 8142 8141
f 8141 8142 8144
f 8141 8144 8143
f 8143 8144 8146
f 8143 8146 8145
f 8145 8146 8148
f 8145 8148 8147
f 8147 8148 8150
f 8147 8150 8149
f 8149 8150 8152
f 8149 8152 8151
f 8151 8152 8154
f 8151 8154 8153
f 8153 8154 8156
f 8153 8156 8155
f 8155 8156 8158
f 8155 8158 8157
f 8157 8158 8160
f 8157 8160 8159
f 8159 8160 8162
f 8159 8162 8161
f 8161 8162 8164
f 8161 8164 8163
f 8163 8164 8166
f 8163 8166 8165
f 8165 8166 8168
f 8165 8168 8167
f 8167 8168 8170
f 8167 8170 8169
f 8169 8170 8172
f 8169 8172 8171
f 8171 8172 8174
f 8171 8174 8173
f 8173 8174 8176
f 8173 8176 8175
f 8177 8178 8180
f 8177 8180 8179
f 8179 8180 8182
f 8179 8182 8181
f 8181 8182 8184
f 8181 8184 8183
f 8183 8184 8186
f 8183 8186 8185
f 8185 8186 8188
f 8185 8188 8187
f 8187 8188 8190
f 8187 8190 8189
f 8189 8190 8192
f 8189 8192 8191
f 8191 8192 8194
f 8191 8194 8193
f 8193 8194 8196
f 8193 8196 8195
f 8195 8196 8198
f 8195 8198 8197
f 8197 8198 8200
f 8197 8200 8199
f 8201 8202 8204
f 8201 8204 8203
f 8203 8204 8206
f 8203 8206 8205
f 8205 8206 8208
f 8205 8208 8207
f 8207 8208 8210
f 8207 8210 8209
f 8209 8210 8212
f 8209 8212 8211
f 8211 8212 8214
f 8211 8214 8213
f 8213 8214 8216
f 8213 8216 8215
f 8215 8216 8218
f 8215 8218 8217
f 8217 8218 8220
f 8217 8220 8219
f 8219 8220 8222
f 8219 8222 8221
f 8221 8222 8224
f 8221 8224 8223
f 8223 8224 8226
f 8223 8226 8225
f 8225 8226 8228
f 8225 8228 8227
f 8227 8228 8230
f 8227 8230 8229
f 8229 8230 8232
f 8229 8232 8231
f 8231 8232 8234
f 8231 8234 8233
f 8233 8234 8236
f 8233 8236 8235
f 8235 8236 8238
f 8235 8238 8237
f 8237 8238 8240
f 8237 8240 8239
f 8239 8240 8242
f 8239 8242 8241
f 8241 8242 8244
f 8241 8244 8243
f 8243 8244 8246
f 8243 8246 8245
f 8245 8246 8248
f 8245 8248 8247
f 8247 8248 8250
f 8247 8250 8249
f 8251 8252 8254
f 8251 8254 8253
f 8253 8254 8256
f 8253 8256 8255
f 8255 8256 8258
f 8255 8258 8257
f 8257 8258 8260
f 8257 8260 8259
f 8259 8260 8262
f 8259 8262 8261
f 8261 8262 8264
f 8261 8264 8263
f 8263 8264 8266
f 8263 8266 8265
f 8265 8266 8268
f 8265 8268 8267
f 8267 8268 8270
f 8267 8270 8269
f 8269 8270 8272
f 8269 8272 8271
f 8271 8272 8274
f 8271 8274 8273
f 8273 8274 8276
f 8273 8276 8275
f 8275 8276 8278
f 8275 8278 8277
f 8277 8278 8280
f 8277 8280 8279
f 8279 8280 8282
f 8279 8282 8281
f 8281 8282 8284
f 8281 8284 8283
f 8283 8284 8286
f 8283 8286 8285
f 8285 8286 8288
f 8285 8288 8287
f 8287 8288 8290
f 8287 8290 8289
f 8289 8290 8292
f 8289 8292 8291
f 8291 8292 8294
f 8291 8294 8293
f 8293 8294 8296
f 8293 8296 8295
f 8295 8296 8298
f 8295 8298 8297
f 8297 8298 8300
f 8297 8300 8299
f 8299 8300 8302
f 8299 8302 8301
f 8303 8304 8306
f 8303 8306 8305
f 8305 8306 8308
f 8305 8308 8307
f 8307 8308 8310
f 8307 8310 8309
f 8309 8310 8312
f 8309 8312 8311
f 8311 8312 8314
f 8311 8314 8313
f 8313 8314 8316
f 8313 8316 8315
f 8315 8316 8318
f 8315 8318 8317
f 8317 8318 8320
f 8317 8320 8319
f 8319 8320 8322
f 8319 8322 8321
f 8321 8322 8324
f 8321 8324 8323
f 8323 8324 8326
f 8323 8326 8325
f 8325 8326 8328
f 8325 8328 8327
f 8327 8328 8330
f 8327 8330 8329
f 8329 8330 8332
f 8329 8332 8331
f 8331 8332 8334
f 8331 8334 8333
f 8333 8334 8336
f 8333 8336 8335
f 8335 8336 8338
f 8335 8338 8337
f 8337 8338 8340
f 8337 8340 8339
f 8339 8340 8342
f 8339 8342 8341
f 8341 8342 8344
f 8341 8344 8343
f 8343 8344 8346
f 8343 8346 8345
f 8345 8346 8348
f 8345 8348 8347
f 8349 8350 8352
f 8349 8352 8351
f 8351 8352 8354
f 8351 8354 8353
f 8353 8354 8356
f 8353 8356 8355
f 8355 8356 8358
f 8355 8358 8357
f 8357 8358 8360
f 8357 8360 8359
f 8359 8360 8362
f 8359 8362 8361
f 8361 8362 8364
f 8361 8364 8363
f 8363 8364 8366
f 8363 8366 8365
f 8365 8366 8368
f 8365 8368 8367
f 8367 8368 8370
f 8367 8370 8369
f 8369 8370 8372
f 8369 8372 8371
f 8371 8372 8374
f 8371 8374 8373
f 8373 8374 8376
f 8373 8376 8375
f 8375 8376 8378
f 8375 8378 8377
f 8379 8380 8382
f 8379 8382 8381
f 8381 8382 8384
f 8381 8384 8383
f 8383 8384 8386
f 8383 8386 8385
f 8385 8386 8388
f 8385 8388 8387
f 8387 8388 8390
f 8387 8390 8389
f 8389 8390 8392
f 8389 8392 8391
f 8391 8392 8394
f 8391 8394 8393
f 8393 8394 8396
f 8393 8396 8395
f 8395 8396 8398
f 8395 8398 8397
f 8397 8398 8400
f 8397 8400 8399
f 8399 8400 8402
f 8399 8402 8401
f 8401 8402 8404
f 8401 8404 8403
f 8403 8404 8406
f 8403 8406 8405
f 8405 8406 8408
f 8405 8408 8407
f 8407 8408 8410
f 8407 8410 8409
f 8409 8410 8412
f 8409 8412 8411
f 8411 8412 8414
f 8411 8414 8413
f 8413 8414 8416
f 8413 8416 8415
f 8415 8416 8418
f 8415 8418 8417
f 8417 8418 8420
f 8417 8420 8419
f 8419 8420 8422
f 8419 8422 8421
f 8421 8422 8424
f 8421 8424 8423
f 8423 8424 8426
f 8423 8426 8425
f 8425 8426 8428
f 8425 8428 8427
f 8427 8428 8430
f 8427 8430 8429
f 8429 8430 8432
f 8429 8432 8431
f 8431 8432 8434
f 8431 8434 8433
f 8435 8436 8438
f 8435 8438 8437
f 8437 8438 8440
f 8437 8440 8439
f 8439 8440 8442
f 8439 8442 8441
f 8441 8442 8444
f 8441 8444 8443
f 8445 8446 8448
f 8445 8448 8447
f 8447 8448 8450
f 8447 8450 8449
f 8449 8450 8452
f 8449 8452 8451
f 8451 8452 8454
f 8451 8454 8453
f 8455 8456 8458
f 8455 8458 8457
f 8457 8458 8460
f 8457 8460 8459
f 8459 8460 8462
f 8459 8462 8461
f 8461 8462 8464
f 8461 8464 8463
f 8463 8464 8466
f 8463 8466 8465
f 8465 8466 8468
f 8465 8468 8467
f 8467 8468 8470
f 8467 8470 8469
f 8471 8472 8474
f 8471 8474 8473
f 8473 8474 8476
f 8473 8476 8475
f 8475 8476 8478
f 8475 8478 8477
f 8477 8478 8480
f 8477 8480 8479
f 8479 8480 8482
f 8479 8482 8481
f 8481 8482 8484
f 8481 8484 8483
f 8483 8484 8486
f 8483 8486 8485
f 8485 8486 8488
f 8485 8488 8487
f 8487 8488 8490
f 8487 8490 8489
f 8489 8490 8492
f 8489 8492 8491
f 8491 8492 8494
f 8491 8494 8493
f 8493 8494 8496
f 8493 8496 8495
f 8495 8496 8498
f 8495 8498 8497
f 8497 8498 8500
f 8497 8500 8499
f 8499 8500 8502
f 8499 8502 8501
f 8501 8502 8504
f 8501 8504 8503
f 8503 8504 8506
f 8503 8506 8505
f 8507 8508 8510
f 8507 8510 8509
f 8509 8510 8512
f 8509 8512 8511
f 8511 8512 8514
f 8511 8514 8513
f 8513 8514 8516
f 8513 8516 8515
f 8515 8516 8518
f 8515 8518 8517
f 8517 8518 8520
f 8517 8520 8519
