station_id,station_name,datetime,temperature_celsius,precipitation_1min_mm,precipitation_occurrence,wind_direction_deg,wind_speed_ms,humidity_percent
557,기린,04/04/2019 00:01,4.7,0,0,244.4,2.1,41
557,기린,04/04/2019 00:02,4.7,0,0,252.8,1.8,41
557,기린,04/04/2019 00:03,4.7,0,0,259.1,3.6,41
557,기린,04/04/2019 00:04,4.7,0,0,271.7,1.7,41
557,기린,04/04/2019 00:05,4.8,0,0,231.5,2.3,40
557,기린,04/04/2019 00:06,4.9,0,0,246.6,1.5,40
557,기린,04/04/2019 00:07,4.9,0,0,288.7,0.5,40
557,기린,04/04/2019 00:08,4.9,0,0,267.9,3,39
557,기린,04/04/2019 00:09,4.8,0,0,305.6,0.6,40
557,기린,04/04/2019 00:10,4.8,0,0,208.6,1.6,40
557,기린,04/04/2019 00:11,4.7,0,0,242.5,2.7,40
557,기린,04/04/2019 00:12,4.6,0,0,247.5,2.1,41
557,기린,04/04/2019 00:13,4.7,0,0,258,1.2,41
557,기린,04/04/2019 00:14,4.6,0,0,237,1.6,41
557,기린,04/04/2019 00:15,4.6,0,0,245.1,2.6,41
557,기린,04/04/2019 00:16,4.6,0,0,258.8,1.4,41
557,기린,04/04/2019 00:17,4.6,0,0,270.9,1.4,41
557,기린,04/04/2019 00:18,4.6,0,0,238.3,1.7,41
557,기린,04/04/2019 00:19,4.6,0,0,239.6,2.6,41
557,기린,04/04/2019 00:20,4.6,0,0,255.5,1.3,41
557,기린,04/04/2019 00:21,4.6,0,0,243.8,1.8,41
557,기린,04/04/2019 00:22,4.6,0,0,255.1,0.8,41
557,기린,04/04/2019 00:23,4.5,0,0,268,0.7,41
557,기린,04/04/2019 00:24,4.6,0,0,260.6,0.9,41
557,기린,04/04/2019 00:25,4.6,0,0,249.9,1.8,41
557,기린,04/04/2019 00:26,4.6,0,0,250.6,3.3,41
557,기린,04/04/2019 00:27,4.6,0,0,262.5,2.7,41
557,기린,04/04/2019 00:28,4.6,0,0,262.3,1.4,41
557,기린,04/04/2019 00:29,4.7,0,0,282.9,2.1,40
557,기린,04/04/2019 00:30,4.6,0,0,279,1.4,41
557,기린,04/04/2019 00:31,4.5,0,0,299.2,1,41
557,기린,04/04/2019 00:32,4.5,0,0,256.6,1.7,41
557,기린,04/04/2019 00:33,4.6,0,0,287.1,1.4,40
557,기린,04/04/2019 00:34,4.6,0,0,259,1.3,41
557,기린,04/04/2019 00:35,4.5,0,0,293,1.6,40
557,기린,04/04/2019 00:36,4.5,0,0,244.1,2.1,40
557,기린,04/04/2019 00:37,4.5,0,0,249.5,3.3,41
557,기린,04/04/2019 00:38,4.6,0,0,287.8,3.2,40
557,기린,04/04/2019 00:39,4.5,0,0,271.7,1.3,41
557,기린,04/04/2019 00:40,4.5,0,0,259,1.8,41
557,기린,04/04/2019 00:41,4.6,0,0,269.9,3.2,40
557,기린,04/04/2019 00:42,4.6,0,0,262.4,0.9,40
557,기린,04/04/2019 00:43,4.5,0,0,294.3,0.7,40
557,기린,04/04/2019 00:44,4.4,0,0,279.7,2.2,41
557,기린,04/04/2019 00:45,4.4,0,0,260.2,1.9,41
557,기린,04/04/2019 00:46,4.4,0,0,267.9,0.8,41
557,기린,04/04/2019 00:47,4.3,0,0,265.1,1.8,41
557,기린,04/04/2019 00:48,4.3,0,0,251.5,2.8,41
557,기린,04/04/2019 00:49,4.3,0,0,244.7,1.1,41
557,기린,04/04/2019 00:50,4.3,0,0,253.3,2.2,42
557,기린,04/04/2019 00:51,4.3,0,0,284.2,1.6,42
557,기린,04/04/2019 00:52,4.4,0,0,271.6,0.7,41
557,기린,04/04/2019 00:53,4.3,0,0,250.4,0.9,41
557,기린,04/04/2019 00:54,4.3,0,0,262.2,1.1,41
557,기린,04/04/2019 00:55,4.2,0,0,265.1,1.3,41
557,기린,04/04/2019 00:56,4.3,0,0,250,1.4,41
557,기린,04/04/2019 00:57,4.3,0,0,249.4,2.9,41
557,기린,04/04/2019 00:58,4.4,0,0,243.7,2.4,41
557,기린,04/04/2019 00:59,4.4,0,0,267.9,0.5,41
557,기린,04/04/2019 01:00,4.3,0,0,281.6,2.1,41
557,기린,04/04/2019 01:01,4.3,0,0,278.1,1.2,41
557,기린,04/04/2019 01:02,4.3,0,0,298.6,0.9,41
557,기린,04/04/2019 01:03,4.3,0,0,278.1,2.6,41
557,기린,04/04/2019 01:04,4.3,0,0,273.9,1.8,41
557,기린,04/04/2019 01:05,4.3,0,0,276.8,2.1,41
557,기린,04/04/2019 01:06,4.3,0,0,266.5,1.3,41
557,기린,04/04/2019 01:07,4.3,0,0,256.1,2.9,41
557,기린,04/04/2019 01:08,4.2,0,0,250.9,1.4,41
557,기린,04/04/2019 01:09,4.3,0,0,267.7,2,41
557,기린,04/04/2019 01:10,4.1,0,0,298.1,1.7,41
557,기린,04/04/2019 01:11,3.7,0,0,313.5,3.4,43
557,기린,04/04/2019 01:12,3.4,0,0,13.1,2,44
557,기린,04/04/2019 01:13,3.2,0,0,353.4,2.7,45
557,기린,04/04/2019 01:14,3.2,0,0,317.7,1.7,46
557,기린,04/04/2019 01:15,3,0,0,345.7,1.7,47
557,기린,04/04/2019 01:16,2.9,0,0,355.2,2.1,47
557,기린,04/04/2019 01:17,3,0,0,336.2,1.9,47
557,기린,04/04/2019 01:18,2.9,0,0,349.5,1.9,47
557,기린,04/04/2019 01:19,2.8,0,0,358.4,1.3,48
557,기린,04/04/2019 01:20,2.8,0,0,349,1.3,48
557,기린,04/04/2019 01:21,2.9,0,0,341.7,0.9,48
557,기린,04/04/2019 01:22,2.8,0,0,338.3,1.1,48
557,기린,04/04/2019 01:23,2.9,0,0,319.2,1.9,48
557,기린,04/04/2019 01:24,2.9,0,0,293.7,3.5,48
557,기린,04/04/2019 01:25,2.8,0,0,325.7,1.1,48
557,기린,04/04/2019 01:26,2.6,0,0,330.6,2.9,49
557,기린,04/04/2019 01:27,2.5,0,0,358.3,2.7,49
557,기린,04/04/2019 01:28,2.8,0,0,300.7,0.4,49
557,기린,04/04/2019 01:29,2.6,0,0,334.9,2.4,49
557,기린,04/04/2019 01:30,2.2,0,0,339.3,1.7,50
557,기린,04/04/2019 01:31,1.9,0,0,351.3,1.9,52
557,기린,04/04/2019 01:32,1.5,0,0,336.6,1.9,54
557,기린,04/04/2019 01:33,1.4,0,0,0,1.6,55
557,기린,04/04/2019 01:34,1.4,0,0,353.2,0.8,57
557,기린,04/04/2019 01:35,1.4,0,0,14.4,1.1,57
557,기린,04/04/2019 01:36,1.4,0,0,16.5,0.9,57
557,기린,04/04/2019 01:37,1.4,0,0,50.8,1.3,57
557,기린,04/04/2019 01:38,1.4,0,0,70.5,0.3,57
557,기린,04/04/2019 01:39,1.3,0,0,304.6,0.9,57
557,기린,04/04/2019 01:40,1.3,0,0,238.7,0.4,58
557,기린,04/04/2019 01:41,1.3,0,0,337.7,1.2,57
557,기린,04/04/2019 01:42,1.7,0,0,70.9,1.4,56
557,기린,04/04/2019 01:43,2,0,0,115.5,0.4,54
557,기린,04/04/2019 01:44,2,0,0,6.9,0.7,53
557,기린,04/04/2019 01:45,1.7,0,0,9,1.2,53
557,기린,04/04/2019 01:46,1.6,0,0,43.1,0.8,54
557,기린,04/04/2019 01:47,1.5,0,0,11,1.7,54
557,기린,04/04/2019 01:48,1.6,0,0,348.4,0.8,54
557,기린,04/04/2019 01:49,1.4,0,0,39,0.3,55
557,기린,04/04/2019 01:50,1.5,0,0,93.7,0.6,55
557,기린,04/04/2019 01:51,1.6,0,0,172.8,0,55
557,기린,04/04/2019 01:52,1.5,0,0,340.7,0.4,55
557,기린,04/04/2019 01:53,1.4,0,0,27.4,0.4,55
557,기린,04/04/2019 01:54,1.3,0,0,18.7,1,56
557,기린,04/04/2019 01:55,1.2,0,0,14.2,0.9,56
557,기린,04/04/2019 01:56,1.2,0,0,26.3,0.3,56
557,기린,04/04/2019 01:57,1.3,0,0,50.2,0.5,56
557,기린,04/04/2019 01:58,1.2,0,0,332.8,0.9,55
557,기린,04/04/2019 01:59,1.2,0,0,307.5,0.2,56
557,기린,04/04/2019 02:00,1.1,0,0,338.8,0,56
557,기린,04/04/2019 02:01,1.3,0,0,265,0,56
557,기린,04/04/2019 02:02,1.3,0,0,356.2,0.3,55
557,기린,04/04/2019 02:03,1,0,0,25.2,0.8,55
557,기린,04/04/2019 02:04,1,0,0,14.8,0.2,56
557,기린,04/04/2019 02:05,0.8,0,0,341.1,0.5,57
557,기린,04/04/2019 02:06,0.7,0,0,35,1,58
557,기린,04/04/2019 02:07,0.7,0,0,8.5,1.3,58
557,기린,04/04/2019 02:08,0.8,0,0,306.4,0.1,58
557,기린,04/04/2019 02:09,1,0,0,67.9,0.4,58
557,기린,04/04/2019 02:10,1,0,0,342.9,1.4,58
557,기린,04/04/2019 02:11,0.9,0,0,349.5,1.4,57
557,기린,04/04/2019 02:12,0.7,0,0,59.9,1.2,58
557,기린,04/04/2019 02:13,0.7,0,0,107.1,0.6,58
557,기린,04/04/2019 02:14,0.8,0,0,135.7,0.3,59
557,기린,04/04/2019 02:15,0.9,0,0,3.3,0.7,58
557,기린,04/04/2019 02:16,0.9,0,0,343,1.4,58
557,기린,04/04/2019 02:17,0.8,0,0,21.3,1.3,58
557,기린,04/04/2019 02:18,0.7,0,0,23.8,0,58
557,기린,04/04/2019 02:19,0.6,0,0,258.2,0.6,59
557,기린,04/04/2019 02:20,0.8,0,0,293.3,0.1,59
557,기린,04/04/2019 02:21,0.9,0,0,68.6,0.9,58
557,기린,04/04/2019 02:22,0.9,0,0,16.2,1.1,57
557,기린,04/04/2019 02:23,0.7,0,0,350.8,1.3,57
557,기린,04/04/2019 02:24,0.6,0,0,12.5,1.1,58
557,기린,04/04/2019 02:25,0.5,0,0,349.9,0.2,59
557,기린,04/04/2019 02:26,0.4,0,0,293,0.7,59
557,기린,04/04/2019 02:27,0.2,0,0,200.1,0.9,60
557,기린,04/04/2019 02:28,0.2,0,0,236.2,0.6,61
557,기린,04/04/2019 02:29,0.2,0,0,304.3,0,62
557,기린,04/04/2019 02:30,0.1,0,0,337.3,0.9,62
557,기린,04/04/2019 02:31,0,0,0,8.6,0.6,62
557,기린,04/04/2019 02:32,0,0,0,33,0.3,62
557,기린,04/04/2019 02:33,0.1,0,0,75,0.6,62
557,기린,04/04/2019 02:34,0.1,0,0,49.7,0.1,62
557,기린,04/04/2019 02:35,0.2,0,0,92.5,0.7,62
557,기린,04/04/2019 02:36,0.3,0,0,138.1,1.2,62
557,기린,04/04/2019 02:37,0.6,0,0,175.5,0.7,61
557,기린,04/04/2019 02:38,0.4,0,0,231,0.8,60
557,기린,04/04/2019 02:39,0.2,0,0,296.9,0.5,61
557,기린,04/04/2019 02:40,0.1,0,0,9.2,0.7,61
557,기린,04/04/2019 02:41,0,0,0,6.3,0.8,61
557,기린,04/04/2019 02:42,-0.1,0,0,340.8,1.2,62
557,기린,04/04/2019 02:43,-0.2,0,0,327.5,1.8,62
557,기린,04/04/2019 02:44,-0.2,0,0,350.6,1.5,62
557,기린,04/04/2019 02:45,-0.2,0,0,17.5,0.5,63
557,기린,04/04/2019 02:46,-0.3,0,0,353.2,0.5,63
557,기린,04/04/2019 02:47,-0.3,0,0,354.5,0.6,63
557,기린,04/04/2019 02:48,-0.4,0,0,356.9,0,63
557,기린,04/04/2019 02:49,-0.5,0,0,289.8,0.6,63
557,기린,04/04/2019 02:50,-0.5,0,0,315.1,0.3,64
557,기린,04/04/2019 02:51,-0.5,0,0,343.2,0.8,64
557,기린,04/04/2019 02:52,-0.6,0,0,10,0.3,64
557,기린,04/04/2019 02:53,-0.7,0,0,111.9,0.1,64
557,기린,04/04/2019 02:54,-0.6,0,0,192.3,0.9,65
557,기린,04/04/2019 02:55,-0.5,0,0,178.3,0.7,65
557,기린,04/04/2019 02:56,-0.4,0,0,167,0.2,65
557,기린,04/04/2019 02:57,-0.4,0,0,139.5,0.7,64
557,기린,04/04/2019 02:58,-0.4,0,0,138.5,1.2,65
557,기린,04/04/2019 02:59,-0.4,0,0,141.8,0.6,64
557,기린,04/04/2019 03:00,-0.5,0,0,211,1.3,64
557,기린,04/04/2019 03:01,-0.7,0,0,276.9,1.1,64
557,기린,04/04/2019 03:02,-0.8,0,0,293.8,0.3,65
557,기린,04/04/2019 03:03,-0.9,0,0,260,0,66
557,기린,04/04/2019 03:04,-0.8,0,0,101.3,0.4,66
557,기린,04/04/2019 03:05,-0.8,0,0,17.7,1.1,66
557,기린,04/04/2019 03:06,-1,0,0,21.5,0.6,66
557,기린,04/04/2019 03:07,-1,0,0,103.1,0.3,66
557,기린,04/04/2019 03:08,-0.8,0,0,132.2,0.1,67
557,기린,04/04/2019 03:09,-0.8,0,0,85,0.7,67
557,기린,04/04/2019 03:10,-0.8,0,0,33.6,1.3,67
557,기린,04/04/2019 03:11,-0.9,0,0,14.4,1.2,66
557,기린,04/04/2019 03:12,-1,0,0,43.5,1.2,67
557,기린,04/04/2019 03:13,-1,0,0,72.9,0.8,67
557,기린,04/04/2019 03:14,-0.9,0,0,116.2,0.4,66
557,기린,04/04/2019 03:15,-0.7,0,0,126.2,0,66
557,기린,04/04/2019 03:16,-0.8,0,0,133.3,0,66
557,기린,04/04/2019 03:17,-0.7,0,0,327,0,66
557,기린,04/04/2019 03:18,-0.8,0,0,265.7,0,66
557,기린,04/04/2019 03:19,-0.8,0,0,325.3,0.9,66
557,기린,04/04/2019 03:20,-1,0,0,3.1,1.4,66
557,기린,04/04/2019 03:21,-0.9,0,0,25.1,0.4,67
557,기린,04/04/2019 03:22,-0.9,0,0,26.1,0.3,67
557,기린,04/04/2019 03:23,-1,0,0,327.7,0.4,67
557,기린,04/04/2019 03:24,-1.1,0,0,309.1,0,67
557,기린,04/04/2019 03:25,-1,0,0,85.8,0.2,67
557,기린,04/04/2019 03:26,-1,0,0,161.1,0.1,67
557,기린,04/04/2019 03:27,-0.9,0,0,134.8,0.2,67
557,기린,04/04/2019 03:28,-1,0,0,84.9,0.4,67
557,기린,04/04/2019 03:29,-1,0,0,79,0.6,67
557,기린,04/04/2019 03:30,-1.1,0,0,64.1,0.5,67
557,기린,04/04/2019 03:31,-1.3,0,0,342.1,1.2,67
557,기린,04/04/2019 03:32,-1.3,0,0,271.2,0.9,67
557,기린,04/04/2019 03:33,-1.2,0,0,298.5,0.2,68
557,기린,04/04/2019 03:34,-1.2,0,0,9.8,0.9,68
557,기린,04/04/2019 03:35,-1.2,0,0,336.3,1.1,68
557,기린,04/04/2019 03:36,-1.3,0,0,338.8,1.1,68
557,기린,04/04/2019 03:37,-1.3,0,0,30,0.6,68
557,기린,04/04/2019 03:38,-1.3,0,0,108.3,1,68
557,기린,04/04/2019 03:39,-1.2,0,0,118.9,0.8,68
557,기린,04/04/2019 03:40,-1.2,0,0,45.1,0.2,68
557,기린,04/04/2019 03:41,-1.1,0,0,336,0.2,67
557,기린,04/04/2019 03:42,-1.2,0,0,39.9,0.1,67
557,기린,04/04/2019 03:43,-1.1,0,0,79.3,0,68
557,기린,04/04/2019 03:44,-1.1,0,0,179.8,0,67
557,기린,04/04/2019 03:45,-1.2,0,0,81.2,0.1,67
557,기린,04/04/2019 03:46,-1.1,0,0,174,0.2,67
557,기린,04/04/2019 03:47,-1.1,0,0,199.6,0,67
557,기린,04/04/2019 03:48,-1.2,0,0,159.6,0.6,67
557,기린,04/04/2019 03:49,-1.2,0,0,195.7,1,67
557,기린,04/04/2019 03:50,-1.2,0,0,221,0.7,67
557,기린,04/04/2019 03:51,-1.2,0,0,200.9,0.5,67
557,기린,04/04/2019 03:52,-1.3,0,0,134,1,67
557,기린,04/04/2019 03:53,-1.2,0,0,155.8,1,67
557,기린,04/04/2019 03:54,-1.2,0,0,144,0.9,66
557,기린,04/04/2019 03:55,-1.1,0,0,159.8,0.4,66
557,기린,04/04/2019 03:56,-1.1,0,0,149.7,0.2,65
557,기린,04/04/2019 03:57,-1.1,0,0,240.5,0,65
557,기린,04/04/2019 03:58,-1.2,0,0,278.8,0,65
557,기린,04/04/2019 03:59,-1.2,0,0,318.8,0.6,66
557,기린,04/04/2019 04:00,-1.4,0,0,257.2,0.1,67
557,기린,04/04/2019 04:01,-1.5,0,0,175.9,0.4,67
557,기린,04/04/2019 04:02,-1.4,0,0,201.8,0,68
557,기린,04/04/2019 04:03,-1.4,0,0,289.7,0,68
557,기린,04/04/2019 04:04,-1.3,0,0,307.7,0.3,68
557,기린,04/04/2019 04:05,-1.5,0,0,354.9,0.4,68
557,기린,04/04/2019 04:06,-1.7,0,0,12.2,0.2,68
557,기린,04/04/2019 04:07,-1.7,0,0,42.5,0.1,68
557,기린,04/04/2019 04:08,-1.5,0,0,26,0,69
557,기린,04/04/2019 04:09,-1.4,0,0,33.6,0,69
557,기린,04/04/2019 04:10,-1.5,0,0,73.4,0,68
557,기린,04/04/2019 04:11,-1.5,0,0,135.4,0,68
557,기린,04/04/2019 04:12,-1.5,0,0,301.4,0,68
557,기린,04/04/2019 04:13,-1.5,0,0,0.1,0.1,68
557,기린,04/04/2019 04:14,-1.6,0,0,25.7,0.1,68
557,기린,04/04/2019 04:15,-1.7,0,0,81.9,0.7,68
557,기린,04/04/2019 04:16,-1.7,0,0,137,0.3,69
557,기린,04/04/2019 04:17,-1.6,0,0,199.5,0,68
557,기린,04/04/2019 04:18,-1.6,0,0,159.5,0.3,68
557,기린,04/04/2019 04:19,-1.6,0,0,199.6,0,68
557,기린,04/04/2019 04:20,-1.5,0,0,1.6,0,67
557,기린,04/04/2019 04:21,-1.5,0,0,349.9,0,67
557,기린,04/04/2019 04:22,-1.6,0,0,37.9,0,67
557,기린,04/04/2019 04:23,-1.7,0,0,146.2,0.1,68
557,기린,04/04/2019 04:24,-1.7,0,0,6.9,0.1,67
557,기린,04/04/2019 04:25,-1.7,0,0,299.6,0,68
557,기린,04/04/2019 04:26,-1.8,0,0,52,0.2,68
557,기린,04/04/2019 04:27,-1.8,0,0,28.6,0.7,68
557,기린,04/04/2019 04:28,-1.8,0,0,42.3,0.3,69
557,기린,04/04/2019 04:29,-1.7,0,0,49.8,0,69
557,기린,04/04/2019 04:30,-1.6,0,0,21.3,0,69
557,기린,04/04/2019 04:31,-1.7,0,0,110.7,0.4,69
557,기린,04/04/2019 04:32,-1.8,0,0,109.3,0.2,68
557,기린,04/04/2019 04:33,-1.8,0,0,77.3,0.1,68
557,기린,04/04/2019 04:34,-1.8,0,0,109.1,0,68
557,기린,04/04/2019 04:35,-1.8,0,0,185.3,0.4,68
557,기린,04/04/2019 04:36,-1.9,0,0,219.3,0,68
557,기린,04/04/2019 04:37,-1.8,0,0,26.8,0.1,68
557,기린,04/04/2019 04:38,-1.9,0,0,299.9,0.1,68
557,기린,04/04/2019 04:39,-1.9,0,0,309,0.1,69
557,기린,04/04/2019 04:40,-2,0,0,335.9,0.4,69
557,기린,04/04/2019 04:41,-2.1,0,0,342.2,0.4,69
557,기린,04/04/2019 04:42,-2.1,0,0,356.1,0.4,70
557,기린,04/04/2019 04:43,-2.1,0,0,349.5,0.5,70
557,기린,04/04/2019 04:44,-2.1,0,0,24.7,0.4,70
557,기린,04/04/2019 04:45,-2,0,0,359.2,0.2,70
557,기린,04/04/2019 04:46,-2,0,0,17.3,0.4,70
557,기린,04/04/2019 04:47,-2,0,0,38.8,0.3,70
557,기린,04/04/2019 04:48,-2,0,0,65.7,0.7,70
557,기린,04/04/2019 04:49,-1.9,0,0,54.6,0.1,70
557,기린,04/04/2019 04:50,-2,0,0,286.5,0,70
557,기린,04/04/2019 04:51,-2,0,0,322.6,0.4,70
557,기린,04/04/2019 04:52,-2.1,0,0,0.9,0.3,70
557,기린,04/04/2019 04:53,-2.2,0,0,51.9,0.6,70
557,기린,04/04/2019 04:54,-2.1,0,0,140.1,0.4,70
557,기린,04/04/2019 04:55,-2.1,0,0,155.1,0.6,70
557,기린,04/04/2019 04:56,-2.1,0,0,139.3,0.2,70
557,기린,04/04/2019 04:57,-2.1,0,0,220.1,0.4,70
557,기린,04/04/2019 04:58,-2,0,0,159.9,0.4,70
557,기린,04/04/2019 04:59,-2,0,0,126.9,0.1,70
557,기린,04/04/2019 05:00,-2,0,0,118.5,0.1,70
557,기린,04/04/2019 05:01,-2.1,0,0,160.6,0.5,70
557,기린,04/04/2019 05:02,-2.1,0,0,136.5,0.7,70
557,기린,04/04/2019 05:03,-2,0,0,168.3,0.6,70
557,기린,04/04/2019 05:04,-1.9,0,0,167.5,0.4,70
557,기린,04/04/2019 05:05,-1.9,0,0,146.1,0.6,70
557,기린,04/04/2019 05:06,-2,0,0,185.5,0.2,69
557,기린,04/04/2019 05:07,-1.9,0,0,187.2,0.4,69
557,기린,04/04/2019 05:08,-1.9,0,0,164.2,0,69
557,기린,04/04/2019 05:09,-1.9,0,0,294.3,0.2,69
557,기린,04/04/2019 05:10,-2.1,0,0,292.2,0.5,69
557,기린,04/04/2019 05:11,-2.1,0,0,303.5,0.2,69
557,기린,04/04/2019 05:12,-2.3,0,0,318.4,0,70
557,기린,04/04/2019 05:13,-2.2,0,0,317.4,0.3,70
557,기린,04/04/2019 05:14,-2.2,0,0,344.6,0,70
557,기린,04/04/2019 05:15,-2.3,0,0,11.9,0.4,70
557,기린,04/04/2019 05:16,-2.3,0,0,8.9,0.5,70
557,기린,04/04/2019 05:17,-2.1,0,0,358.4,0,71
557,기린,04/04/2019 05:18,-2.2,0,0,336.8,0.2,71
557,기린,04/04/2019 05:19,-2.2,0,0,328.1,0.3,71
557,기린,04/04/2019 05:20,-2.2,0,0,24.1,0.3,71
557,기린,04/04/2019 05:21,-2.2,0,0,82.8,0.1,71
557,기린,04/04/2019 05:22,-2.1,0,0,26.3,0.2,71
557,기린,04/04/2019 05:23,-2.2,0,0,0.8,0,71
557,기린,04/04/2019 05:24,-2.2,0,0,187,0,71
557,기린,04/04/2019 05:25,-2.2,0,0,212.3,0,71
557,기린,04/04/2019 05:26,-2.1,0,0,216,0.2,71
557,기린,04/04/2019 05:27,-2.2,0,0,143.7,0.2,71
557,기린,04/04/2019 05:28,-2.2,0,0,124.4,0.2,71
557,기린,04/04/2019 05:29,-2.2,0,0,156.9,0,71
557,기린,04/04/2019 05:30,-2.2,0,0,185.3,0,71
557,기린,04/04/2019 05:31,-2.2,0,0,154.7,0.1,70
557,기린,04/04/2019 05:32,-2.1,0,0,203.6,0.3,70
557,기린,04/04/2019 05:33,-2.1,0,0,181.5,0.7,70
557,기린,04/04/2019 05:34,-2.1,0,0,114.9,0,70
557,기린,04/04/2019 05:35,-2.2,0,0,133.2,0,70
557,기린,04/04/2019 05:36,-2.3,0,0,121.4,0.6,70
557,기린,04/04/2019 05:37,-2.4,0,0,112.4,0.5,70
557,기린,04/04/2019 05:38,-2.4,0,0,99.6,0.3,70
557,기린,04/04/2019 05:39,-2.4,0,0,95.4,0.2,70
557,기린,04/04/2019 05:40,-2.4,0,0,119,0,70
557,기린,04/04/2019 05:41,-2.5,0,0,223.9,0,70
557,기린,04/04/2019 05:42,-2.5,0,0,178.8,0.1,71
557,기린,04/04/2019 05:43,-2.5,0,0,123.8,0.8,71
557,기린,04/04/2019 05:44,-2.5,0,0,121.9,0.7,71
557,기린,04/04/2019 05:45,-2.5,0,0,112.7,0.4,71
557,기린,04/04/2019 05:46,-2.4,0,0,116.3,0,71
557,기린,04/04/2019 05:47,-2.3,0,0,304.8,0.1,71
557,기린,04/04/2019 05:48,-2.5,0,0,295,0.3,71
557,기린,04/04/2019 05:49,-2.6,0,0,295.7,0,71
557,기린,04/04/2019 05:50,-2.6,0,0,18,0,71
557,기린,04/04/2019 05:51,-2.6,0,0,69.8,0,71
557,기린,04/04/2019 05:52,-2.6,0,0,63.7,0.1,72
557,기린,04/04/2019 05:53,-2.6,0,0,40.7,0.2,72
557,기린,04/04/2019 05:54,-2.6,0,0,16.7,0.1,72
557,기린,04/04/2019 05:55,-2.7,0,0,353.8,0.4,72
557,기린,04/04/2019 05:56,-2.7,0,0,3,0.2,72
557,기린,04/04/2019 05:57,-2.7,0,0,20,0.2,72
557,기린,04/04/2019 05:58,-2.8,0,0,53.7,0.5,72
557,기린,04/04/2019 05:59,-2.8,0,0,46.7,0.4,72
557,기린,04/04/2019 06:00,-2.6,0,0,62.5,0,72
557,기린,04/04/2019 06:01,-2.5,0,0,3.1,0,72
557,기린,04/04/2019 06:02,-2.6,0,0,242.9,0,72
557,기린,04/04/2019 06:03,-2.6,0,0,168,0,72
557,기린,04/04/2019 06:04,-2.5,0,0,171.6,0,72
557,기린,04/04/2019 06:05,-2.5,0,0,204.7,0.1,72
557,기린,04/04/2019 06:06,-2.5,0,0,198.6,0.6,72
557,기린,04/04/2019 06:07,-2.4,0,0,211.7,0,72
557,기린,04/04/2019 06:08,-2.5,0,0,211.2,0.2,72
557,기린,04/04/2019 06:09,-2.6,0,0,212,0,72
557,기린,04/04/2019 06:10,-2.6,0,0,230.5,0.1,72
557,기린,04/04/2019 06:11,-2.6,0,0,228.9,0,72
557,기린,04/04/2019 06:12,-2.6,0,0,212.3,0,72
557,기린,04/04/2019 06:13,-2.6,0,0,197.4,0,72
557,기린,04/04/2019 06:14,-2.7,0,0,201.7,0,72
557,기린,04/04/2019 06:15,-2.6,0,0,170.5,0.1,72
557,기린,04/04/2019 06:16,-2.6,0,0,127.6,0,72
557,기린,04/04/2019 06:17,-2.7,0,0,121.2,0.2,72
557,기린,04/04/2019 06:18,-2.7,0,0,138.3,0.3,72
557,기린,04/04/2019 06:19,-2.7,0,0,86.6,0.2,72
557,기린,04/04/2019 06:20,-2.7,0,0,75.9,0.2,72
557,기린,04/04/2019 06:21,-2.6,0,0,81.1,0.1,72
557,기린,04/04/2019 06:22,-2.6,0,0,108.9,0,72
557,기린,04/04/2019 06:23,-2.6,0,0,285.1,0,72
557,기린,04/04/2019 06:24,-2.7,0,0,11.9,0,72
557,기린,04/04/2019 06:25,-2.7,0,0,130.1,0,72
557,기린,04/04/2019 06:26,-2.6,0,0,152,0.1,72
557,기린,04/04/2019 06:27,-2.6,0,0,190.7,0.4,72
557,기린,04/04/2019 06:28,-2.5,0,0,168.8,0.4,72
557,기린,04/04/2019 06:29,-2.4,0,0,218.9,0.1,72
557,기린,04/04/2019 06:30,-2.5,0,0,163.8,0.2,72
557,기린,04/04/2019 06:31,-2.6,0,0,109.4,0.4,72
557,기린,04/04/2019 06:32,-2.6,0,0,109.2,0.3,72
557,기린,04/04/2019 06:33,-2.5,0,0,67.4,0.2,72
557,기린,04/04/2019 06:34,-2.5,0,0,50.3,0.3,72
557,기린,04/04/2019 06:35,-2.5,0,0,50.8,0.5,72
557,기린,04/04/2019 06:36,-2.5,0,0,46,0.2,72
557,기린,04/04/2019 06:37,-2.5,0,0,49.8,0.1,72
557,기린,04/04/2019 06:38,-2.5,0,0,31.8,0.3,72
557,기린,04/04/2019 06:39,-2.6,0,0,7.9,0.4,72
557,기린,04/04/2019 06:40,-2.6,0,0,18.1,0.5,72
557,기린,04/04/2019 06:41,-2.6,0,0,21.8,0.6,72
557,기린,04/04/2019 06:42,-2.6,0,0,28.6,0.5,72
557,기린,04/04/2019 06:43,-2.5,0,0,16.1,0.5,73
557,기린,04/04/2019 06:44,-2.5,0,0,21.2,0.5,73
557,기린,04/04/2019 06:45,-2.5,0,0,16.4,0.3,73
557,기린,04/04/2019 06:46,-2.5,0,0,2.2,0.4,72
557,기린,04/04/2019 06:47,-2.5,0,0,359.2,0.5,73
557,기린,04/04/2019 06:48,-2.5,0,0,0,0.8,73
557,기린,04/04/2019 06:49,-2.5,0,0,27,0.6,73
557,기린,04/04/2019 06:50,-2.5,0,0,52.7,0.1,73
557,기린,04/04/2019 06:51,-2.5,0,0,57.4,0.3,73
557,기린,04/04/2019 06:52,-2.4,0,0,74.2,0.3,73
557,기린,04/04/2019 06:53,-2.4,0,0,106,0.1,73
557,기린,04/04/2019 06:54,-2.4,0,0,193.6,0,73
557,기린,04/04/2019 06:55,-2.4,0,0,325.1,0.2,73
557,기린,04/04/2019 06:56,-2.5,0,0,348.2,0.7,73
557,기린,04/04/2019 06:57,-2.4,0,0,353.2,0.2,73
557,기린,04/04/2019 06:58,-2.4,0,0,349.8,0,73
557,기린,04/04/2019 06:59,-2.4,0,0,280,0,73
557,기린,04/04/2019 07:00,-2.4,0,0,254.5,0,74
557,기린,04/04/2019 07:01,-2.4,0,0,248.5,0,74
557,기린,04/04/2019 07:02,-2.4,0,0,295.3,0,74
557,기린,04/04/2019 07:03,-2.4,0,0,314.2,0,74
557,기린,04/04/2019 07:04,-2.4,0,0,337.7,0,74
557,기린,04/04/2019 07:05,-2.4,0,0,28.6,0,74
557,기린,04/04/2019 07:06,-2.3,0,0,44.2,0,74
557,기린,04/04/2019 07:07,-2.3,0,0,213.7,0,74
557,기린,04/04/2019 07:08,-2.2,0,0,298.2,0,74
557,기린,04/04/2019 07:09,-2.2,0,0,352.4,0,74
557,기린,04/04/2019 07:10,-2.2,0,0,76.2,0,74
557,기린,04/04/2019 07:11,-2.2,0,0,153.4,0,74
557,기린,04/04/2019 07:12,-2.1,0,0,220,0.1,74
557,기린,04/04/2019 07:13,-2.1,0,0,186.2,0,74
557,기린,04/04/2019 07:14,-2.1,0,0,81.9,0.5,73
557,기린,04/04/2019 07:15,-2,0,0,103.3,0.3,73
557,기린,04/04/2019 07:16,-1.9,0,0,194.4,0.2,73
557,기린,04/04/2019 07:17,-2,0,0,279,0,73
557,기린,04/04/2019 07:18,-2,0,0,19.6,0,73
557,기린,04/04/2019 07:19,-2,0,0,125.2,0,73
557,기린,04/04/2019 07:20,-2,0,0,306.5,0,73
557,기린,04/04/2019 07:21,-1.9,0,0,341.8,0,73
557,기린,04/04/2019 07:22,-1.9,0,0,276.1,0,73
557,기린,04/04/2019 07:23,-1.9,0,0,296.1,0,73
557,기린,04/04/2019 07:24,-1.7,0,0,23,0.4,72
557,기린,04/04/2019 07:25,-1.6,0,0,37,0.5,72
557,기린,04/04/2019 07:26,-1.7,0,0,10.8,0.4,72
557,기린,04/04/2019 07:27,-1.6,0,0,23.4,0.6,72
557,기린,04/04/2019 07:28,-1.3,0,0,59.7,0.4,72
557,기린,04/04/2019 07:29,-1.1,0,0,98.3,0.4,71
557,기린,04/04/2019 07:30,-1,0,0,81.3,0.5,71
557,기린,04/04/2019 07:31,-1.1,0,0,304.5,0.3,71
557,기린,04/04/2019 07:32,-1.1,0,0,295.9,0.3,71
557,기린,04/04/2019 07:33,-0.9,0,0,53.5,0.5,70
557,기린,04/04/2019 07:34,-1.1,0,0,317,0.6,70
557,기린,04/04/2019 07:35,-1.1,0,0,270.2,0.2,70
557,기린,04/04/2019 07:36,-0.7,0,0,296.1,0,69
557,기린,04/04/2019 07:37,-0.7,0,0,5.3,1,69
557,기린,04/04/2019 07:38,-0.8,0,0,342.3,0.3,68
557,기린,04/04/2019 07:39,-0.9,0,0,324.1,0.1,67
557,기린,04/04/2019 07:40,-0.7,0,0,39.4,0.7,67
557,기린,04/04/2019 07:41,-0.4,0,0,83.6,1.3,66
557,기린,04/04/2019 07:42,-0.2,0,0,81.1,0.4,66
557,기린,04/04/2019 07:43,-0.5,0,0,26.8,0.5,66
557,기린,04/04/2019 07:44,-0.6,0,0,342.2,0.6,66
557,기린,04/04/2019 07:45,-0.3,0,0,349.1,0,66
557,기린,04/04/2019 07:46,0.1,0,0,225.7,0.1,67
557,기린,04/04/2019 07:47,0,0,0,184.8,0.3,66
557,기린,04/04/2019 07:48,0.1,0,0,272.4,0,66
557,기린,04/04/2019 07:49,0.4,0,0,202.3,0.5,66
557,기린,04/04/2019 07:50,0.5,0,0,209.8,0.8,65
557,기린,04/04/2019 07:51,0.6,0,0,239.1,0.8,64
557,기린,04/04/2019 07:52,0.6,0,0,243.8,0.3,63
557,기린,04/04/2019 07:53,0.7,0,0,219.9,0.1,63
557,기린,04/04/2019 07:54,0.8,0,0,128.6,0.5,62
557,기린,04/04/2019 07:55,1.1,0,0,89.3,0.5,62
557,기린,04/04/2019 07:56,1.3,0,0,130.4,0.3,62
557,기린,04/04/2019 07:57,0.8,0,0,187.1,0,62
557,기린,04/04/2019 07:58,0.8,0,0,194.2,0.4,62
557,기린,04/04/2019 07:59,0.9,0,0,229,0.8,62
557,기린,04/04/2019 08:00,1.2,0,0,195.3,0.4,61
557,기린,04/04/2019 08:01,1.6,0,0,82.2,0.4,61
557,기린,04/04/2019 08:02,1.8,0,0,125.7,1,61
557,기린,04/04/2019 08:03,1.9,0,0,157.2,0.2,59
557,기린,04/04/2019 08:04,1.8,0,0,206.5,0.9,59
557,기린,04/04/2019 08:05,2,0,0,199.2,0.5,57
557,기린,04/04/2019 08:06,2.1,0,0,134.6,0.3,56
557,기린,04/04/2019 08:07,2.1,0,0,215.7,0.1,56
557,기린,04/04/2019 08:08,2.3,0,0,120,0.1,57
557,기린,04/04/2019 08:09,2.2,0,0,17.6,0.9,57
557,기린,04/04/2019 08:10,2.2,0,0,13.9,0.9,57
557,기린,04/04/2019 08:11,2,0,0,326.3,1.1,56
557,기린,04/04/2019 08:12,2.1,0,0,19.2,0.5,56
557,기린,04/04/2019 08:13,2.1,0,0,169.4,0.2,56
557,기린,04/04/2019 08:14,2,0,0,262.2,0,57
557,기린,04/04/2019 08:15,2.3,0,0,35.3,0,56
557,기린,04/04/2019 08:16,2.7,0,0,84.4,0.4,56
557,기린,04/04/2019 08:17,2.8,0,0,122.2,0.4,55
557,기린,04/04/2019 08:18,2.5,0,0,12.1,0,55
557,기린,04/04/2019 08:19,2.7,0,0,44,0.6,55
557,기린,04/04/2019 08:20,2.8,0,0,16.7,1.2,55
557,기린,04/04/2019 08:21,2.7,0,0,345.9,1.6,55
557,기린,04/04/2019 08:22,2.5,0,0,327.6,0.9,54
557,기린,04/04/2019 08:23,2.3,0,0,359.9,0,53
557,기린,04/04/2019 08:24,2.7,0,0,46.6,0.4,54
557,기린,04/04/2019 08:25,3,0,0,32.3,1,54
557,기린,04/04/2019 08:26,3.2,0,0,37.5,1,54
557,기린,04/04/2019 08:27,3.5,0,0,63,1.3,54
557,기린,04/04/2019 08:28,3.7,0,0,33.1,1.6,53
557,기린,04/04/2019 08:29,3.7,0,0,334.3,0.9,49
557,기린,04/04/2019 08:30,3.9,0,0,221.3,0.9,48
557,기린,04/04/2019 08:31,3.8,0,0,176.6,0.5,49
557,기린,04/04/2019 08:32,4.2,0,0,87.9,0.7,48
557,기린,04/04/2019 08:33,4.6,0,0,284.1,1.5,48
557,기린,04/04/2019 08:34,4.9,0,0,289,1.2,44
557,기린,04/04/2019 08:35,5.1,0,0,266,0.3,43
557,기린,04/04/2019 08:36,5.5,0,0,356.7,2.1,43
557,기린,04/04/2019 08:37,5.4,0,0,324.3,1.3,40
557,기린,04/04/2019 08:38,5.5,0,0,263.5,1.5,41
557,기린,04/04/2019 08:39,5.5,0,0,208.6,1.8,43
557,기린,04/04/2019 08:40,5.3,0,0,219.3,0.1,43
557,기린,04/04/2019 08:41,5.5,0,0,206.3,2.4,42
557,기린,04/04/2019 08:42,5.9,0,0,252.5,1.6,38
557,기린,04/04/2019 08:43,6.3,0,0,316.2,1.4,35
557,기린,04/04/2019 08:44,6.7,0,0,256.5,2.4,32
557,기린,04/04/2019 08:45,6.9,0,0,278,3.5,29
557,기린,04/04/2019 08:46,7,0,0,294.1,2,28
557,기린,04/04/2019 08:47,7.1,0,0,303.3,1.4,28
557,기린,04/04/2019 08:48,7.2,0,0,306.6,2.5,27
557,기린,04/04/2019 08:49,7.4,0,0,286.4,2.6,27
557,기린,04/04/2019 08:50,7.5,0,0,268.7,2.4,27
557,기린,04/04/2019 08:51,7.5,0,0,274.5,1.2,26
557,기린,04/04/2019 08:52,7.8,0,0,285.8,1.4,27
557,기린,04/04/2019 08:53,7.7,0,0,256.2,1.9,25
557,기린,04/04/2019 08:54,7.7,0,0,282.6,2.4,25
557,기린,04/04/2019 08:55,7.8,0,0,247.9,3.7,25
557,기린,04/04/2019 08:56,7.9,0,0,238.9,2.1,24
557,기린,04/04/2019 08:57,8,0,0,244.9,1.6,24
557,기린,04/04/2019 08:58,8.2,0,0,242.2,2.5,25
557,기린,04/04/2019 08:59,8,0,0,279.3,1.3,24
557,기린,04/04/2019 09:00,8.3,0,0,183.6,1.3,25
557,기린,04/04/2019 09:01,8.3,0,0,259.7,2.6,25
557,기린,04/04/2019 09:02,8.3,0,0,283.3,2.4,24
557,기린,04/04/2019 09:03,8.3,0,0,254.1,4.7,23
557,기린,04/04/2019 09:04,8.4,0,0,245.8,2,23
557,기린,04/04/2019 09:05,8.5,0,0,233,3.6,24
557,기린,04/04/2019 09:06,8.4,0,0,248.5,3.4,23
557,기린,04/04/2019 09:07,8.5,0,0,246.4,4.4,23
557,기린,04/04/2019 09:08,8.5,0,0,252.2,1.6,23
557,기린,04/04/2019 09:09,8.6,0,0,250.1,3.3,23
557,기린,04/04/2019 09:10,8.6,0,0,249.8,2,23
557,기린,04/04/2019 09:11,8.7,0,0,262,1,23
557,기린,04/04/2019 09:12,8.5,0,0,251.3,2,23
557,기린,04/04/2019 09:13,8.6,0,0,242.7,2.5,23
557,기린,04/04/2019 09:14,8.8,0,0,225.2,2.8,23
557,기린,04/04/2019 09:15,8.8,0,0,247.2,1.8,22
557,기린,04/04/2019 09:16,9.1,0,0,239.9,5.7,23
557,기린,04/04/2019 09:17,9,0,0,247.3,1.5,22
557,기린,04/04/2019 09:18,8.9,0,0,273.5,1.9,22
557,기린,04/04/2019 09:19,9,0,0,219,2.8,22
557,기린,04/04/2019 09:20,9.1,0,0,210.1,3.8,22
557,기린,04/04/2019 09:21,9.2,0,0,227.4,4.9,22
557,기린,04/04/2019 09:22,9.3,0,0,197,4.8,22
557,기린,04/04/2019 09:23,9.2,0,0,213.1,5.7,21
557,기린,04/04/2019 09:24,9.1,0,0,229.7,4.5,21
557,기린,04/04/2019 09:25,9.2,0,0,238,2.4,23
557,기린,04/04/2019 09:26,9.2,0,0,267.6,2,22
557,기린,04/04/2019 09:27,9.2,0,0,258.5,2.7,22
557,기린,04/04/2019 09:28,9.4,0,0,234.6,2.2,22
557,기린,04/04/2019 09:29,9.3,0,0,238.4,5.5,22
557,기린,04/04/2019 09:30,9.4,0,0,223.8,3.9,22
557,기린,04/04/2019 09:31,9.5,0,0,227.1,3.9,21
557,기린,04/04/2019 09:32,9.5,0,0,226.6,2.8,21
557,기린,04/04/2019 09:33,9.4,0,0,253,2.4,21
557,기린,04/04/2019 09:34,9.6,0,0,228.1,3.1,21
557,기린,04/04/2019 09:35,9.7,0,0,236.2,2.6,22
557,기린,04/04/2019 09:36,9.6,0,0,233,3.9,21
557,기린,04/04/2019 09:37,9.6,0,0,217.7,2.6,21
557,기린,04/04/2019 09:38,9.6,0,0,228.8,2.3,21
557,기린,04/04/2019 09:39,9.7,0,0,222.7,3.8,21
557,기린,04/04/2019 09:40,9.5,0,0,222.6,3.7,21
557,기린,04/04/2019 09:41,9.6,0,0,206.9,3.8,20
557,기린,04/04/2019 09:42,9.6,0,0,212.6,2.9,21
557,기린,04/04/2019 09:43,9.8,0,0,239.4,2.8,21
557,기린,04/04/2019 09:44,9.8,0,0,230.1,3.7,21
557,기린,04/04/2019 09:45,9.8,0,0,203.3,2,21
557,기린,04/04/2019 09:46,9.9,0,0,219,3.3,21
557,기린,04/04/2019 09:47,10.1,0,0,219.7,4.7,21
557,기린,04/04/2019 09:48,10,0,0,217.1,5.9,20
557,기린,04/04/2019 09:49,10,0,0,207.5,6.5,20
557,기린,04/04/2019 09:50,9.9,0,0,223.8,6.5,20
557,기린,04/04/2019 09:51,9.8,0,0,229.8,4.5,20
557,기린,04/04/2019 09:52,9.8,0,0,223.9,3.9,21
557,기린,04/04/2019 09:53,9.9,0,0,216.1,4.3,21
557,기린,04/04/2019 09:54,10.1,0,0,235,2.9,21
557,기린,04/04/2019 09:55,10.2,0,0,229.4,4.5,21
557,기린,04/04/2019 09:56,10.2,0,0,238.3,4.2,21
557,기린,04/04/2019 09:57,10.2,0,0,228.7,3.9,21
557,기린,04/04/2019 09:58,10.2,0,0,230.3,3.6,21
557,기린,04/04/2019 09:59,10.1,0,0,215.5,4.3,21
557,기린,04/04/2019 10:00,10.1,0,0,220.2,3.6,21
557,기린,04/04/2019 10:01,10.4,0,0,264.7,0.7,22
557,기린,04/04/2019 10:02,10.3,0,0,281.9,2.3,21
557,기린,04/04/2019 10:03,10.4,0,0,239.6,4.8,21
557,기린,04/04/2019 10:04,10.5,0,0,211.2,3.2,21
557,기린,04/04/2019 10:05,10.5,0,0,216.4,6.5,21
557,기린,04/04/2019 10:06,10.5,0,0,229.9,6.1,21
557,기린,04/04/2019 10:07,10.3,0,0,229.3,3.9,21
557,기린,04/04/2019 10:08,10.5,0,0,228.2,2.9,21
557,기린,04/04/2019 10:09,10.3,0,0,235.7,2.2,21
557,기린,04/04/2019 10:10,10.4,0,0,247.8,5.1,22
557,기린,04/04/2019 10:11,10.6,0,0,233.1,4.2,22
557,기린,04/04/2019 10:12,10.6,0,0,227.4,3.7,21
557,기린,04/04/2019 10:13,10.8,0,0,234.1,4.5,22
557,기린,04/04/2019 10:14,10.8,0,0,234.8,2.1,22
557,기린,04/04/2019 10:15,11,0,0,236.5,2.2,22
557,기린,04/04/2019 10:16,11,0,0,236.5,4,22
557,기린,04/04/2019 10:17,11,0,0,225.1,3.1,22
557,기린,04/04/2019 10:18,10.9,0,0,228.6,5.1,22
557,기린,04/04/2019 10:19,10.6,0,0,232.4,4.9,22
557,기린,04/04/2019 10:20,10.9,0,0,236.1,4.9,23
557,기린,04/04/2019 10:21,11,0,0,224.1,2.5,23
557,기린,04/04/2019 10:22,11,0,0,223.5,3.5,22
557,기린,04/04/2019 10:23,11,0,0,186.3,1.8,22
557,기린,04/04/2019 10:24,11.1,0,0,184.5,1.9,23
557,기린,04/04/2019 10:25,11,0,0,243.9,3.1,22
557,기린,04/04/2019 10:26,11.2,0,0,247.9,4.2,22
557,기린,04/04/2019 10:27,11.1,0,0,229.4,2.4,22
557,기린,04/04/2019 10:28,11.2,0,0,226.2,3.1,22
557,기린,04/04/2019 10:29,11.2,0,0,236.4,5.3,22
557,기린,04/04/2019 10:30,11.2,0,0,227.7,3.2,22
557,기린,04/04/2019 10:31,11.5,0,0,249.8,3.3,23
557,기린,04/04/2019 10:32,11.5,0,0,234.7,3.4,23
557,기린,04/04/2019 10:33,11.3,0,0,229.2,4.7,22
557,기린,04/04/2019 10:34,11.1,0,0,206.4,5.5,22
557,기린,04/04/2019 10:35,11.1,0,0,201.6,3.4,22
557,기린,04/04/2019 10:36,11.3,0,0,203,2.7,23
557,기린,04/04/2019 10:37,11.3,0,0,189.7,2.1,23
557,기린,04/04/2019 10:38,11.2,0,0,203.3,4.7,22
557,기린,04/04/2019 10:39,11.2,0,0,203.6,3.6,22
557,기린,04/04/2019 10:40,11.3,0,0,225.5,3,23
557,기린,04/04/2019 10:41,11.5,0,0,209.1,3.7,23
557,기린,04/04/2019 10:42,11.4,0,0,213.8,3.5,23
557,기린,04/04/2019 10:43,11.3,0,0,215.7,2.4,22
557,기린,04/04/2019 10:44,11.3,0,0,214.6,3.2,23
557,기린,04/04/2019 10:45,11.7,0,0,235,4.3,23
557,기린,04/04/2019 10:46,11.5,0,0,224.4,5.4,23
557,기린,04/04/2019 10:47,11.4,0,0,228.9,5.5,23
557,기린,04/04/2019 10:48,11.4,0,0,223.9,4,23
557,기린,04/04/2019 10:49,11.5,0,0,221,4.3,24
557,기린,04/04/2019 10:50,11.5,0,0,220.3,3.5,24
557,기린,04/04/2019 10:51,11.6,0,0,225.9,3.2,24
557,기린,04/04/2019 10:52,11.9,0,0,232,3.1,24
557,기린,04/04/2019 10:53,12,0,0,236.3,2.9,24
557,기린,04/04/2019 10:54,11.8,0,0,253,3.8,24
557,기린,04/04/2019 10:55,11.8,0,0,222.7,4.4,24
557,기린,04/04/2019 10:56,11.6,0,0,228.4,2.6,23
557,기린,04/04/2019 10:57,11.7,0,0,225.7,1.8,24
557,기린,04/04/2019 10:58,11.8,0,0,238.8,4.1,24
557,기린,04/04/2019 10:59,11.9,0,0,250.5,3.1,24
557,기린,04/04/2019 11:00,12,0,0,223.6,4,24
557,기린,04/04/2019 11:01,11.9,0,0,231.6,3.5,24
557,기린,04/04/2019 11:02,11.9,0,0,234.7,4.7,24
557,기린,04/04/2019 11:03,11.8,0,0,239.2,3.6,24
557,기린,04/04/2019 11:04,12.1,0,0,214.2,3.9,25
557,기린,04/04/2019 11:05,12.3,0,0,210.8,6.6,24
557,기린,04/04/2019 11:06,12,0,0,239.3,1.8,24
557,기린,04/04/2019 11:07,11.9,0,0,214.8,2.6,24
557,기린,04/04/2019 11:08,11.8,0,0,218.8,2.8,24
557,기린,04/04/2019 11:09,12.1,0,0,242.5,1.1,25
557,기린,04/04/2019 11:10,12.6,0,0,216.8,4.1,25
557,기린,04/04/2019 11:11,12.8,0,0,212.9,3.2,24
557,기린,04/04/2019 11:12,12.7,0,0,231.1,3.7,24
557,기린,04/04/2019 11:13,12.7,0,0,223.1,2.9,24
557,기린,04/04/2019 11:14,12.7,0,0,218.8,2.7,24
557,기린,04/04/2019 11:15,12.8,0,0,232.3,1.5,24
557,기린,04/04/2019 11:16,12.9,0,0,233.5,1.6,24
557,기린,04/04/2019 11:17,13,0,0,263.2,2.5,24
557,기린,04/04/2019 11:18,13.1,0,0,226.2,3.8,24
557,기린,04/04/2019 11:19,12.8,0,0,237.7,4.1,23
557,기린,04/04/2019 11:20,12.6,0,0,212.3,2,23
557,기린,04/04/2019 11:21,12.7,0,0,154.8,4.2,24
557,기린,04/04/2019 11:22,12.9,0,0,172.2,4.1,24
557,기린,04/04/2019 11:23,13.1,0,0,243.4,2.7,25
557,기린,04/04/2019 11:24,13.1,0,0,205.3,3.3,24
557,기린,04/04/2019 11:25,13,0,0,223.8,4.3,24
557,기린,04/04/2019 11:26,13.1,0,0,214.5,4.1,24
557,기린,04/04/2019 11:27,13.3,0,0,224.4,2.7,24
557,기린,04/04/2019 11:28,13.2,0,0,218.1,3.5,24
557,기린,04/04/2019 11:29,13,0,0,255.7,2.1,24
557,기린,04/04/2019 11:30,13,0,0,85.4,3,24
557,기린,04/04/2019 11:31,13.4,0,0,247.8,5.7,25
557,기린,04/04/2019 11:32,13.3,0,0,224.8,3.9,24
557,기린,04/04/2019 11:33,13.2,0,0,232.2,2.3,24
557,기린,04/04/2019 11:34,13.2,0,0,225.1,2.2,24
557,기린,04/04/2019 11:35,13.1,0,0,219.3,2.5,24
557,기린,04/04/2019 11:36,13.3,0,0,200.5,3.6,24
557,기린,04/04/2019 11:37,13.2,0,0,212.8,4.4,24
557,기린,04/04/2019 11:38,13.1,0,0,221.5,2.7,24
557,기린,04/04/2019 11:39,13.2,0,0,235.6,3.1,25
557,기린,04/04/2019 11:40,13,0,0,218.5,4.6,24
557,기린,04/04/2019 11:41,12.9,0,0,219.6,4.3,24
557,기린,04/04/2019 11:42,13,0,0,218.2,1.4,25
557,기린,04/04/2019 11:43,13,0,0,249.9,1.2,25
557,기린,04/04/2019 11:44,12.9,0,0,274,3,25
557,기린,04/04/2019 11:45,13.1,0,0,221.1,4.3,25
557,기린,04/04/2019 11:46,13.1,0,0,226.9,5.1,25
557,기린,04/04/2019 11:47,13.1,0,0,222.6,4.4,25
557,기린,04/04/2019 11:48,13.2,0,0,211.5,3.4,25
557,기린,04/04/2019 11:49,13.5,0,0,205.5,6.4,25
557,기린,04/04/2019 11:50,13.5,0,0,210.2,3.6,24
557,기린,04/04/2019 11:51,13.5,0,0,209.5,7.1,25
557,기린,04/04/2019 11:52,13.4,0,0,225.3,5.4,24
557,기린,04/04/2019 11:53,13.3,0,0,213.7,3.9,24
557,기린,04/04/2019 11:54,13.3,0,0,208.7,3.9,25
557,기린,04/04/2019 11:55,13.3,0,0,213.4,3.5,25
557,기린,04/04/2019 11:56,13.8,0,0,221.5,4.1,25
557,기린,04/04/2019 11:57,13.8,0,0,211.3,2.6,25
557,기린,04/04/2019 11:58,13.8,0,0,220.4,4.1,25
557,기린,04/04/2019 11:59,13.7,0,0,222.9,8.6,25
557,기린,04/04/2019 12:00,13.7,0,0,222.3,6.1,25
557,기린,04/04/2019 12:01,13.6,0,0,217.2,4.4,24
557,기린,04/04/2019 12:02,13.7,0,0,235.5,2.4,25
557,기린,04/04/2019 12:03,13.8,0,0,263.1,3.9,25
557,기린,04/04/2019 12:04,13.7,0,0,242.5,5.9,25
557,기린,04/04/2019 12:05,13.7,0,0,223.6,6.5,24
557,기린,04/04/2019 12:06,13.7,0,0,225.6,4.7,25
557,기린,04/04/2019 12:07,13.7,0,0,232.8,5.3,25
557,기린,04/04/2019 12:08,13.6,0,0,209.7,5.8,25
557,기린,04/04/2019 12:09,13.6,0,0,213.3,5.9,25
557,기린,04/04/2019 12:10,13.7,0,0,214.6,2.8,26
557,기린,04/04/2019 12:11,14,0,0,215.5,2.9,25
557,기린,04/04/2019 12:12,14.1,0,0,204.7,4,25
557,기린,04/04/2019 12:13,14,0,0,214.3,5.5,25
557,기린,04/04/2019 12:14,14.1,0,0,235.1,3.9,25
557,기린,04/04/2019 12:15,14,0,0,226,7.7,24
557,기린,04/04/2019 12:16,13.9,0,0,225.4,5.8,25
557,기린,04/04/2019 12:17,14,0,0,214.2,2.9,25
557,기린,04/04/2019 12:18,14.1,0,0,215.7,6.2,25
557,기린,04/04/2019 12:19,14.1,0,0,225.9,3.4,25
557,기린,04/04/2019 12:20,14.3,0,0,244.9,1.4,26
557,기린,04/04/2019 12:21,14.8,0,0,210.2,5.6,26
557,기린,04/04/2019 12:22,14.6,0,0,205,4.3,24
557,기린,04/04/2019 12:23,14.3,0,0,217.9,4.3,24
557,기린,04/04/2019 12:24,14.2,0,0,225.7,5.5,24
557,기린,04/04/2019 12:25,14.4,0,0,224.9,6.5,25
557,기린,04/04/2019 12:26,14.3,0,0,232.6,6.7,25
557,기린,04/04/2019 12:27,14.4,0,0,217.2,3.4,25
557,기린,04/04/2019 12:28,14.5,0,0,224.2,5.4,24
557,기린,04/04/2019 12:29,14.4,0,0,218.4,4.1,24
557,기린,04/04/2019 12:30,14.3,0,0,219.4,4.6,25
557,기린,04/04/2019 12:31,14.4,0,0,220,6.5,25
557,기린,04/04/2019 12:32,14.2,0,0,204.4,5.6,25
557,기린,04/04/2019 12:33,14.2,0,0,217.4,4.4,25
557,기린,04/04/2019 12:34,14.2,0,0,222.2,5.5,25
557,기린,04/04/2019 12:35,14.4,0,0,204.4,6.1,25
557,기린,04/04/2019 12:36,14.2,0,0,227,6.8,25
557,기린,04/04/2019 12:37,14.1,0,0,204.3,3.6,25
557,기린,04/04/2019 12:38,14.1,0,0,214.3,6.1,25
557,기린,04/04/2019 12:39,14.2,0,0,214.6,7,26
557,기린,04/04/2019 12:40,14.3,0,0,224.3,5.7,26
557,기린,04/04/2019 12:41,14.3,0,0,228.1,3.4,25
557,기린,04/04/2019 12:42,14.6,0,0,197.5,4.5,26
557,기린,04/04/2019 12:43,14.7,0,0,195.1,7.8,25
557,기린,04/04/2019 12:44,14.6,0,0,214.4,4.1,25
557,기린,04/04/2019 12:45,14.6,0,0,210.7,6.3,25
557,기린,04/04/2019 12:46,14.6,0,0,220.9,5.6,25
557,기린,04/04/2019 12:47,14.5,0,0,216.4,5.4,25
557,기린,04/04/2019 12:48,14.6,0,0,218.7,6.9,25
557,기린,04/04/2019 12:49,14.6,0,0,214.1,6.9,25
557,기린,04/04/2019 12:50,14.4,0,0,205,1.9,25
557,기린,04/04/2019 12:51,14.6,0,0,224,6.9,26
557,기린,04/04/2019 12:52,14.6,0,0,219.7,4.8,25
557,기린,04/04/2019 12:53,14.4,0,0,237.9,7.5,25
557,기린,04/04/2019 12:54,14.6,0,0,204,5.2,26
557,기린,04/04/2019 12:55,14.7,0,0,206.8,4.1,26
557,기린,04/04/2019 12:56,14.7,0,0,220.8,4.6,26
557,기린,04/04/2019 12:57,14.6,0,0,222.6,5.9,25
557,기린,04/04/2019 12:58,14.7,0,0,198.8,6.8,26
557,기린,04/04/2019 12:59,14.7,0,0,204.2,4.6,26
557,기린,04/04/2019 13:00,14.8,0,0,203.9,3.5,26
557,기린,04/04/2019 13:01,14.8,0,0,216.8,5.7,25
557,기린,04/04/2019 13:02,14.7,0,0,216.5,6.7,25
557,기린,04/04/2019 13:03,14.7,0,0,221.2,6.5,25
557,기린,04/04/2019 13:04,14.6,0,0,200.4,2.9,25
557,기린,04/04/2019 13:05,14.7,0,0,190.3,5.7,26
557,기린,04/04/2019 13:06,14.8,0,0,208.1,3.5,26
557,기린,04/04/2019 13:07,14.8,0,0,219.1,5.9,25
557,기린,04/04/2019 13:08,14.8,0,0,237.8,4.4,26
557,기린,04/04/2019 13:09,14.9,0,0,224.6,5.6,26
557,기린,04/04/2019 13:10,14.8,0,0,209.2,5.6,26
557,기린,04/04/2019 13:11,14.9,0,0,216,4.6,26
557,기린,04/04/2019 13:12,14.8,0,0,210.4,2.1,25
557,기린,04/04/2019 13:13,14.8,0,0,225.2,4.4,26
557,기린,04/04/2019 13:14,14.9,0,0,209.5,4.4,26
557,기린,04/04/2019 13:15,14.9,0,0,215.2,2.9,26
557,기린,04/04/2019 13:16,15.2,0,0,200.9,4.6,26
557,기린,04/04/2019 13:17,15.1,0,0,207.3,3.2,25
557,기린,04/04/2019 13:18,15.5,0,0,208.3,2.3,26
557,기린,04/04/2019 13:19,15.3,0,0,196.9,3.6,25
557,기린,04/04/2019 13:20,15.2,0,0,200.3,4.3,25
557,기린,04/04/2019 13:21,15.1,0,0,214.1,7.1,26
557,기린,04/04/2019 13:22,15.3,0,0,224,4.8,26
557,기린,04/04/2019 13:23,15.2,0,0,230.7,6.1,26
557,기린,04/04/2019 13:24,15.2,0,0,210.4,5.7,26
557,기린,04/04/2019 13:25,15.2,0,0,215.7,9.4,26
557,기린,04/04/2019 13:26,15.1,0,0,219.4,4,26
557,기린,04/04/2019 13:27,15.1,0,0,216.9,4.5,26
557,기린,04/04/2019 13:28,15.1,0,0,216.2,5.4,26
557,기린,04/04/2019 13:29,15.1,0,0,219.2,8,26
557,기린,04/04/2019 13:30,15,0,0,215.3,3.7,26
557,기린,04/04/2019 13:31,15.2,0,0,222.3,4.3,27
557,기린,04/04/2019 13:32,15.2,0,0,230.2,6.4,26
557,기린,04/04/2019 13:33,15.1,0,0,224.7,7,26
557,기린,04/04/2019 13:34,15.1,0,0,227.6,6.3,26
557,기린,04/04/2019 13:35,15.1,0,0,219.5,6,26
557,기린,04/04/2019 13:36,15.1,0,0,226.7,5.5,26
557,기린,04/04/2019 13:37,15.1,0,0,215.9,6.9,26
557,기린,04/04/2019 13:38,15.2,0,0,215.7,4.7,27
557,기린,04/04/2019 13:39,15.4,0,0,202,2.8,27
557,기린,04/04/2019 13:40,15.5,0,0,219.3,6.5,27
557,기린,04/04/2019 13:41,15.3,0,0,195.8,4.2,26
557,기린,04/04/2019 13:42,15.4,0,0,197.6,5.4,27
557,기린,04/04/2019 13:43,15.6,0,0,232.7,3.5,27
557,기린,04/04/2019 13:44,15.6,0,0,220,8.4,26
557,기린,04/04/2019 13:45,15.4,0,0,210.5,6.5,26
557,기린,04/04/2019 13:46,15.6,0,0,215.2,5.5,26
557,기린,04/04/2019 13:47,15.5,0,0,206.1,6,26
557,기린,04/04/2019 13:48,15.5,0,0,210,4.6,26
557,기린,04/04/2019 13:49,15.4,0,0,211.6,8.9,27
557,기린,04/04/2019 13:50,15.5,0,0,221.2,4.7,26
557,기린,04/04/2019 13:51,15.6,0,0,213.6,3,27
557,기린,04/04/2019 13:52,15.7,0,0,216,6.7,26
557,기린,04/04/2019 13:53,15.6,0,0,214.2,6.7,26
557,기린,04/04/2019 13:54,15.6,0,0,231.9,3.6,26
557,기린,04/04/2019 13:55,15.6,0,0,217.9,5.8,26
557,기린,04/04/2019 13:56,15.5,0,0,244.6,1.8,26
557,기린,04/04/2019 13:57,15.6,0,0,225,5,27
557,기린,04/04/2019 13:58,15.7,0,0,194.5,3.7,26
557,기린,04/04/2019 13:59,15.7,0,0,212.3,6.7,26
557,기린,04/04/2019 14:00,15.6,0,0,205.4,4.2,26
557,기린,04/04/2019 14:01,15.7,0,0,182.6,2.6,27
557,기린,04/04/2019 14:02,15.7,0,0,218.5,3.7,26
557,기린,04/04/2019 14:03,15.5,0,0,226.6,6.4,26
557,기린,04/04/2019 14:04,15.5,0,0,205.2,7.3,26
557,기린,04/04/2019 14:05,15.7,0,0,221.8,5.4,27
557,기린,04/04/2019 14:06,15.5,0,0,217.7,4,26
557,기린,04/04/2019 14:07,15.8,0,0,205.3,4,27
557,기린,04/04/2019 14:08,15.7,0,0,218.3,6.5,26
557,기린,04/04/2019 14:09,15.7,0,0,216.7,7.1,26
557,기린,04/04/2019 14:10,15.6,0,0,215.8,5.1,26
557,기린,04/04/2019 14:11,15.5,0,0,207.6,3.4,26
557,기린,04/04/2019 14:12,15.7,0,0,209.9,3.2,27
557,기린,04/04/2019 14:13,15.8,0,0,208.7,6,27
557,기린,04/04/2019 14:14,15.7,0,0,228.1,3.5,26
557,기린,04/04/2019 14:15,15.7,0,0,215.8,4.7,26
557,기린,04/04/2019 14:16,15.8,0,0,195.8,6.8,26
557,기린,04/04/2019 14:17,15.8,0,0,201.8,4.7,26
557,기린,04/04/2019 14:18,15.9,0,0,208.4,5.5,26
557,기린,04/04/2019 14:19,15.9,0,0,204.6,4.7,26
557,기린,04/04/2019 14:20,15.9,0,0,217.9,7.3,26
557,기린,04/04/2019 14:21,15.8,0,0,192.2,3.9,26
557,기린,04/04/2019 14:22,16.1,0,0,216.3,3.3,27
557,기린,04/04/2019 14:23,16.2,0,0,226.1,7.5,27
557,기린,04/04/2019 14:24,16.2,0,0,223.4,3.4,26
557,기린,04/04/2019 14:25,16,0,0,237.9,5.1,26
557,기린,04/04/2019 14:26,16,0,0,223,7.3,26
557,기린,04/04/2019 14:27,15.9,0,0,221.4,4.5,26
557,기린,04/04/2019 14:28,16,0,0,224.4,3.8,26
557,기린,04/04/2019 14:29,16,0,0,225.5,4.4,26
557,기린,04/04/2019 14:30,16.4,0,0,209.5,4.9,26
557,기린,04/04/2019 14:31,16.1,0,0,223.1,4.9,25
557,기린,04/04/2019 14:32,16.1,0,0,223.5,4.7,26
557,기린,04/04/2019 14:33,16.3,0,0,223.8,5,26
557,기린,04/04/2019 14:34,16.3,0,0,217.5,7.5,26
557,기린,04/04/2019 14:35,16.2,0,0,220.7,6.1,26
557,기린,04/04/2019 14:36,16.1,0,0,220.9,7,25
557,기린,04/04/2019 14:37,16,0,0,223.8,4.5,26
557,기린,04/04/2019 14:38,16,0,0,221.1,4.9,26
557,기린,04/04/2019 14:39,16.1,0,0,230.9,6,26
557,기린,04/04/2019 14:40,16.4,0,0,240.6,1.2,26
557,기린,04/04/2019 14:41,16.3,0,0,218.7,3.5,25
557,기린,04/04/2019 14:42,16.3,0,0,226.6,9.5,25
557,기린,04/04/2019 14:43,16.2,0,0,220.5,8.7,25
557,기린,04/04/2019 14:44,16.1,0,0,222.2,5.5,25
557,기린,04/04/2019 14:45,15.9,0,0,226.9,7.5,25
557,기린,04/04/2019 14:46,16.1,0,0,243.1,4.4,25
557,기린,04/04/2019 14:47,16.3,0,0,233.8,4.2,25
557,기린,04/04/2019 14:48,16.3,0,0,240.1,2.7,25
557,기린,04/04/2019 14:49,16.2,0,0,278.2,1.9,24
557,기린,04/04/2019 14:50,16.2,0,0,221.4,4.8,24
557,기린,04/04/2019 14:51,16.4,0,0,229.7,5,24
557,기린,04/04/2019 14:52,16.5,0,0,246.8,3.4,24
557,기린,04/04/2019 14:53,16.2,0,0,327.9,2.9,23
557,기린,04/04/2019 14:54,16.1,0,0,272.3,5.8,23
557,기린,04/04/2019 14:55,16.2,0,0,225.7,4.5,24
557,기린,04/04/2019 14:56,16.3,0,0,223.4,8.8,25
557,기린,04/04/2019 14:57,16.1,0,0,218.9,2.8,24
557,기린,04/04/2019 14:58,16.2,0,0,232.9,3.8,24
557,기린,04/04/2019 14:59,16.1,0,0,220,4,24
557,기린,04/04/2019 15:00,16.1,0,0,200.8,3.9,24
557,기린,04/04/2019 15:01,16,0,0,229,4,23
557,기린,04/04/2019 15:02,16.1,0,0,214.1,6.4,23
557,기린,04/04/2019 15:03,16.1,0,0,183.8,3.4,23
557,기린,04/04/2019 15:04,16.1,0,0,271,3.8,23
557,기린,04/04/2019 15:05,16.5,0,0,322.3,2.2,23
557,기린,04/04/2019 15:06,16.5,0,0,324.9,4.2,23
557,기린,04/04/2019 15:07,16.2,0,0,354.3,1.9,22
557,기린,04/04/2019 15:08,16.6,0,0,286.9,3.5,23
557,기린,04/04/2019 15:09,16.5,0,0,249,2.7,22
557,기린,04/04/2019 15:10,16.6,0,0,195.1,10.6,22
557,기린,04/04/2019 15:11,16.2,0,0,215.3,2.6,22
557,기린,04/04/2019 15:12,16.2,0,0,217.2,6.7,22
557,기린,04/04/2019 15:13,16.2,0,0,228,6.8,23
557,기린,04/04/2019 15:14,16.1,0,0,202,4.6,22
557,기린,04/04/2019 15:15,16,0,0,217,8.9,22
557,기린,04/04/2019 15:16,15.9,0,0,225.7,3.7,22
557,기린,04/04/2019 15:17,16,0,0,263,3.6,22
557,기린,04/04/2019 15:18,16,0,0,230.6,4.8,22
557,기린,04/04/2019 15:19,16.1,0,0,193.7,13.2,22
557,기린,04/04/2019 15:20,16,0,0,217.5,5.7,22
557,기린,04/04/2019 15:21,16,0,0,211.5,5.2,22
557,기린,04/04/2019 15:22,16.2,0,0,213.1,7,23
557,기린,04/04/2019 15:23,16.2,0,0,205.8,3,22
557,기린,04/04/2019 15:24,16.1,0,0,185,5.9,22
557,기린,04/04/2019 15:25,16.1,0,0,209.3,3.1,22
557,기린,04/04/2019 15:26,16.4,0,0,313.5,2.3,23
557,기린,04/04/2019 15:27,16.2,0,0,257.7,5.3,22
557,기린,04/04/2019 15:28,16.2,0,0,213.4,2.8,22
557,기린,04/04/2019 15:29,16,0,0,248.3,3.2,22
557,기린,04/04/2019 15:30,16.2,0,0,200.8,6.2,23
557,기린,04/04/2019 15:31,16.2,0,0,241.3,1,22
557,기린,04/04/2019 15:32,16.4,0,0,217.6,3.7,23
557,기린,04/04/2019 15:33,16.4,0,0,230,4.6,23
557,기린,04/04/2019 15:34,16.3,0,0,257.5,1.5,22
557,기린,04/04/2019 15:35,16.3,0,0,219.6,5.1,22
557,기린,04/04/2019 15:36,16.2,0,0,206.9,5.2,22
557,기린,04/04/2019 15:37,16.3,0,0,220.1,5.3,22
557,기린,04/04/2019 15:38,16.3,0,0,218.4,4.1,22
557,기린,04/04/2019 15:39,16.3,0,0,211.4,3.1,22
557,기린,04/04/2019 15:40,16.3,0,0,197.5,3.4,22
557,기린,04/04/2019 15:41,16.3,0,0,207.7,3.9,22
557,기린,04/04/2019 15:42,16.2,0,0,224.7,3.6,22
557,기린,04/04/2019 15:43,16,0,0,269,2.4,22
557,기린,04/04/2019 15:44,16.3,0,0,307.8,2.8,23
557,기린,04/04/2019 15:45,16.2,0,0,233.6,3.3,22
557,기린,04/04/2019 15:46,16,0,0,179.7,2.8,22
557,기린,04/04/2019 15:47,16,0,0,240.9,3.7,22
557,기린,04/04/2019 15:48,16.2,0,0,3.7,1.1,22
557,기린,04/04/2019 15:49,16.1,0,0,210,1.3,21
557,기린,04/04/2019 15:50,16.2,0,0,252.1,0.8,22
557,기린,04/04/2019 15:51,16.5,0,0,336,2.1,22
557,기린,04/04/2019 15:52,16.6,0,0,353.1,4.3,21
557,기린,04/04/2019 15:53,16.4,0,0,336.5,1.3,20
557,기린,04/04/2019 15:54,16.5,0,0,214.7,0.4,21
557,기린,04/04/2019 15:55,16.4,0,0,62,3.4,21
557,기린,04/04/2019 15:56,16.5,0,0,253,4.1,21
557,기린,04/04/2019 15:57,16.6,0,0,292.8,3.6,22
557,기린,04/04/2019 15:58,16.4,0,0,221,2.6,21
557,기린,04/04/2019 15:59,16.4,0,0,234.5,3.2,21
557,기린,04/04/2019 16:00,16.1,0,0,263.8,1.6,21
557,기린,04/04/2019 16:01,16.1,0,0,231.6,4.4,21
557,기린,04/04/2019 16:02,16.1,0,0,217.6,5.6,22
557,기린,04/04/2019 16:03,15.8,0,0,242.6,1.3,21
557,기린,04/04/2019 16:04,16,0,0,188.3,5.6,22
557,기린,04/04/2019 16:05,16,0,0,235.6,2.3,21
557,기린,04/04/2019 16:06,15.9,0,0,271.6,1.5,21
557,기린,04/04/2019 16:07,16,0,0,251.9,1.9,22
557,기린,04/04/2019 16:08,16.1,0,0,256.1,2.4,22
557,기린,04/04/2019 16:09,16.3,0,0,282,1.9,22
557,기린,04/04/2019 16:10,16.2,0,0,315.1,1.1,21
557,기린,04/04/2019 16:11,16.3,0,0,216.6,3.3,21
557,기린,04/04/2019 16:12,16.3,0,0,201.8,3.5,21
557,기린,04/04/2019 16:13,16.3,0,0,198.7,6.3,21
557,기린,04/04/2019 16:14,16,0,0,231.7,2.4,21
557,기린,04/04/2019 16:15,16,0,0,230.2,1.1,21
557,기린,04/04/2019 16:16,16.2,0,0,232.7,4.6,22
557,기린,04/04/2019 16:17,16.1,0,0,219.1,5.4,21
557,기린,04/04/2019 16:18,16,0,0,216.1,5.2,21
557,기린,04/04/2019 16:19,16.1,0,0,210.2,6.8,21
557,기린,04/04/2019 16:20,16,0,0,218.5,3.4,21
557,기린,04/04/2019 16:21,16,0,0,209.7,5.4,21
557,기린,04/04/2019 16:22,15.9,0,0,221.6,5.9,21
557,기린,04/04/2019 16:23,15.8,0,0,228,8.8,21
557,기린,04/04/2019 16:24,15.8,0,0,233,6.5,21
557,기린,04/04/2019 16:25,15.7,0,0,221.5,10.8,21
557,기린,04/04/2019 16:26,15.6,0,0,214.1,5.9,21
557,기린,04/04/2019 16:27,15.6,0,0,226.7,3.4,22
557,기린,04/04/2019 16:28,15.7,0,0,228.3,2.7,22
557,기린,04/04/2019 16:29,15.6,0,0,214.2,6.5,22
557,기린,04/04/2019 16:30,15.5,0,0,214.1,6.1,21
557,기린,04/04/2019 16:31,15.4,0,0,214.8,4.8,22
557,기린,04/04/2019 16:32,15.4,0,0,227.5,2.4,22
557,기린,04/04/2019 16:33,15.4,0,0,250.5,4.7,22
557,기린,04/04/2019 16:34,15.4,0,0,199.1,1.9,22
557,기린,04/04/2019 16:35,15.4,0,0,220.9,3.9,22
557,기린,04/04/2019 16:36,15.3,0,0,220.8,2.9,21
557,기린,04/04/2019 16:37,15.3,0,0,223.3,5.8,22
557,기린,04/04/2019 16:38,15.2,0,0,224.9,6.6,22
557,기린,04/04/2019 16:39,15.2,0,0,278.5,4.7,22
557,기린,04/04/2019 16:40,15.1,0,0,245.1,4.6,21
557,기린,04/04/2019 16:41,15.1,0,0,196,10.8,22
557,기린,04/04/2019 16:42,15,0,0,239.7,2.4,22
557,기린,04/04/2019 16:43,15.1,0,0,242.3,6.4,22
557,기린,04/04/2019 16:44,15.1,0,0,230.9,3.3,22
557,기린,04/04/2019 16:45,15.2,0,0,216.3,7.2,22
557,기린,04/04/2019 16:46,15.2,0,0,218,5.5,22
557,기린,04/04/2019 16:47,15.1,0,0,220.8,3.8,22
557,기린,04/04/2019 16:48,15,0,0,230.7,3.3,21
557,기린,04/04/2019 16:49,15.1,0,0,216.4,6.6,22
557,기린,04/04/2019 16:50,15.1,0,0,203.8,8.8,22
557,기린,04/04/2019 16:51,15.1,0,0,220.6,3.2,22
557,기린,04/04/2019 16:52,15,0,0,215.7,3,22
557,기린,04/04/2019 16:53,15,0,0,216.3,4.6,22
557,기린,04/04/2019 16:54,15,0,0,226.8,3.9,22
557,기린,04/04/2019 16:55,15,0,0,225.4,5.7,22
557,기린,04/04/2019 16:56,15.1,0,0,209.5,3.5,22
557,기린,04/04/2019 16:57,15,0,0,202,6.7,21
557,기린,04/04/2019 16:58,14.9,0,0,215.9,8.5,22
557,기린,04/04/2019 16:59,14.9,0,0,205.5,4.8,22
557,기린,04/04/2019 17:00,14.8,0,0,228.4,3.1,22
557,기린,04/04/2019 17:01,14.9,0,0,230.7,4.4,22
557,기린,04/04/2019 17:02,14.9,0,0,239.3,3.8,22
557,기린,04/04/2019 17:03,14.9,0,0,266,5.7,22
557,기린,04/04/2019 17:04,14.9,0,0,215.8,8.6,22
557,기린,04/04/2019 17:05,14.9,0,0,241.7,1.6,22
557,기린,04/04/2019 17:06,14.9,0,0,230.3,3.9,22
557,기린,04/04/2019 17:07,14.8,0,0,292.8,3.9,22
557,기린,04/04/2019 17:08,14.9,0,0,345.6,1.8,22
557,기린,04/04/2019 17:09,14.8,0,0,228,3.2,22
557,기린,04/04/2019 17:10,14.8,0,0,227.6,7,22
557,기린,04/04/2019 17:11,14.8,0,0,241.8,4.1,22
557,기린,04/04/2019 17:12,14.8,0,0,245.4,3,22
557,기린,04/04/2019 17:13,14.8,0,0,252.5,3.3,22
557,기린,04/04/2019 17:14,14.7,0,0,222.5,6.7,21
557,기린,04/04/2019 17:15,14.7,0,0,218.5,6.1,21
557,기린,04/04/2019 17:16,14.6,0,0,226.9,5.6,21
557,기린,04/04/2019 17:17,14.6,0,0,215.6,5,21
557,기린,04/04/2019 17:18,14.5,0,0,217.6,7.4,21
557,기린,04/04/2019 17:19,14.5,0,0,235.3,5.5,22
557,기린,04/04/2019 17:20,14.5,0,0,220.7,4.7,22
557,기린,04/04/2019 17:21,14.4,0,0,217.9,7.9,22
557,기린,04/04/2019 17:22,14.4,0,0,231.6,7.2,22
557,기린,04/04/2019 17:23,14.3,0,0,226,7.9,22
557,기린,04/04/2019 17:24,14.3,0,0,247.1,0.6,22
557,기린,04/04/2019 17:25,14.3,0,0,249.8,,22
557,기린,04/04/2019 17:26,14.2,0,0,242.8,3.6,22
557,기린,04/04/2019 17:27,14.2,0,0,215.3,0.5,22
557,기린,04/04/2019 17:28,14.2,0,0,220.9,1.7,22
557,기린,04/04/2019 17:29,14.2,0,0,218.6,4,22
557,기린,04/04/2019 17:30,14.2,0,0,222.2,7.6,22
557,기린,04/04/2019 17:31,14.1,0,0,228.1,7.7,22
557,기린,04/04/2019 17:32,14,0,0,237.5,6.6,22
557,기린,04/04/2019 17:33,14,0,0,248,4.2,22
557,기린,04/04/2019 17:34,14,0,0,230,5.9,22
557,기린,04/04/2019 17:35,14,0,0,236.7,2.6,22
557,기린,04/04/2019 17:36,14,0,0,276.6,1.8,22
557,기린,04/04/2019 17:37,14,0,0,199.4,3.1,23
557,기린,04/04/2019 17:38,14,0,0,228.1,5.6,22
557,기린,04/04/2019 17:39,14,0,0,223.5,4.3,22
557,기린,04/04/2019 17:40,14,0,0,196.2,4.9,23
557,기린,04/04/2019 17:41,14,0,0,227.4,1.5,22
557,기린,04/04/2019 17:42,14,0,0,225.9,1.7,22
557,기린,04/04/2019 17:43,13.9,0,0,232.7,3.1,23
557,기린,04/04/2019 17:44,13.9,0,0,218.4,3.3,22
557,기린,04/04/2019 17:45,13.9,0,0,226.3,5.1,22
557,기린,04/04/2019 17:46,13.9,0,0,194.9,3.6,22
557,기린,04/04/2019 17:47,13.8,0,0,180.1,5.2,22
557,기린,04/04/2019 17:48,13.8,0,0,215.2,2,22
557,기린,04/04/2019 17:49,13.8,0,0,280.6,1.1,22
557,기린,04/04/2019 17:50,13.8,0,0,339.1,3.3,23
557,기린,04/04/2019 17:51,13.8,0,0,258.6,3,23
557,기린,04/04/2019 17:52,13.7,0,0,218.2,3.1,22
557,기린,04/04/2019 17:53,13.6,0,0,272.8,2.9,22
557,기린,04/04/2019 17:54,13.6,0,0,322,2.5,23
557,기린,04/04/2019 17:55,13.5,0,0,293.2,0.9,23
557,기린,04/04/2019 17:56,13.5,0,0,328,0.6,23
557,기린,04/04/2019 17:57,13.4,0,0,115.4,1.3,24
557,기린,04/04/2019 17:58,13.4,0,0,223,5.7,23
557,기린,04/04/2019 17:59,13.4,0,0,206.4,5.3,23
557,기린,04/04/2019 18:00,13.4,0,0,212.1,2,23
557,기린,04/04/2019 18:01,13.4,0,0,238.3,2.1,23
557,기린,04/04/2019 18:02,13.4,0,0,268.4,2.9,23
557,기린,04/04/2019 18:03,13.3,0,0,225,3.4,24
557,기린,04/04/2019 18:04,13.3,0,0,195.6,4.5,23
557,기린,04/04/2019 18:05,13.3,0,0,280.7,1.4,23
557,기린,04/04/2019 18:06,13.2,0,0,312,1.6,24
557,기린,04/04/2019 18:07,13.2,0,0,305.6,2.7,24
557,기린,04/04/2019 18:08,13.2,0,0,279.6,0.7,23
557,기린,04/04/2019 18:09,13.2,0,0,264.4,1.8,23
557,기린,04/04/2019 18:10,13.1,0,0,264.3,4.6,24
557,기린,04/04/2019 18:11,13.1,0,0,222.1,2.4,24
557,기린,04/04/2019 18:12,13.1,0,0,183.1,1.4,24
557,기린,04/04/2019 18:13,13.1,0,0,304.7,1.5,24
557,기린,04/04/2019 18:14,13,0,0,333.3,3.4,25
557,기린,04/04/2019 18:15,13,0,0,337.7,5.3,24
557,기린,04/04/2019 18:16,13,0,0,339,4.1,24
557,기린,04/04/2019 18:17,13,0,0,341.9,3,24
557,기린,04/04/2019 18:18,13,0,0,305.2,1.4,24
557,기린,04/04/2019 18:19,12.9,0,0,288.5,1.8,24
557,기린,04/04/2019 18:20,12.9,0,0,319.3,0.9,24
557,기린,04/04/2019 18:21,12.8,0,0,102.4,0,25
557,기린,04/04/2019 18:22,12.8,0,0,248.4,0.5,25
557,기린,04/04/2019 18:23,12.7,0,0,286,0.4,25
557,기린,04/04/2019 18:24,12.6,0,0,356.7,5,25
557,기린,04/04/2019 18:25,12.7,0,0,318.8,1.3,25
557,기린,04/04/2019 18:26,12.7,0,0,339.8,5.1,24
557,기린,04/04/2019 18:27,12.8,0,0,328,2.7,24
557,기린,04/04/2019 18:28,12.7,0,0,323.8,3,24
557,기린,04/04/2019 18:29,12.7,0,0,324,3,24
557,기린,04/04/2019 18:30,12.7,0,0,351.5,1.9,24
557,기린,04/04/2019 18:31,12.6,0,0,20.6,1.6,25
557,기린,04/04/2019 18:32,12.6,0,0,324.7,1.3,25
557,기린,04/04/2019 18:33,12.6,0,0,325.3,1.4,25
557,기린,04/04/2019 18:34,12.6,0,0,329,1.1,25
557,기린,04/04/2019 18:35,12.5,0,0,58.7,1.2,25
557,기린,04/04/2019 18:36,12.5,0,0,117.8,0.6,25
557,기린,04/04/2019 18:37,12.4,0,0,28.6,0.7,25
557,기린,04/04/2019 18:38,12.4,0,0,28.3,0,26
557,기린,04/04/2019 18:39,12.3,0,0,145.9,0.3,26
557,기린,04/04/2019 18:40,12.4,0,0,32.3,2.1,25
557,기린,04/04/2019 18:41,12.3,0,0,324.5,3.9,25
557,기린,04/04/2019 18:42,12.3,0,0,304.2,3.8,25
557,기린,04/04/2019 18:43,12.4,0,0,270.5,1.2,24
557,기린,04/04/2019 18:44,12.4,0,0,278.4,2.7,24
557,기린,04/04/2019 18:45,12.3,0,0,331.4,1.8,25
557,기린,04/04/2019 18:46,12.2,0,0,33.9,1,25
557,기린,04/04/2019 18:47,12.2,0,0,329.6,0.5,25
557,기린,04/04/2019 18:48,12.2,0,0,336.2,4.4,25
557,기린,04/04/2019 18:49,12.2,0,0,317.2,4.1,24
557,기린,04/04/2019 18:50,12.2,0,0,317.6,3.4,24
557,기린,04/04/2019 18:51,12.2,0,0,277.9,1.4,24
557,기린,04/04/2019 18:52,12.3,0,0,306.3,1.4,24
557,기린,04/04/2019 18:53,12.2,0,0,343.4,3.2,24
557,기린,04/04/2019 18:54,12.1,0,0,331.1,1.7,25
557,기린,04/04/2019 18:55,12,0,0,3.8,2.2,24
557,기린,04/04/2019 18:56,12,0,0,319,1.5,24
557,기린,04/04/2019 18:57,12,0,0,311.9,1.1,24
557,기린,04/04/2019 18:58,11.9,0,0,313.3,3,25
557,기린,04/04/2019 18:59,12,0,0,253.8,2.1,24
557,기린,04/04/2019 19:00,12,0,0,321.1,2.7,24
557,기린,04/04/2019 19:01,12,0,0,325.6,1.8,24
557,기린,04/04/2019 19:02,12,0,0,343.5,3,24
557,기린,04/04/2019 19:03,12,0,0,345.6,2.9,24
557,기린,04/04/2019 19:04,12,0,0,335.9,1.8,24
557,기린,04/04/2019 19:05,12.1,0,0,335.5,1.5,24
557,기린,04/04/2019 19:06,11.9,0,0,8.2,2.9,24
557,기린,04/04/2019 19:07,11.9,0,0,327,1.4,24
557,기린,04/04/2019 19:08,11.9,0,0,269.8,1.9,24
557,기린,04/04/2019 19:09,11.8,0,0,297.3,1.8,24
557,기린,04/04/2019 19:10,11.8,0,0,324.3,2.4,24
557,기린,04/04/2019 19:11,11.8,0,0,346.7,1.2,24
557,기린,04/04/2019 19:12,12,0,0,318.8,1.9,24
557,기린,04/04/2019 19:13,12,0,0,200.5,0.3,23
557,기린,04/04/2019 19:14,11.9,0,0,18.2,3.6,24
557,기린,04/04/2019 19:15,11.8,0,0,3.1,2.6,24
557,기린,04/04/2019 19:16,11.7,0,0,49.3,1,25
557,기린,04/04/2019 19:17,11.6,0,0,4.2,2.3,25
557,기린,04/04/2019 19:18,11.6,0,0,0.2,1.9,25
557,기린,04/04/2019 19:19,11.6,0,0,77.2,1,25
557,기린,04/04/2019 19:20,11.6,0,0,277.9,2,25
557,기린,04/04/2019 19:21,11.6,0,0,288,1.2,25
557,기린,04/04/2019 19:22,11.7,0,0,270.5,0.6,24
557,기린,04/04/2019 19:23,11.7,0,0,310.2,0.9,24
557,기린,04/04/2019 19:24,11.7,0,0,319.8,1.3,24
557,기린,04/04/2019 19:25,11.7,0,0,322,2.6,24
557,기린,04/04/2019 19:26,11.4,0,0,342.3,0.8,25
557,기린,04/04/2019 19:27,11.4,0,0,286.4,2.2,25
557,기린,04/04/2019 19:28,11.6,0,0,184.2,1.5,25
557,기린,04/04/2019 19:29,11.6,0,0,144.5,1.3,24
557,기린,04/04/2019 19:30,11.5,0,0,92.3,1.3,24
557,기린,04/04/2019 19:31,11.5,0,0,336.1,2,25
557,기린,04/04/2019 19:32,11.4,0,0,259.8,2.8,25
557,기린,04/04/2019 19:33,11.5,0,0,240,2.9,25
557,기린,04/04/2019 19:34,11.5,0,0,220.3,2.3,25
557,기린,04/04/2019 19:35,11.5,0,0,222.1,2.5,25
557,기린,04/04/2019 19:36,11.5,0,0,221.4,1.6,25
557,기린,04/04/2019 19:37,11.5,0,0,160.4,1.2,25
557,기린,04/04/2019 19:38,11.4,0,0,180.4,1,25
557,기린,04/04/2019 19:39,11.3,0,0,199.5,1.9,26
557,기린,04/04/2019 19:40,11.4,0,0,254.1,2.2,25
557,기린,04/04/2019 19:41,11.4,0,0,228.8,0.6,25
557,기린,04/04/2019 19:42,11.3,0,0,180.4,0.8,26
557,기린,04/04/2019 19:43,11.2,0,0,72.9,0.7,26
557,기린,04/04/2019 19:44,10.9,0,0,348,0.4,27
557,기린,04/04/2019 19:45,11.1,0,0,258.9,0.7,26
557,기린,04/04/2019 19:46,10.9,0,0,212.2,1.4,27
557,기린,04/04/2019 19:47,11.1,0,0,233.3,3.6,26
557,기린,04/04/2019 19:48,11.1,0,0,246.1,0.8,26
557,기린,04/04/2019 19:49,11.3,0,0,211.1,1.3,26
557,기린,04/04/2019 19:50,11.2,0,0,209.6,1.2,26
557,기린,04/04/2019 19:51,11.1,0,0,146.9,2.6,26
557,기린,04/04/2019 19:52,11.1,0,0,180.9,3.1,26
557,기린,04/04/2019 19:53,11.1,0,0,223,2.5,26
557,기린,04/04/2019 19:54,11.1,0,0,230.4,6.4,26
557,기린,04/04/2019 19:55,11.2,0,0,240.1,2.5,26
557,기린,04/04/2019 19:56,11.3,0,0,257,2.3,25
557,기린,04/04/2019 19:57,11.3,0,0,270.8,1.7,25
557,기린,04/04/2019 19:58,11.2,0,0,276.1,1.4,25
557,기린,04/04/2019 19:59,11.2,0,0,262.1,0.4,26
557,기린,04/04/2019 20:00,11,0,0,275,0.5,26
557,기린,04/04/2019 20:01,11,0,0,116.9,1.2,26
557,기린,04/04/2019 20:02,10.9,0,0,201,2.4,26
557,기린,04/04/2019 20:03,11.1,0,0,187.4,5.3,26
557,기린,04/04/2019 20:04,11.1,0,0,214.5,3.9,26
557,기린,04/04/2019 20:05,11.1,0,0,208.6,4.9,26
557,기린,04/04/2019 20:06,11.2,0,0,252.8,2.8,25
557,기린,04/04/2019 20:07,11.1,0,0,203.5,7.2,25
557,기린,04/04/2019 20:08,11.1,0,0,223.9,2.2,25
557,기린,04/04/2019 20:09,11,0,0,211,3.2,26
557,기린,04/04/2019 20:10,11.1,0,0,230.8,5,25
557,기린,04/04/2019 20:11,11.1,0,0,221.5,5.8,25
557,기린,04/04/2019 20:12,11.1,0,0,253.5,1.2,25
557,기린,04/04/2019 20:13,11,0,0,311.3,1.8,26
557,기린,04/04/2019 20:14,10.9,0,0,348.2,1.1,26
557,기린,04/04/2019 20:15,11,0,0,240.5,2.4,25
557,기린,04/04/2019 20:16,10.9,0,0,254,2.8,26
557,기린,04/04/2019 20:17,11,0,0,242.6,2.3,26
557,기린,04/04/2019 20:18,10.9,0,0,248.1,3.8,26
557,기린,04/04/2019 20:19,10.9,0,0,220.1,2.5,26
557,기린,04/04/2019 20:20,10.9,0,0,230.7,2,26
557,기린,04/04/2019 20:21,10.9,0,0,301.8,1.4,26
557,기린,04/04/2019 20:22,10.7,0,0,202.6,1.6,26
557,기린,04/04/2019 20:23,10.8,0,0,272.9,0,26
557,기린,04/04/2019 20:24,10.7,0,0,348.7,3.7,26
557,기린,04/04/2019 20:25,10.9,0,0,235.3,2.4,26
557,기린,04/04/2019 20:26,10.9,0,0,243.4,0.9,26
557,기린,04/04/2019 20:27,10.7,0,0,249.5,1.7,26
557,기린,04/04/2019 20:28,10.9,0,0,248.6,1.6,26
557,기린,04/04/2019 20:29,10.8,0,0,253.8,0.7,26
557,기린,04/04/2019 20:30,10.8,0,0,227.7,5.3,26
557,기린,04/04/2019 20:31,10.9,0,0,275.7,0.8,25
557,기린,04/04/2019 20:32,10.8,0,0,302.3,2.7,25
557,기린,04/04/2019 20:33,10.7,0,0,206.4,1.5,26
557,기린,04/04/2019 20:34,10.7,0,0,223.5,1,26
557,기린,04/04/2019 20:35,10.7,0,0,226.3,2.2,26
557,기린,04/04/2019 20:36,10.8,0,0,307.5,1.2,26
557,기린,04/04/2019 20:37,10.7,0,0,228.8,3.5,26
557,기린,04/04/2019 20:38,10.8,0,0,267.7,4.4,26
557,기린,04/04/2019 20:39,10.8,0,0,327.6,1.9,26
557,기린,04/04/2019 20:40,10.7,0,0,266.1,3,26
557,기린,04/04/2019 20:41,10.8,0,0,228.5,1.6,26
557,기린,04/04/2019 20:42,10.7,0,0,258.6,2.5,26
557,기린,04/04/2019 20:43,10.8,0,0,275.5,1.4,26
557,기린,04/04/2019 20:44,10.6,0,0,251.3,3,26
557,기린,04/04/2019 20:45,10.7,0,0,244.2,1.5,26
557,기린,04/04/2019 20:46,10.7,0,0,269.1,2.1,26
557,기린,04/04/2019 20:47,10.6,0,0,229.2,6.4,27
557,기린,04/04/2019 20:48,10.7,0,0,239.1,2.8,27
557,기린,04/04/2019 20:49,10.8,0,0,274.4,3.6,26
557,기린,04/04/2019 20:50,10.8,0,0,249.5,1.1,26
557,기린,04/04/2019 20:51,10.7,0,0,224.8,2,26
557,기린,04/04/2019 20:52,10.6,0,0,227.3,3.2,27
557,기린,04/04/2019 20:53,10.6,0,0,254,1.8,27
557,기린,04/04/2019 20:54,10.7,0,0,251.3,2.6,27
557,기린,04/04/2019 20:55,10.6,0,0,231,3.1,27
557,기린,04/04/2019 20:56,10.6,0,0,253,2.6,27
557,기린,04/04/2019 20:57,10.4,0,0,250.3,4.5,27
557,기린,04/04/2019 20:58,10.4,0,0,238.6,2.5,27
557,기린,04/04/2019 20:59,10.4,0,0,219.7,2.3,27
557,기린,04/04/2019 21:00,10.5,0,0,200.2,2.8,27
557,기린,04/04/2019 21:01,10.4,0,0,228.3,2.9,28
557,기린,04/04/2019 21:02,10.5,0,0,282.1,2,27
557,기린,04/04/2019 21:03,10.5,0,0,247.8,4.6,27
557,기린,04/04/2019 21:04,10.4,0,0,225.8,4.9,28
557,기린,04/04/2019 21:05,10.4,0,0,254.9,2,28
557,기린,04/04/2019 21:06,10.4,0,0,225.5,2.8,28
557,기린,04/04/2019 21:07,10.4,0,0,225.9,8.1,27
557,기린,04/04/2019 21:08,10.4,0,0,236.1,3.4,27
557,기린,04/04/2019 21:09,10.5,0,0,277.7,1.3,27
557,기린,04/04/2019 21:10,10.5,0,0,180,1.4,27
557,기린,04/04/2019 21:11,10.3,0,0,273.2,1,28
557,기린,04/04/2019 21:12,10.2,0,0,255.1,1.5,28
557,기린,04/04/2019 21:13,10.2,0,0,242.9,2.7,28
557,기린,04/04/2019 21:14,10.1,0,0,265.2,1.8,29
557,기린,04/04/2019 21:15,10.1,0,0,246.4,3,28
557,기린,04/04/2019 21:16,10.2,0,0,231.1,3.3,28
557,기린,04/04/2019 21:17,10.2,0,0,224,3.7,28
557,기린,04/04/2019 21:18,10.2,0,0,229.6,3.3,28
557,기린,04/04/2019 21:19,10.2,0,0,253.6,2.5,28
557,기린,04/04/2019 21:20,10.2,0,0,236.3,2.4,28
557,기린,04/04/2019 21:21,10.2,0,0,242.8,1.5,28
557,기린,04/04/2019 21:22,10.1,0,0,224.9,2.7,28
557,기린,04/04/2019 21:23,10.1,0,0,223,1.9,28
557,기린,04/04/2019 21:24,10.1,0,0,240.7,4.5,28
557,기린,04/04/2019 21:25,10.1,0,0,256.5,2.5,28
557,기린,04/04/2019 21:26,10.2,0,0,232.2,4.8,28
557,기린,04/04/2019 21:27,10.2,0,0,239.5,2,28
557,기린,04/04/2019 21:28,10.2,0,0,225.9,5.2,27
557,기린,04/04/2019 21:29,10.2,0,0,231.8,5,27
557,기린,04/04/2019 21:30,10.2,0,0,235.4,4.1,27
557,기린,04/04/2019 21:31,10.3,0,0,210.1,5.7,27
557,기린,04/04/2019 21:32,10.2,0,0,219.7,7,27
557,기린,04/04/2019 21:33,10.3,0,0,229.9,4.5,27
557,기린,04/04/2019 21:34,10.3,0,0,228.8,6.3,27
557,기린,04/04/2019 21:35,10.3,0,0,215.7,8.6,27
557,기린,04/04/2019 21:36,10.2,0,0,233,3.3,27
557,기린,04/04/2019 21:37,10.2,0,0,257.7,2.1,27
557,기린,04/04/2019 21:38,10.2,0,0,237.3,3,28
557,기린,04/04/2019 21:39,10.2,0,0,235.9,8.2,27
557,기린,04/04/2019 21:40,10.2,0,0,248.5,1.6,28
557,기린,04/04/2019 21:41,10.1,0,0,227.2,3.6,27
557,기린,04/04/2019 21:42,10.2,0,0,220.9,9.2,28
557,기린,04/04/2019 21:43,10.2,0,0,226.6,4.1,28
557,기린,04/04/2019 21:44,10.2,0,0,223.8,5.6,27
557,기린,04/04/2019 21:45,10.2,0,0,221.9,5.2,27
557,기린,04/04/2019 21:46,10.2,0,0,215.5,5.4,27
557,기린,04/04/2019 21:47,10.2,0,0,224.6,6.6,28
557,기린,04/04/2019 21:48,10.1,0,0,250.8,2.3,28
557,기린,04/04/2019 21:49,10.1,0,0,255.8,7.3,28
557,기린,04/04/2019 21:50,10,0,0,245,3.3,28
557,기린,04/04/2019 21:51,10,0,0,225.5,4.7,28
557,기린,04/04/2019 21:52,10.1,0,0,226,8.6,28
557,기린,04/04/2019 21:53,10,0,0,235.1,3.1,28
557,기린,04/04/2019 21:54,10,0,0,247.3,1.3,28
557,기린,04/04/2019 21:55,10,0,0,240.8,3.3,28
557,기린,04/04/2019 21:56,9.9,0,0,233.9,2.4,28
557,기린,04/04/2019 21:57,9.9,0,0,258.2,2.8,28
557,기린,04/04/2019 21:58,9.9,0,0,260.8,4.9,28
557,기린,04/04/2019 21:59,10,0,0,214.7,3.5,28
557,기린,04/04/2019 22:00,9.9,0,0,229.2,4.6,29
557,기린,04/04/2019 22:01,9.9,0,0,219.4,6.5,28
557,기린,04/04/2019 22:02,10,0,0,229,3.2,28
557,기린,04/04/2019 22:03,9.9,0,0,237.5,4.8,28
557,기린,04/04/2019 22:04,9.9,0,0,245.3,5.5,28
557,기린,04/04/2019 22:05,9.9,0,0,250.6,1.5,28
557,기린,04/04/2019 22:06,9.9,0,0,263.4,1.5,28
557,기린,04/04/2019 22:07,9.9,0,0,245,2.9,28
557,기린,04/04/2019 22:08,9.9,0,0,221.4,2.7,28
557,기린,04/04/2019 22:09,9.9,0,0,213,3.2,28
557,기린,04/04/2019 22:10,9.9,0,0,225.8,6,28
557,기린,04/04/2019 22:11,9.9,0,0,202.1,3.1,28
557,기린,04/04/2019 22:12,9.9,0,0,224.6,3.3,28
557,기린,04/04/2019 22:13,9.9,0,0,227.2,4.6,28
557,기린,04/04/2019 22:14,9.9,0,0,224.3,7.5,28
557,기린,04/04/2019 22:15,9.9,0,0,219.5,4.9,28
557,기린,04/04/2019 22:16,9.9,0,0,224,3.9,28
557,기린,04/04/2019 22:17,9.9,0,0,227.7,7.3,28
557,기린,04/04/2019 22:18,10,0,0,222.4,1.9,28
557,기린,04/04/2019 22:19,9.9,0,0,218.9,6.7,28
557,기린,04/04/2019 22:20,9.9,0,0,235.3,4.7,28
557,기린,04/04/2019 22:21,9.9,0,0,226.9,4.2,28
557,기린,04/04/2019 22:22,9.9,0,0,203,8.6,28
557,기린,04/04/2019 22:23,9.8,0,0,239.6,4,28
557,기린,04/04/2019 22:24,9.8,0,0,242.3,4.6,28
557,기린,04/04/2019 22:25,9.8,0,0,226.8,6.4,28
557,기린,04/04/2019 22:26,9.8,0,0,218.6,8.8,28
557,기린,04/04/2019 22:27,9.8,0,0,267,2.6,28
557,기린,04/04/2019 22:28,9.9,0,0,236.6,5.3,28
557,기린,04/04/2019 22:29,9.8,0,0,227.6,6.9,28
557,기린,04/04/2019 22:30,9.8,0,0,188.4,5,28
557,기린,04/04/2019 22:31,9.8,0,0,233.7,2.8,28
557,기린,04/04/2019 22:32,9.8,0,0,221,5.4,28
557,기린,04/04/2019 22:33,9.8,0,0,228.9,3.9,28
557,기린,04/04/2019 22:34,9.8,0,0,211.7,4.4,27
557,기린,04/04/2019 22:35,9.8,0,0,214.8,7.8,28
557,기린,04/04/2019 22:36,9.8,0,0,217.9,6.3,27
557,기린,04/04/2019 22:37,9.8,0,0,193.7,4.6,27
557,기린,04/04/2019 22:38,9.7,0,0,214.4,3.4,27
557,기린,04/04/2019 22:39,9.7,0,0,194.6,1.7,27
557,기린,04/04/2019 22:40,9.7,0,0,209.9,4.5,27
557,기린,04/04/2019 22:41,9.7,0,0,226.4,5.8,27
557,기린,04/04/2019 22:42,9.7,0,0,227.2,7.5,27
557,기린,04/04/2019 22:43,9.6,0,0,222.8,5.5,27
557,기린,04/04/2019 22:44,9.6,0,0,219.8,6.6,28
557,기린,04/04/2019 22:45,9.6,0,0,223.8,5.8,28
557,기린,04/04/2019 22:46,9.6,0,0,246.4,4.7,27
557,기린,04/04/2019 22:47,9.6,0,0,185.5,4.1,27
557,기린,04/04/2019 22:48,9.5,0,0,227.3,3.9,27
557,기린,04/04/2019 22:49,9.5,0,0,211.2,6.1,27
557,기린,04/04/2019 22:50,9.6,0,0,231.8,6,27
557,기린,04/04/2019 22:51,9.6,0,0,210.9,5.3,26
557,기린,04/04/2019 22:52,9.6,0,0,216.4,2.6,27
557,기린,04/04/2019 22:53,9.5,0,0,205.9,5.9,26
557,기린,04/04/2019 22:54,9.5,0,0,206.5,3.3,26
557,기린,04/04/2019 22:55,9.5,0,0,228,5.3,26
557,기린,04/04/2019 22:56,9.5,0,0,234.5,2.7,27
557,기린,04/04/2019 22:57,9.5,0,0,221.4,3.5,27
557,기린,04/04/2019 22:58,9.5,0,0,225.8,4.3,26
557,기린,04/04/2019 22:59,9.5,0,0,233.3,5,26
557,기린,04/04/2019 23:00,9.4,0,0,221.4,6.7,27
557,기린,04/04/2019 23:01,9.5,0,0,224,3.3,27
557,기린,04/04/2019 23:02,9.5,0,0,206,7.1,26
557,기린,04/04/2019 23:03,9.5,0,0,179.8,0.4,26
557,기린,04/04/2019 23:04,9.4,0,0,283.6,1.3,26
557,기린,04/04/2019 23:05,9.3,0,0,248.4,2.3,27
557,기린,04/04/2019 23:06,9.3,0,0,218.2,6.1,27
557,기린,04/04/2019 23:07,9.3,0,0,187.5,2.4,27
557,기린,04/04/2019 23:08,9.3,0,0,187.4,4.1,27
557,기린,04/04/2019 23:09,9.3,0,0,219.8,5.2,27
557,기린,04/04/2019 23:10,9.3,0,0,204.7,4.7,27
557,기린,04/04/2019 23:11,9.3,0,0,204.9,5.9,27
557,기린,04/04/2019 23:12,9.3,0,0,207.9,5.8,27
557,기린,04/04/2019 23:13,9.3,0,0,218.6,5.3,28
557,기린,04/04/2019 23:14,9.2,0,0,229.2,3.4,28
557,기린,04/04/2019 23:15,9.1,0,0,253.5,7.1,28
557,기린,04/04/2019 23:16,9.1,0,0,235.4,4.6,28
557,기린,04/04/2019 23:17,9,0,0,246.6,2,28
557,기린,04/04/2019 23:18,9.1,0,0,205.7,4.6,28
557,기린,04/04/2019 23:19,9.1,0,0,208.7,7.9,28
557,기린,04/04/2019 23:20,9.1,0,0,220.3,6.2,28
557,기린,04/04/2019 23:21,9.1,0,0,228.4,3,28
557,기린,04/04/2019 23:22,9.1,0,0,205.4,3.9,28
557,기린,04/04/2019 23:23,9.1,0,0,228.9,1.6,28
557,기린,04/04/2019 23:24,9.1,0,0,201.5,1.7,28
557,기린,04/04/2019 23:25,9.1,0,0,198.8,4.5,28
557,기린,04/04/2019 23:26,9.1,0,0,213.9,6.9,28
557,기린,04/04/2019 23:27,9.1,0,0,213.8,5.2,28
557,기린,04/04/2019 23:28,9.1,0,0,249.1,4,28
557,기린,04/04/2019 23:29,9.1,0,0,227.8,4.1,28
557,기린,04/04/2019 23:30,9.1,0,0,200.8,2.3,28
557,기린,04/04/2019 23:31,8.9,0,0,265.7,2.4,29
557,기린,04/04/2019 23:32,8.9,0,0,262,1.3,29
557,기린,04/04/2019 23:33,8.9,0,0,255.1,2,29
557,기린,04/04/2019 23:34,8.8,0,0,130.6,0.5,29
557,기린,04/04/2019 23:35,8.8,0,0,282.1,1.6,29
557,기린,04/04/2019 23:36,8.7,0,0,313.1,2.8,29
557,기린,04/04/2019 23:37,8.6,0,0,350.6,4.9,30
557,기린,04/04/2019 23:38,8.7,0,0,210.8,4.3,29
557,기린,04/04/2019 23:39,8.8,0,0,187.6,2.4,29
557,기린,04/04/2019 23:40,8.8,0,0,204.8,3.4,29
557,기린,04/04/2019 23:41,9,0,0,215.3,3.1,28
557,기린,04/04/2019 23:42,8.8,0,0,237.8,1,29
557,기린,04/04/2019 23:43,8.8,0,0,212.2,2.6,29
557,기린,04/04/2019 23:44,8.8,0,0,180.2,2,29
557,기린,04/04/2019 23:45,8.8,0,0,197.8,2.8,29
557,기린,04/04/2019 23:46,8.8,0,0,221.4,5.8,29
557,기린,04/04/2019 23:47,8.9,0,0,225,4.4,29
557,기린,04/04/2019 23:48,8.9,0,0,233.8,1.8,29
557,기린,04/04/2019 23:49,8.8,0,0,213,4.4,28
557,기린,04/04/2019 23:50,8.9,0,0,203.7,5.1,28
557,기린,04/04/2019 23:51,8.9,0,0,210.2,3.8,28
557,기린,04/04/2019 23:52,8.9,0,0,213.2,5.6,28
557,기린,04/04/2019 23:53,8.9,0,0,227.8,2,28
557,기린,04/04/2019 23:54,8.8,0,0,222.3,7.9,27
557,기린,04/04/2019 23:55,8.9,0,0,221.7,4.7,27
557,기린,04/04/2019 23:56,8.8,0,0,208.9,12.6,27
557,기린,04/04/2019 23:57,8.9,0,0,227.5,9.3,26
557,기린,04/04/2019 23:58,8.9,0,0,213.4,8.1,26
557,기린,04/04/2019 23:59,8.9,0,0,223.5,8.9,26
557,기린,05/04/2019 00:00,8.9,0,0,224.9,5.5,26
557,기린,05/04/2019 00:01,8.9,0,0,207.5,5.1,26
557,기린,05/04/2019 00:02,8.9,0,0,217,8.8,25
557,기린,05/04/2019 00:03,8.9,0,0,222.7,6.9,25
557,기린,05/04/2019 00:04,8.9,0,0,219.7,6.5,25
557,기린,05/04/2019 00:05,8.9,0,0,212.2,10.4,25
557,기린,05/04/2019 00:06,8.8,0,0,236.6,5.9,24
557,기린,05/04/2019 00:07,8.8,0,0,234.4,2.7,25
557,기린,05/04/2019 00:08,8.8,0,0,227.6,4.3,25
557,기린,05/04/2019 00:09,8.8,0,0,203.5,8.5,25
557,기린,05/04/2019 00:10,8.8,0,0,218.8,6,24
557,기린,05/04/2019 00:11,8.8,0,0,222.6,7.3,24
557,기린,05/04/2019 00:12,8.8,0,0,230.8,6.2,24
557,기린,05/04/2019 00:13,8.8,0,0,226.1,5.6,24
557,기린,05/04/2019 00:14,8.7,0,0,228.5,6.2,24
557,기린,05/04/2019 00:15,8.7,0,0,232.4,2.5,24
557,기린,05/04/2019 00:16,8.7,0,0,220.7,6.7,24
557,기린,05/04/2019 00:17,8.7,0,0,221.9,12.2,23
557,기린,05/04/2019 00:18,8.7,0,0,223.6,4.3,23
557,기린,05/04/2019 00:19,8.7,0,0,217.7,9.6,23
557,기린,05/04/2019 00:20,8.7,0,0,221.6,5.9,24
557,기린,05/04/2019 00:21,8.7,0,0,226.4,7.6,23
557,기린,05/04/2019 00:22,8.7,0,0,216.5,8.3,23
557,기린,05/04/2019 00:23,8.7,0,0,218.2,7.5,23
557,기린,05/04/2019 00:24,8.6,0,0,219.8,9.3,23
557,기린,05/04/2019 00:25,8.6,0,0,227.7,8.6,23
557,기린,05/04/2019 00:26,8.7,0,0,222,7.3,22
557,기린,05/04/2019 00:27,8.7,0,0,223.8,4.4,22
557,기린,05/04/2019 00:28,8.7,0,0,220.2,6.7,23
557,기린,05/04/2019 00:29,8.7,0,0,217.7,3.9,23
557,기린,05/04/2019 00:30,8.6,0,0,215,10,23
557,기린,05/04/2019 00:31,8.6,0,0,226.2,8.7,23
557,기린,05/04/2019 00:32,8.7,0,0,224,4.5,22
557,기린,05/04/2019 00:33,8.6,0,0,219.3,9.4,22
557,기린,05/04/2019 00:34,8.7,0,0,217.9,8.1,22
557,기린,05/04/2019 00:35,8.6,0,0,209.5,7.7,23
557,기린,05/04/2019 00:36,8.6,0,0,211,9,22
557,기린,05/04/2019 00:37,8.6,0,0,233.1,8,22
557,기린,05/04/2019 00:38,8.7,0,0,201.2,8.3,22
557,기린,05/04/2019 00:39,8.6,0,0,225.7,5.9,23
557,기린,05/04/2019 00:40,8.6,0,0,223.1,13,23
557,기린,05/04/2019 00:41,8.6,0,0,225,9.3,23
557,기린,05/04/2019 00:42,8.6,0,0,209.1,8.1,22
557,기린,05/04/2019 00:43,8.6,0,0,219,8,22
557,기린,05/04/2019 00:44,8.6,0,0,213.3,7.3,23
557,기린,05/04/2019 00:45,8.6,0,0,224.9,3.9,23
557,기린,05/04/2019 00:46,8.5,0,0,222.7,7,23
557,기린,05/04/2019 00:47,8.6,0,0,223.5,7.9,23
557,기린,05/04/2019 00:48,8.6,0,0,222.6,6.6,23
557,기린,05/04/2019 00:49,8.5,0,0,227.1,5.7,23
557,기린,05/04/2019 00:50,8.5,0,0,211.5,4.3,23
557,기린,05/04/2019 00:51,8.5,0,0,215.6,7.2,23
557,기린,05/04/2019 00:52,8.5,0,0,225.4,5.4,23
557,기린,05/04/2019 00:53,8.5,0,0,223,4.5,22
557,기린,05/04/2019 00:54,8.5,0,0,224.8,6.8,22
557,기린,05/04/2019 00:55,8.5,0,0,217.8,5.4,22
557,기린,05/04/2019 00:56,8.5,0,0,218.5,10.5,22
557,기린,05/04/2019 00:57,8.4,0,0,235.3,3,23
557,기린,05/04/2019 00:58,8.4,0,0,226.3,10.2,23
557,기린,05/04/2019 00:59,8.4,0,0,217.6,6.3,23
557,기린,05/04/2019 01:00,8.5,0,0,224.4,6.9,22
557,기린,05/04/2019 01:01,8.5,0,0,205.8,10.2,22
557,기린,05/04/2019 01:02,8.5,0,0,217.8,3,22
557,기린,05/04/2019 01:03,8.5,0,0,219.3,9.4,22
557,기린,05/04/2019 01:04,8.4,0,0,233.4,5.2,22
557,기린,05/04/2019 01:05,8.4,0,0,212.4,9.1,22
557,기린,05/04/2019 01:06,8.4,0,0,224.4,6.8,22
557,기린,05/04/2019 01:07,8.4,0,0,218.1,8.8,22
557,기린,05/04/2019 01:08,8.4,0,0,234.8,7.6,22
557,기린,05/04/2019 01:09,8.4,0,0,228.5,3.5,22
557,기린,05/04/2019 01:10,8.4,0,0,231.2,,22
557,기린,05/04/2019 01:11,8.4,0,0,223.6,7.4,22
557,기린,05/04/2019 01:12,8.4,0,0,213,8.8,21
557,기린,05/04/2019 01:13,8.4,0,0,228.3,5.9,22
557,기린,05/04/2019 01:14,8.4,0,0,217.4,5.2,22
557,기린,05/04/2019 01:15,8.4,0,0,231.3,2.9,23
557,기린,05/04/2019 01:16,8.3,0,0,224.7,7.9,23
557,기린,05/04/2019 01:17,8.3,0,0,214.7,5.1,22
557,기린,05/04/2019 01:18,8.4,0,0,225.6,5.1,22
557,기린,05/04/2019 01:19,8.4,0,0,244.1,8.9,22
557,기린,05/04/2019 01:20,8.3,0,0,226.4,5.8,21
557,기린,05/04/2019 01:21,8.3,0,0,212.9,6.1,21
557,기린,05/04/2019 01:22,8.3,0,0,214.5,3.2,21
557,기린,05/04/2019 01:23,8.3,0,0,218.2,4.4,22
557,기린,05/04/2019 01:24,8.3,0,0,226.5,3.7,22
557,기린,05/04/2019 01:25,8.3,0,0,232.7,7.9,22
557,기린,05/04/2019 01:26,8.2,0,0,226.9,7.9,22
557,기린,05/04/2019 01:27,8.3,0,0,222.2,7.1,22
557,기린,05/04/2019 01:28,8.3,0,0,222.9,9.5,21
557,기린,05/04/2019 01:29,8.3,0,0,218.7,4.5,22
557,기린,05/04/2019 01:30,8.3,0,0,210.6,5.2,22
557,기린,05/04/2019 01:31,8.2,0,0,224.2,6.1,22
557,기린,05/04/2019 01:32,8.3,0,0,224.6,8.7,22
557,기린,05/04/2019 01:33,8.2,0,0,226.5,6.2,22
557,기린,05/04/2019 01:34,8.2,0,0,212.7,5.1,22
557,기린,05/04/2019 01:35,8.2,0,0,228.1,4.8,22
557,기린,05/04/2019 01:36,8.2,0,0,226.5,4.1,22
557,기린,05/04/2019 01:37,8.2,0,0,224.8,4.7,22
557,기린,05/04/2019 01:38,8.2,0,0,227.6,11.5,22
557,기린,05/04/2019 01:39,8.2,0,0,240,2.7,22
557,기린,05/04/2019 01:40,8.2,0,0,232.7,7.8,22
557,기린,05/04/2019 01:41,8.2,0,0,223,7.3,22
557,기린,05/04/2019 01:42,8.2,0,0,210.6,3.9,22
557,기린,05/04/2019 01:43,8.1,0,0,218.5,7.6,22
557,기린,05/04/2019 01:44,8.2,0,0,216.1,5.2,22
557,기린,05/04/2019 01:45,8.2,0,0,218.6,6,21
557,기린,05/04/2019 01:46,8.2,0,0,226.5,7.6,22
557,기린,05/04/2019 01:47,8.1,0,0,223.4,3.7,22
557,기린,05/04/2019 01:48,8.1,0,0,217.1,6,22
557,기린,05/04/2019 01:49,8.2,0,0,221.8,8.6,21
557,기린,05/04/2019 01:50,8.2,0,0,218.4,8.5,22
557,기린,05/04/2019 01:51,8.1,0,0,232.9,10.7,22
557,기린,05/04/2019 01:52,8.1,0,0,231.5,7,22
557,기린,05/04/2019 01:53,8.1,0,0,207.9,6.6,22
557,기린,05/04/2019 01:54,8.2,0,0,224.5,7,21
557,기린,05/04/2019 01:55,8.2,0,0,215.1,8.3,21
557,기린,05/04/2019 01:56,8.1,0,0,227,9,22
557,기린,05/04/2019 01:57,8.2,0,0,223.4,4,21
557,기린,05/04/2019 01:58,8.1,0,0,232.2,2.8,22
557,기린,05/04/2019 01:59,8.1,0,0,236.9,6.5,22
557,기린,05/04/2019 02:00,8.1,0,0,225.1,3.1,22
557,기린,05/04/2019 02:01,8.1,0,0,210.2,4.6,22
557,기린,05/04/2019 02:02,8.1,0,0,224.6,7.6,22
557,기린,05/04/2019 02:03,8,0,0,228.6,7.5,22
557,기린,05/04/2019 02:04,8.1,0,0,215.2,3.8,21
557,기린,05/04/2019 02:05,8.1,0,0,225.8,9.4,21
557,기린,05/04/2019 02:06,8.1,0,0,239.9,3.4,21
557,기린,05/04/2019 02:07,8,0,0,237.8,4.7,22
557,기린,05/04/2019 02:08,8.1,0,0,222.5,9.7,22
557,기린,05/04/2019 02:09,8.1,0,0,220,6.4,22
557,기린,05/04/2019 02:10,8,0,0,262.3,5.2,22
557,기린,05/04/2019 02:11,8,0,0,235.1,3.3,23
557,기린,05/04/2019 02:12,8,0,0,230.1,5.7,22
557,기린,05/04/2019 02:13,8,0,0,244.3,6.3,22
557,기린,05/04/2019 02:14,8,0,0,215.5,5.6,22
557,기린,05/04/2019 02:15,8,0,0,220.6,6.8,22
557,기린,05/04/2019 02:16,8,0,0,215.8,5.1,22
557,기린,05/04/2019 02:17,8,0,0,219.6,8.4,22
557,기린,05/04/2019 02:18,8,0,0,226.7,3.6,22
557,기린,05/04/2019 02:19,8,0,0,214.4,2.2,22
557,기린,05/04/2019 02:20,8,0,0,216.8,2.7,22
557,기린,05/04/2019 02:21,8,0,0,224.8,4.9,22
557,기린,05/04/2019 02:22,8,0,0,214.3,7.9,22
557,기린,05/04/2019 02:23,8,0,0,232.5,4.3,22
557,기린,05/04/2019 02:24,8,0,0,229.7,4.7,23
557,기린,05/04/2019 02:25,7.9,0,0,231,11.8,23
557,기린,05/04/2019 02:26,7.9,0,0,224.9,5.5,22
557,기린,05/04/2019 02:27,8,0,0,221.5,8.2,22
557,기린,05/04/2019 02:28,8,0,0,221.7,4.7,22
557,기린,05/04/2019 02:29,7.9,0,0,209.6,9.9,22
557,기린,05/04/2019 02:30,7.9,0,0,222.8,10.2,22
557,기린,05/04/2019 02:31,7.9,0,0,226.8,4.5,22
557,기린,05/04/2019 02:32,7.9,0,0,217.4,9.2,22
557,기린,05/04/2019 02:33,7.9,0,0,243.4,3.6,23
557,기린,05/04/2019 02:34,7.9,0,0,217,2.8,22
557,기린,05/04/2019 02:35,7.9,0,0,213.7,4.8,22
557,기린,05/04/2019 02:36,7.9,0,0,221,7.3,22
557,기린,05/04/2019 02:37,7.8,0,0,222.6,7,23
557,기린,05/04/2019 02:38,7.8,0,0,223,8.2,23
557,기린,05/04/2019 02:39,7.9,0,0,213,6.7,22
557,기린,05/04/2019 02:40,7.8,0,0,220.5,7.9,23
557,기린,05/04/2019 02:41,7.8,0,0,226.4,8,23
557,기린,05/04/2019 02:42,7.8,0,0,212.1,4.1,23
557,기린,05/04/2019 02:43,7.8,0,0,231,9.7,23
557,기린,05/04/2019 02:44,7.8,0,0,226.5,7.4,23
557,기린,05/04/2019 02:45,7.8,0,0,219.7,6.5,23
557,기린,05/04/2019 02:46,7.8,0,0,223.5,7.1,23
557,기린,05/04/2019 02:47,7.8,0,0,223.3,9.4,23
557,기린,05/04/2019 02:48,7.8,0,0,223.7,9.6,23
557,기린,05/04/2019 02:49,7.8,0,0,227.3,2.9,23
557,기린,05/04/2019 02:50,7.8,0,0,212.1,5.8,23
557,기린,05/04/2019 02:51,7.8,0,0,218.7,8,23
557,기린,05/04/2019 02:52,7.8,0,0,216.4,3.1,23
557,기린,05/04/2019 02:53,7.8,0,0,210.7,4.4,23
557,기린,05/04/2019 02:54,7.7,0,0,226.9,5.3,23
557,기린,05/04/2019 02:55,7.7,0,0,223.8,7.1,23
557,기린,05/04/2019 02:56,7.8,0,0,219,7.4,23
557,기린,05/04/2019 02:57,7.8,0,0,222.2,5,23
557,기린,05/04/2019 02:58,7.8,0,0,219.6,6,23
557,기린,05/04/2019 02:59,7.7,0,0,214.1,2.1,23
557,기린,05/04/2019 03:00,7.7,0,0,215.1,7.2,23
557,기린,05/04/2019 03:01,7.7,0,0,220.4,4.3,23
557,기린,05/04/2019 03:02,7.7,0,0,228.7,5.5,24
557,기린,05/04/2019 03:03,7.6,0,0,225.2,5.5,24
557,기린,05/04/2019 03:04,7.7,0,0,219.4,5.8,24
557,기린,05/04/2019 03:05,7.7,0,0,219.9,5.7,23
557,기린,05/04/2019 03:06,7.7,0,0,230.7,5.4,24
557,기린,05/04/2019 03:07,7.7,0,0,231,5.6,24
557,기린,05/04/2019 03:08,7.7,0,0,195.6,4.1,23
557,기린,05/04/2019 03:09,7.7,0,0,221.6,8.1,23
557,기린,05/04/2019 03:10,7.7,0,0,217.7,8.3,23
557,기린,05/04/2019 03:11,7.7,0,0,212.9,5.3,24
557,기린,05/04/2019 03:12,7.7,0,0,242.1,1.2,24
557,기린,05/04/2019 03:13,7.7,0,0,207.3,4.8,24
557,기린,05/04/2019 03:14,7.7,0,0,205.9,8.5,23
557,기린,05/04/2019 03:15,7.7,0,0,219.2,5.3,23
557,기린,05/04/2019 03:16,7.7,0,0,218.4,6.5,24
557,기린,05/04/2019 03:17,7.6,0,0,236.1,8.1,24
557,기린,05/04/2019 03:18,7.6,0,0,208.7,6.1,24
557,기린,05/04/2019 03:19,7.7,0,0,218.7,2.4,24
557,기린,05/04/2019 03:20,7.7,0,0,221,6.7,24
557,기린,05/04/2019 03:21,7.7,0,0,226.5,7.1,24
557,기린,05/04/2019 03:22,7.7,0,0,225.4,3.1,24
557,기린,05/04/2019 03:23,7.7,0,0,204.3,6.3,24
557,기린,05/04/2019 03:24,7.7,0,0,208.9,8,24
557,기린,05/04/2019 03:25,7.7,0,0,224.8,6.4,24
557,기린,05/04/2019 03:26,7.7,0,0,218.6,5.8,24
557,기린,05/04/2019 03:27,7.7,0,0,210.2,3.5,24
557,기린,05/04/2019 03:28,7.7,0,0,216.9,4.7,24
557,기린,05/04/2019 03:29,7.7,0,0,223.5,5.6,24
557,기린,05/04/2019 03:30,7.7,0,0,218.6,8.3,24
557,기린,05/04/2019 03:31,7.7,0,0,219.8,3.3,24
557,기린,05/04/2019 03:32,7.7,0,0,220.2,3.9,24
557,기린,05/04/2019 03:33,7.6,0,0,223.4,6.2,25
557,기린,05/04/2019 03:34,7.6,0,0,242.4,7.8,25
557,기린,05/04/2019 03:35,7.7,0,0,220.2,5.2,25
557,기린,05/04/2019 03:36,7.6,0,0,221.1,7,25
557,기린,05/04/2019 03:37,7.6,0,0,217.4,8.5,25
557,기린,05/04/2019 03:38,7.6,0,0,231.5,5.2,25
557,기린,05/04/2019 03:39,7.6,0,0,226.1,6.6,25
557,기린,05/04/2019 03:40,7.6,0,0,220.2,6.9,25
557,기린,05/04/2019 03:41,7.6,0,0,227.1,5.9,25
557,기린,05/04/2019 03:42,7.6,0,0,229.8,5,25
557,기린,05/04/2019 03:43,7.5,0,0,228.2,2.5,25
557,기린,05/04/2019 03:44,7.5,0,0,214.5,6.3,25
557,기린,05/04/2019 03:45,7.5,0,0,222.7,8,26
557,기린,05/04/2019 03:46,7.5,0,0,227.8,6.5,26
557,기린,05/04/2019 03:47,7.5,0,0,227.6,4.2,26
557,기린,05/04/2019 03:48,7.5,0,0,207.8,6.9,26
557,기린,05/04/2019 03:49,7.6,0,0,221,6.8,26
557,기린,05/04/2019 03:50,7.5,0,0,245.3,2.7,26
557,기린,05/04/2019 03:51,7.6,0,0,200.8,3.8,26
557,기린,05/04/2019 03:52,7.6,0,0,225.6,5.5,26
557,기린,05/04/2019 03:53,7.5,0,0,223.1,4.3,26
557,기린,05/04/2019 03:54,7.5,0,0,225.5,6.8,26
557,기린,05/04/2019 03:55,7.5,0,0,240.4,1.6,26
557,기린,05/04/2019 03:56,7.5,0,0,215.8,4.1,27
557,기린,05/04/2019 03:57,7.5,0,0,220.4,5.1,27
557,기린,05/04/2019 03:58,7.5,0,0,268.1,1.5,27
557,기린,05/04/2019 03:59,7.4,0,0,239.2,5,27
557,기린,05/04/2019 04:00,7.4,0,0,245.5,3.9,27
557,기린,05/04/2019 04:01,7.4,0,0,264.1,2.2,27
557,기린,05/04/2019 04:02,7.5,0,0,246.7,1.3,27
557,기린,05/04/2019 04:03,7.5,0,0,250.6,2,27
557,기린,05/04/2019 04:04,7.5,0,0,237.9,4.4,28
557,기린,05/04/2019 04:05,7.5,0,0,240.9,2.7,28
557,기린,05/04/2019 04:06,7.5,0,0,257,5.6,28
557,기린,05/04/2019 04:07,7.5,0,0,224.7,6,28
557,기린,05/04/2019 04:08,7.5,0,0,208.7,1.6,28
557,기린,05/04/2019 04:09,7.5,0,0,222.5,3.1,28
557,기린,05/04/2019 04:10,7.5,0,0,229.5,6.9,29
557,기린,05/04/2019 04:11,7.5,0,0,220.7,6.5,29
557,기린,05/04/2019 04:12,7.5,0,0,220,5,29
557,기린,05/04/2019 04:13,7.5,0,0,224.6,4.7,29
557,기린,05/04/2019 04:14,7.5,0,0,228.6,5.7,29
557,기린,05/04/2019 04:15,7.5,0,0,231.2,6.6,29
557,기린,05/04/2019 04:16,7.5,0,0,244.8,3,30
557,기린,05/04/2019 04:17,7.5,0,0,235.1,1,30
557,기린,05/04/2019 04:18,7.5,0,0,231.2,5.2,30
557,기린,05/04/2019 04:19,7.5,0,0,224,0.5,30
557,기린,05/04/2019 04:20,7.5,0,0,176.3,2.6,29
557,기린,05/04/2019 04:21,7.5,0,0,210.2,5.2,30
557,기린,05/04/2019 04:22,7.5,0,0,231.5,2.8,31
557,기린,05/04/2019 04:23,7.5,0,0,231.8,5.6,31
557,기린,05/04/2019 04:24,7.5,0,0,218.5,5,31
557,기린,05/04/2019 04:25,7.5,0,0,211.3,0.8,31
557,기린,05/04/2019 04:26,7.4,0,0,290.3,2.1,31
557,기린,05/04/2019 04:27,7.4,0,0,58.3,1,31
557,기린,05/04/2019 04:28,7.4,0,0,209.2,6.1,31
557,기린,05/04/2019 04:29,7.4,0,0,227.5,3.3,31
557,기린,05/04/2019 04:30,7.4,0,0,246,1.6,31
557,기린,05/04/2019 04:31,7.4,0,0,224,3.2,31
557,기린,05/04/2019 04:32,7.4,0,0,219.9,4.4,32
557,기린,05/04/2019 04:33,7.4,0,0,226.8,3.3,32
557,기린,05/04/2019 04:34,7.4,0,0,236.8,5.9,32
557,기린,05/04/2019 04:35,7.4,0,0,225.1,6.3,32
557,기린,05/04/2019 04:36,7.4,0,0,215.1,2.7,32
557,기린,05/04/2019 04:37,7.4,0,0,227.2,2.4,33
557,기린,05/04/2019 04:38,7.4,0,0,227.1,4.1,33
557,기린,05/04/2019 04:39,7.4,0,0,224.1,0.8,33
557,기린,05/04/2019 04:40,7.4,0,0,232.5,3.8,33
557,기린,05/04/2019 04:41,7.4,0,0,219.7,4.5,34
557,기린,05/04/2019 04:42,7.4,0,0,220.5,5.5,34
557,기린,05/04/2019 04:43,7.4,0,0,235.2,4.8,34
557,기린,05/04/2019 04:44,7.4,0,0,261.2,0.7,34
557,기린,05/04/2019 04:45,7.4,0,0,298.1,4.3,34
557,기린,05/04/2019 04:46,7.4,0,0,206.2,2.2,34
557,기린,05/04/2019 04:47,7.4,0,0,214.3,7.9,35
557,기린,05/04/2019 04:48,7.4,0,0,218.7,5.1,35
557,기린,05/04/2019 04:49,7.4,0,0,202,6.6,35
557,기린,05/04/2019 04:50,7.4,0,0,218.4,5.8,35
557,기린,05/04/2019 04:51,7.4,0,0,224.6,3.9,35
557,기린,05/04/2019 04:52,7.3,0,0,215.6,3.6,35
557,기린,05/04/2019 04:53,7.3,0,0,230.2,3.4,35
557,기린,05/04/2019 04:54,7.3,0,0,231.2,3.8,36
557,기린,05/04/2019 04:55,7.3,0,0,218.1,2.5,35
557,기린,05/04/2019 04:56,7.3,0,0,223.9,2.6,36
557,기린,05/04/2019 04:57,7.3,0,0,227.9,3.2,36
557,기린,05/04/2019 04:58,7.3,0,0,208,4.9,36
557,기린,05/04/2019 04:59,7.3,0,0,222.2,7.9,36
557,기린,05/04/2019 05:00,7.3,0,0,227.2,2.6,36
557,기린,05/04/2019 05:01,7.3,0,0,217.6,2.5,36
557,기린,05/04/2019 05:02,7.3,0,0,247.1,2.7,37
557,기린,05/04/2019 05:03,7.2,0,0,297.7,0.6,37
557,기린,05/04/2019 05:04,7.3,0,0,205.9,1.5,37
557,기린,05/04/2019 05:05,7.3,0,0,189.1,4.2,37
557,기린,05/04/2019 05:06,7.3,0,0,216.6,3,37
557,기린,05/04/2019 05:07,7.3,0,0,215.1,3.5,37
557,기린,05/04/2019 05:08,7.3,0,0,197.5,2.9,37
557,기린,05/04/2019 05:09,7.3,0,0,291.2,2.8,37
557,기린,05/04/2019 05:10,7.2,0,0,134.7,1.3,38
557,기린,05/04/2019 05:11,7.2,0,0,127,0.9,38
557,기린,05/04/2019 05:12,7.2,0,0,237.9,2.5,39
557,기린,05/04/2019 05:13,7.2,0,0,236,3.3,39
557,기린,05/04/2019 05:14,7.2,0,0,222.4,3.8,39
557,기린,05/04/2019 05:15,7.2,0,0,243.1,1.4,39
557,기린,05/04/2019 05:16,7.2,0,0,238.3,1.8,39
557,기린,05/04/2019 05:17,7.2,0,0,235.9,0.8,39
557,기린,05/04/2019 05:18,7.2,0,0,257.8,1.4,39
557,기린,05/04/2019 05:19,7.2,0,0,287.8,0.7,39
557,기린,05/04/2019 05:20,7.2,0,0,313.8,0.7,39
557,기린,05/04/2019 05:21,7.2,0,0,313.4,0.8,39
557,기린,05/04/2019 05:22,7.2,0,0,212.5,1.8,39
557,기린,05/04/2019 05:23,7.1,0,0,263,1.5,40
557,기린,05/04/2019 05:24,7.1,0,0,267.2,1.7,40
557,기린,05/04/2019 05:25,7.1,0,0,217.8,3.6,40
557,기린,05/04/2019 05:26,7.1,0,0,227.9,4.1,41
557,기린,05/04/2019 05:27,7.1,0,0,223.5,1.4,41
557,기린,05/04/2019 05:28,7.1,0,0,258.2,4.4,42
557,기린,05/04/2019 05:29,7.1,0,0,227.5,2,42
557,기린,05/04/2019 05:30,7.1,0,0,256.8,0.4,42
557,기린,05/04/2019 05:31,7.1,0,0,228.8,1.1,42
557,기린,05/04/2019 05:32,7.2,0,0,188.8,3.6,42
557,기린,05/04/2019 05:33,7.2,0,0,202.6,4.1,42
557,기린,05/04/2019 05:34,7.2,0,0,231,3.4,43
557,기린,05/04/2019 05:35,7.1,0,0,244.8,2.2,43
557,기린,05/04/2019 05:36,7.1,0,0,259.9,5.3,44
557,기린,05/04/2019 05:37,7.1,0,0,236.9,2.3,44
557,기린,05/04/2019 05:38,7.1,0,0,254.9,2.6,45
557,기린,05/04/2019 05:39,7.1,0,0,255.5,1.4,45
557,기린,05/04/2019 05:40,7.1,0,0,278.5,0.4,44
557,기린,05/04/2019 05:41,7.1,0,0,86.6,1.2,44
557,기린,05/04/2019 05:42,7.1,0,0,182.4,3,44
557,기린,05/04/2019 05:43,7.1,0,0,190.7,4.1,44
557,기린,05/04/2019 05:44,7.1,0,0,216.1,3.5,44
557,기린,05/04/2019 05:45,7.1,0,0,245.8,1.2,44
557,기린,05/04/2019 05:46,7.1,0,0,236.9,0.9,44
557,기린,05/04/2019 05:47,7.1,0,0,263.2,1.4,45
557,기린,05/04/2019 05:48,7.1,0,0,255.1,3.3,45
557,기린,05/04/2019 05:49,7,0,0,237.6,3.3,46
557,기린,05/04/2019 05:50,7.1,0,0,217.7,3.5,46
557,기린,05/04/2019 05:51,7.1,0,0,220.5,4.1,46
557,기린,05/04/2019 05:52,7.1,0,0,222.8,4.7,47
557,기린,05/04/2019 05:53,7.1,0,0,218.6,1.9,47
557,기린,05/04/2019 05:54,7.1,0,0,211.9,5.3,47
557,기린,05/04/2019 05:55,7.1,0,0,234.9,3.4,48
557,기린,05/04/2019 05:56,7.1,0,0,214.7,3,49
557,기린,05/04/2019 05:57,7.1,0,0,217.1,1.3,48
557,기린,05/04/2019 05:58,7.1,0,0,215.6,4.6,48
557,기린,05/04/2019 05:59,7.1,0,0,223.4,5.5,48
557,기린,05/04/2019 06:00,7,0,0,240.6,1.4,48
557,기린,05/04/2019 06:01,7,0,0,233.3,3.7,48
557,기린,05/04/2019 06:02,7,0,0,228.7,3.6,49
557,기린,05/04/2019 06:03,7,0,0,239.8,2.6,49
557,기린,05/04/2019 06:04,7,0,0,225.8,6.2,50
557,기린,05/04/2019 06:05,7,0,0,215.2,2.4,50
557,기린,05/04/2019 06:06,7,0,0,213.1,6,50
557,기린,05/04/2019 06:07,7,0,0,201.6,5.5,51
557,기린,05/04/2019 06:08,7,0,0,221.5,2.6,50
557,기린,05/04/2019 06:09,7,0,0,224,3.3,50
557,기린,05/04/2019 06:10,7,0,0,237.2,1.2,49
557,기린,05/04/2019 06:11,7,0,0,220.6,2.9,49
557,기린,05/04/2019 06:12,7,0,0,233.8,4.4,49
557,기린,05/04/2019 06:13,6.9,0,0,210.6,2,49
557,기린,05/04/2019 06:14,7,0,0,212.3,2.1,50
557,기린,05/04/2019 06:15,6.9,0,0,228,4.5,50
557,기린,05/04/2019 06:16,6.9,0,0,212.1,0.8,50
557,기린,05/04/2019 06:17,6.9,0,0,220.5,2.9,50
557,기린,05/04/2019 06:18,6.9,0,0,199,3.9,51
557,기린,05/04/2019 06:19,6.9,0,0,219.7,3.8,51
557,기린,05/04/2019 06:20,6.9,0,0,242.2,2,51
557,기린,05/04/2019 06:21,6.9,0,0,216.8,2.6,51
557,기린,05/04/2019 06:22,6.9,0,0,224.1,5.9,51
557,기린,05/04/2019 06:23,6.9,0,0,215.1,4,52
557,기린,05/04/2019 06:24,6.9,0,0,202.7,4.6,52
557,기린,05/04/2019 06:25,6.9,0,0,208.5,6.7,53
557,기린,05/04/2019 06:26,6.9,0,0,214.6,4,54
557,기린,05/04/2019 06:27,6.8,0,0,211.7,3.9,54
557,기린,05/04/2019 06:28,6.8,0,0,225.3,5.6,54
557,기린,05/04/2019 06:29,6.8,0,0,200,7.8,54
557,기린,05/04/2019 06:30,6.8,0,0,219.2,6.1,54
557,기린,05/04/2019 06:31,6.8,0,0,229.4,2,54
557,기린,05/04/2019 06:32,6.8,0,0,211.3,2.2,54
557,기린,05/04/2019 06:33,6.8,0,0,225.1,5.2,55
557,기린,05/04/2019 06:34,6.8,0,0,215.3,4.2,56
557,기린,05/04/2019 06:35,6.8,0,0,180.8,4.1,57
557,기린,05/04/2019 06:36,6.8,0,0,221.7,5.8,57
557,기린,05/04/2019 06:37,6.8,0,0,221.5,4.1,57
557,기린,05/04/2019 06:38,6.8,0,0,203.4,2.4,58
557,기린,05/04/2019 06:39,6.8,0,0,200.3,2.4,58
557,기린,05/04/2019 06:40,6.8,0,0,194.8,2.4,58
557,기린,05/04/2019 06:41,6.8,0,0,192.5,4.9,58
557,기린,05/04/2019 06:42,6.7,0,0,207.5,1.5,58
557,기린,05/04/2019 06:43,6.7,0,0,219.2,1.9,58
557,기린,05/04/2019 06:44,6.7,0,0,218.7,3,58
557,기린,05/04/2019 06:45,6.7,0,0,205.4,2.9,58
557,기린,05/04/2019 06:46,6.7,0,0,212.3,1,59
557,기린,05/04/2019 06:47,6.7,0,0,230.2,3.1,59
557,기린,05/04/2019 06:48,6.7,0,0,201.5,4.7,59
557,기린,05/04/2019 06:49,6.7,0,0,215.1,2.9,60
557,기린,05/04/2019 06:50,6.6,0,0,221.4,4.6,60
557,기린,05/04/2019 06:51,6.7,0,0,188.9,2.3,60
557,기린,05/04/2019 06:52,6.6,0,0,218.6,4.2,60
557,기린,05/04/2019 06:53,6.6,0,0,225.8,2,61
557,기린,05/04/2019 06:54,6.6,0,0,227,2.5,61
557,기린,05/04/2019 06:55,6.6,0,0,224.3,3.4,61
557,기린,05/04/2019 06:56,6.6,0,0,218.9,5.5,61
557,기린,05/04/2019 06:57,6.6,0,0,214.8,4.3,61
557,기린,05/04/2019 06:58,6.5,0,0,255.7,0.9,61
557,기린,05/04/2019 06:59,6.5,0,0,262.6,1.4,61
557,기린,05/04/2019 07:00,6.5,0,0,305.8,1.9,61
557,기린,05/04/2019 07:01,6.5,0,0,303.1,0.8,62
557,기린,05/04/2019 07:02,6.5,0,0,240,2.4,62
557,기린,05/04/2019 07:03,6.5,0,0,167.2,1.5,62
557,기린,05/04/2019 07:04,6.5,0,0,230,3.3,63
557,기린,05/04/2019 07:05,6.5,0,0,247.9,3.1,63
557,기린,05/04/2019 07:06,6.5,0,0,219.7,4,63
557,기린,05/04/2019 07:07,6.4,0,0,219.6,1.4,64
557,기린,05/04/2019 07:08,6.5,0,0,175.9,2,64
557,기린,05/04/2019 07:09,6.4,0,0,138,2.8,64
557,기린,05/04/2019 07:10,6.4,0,0,137.7,1.1,64
557,기린,05/04/2019 07:11,6.5,0,0,182.1,2.4,65
557,기린,05/04/2019 07:12,6.5,0,0,211.8,3.1,65
557,기린,05/04/2019 07:13,6.5,0,0,188.8,2,65
557,기린,05/04/2019 07:14,6.5,0,0,170,1.2,65
557,기린,05/04/2019 07:15,6.4,0,0,198.5,3.6,65
557,기린,05/04/2019 07:16,6.4,0,0,237.3,1.4,65
557,기린,05/04/2019 07:17,6.4,0,0,209.1,2,66
557,기린,05/04/2019 07:18,6.4,0,0,205.9,1.8,66
557,기린,05/04/2019 07:19,6.4,0,0,259.4,1.9,66
557,기린,05/04/2019 07:20,6.4,0,0,339.8,2.8,66
557,기린,05/04/2019 07:21,6.3,0,0,1.8,1.1,67
557,기린,05/04/2019 07:22,6.3,0,0,207.7,3.2,67
557,기린,05/04/2019 07:23,6.3,0,0,187,2.8,67
557,기린,05/04/2019 07:24,6.3,0,0,227.1,0.8,67
557,기린,05/04/2019 07:25,6.3,0,0,268.9,1.1,67
557,기린,05/04/2019 07:26,6.3,0,0,277.8,1.5,67
557,기린,05/04/2019 07:27,6.3,0,0,239.3,3.2,68
557,기린,05/04/2019 07:28,6.3,0,0,214.1,2,68
557,기린,05/04/2019 07:29,6.3,0,0,207,2.3,68
557,기린,05/04/2019 07:30,6.2,0,0,229.2,2.7,68
557,기린,05/04/2019 07:31,6.3,0,0,285.1,1.5,69
557,기린,05/04/2019 07:32,6.3,0,0,237.3,1.4,69
557,기린,05/04/2019 07:33,6.3,0,0,111.8,1.2,69
557,기린,05/04/2019 07:34,6.2,0,0,272.5,2.2,69
557,기린,05/04/2019 07:35,6.2,0,0,309.3,0.7,69
557,기린,05/04/2019 07:36,6.2,0,0,125.1,1.2,70
557,기린,05/04/2019 07:37,6.2,0,0,163.6,1.1,70
557,기린,05/04/2019 07:38,6.2,0,0,185.6,1.6,70
557,기린,05/04/2019 07:39,6.2,0,0,251.5,1.5,70
557,기린,05/04/2019 07:40,6.2,0,0,214.7,3.1,71
557,기린,05/04/2019 07:41,6.2,0,0,178.6,1.9,71
557,기린,05/04/2019 07:42,6.1,0,0,207.9,2.6,71
557,기린,05/04/2019 07:43,6.1,0,0,223.2,3.3,71
557,기린,05/04/2019 07:44,6.1,0,0,221.8,2.8,71
557,기린,05/04/2019 07:45,6.1,0,0,189,2.7,72
557,기린,05/04/2019 07:46,6,0,0,226.6,0.6,72
557,기린,05/04/2019 07:47,6,0,0,229.1,0.9,72
557,기린,05/04/2019 07:48,6,0,0,160.4,2,72
557,기린,05/04/2019 07:49,6,0,0,212.4,3,72
557,기린,05/04/2019 07:50,6,0,0,203.4,4.1,72
557,기린,05/04/2019 07:51,6,0,0,218.2,3.3,73
557,기린,05/04/2019 07:52,6,0,0,199.2,4.3,73
557,기린,05/04/2019 07:53,6,0,0,210.5,3.1,73
557,기린,05/04/2019 07:54,6,0,0,232.6,2.7,73
557,기린,05/04/2019 07:55,6,0,0,217.2,3.5,73
557,기린,05/04/2019 07:56,5.9,0,0,239.7,1.9,73
557,기린,05/04/2019 07:57,5.9,0,0,225.1,2.5,73
557,기린,05/04/2019 07:58,5.9,0,0,215.6,1.7,73
557,기린,05/04/2019 07:59,6,0,0,216.8,2,73
557,기린,05/04/2019 08:00,6,0,0,215,3.2,74
557,기린,05/04/2019 08:01,6,0,0,265.7,1.4,74
557,기린,05/04/2019 08:02,6,0,0,247.1,0.5,74
557,기린,05/04/2019 08:03,6,0,0,220.5,3.1,74
557,기린,05/04/2019 08:04,6.1,0,0,158,0.9,74
557,기린,05/04/2019 08:05,6,0,0,221.4,4.4,74
557,기린,05/04/2019 08:06,6.1,0,0,213,4.4,74
557,기린,05/04/2019 08:07,6,0,0,226.6,2.3,74
557,기린,05/04/2019 08:08,6,0,0,218.2,2.9,74
557,기린,05/04/2019 08:09,6.1,0,0,204.2,3.2,75
557,기린,05/04/2019 08:10,6.1,0,0,216.6,3.9,75
557,기린,05/04/2019 08:11,6.1,0,0,223.4,1.9,75
557,기린,05/04/2019 08:12,6.1,0,0,298.5,1.1,75
557,기린,05/04/2019 08:13,6.1,0,0,228.5,0.6,75
557,기린,05/04/2019 08:14,6.1,0,0,306.9,0.7,75
557,기린,05/04/2019 08:15,6.2,0,0,214.9,1.5,75
557,기린,05/04/2019 08:16,6.2,0,0,266,1.4,75
557,기린,05/04/2019 08:17,6.2,0,0,235.5,5,75
557,기린,05/04/2019 08:18,6.3,0,0,217,4.2,76
557,기린,05/04/2019 08:19,6.3,0,0,202.2,2.1,76
557,기린,05/04/2019 08:20,6.3,0,0,253.9,4.7,76
557,기린,05/04/2019 08:21,6.3,0,0,238.4,2.2,76
557,기린,05/04/2019 08:22,6.4,0,0,237.9,2.9,76
557,기린,05/04/2019 08:23,6.4,0,0,215.5,4.2,76
557,기린,05/04/2019 08:24,6.4,0,0,226.1,3.4,76
557,기린,05/04/2019 08:25,6.4,0,0,235,4.4,76
557,기린,05/04/2019 08:26,6.4,0,0,227.8,5.6,76
557,기린,05/04/2019 08:27,6.4,0,0,225.9,3.9,76
557,기린,05/04/2019 08:28,6.4,0,0,234.6,3.2,76
557,기린,05/04/2019 08:29,6.5,0,0,230.5,2.9,77
557,기린,05/04/2019 08:30,6.5,0,0,242.8,1.2,77
557,기린,05/04/2019 08:31,6.5,0,0,261.3,7.6,77
557,기린,05/04/2019 08:32,6.4,0,0,216.4,4.4,77
557,기린,05/04/2019 08:33,6.4,0,0,216.2,6.4,77
557,기린,05/04/2019 08:34,6.5,0,0,211.7,3.6,77
557,기린,05/04/2019 08:35,6.5,0,0,247.4,3.2,77
557,기린,05/04/2019 08:36,6.5,0,0,246.2,3.4,77
557,기린,05/04/2019 08:37,6.5,0,0,238.3,3.6,77
557,기린,05/04/2019 08:38,6.5,0,0,223.6,1.3,77
557,기린,05/04/2019 08:39,6.6,0,0,237,3.9,77
557,기린,05/04/2019 08:40,6.6,0,0,233,4.1,77
557,기린,05/04/2019 08:41,6.6,0,0,214.8,4.6,77
557,기린,05/04/2019 08:42,6.7,0,0,225.2,1.7,77
557,기린,05/04/2019 08:43,6.7,0,0,230.5,1.6,77
557,기린,05/04/2019 08:44,6.7,0,0,226.1,1.9,77
557,기린,05/04/2019 08:45,6.8,0,0,224.9,4.3,77
557,기린,05/04/2019 08:46,6.8,0,0,239.4,5.8,77
557,기린,05/04/2019 08:47,6.8,0,0,227.5,4.9,76
557,기린,05/04/2019 08:48,6.8,0,0,243.7,1,76
557,기린,05/04/2019 08:49,6.8,0,0,241,3.3,77
557,기린,05/04/2019 08:50,7,0,0,237.1,3.6,77
557,기린,05/04/2019 08:51,7.1,0,0,213.2,2.6,76
557,기린,05/04/2019 08:52,7.2,0,0,214,3.3,76
557,기린,05/04/2019 08:53,7.1,0,0,225.3,3.2,76
557,기린,05/04/2019 08:54,7.1,0,0,227.9,3.8,76
557,기린,05/04/2019 08:55,7.1,0,0,287.8,3.6,76
557,기린,05/04/2019 08:56,7.1,0,0,228.7,5.1,76
557,기린,05/04/2019 08:57,7.1,0,0,200.3,2.7,76
557,기린,05/04/2019 08:58,7.1,0,0,240.8,0.4,76
557,기린,05/04/2019 08:59,7.3,0,0,216.6,3.1,76
557,기린,05/04/2019 09:00,7.2,0,0,227.9,4.9,76
557,기린,05/04/2019 09:01,7.2,0,0,217.5,3.9,76
557,기린,05/04/2019 09:02,7.1,0,0,238.4,2,76
557,기린,05/04/2019 09:03,7.1,0,0,242.1,1.7,76
557,기린,05/04/2019 09:04,7.3,0,0,228.4,3.1,76
557,기린,05/04/2019 09:05,7.3,0,0,201.6,5,76
557,기린,05/04/2019 09:06,7.3,0,0,225.4,4.5,76
557,기린,05/04/2019 09:07,7.3,0,0,240,2.1,76
557,기린,05/04/2019 09:08,7.2,0,0,221.1,2.2,76
557,기린,05/04/2019 09:09,7.1,0,0,224.4,5.6,76
557,기린,05/04/2019 09:10,7,0,0,200.6,4.1,76
557,기린,05/04/2019 09:11,7,0,0,213.3,5.9,76
557,기린,05/04/2019 09:12,7.1,0,0,209.7,5.1,77
557,기린,05/04/2019 09:13,7,0,0,255,1.1,77
557,기린,05/04/2019 09:14,7.1,0,0,230.4,5.2,77
557,기린,05/04/2019 09:15,7.1,0,0,225.5,3.7,77
557,기린,05/04/2019 09:16,7.3,0,0,230.7,3.3,77
557,기린,05/04/2019 09:17,7.4,0,0,223.6,3.2,77
557,기린,05/04/2019 09:18,7.5,0,0,243.5,4.7,77
557,기린,05/04/2019 09:19,7.5,0,0,232.5,1.9,76
557,기린,05/04/2019 09:20,7.5,0,0,236.1,3,76
557,기린,05/04/2019 09:21,7.4,0,0,223.7,1.4,75
557,기린,05/04/2019 09:22,7.4,0,0,209.4,3.7,75
557,기린,05/04/2019 09:23,7.5,0,0,237.2,1.4,75
557,기린,05/04/2019 09:24,7.4,0,0,252.3,2.6,75
557,기린,05/04/2019 09:25,7.4,0,0,250,2.1,75
557,기린,05/04/2019 09:26,7.6,0,0,241.1,6,75
557,기린,05/04/2019 09:27,7.5,0,0,253.7,1.9,75
557,기린,05/04/2019 09:28,7.6,0,0,243.2,1,75
557,기린,05/04/2019 09:29,7.7,0,0,242.6,4.1,75
557,기린,05/04/2019 09:30,7.7,0,0,247.5,2.6,75
557,기린,05/04/2019 09:31,7.7,0,0,222.4,4.9,74
557,기린,05/04/2019 09:32,7.7,0,0,258.2,1.6,74
557,기린,05/04/2019 09:33,7.9,0,0,256.5,1.4,74
557,기린,05/04/2019 09:34,8.1,0,0,258.3,1.9,74
557,기린,05/04/2019 09:35,8.2,0,0,233.3,2.5,74
557,기린,05/04/2019 09:36,8.3,0,0,231.6,1,73
557,기린,05/04/2019 09:37,8.3,0,0,266.8,3.3,73
557,기린,05/04/2019 09:38,8.3,0,0,238.2,2.2,72
557,기린,05/04/2019 09:39,8.3,0,0,226,4.2,72
557,기린,05/04/2019 09:40,8.3,0,0,205.1,2,72
557,기린,05/04/2019 09:41,8.3,0,0,205.2,4.8,72
557,기린,05/04/2019 09:42,8.2,0,0,214.7,5.1,72
557,기린,05/04/2019 09:43,8,0,0,258.4,1.4,72
557,기린,05/04/2019 09:44,8,0,0,251.2,2.9,72
557,기린,05/04/2019 09:45,8.1,0,0,246.1,4,73
557,기린,05/04/2019 09:46,8.1,0,0,234.6,3.1,73
557,기린,05/04/2019 09:47,8.2,0,0,216.6,2.4,73
557,기린,05/04/2019 09:48,8.4,0,0,245,4.3,73
557,기린,05/04/2019 09:49,8.4,0,0,233.4,1.5,72
557,기린,05/04/2019 09:50,8.5,0,0,229.1,3.4,72
557,기린,05/04/2019 09:51,8.6,0,0,235.9,2.8,71
557,기린,05/04/2019 09:52,8.6,0,0,233.1,4.6,71
557,기린,05/04/2019 09:53,8.8,0,0,220,3.8,71
557,기린,05/04/2019 09:54,8.7,0,0,204.8,4.2,71
557,기린,05/04/2019 09:55,8.6,0,0,225.6,2.6,70
557,기린,05/04/2019 09:56,8.7,0,0,222.9,5,70
557,기린,05/04/2019 09:57,8.6,0,0,248,3.4,70
557,기린,05/04/2019 09:58,8.5,0,0,234.2,6.1,71
557,기린,05/04/2019 09:59,8.4,0,0,242.1,1.4,70
557,기린,05/04/2019 10:00,8.6,0,0,228.4,5.1,71
557,기린,05/04/2019 10:01,8.7,0,0,197.2,4.9,71
557,기린,05/04/2019 10:02,8.8,0,0,205,3.5,71
557,기린,05/04/2019 10:03,8.7,0,0,205.9,1.5,70
557,기린,05/04/2019 10:04,8.8,0,0,222.6,4.6,70
557,기린,05/04/2019 10:05,8.6,0,0,220,2.6,69
557,기린,05/04/2019 10:06,8.6,0,0,240.6,4.4,70
557,기린,05/04/2019 10:07,8.4,0,0,237.1,2.5,70
557,기린,05/04/2019 10:08,8.7,0,0,240.6,2.2,71
557,기린,05/04/2019 10:09,8.9,0,0,225.5,3.5,71
557,기린,05/04/2019 10:10,9,0,0,227.1,6.1,70
557,기린,05/04/2019 10:11,9,0,0,226.2,4,69
557,기린,05/04/2019 10:12,9.3,0,0,172.8,3.6,69
557,기린,05/04/2019 10:13,9.3,0,0,221.2,3.2,68
557,기린,05/04/2019 10:14,9.2,0,0,233.4,5,67
557,기린,05/04/2019 10:15,9.1,0,0,204,4,67
557,기린,05/04/2019 10:16,9,0,0,215.1,3.4,67
557,기린,05/04/2019 10:17,8.9,0,0,229.1,4.1,68
557,기린,05/04/2019 10:18,8.9,0,0,271.8,1.4,68
557,기린,05/04/2019 10:19,9,0,0,232.4,6.5,69
557,기린,05/04/2019 10:20,9,0,0,212.9,3.6,68
557,기린,05/04/2019 10:21,8.9,0,0,208.7,3.1,68
557,기린,05/04/2019 10:22,9,0,0,222.1,4.9,68
557,기린,05/04/2019 10:23,9.2,0,0,224.7,6.6,68
557,기린,05/04/2019 10:24,9.3,0,0,223.6,3.4,68
557,기린,05/04/2019 10:25,9.4,0,0,225.9,4.4,68
557,기린,05/04/2019 10:26,9.4,0,0,249.5,2.4,67
557,기린,05/04/2019 10:27,9.8,0,0,212.3,4.8,67
557,기린,05/04/2019 10:28,10,0,0,226.1,3.2,67
557,기린,05/04/2019 10:29,10.1,0,0,207,3.9,66
557,기린,05/04/2019 10:30,10,0,0,207.8,3.9,65
557,기린,05/04/2019 10:31,9.9,0,0,212.2,6.9,65
557,기린,05/04/2019 10:32,9.7,0,0,226.1,4.9,65
557,기린,05/04/2019 10:33,9.5,0,0,185.2,4,65
557,기린,05/04/2019 10:34,9.3,0,0,207.1,5.3,66
557,기린,05/04/2019 10:35,9.3,0,0,242.2,3.6,66
557,기린,05/04/2019 10:36,9.4,0,0,250.5,2.9,67
557,기린,05/04/2019 10:37,9.4,0,0,235.7,3.4,67
557,기린,05/04/2019 10:38,9.5,0,0,232.2,3.3,66
557,기린,05/04/2019 10:39,9.4,0,0,236.9,2.9,66
557,기린,05/04/2019 10:40,9.4,0,0,238.7,3,66
557,기린,05/04/2019 10:41,9.6,0,0,222.5,4.9,66
557,기린,05/04/2019 10:42,9.5,0,0,238.4,5,66
557,기린,05/04/2019 10:43,9.3,0,0,281.9,0.9,66
557,기린,05/04/2019 10:44,9.3,0,0,263.6,1.6,66
557,기린,05/04/2019 10:45,9.5,0,0,242.7,1.1,67
557,기린,05/04/2019 10:46,9.5,0,0,270.3,4,67
557,기린,05/04/2019 10:47,9.2,0,0,226.9,1.1,66
557,기린,05/04/2019 10:48,9.4,0,0,245.7,1.6,66
557,기린,05/04/2019 10:49,9.4,0,0,258.7,1.8,66
557,기린,05/04/2019 10:50,9.6,0,0,265.2,2.2,66
557,기린,05/04/2019 10:51,9.5,0,0,246.9,1.1,66
557,기린,05/04/2019 10:52,9.5,0,0,253.8,2.4,66
557,기린,05/04/2019 10:53,9.5,0,0,259.6,2.4,66
557,기린,05/04/2019 10:54,9.4,0,0,248.3,3.3,65
557,기린,05/04/2019 10:55,9.4,0,0,223.2,4.6,65
557,기린,05/04/2019 10:56,9.4,0,0,233,5.4,65
557,기린,05/04/2019 10:57,9.4,0,0,212.6,2.9,65
557,기린,05/04/2019 10:58,9.3,0,0,214.9,3.2,65
557,기린,05/04/2019 10:59,9.5,0,0,211.6,1.1,66
557,기린,05/04/2019 11:00,9.6,0,0,254.4,2.9,66
557,기린,05/04/2019 11:01,9.4,0,0,246.9,1.1,65
557,기린,05/04/2019 11:02,9.6,0,0,259.2,2,66
557,기린,05/04/2019 11:03,9.6,0,0,213.3,2.3,65
557,기린,05/04/2019 11:04,9.7,0,0,211.4,3.1,65
557,기린,05/04/2019 11:05,9.8,0,0,217.1,2.9,64
557,기린,05/04/2019 11:06,9.8,0,0,228.2,1.3,64
557,기린,05/04/2019 11:07,10.1,0,0,243,1.9,64
557,기린,05/04/2019 11:08,10.3,0,0,236.4,2,64
557,기린,05/04/2019 11:09,10.3,0,0,224.3,2.7,63
557,기린,05/04/2019 11:10,10,0,0,220.1,2,62
557,기린,05/04/2019 11:11,9.8,0,0,211.3,3.9,62
557,기린,05/04/2019 11:12,9.8,0,0,222.1,3.2,63
557,기린,05/04/2019 11:13,9.9,0,0,252.5,1.9,64
557,기린,05/04/2019 11:14,9.8,0,0,210.9,3.9,63
557,기린,05/04/2019 11:15,9.8,0,0,255.4,2.9,63
557,기린,05/04/2019 11:16,10,0,0,247.5,2.7,63
557,기린,05/04/2019 11:17,10.1,0,0,266.9,2.9,63
557,기린,05/04/2019 11:18,9.8,0,0,252.6,1.8,63
557,기린,05/04/2019 11:19,9.8,0,0,243,4.7,63
557,기린,05/04/2019 11:20,9.7,0,0,228.1,4.6,63
557,기린,05/04/2019 11:21,9.7,0,0,194.1,3.5,63
557,기린,05/04/2019 11:22,9.8,0,0,189.7,3.7,63
557,기린,05/04/2019 11:23,9.9,0,0,175.3,4.2,63
557,기린,05/04/2019 11:24,10,0,0,177.7,0.8,62
557,기린,05/04/2019 11:25,9.9,0,0,225.3,3.5,62
557,기린,05/04/2019 11:26,9.9,0,0,222.4,3.9,62
557,기린,05/04/2019 11:27,9.9,0,0,238.5,2.6,62
557,기린,05/04/2019 11:28,10.1,0,0,238.5,4.6,63
557,기린,05/04/2019 11:29,10.1,0,0,224.3,4.5,62
557,기린,05/04/2019 11:30,10.2,0,0,232.2,3.3,62
557,기린,05/04/2019 11:31,10.4,0,0,234.8,3.4,62
557,기린,05/04/2019 11:32,10.3,0,0,236.5,2.1,61
557,기린,05/04/2019 11:33,10.6,0,0,225.8,3.1,62
557,기린,05/04/2019 11:34,10.8,0,0,259.7,2.7,61
557,기린,05/04/2019 11:35,10.9,0,0,254.7,3.8,60
557,기린,05/04/2019 11:36,11,0,0,234.6,3.7,60
557,기린,05/04/2019 11:37,10.8,0,0,226.7,5.7,59
557,기린,05/04/2019 11:38,10.8,0,0,222.8,1.6,59
557,기린,05/04/2019 11:39,10.9,0,0,225.2,5.9,60
557,기린,05/04/2019 11:40,10.8,0,0,209.3,2.1,59
557,기린,05/04/2019 11:41,10.8,0,0,228.7,4.1,60
557,기린,05/04/2019 11:42,10.8,0,0,230.4,5.7,60
557,기린,05/04/2019 11:43,10.9,0,0,221.8,3.8,59
557,기린,05/04/2019 11:44,10.8,0,0,225.8,4.6,59
557,기린,05/04/2019 11:45,10.9,0,0,219.8,3.6,59
557,기린,05/04/2019 11:46,10.9,0,0,228.7,2.1,59
557,기린,05/04/2019 11:47,11.4,0,0,233.6,2.1,60
557,기린,05/04/2019 11:48,11.7,0,0,233.4,3.4,59
557,기린,05/04/2019 11:49,11.7,0,0,226.5,5,57
557,기린,05/04/2019 11:50,11.5,0,0,216.5,3.2,57
557,기린,05/04/2019 11:51,11.3,0,0,224.8,3.9,57
557,기린,05/04/2019 11:52,11.3,0,0,218.9,2.7,58
557,기린,05/04/2019 11:53,11.6,0,0,224.8,3.3,58
557,기린,05/04/2019 11:54,11.5,0,0,216.6,4.1,57
557,기린,05/04/2019 11:55,11.5,0,0,226.4,5.1,57
557,기린,05/04/2019 11:56,11.4,0,0,219.2,3.6,56
557,기린,05/04/2019 11:57,11.6,0,0,212.8,3.1,57
557,기린,05/04/2019 11:58,12,0,0,219.3,3.1,57
557,기린,05/04/2019 11:59,12.2,0,0,229.6,3,56
557,기린,05/04/2019 12:00,12.3,0,0,249.8,2.1,55
557,기린,05/04/2019 12:01,12.7,0,0,241.2,2.6,55
557,기린,05/04/2019 12:02,12.6,0,0,211.2,2.7,54
557,기린,05/04/2019 12:03,12.4,0,0,208.1,2.8,53
557,기린,05/04/2019 12:04,12.5,0,0,201.7,4,53
557,기린,05/04/2019 12:05,12.4,0,0,225.8,2.8,53
557,기린,05/04/2019 12:06,12.4,0,0,220.4,3.6,53
557,기린,05/04/2019 12:07,12.5,0,0,228.7,3.3,54
557,기린,05/04/2019 12:08,12.8,0,0,239.3,6.1,54
557,기린,05/04/2019 12:09,12.9,0,0,227.9,6,53
557,기린,05/04/2019 12:10,12.5,0,0,240,2.9,52
557,기린,05/04/2019 12:11,12.4,0,0,251.7,3.7,53
557,기린,05/04/2019 12:12,12.2,0,0,219,2.9,53
557,기린,05/04/2019 12:13,12.1,0,0,217.3,5.4,53
557,기린,05/04/2019 12:14,11.9,0,0,226.6,5.4,54
557,기린,05/04/2019 12:15,11.8,0,0,220.4,6.4,54
557,기린,05/04/2019 12:16,11.8,0,0,215.9,4.8,54
557,기린,05/04/2019 12:17,11.9,0,0,224.3,4.2,54
557,기린,05/04/2019 12:18,12.1,0,0,219.5,1.6,54
557,기린,05/04/2019 12:19,12.4,0,0,238.7,2.7,54
557,기린,05/04/2019 12:20,12.5,0,0,225.8,4.8,54
557,기린,05/04/2019 12:21,12.3,0,0,225.6,4.2,53
557,기린,05/04/2019 12:22,12.1,0,0,227.6,1.6,53
557,기린,05/04/2019 12:23,12.1,0,0,231.6,4.5,53
557,기린,05/04/2019 12:24,11.9,0,0,251.5,1.8,53
557,기린,05/04/2019 12:25,11.7,0,0,263.1,3.6,54
557,기린,05/04/2019 12:26,11.7,0,0,224.3,3.8,54
557,기린,05/04/2019 12:27,12,0,0,205.5,3.1,54
557,기린,05/04/2019 12:28,12,0,0,215.4,3.4,54
557,기린,05/04/2019 12:29,11.9,0,0,216,1.6,54
557,기린,05/04/2019 12:30,11.8,0,0,224.9,2,54
557,기린,05/04/2019 12:31,11.9,0,0,216.9,1.9,54
557,기린,05/04/2019 12:32,11.9,0,0,221.7,4,54
557,기린,05/04/2019 12:33,12,0,0,208.9,3.7,54
557,기린,05/04/2019 12:34,12.1,0,0,206.5,3.4,54
557,기린,05/04/2019 12:35,12.3,0,0,213.3,3,53
557,기린,05/04/2019 12:36,12.3,0,0,229.7,4,53
557,기린,05/04/2019 12:37,12.4,0,0,232.4,1.8,53
557,기린,05/04/2019 12:38,12.3,0,0,246.8,1.4,53
557,기린,05/04/2019 12:39,12.3,0,0,258.9,3.3,53
557,기린,05/04/2019 12:40,12.3,0,0,235.6,5.4,53
557,기린,05/04/2019 12:41,12.2,0,0,211,5,53
557,기린,05/04/2019 12:42,12.4,0,0,233.9,5.2,53
557,기린,05/04/2019 12:43,12.3,0,0,230.1,2.4,53
557,기린,05/04/2019 12:44,12.4,0,0,223.6,5,53
557,기린,05/04/2019 12:45,12.6,0,0,187.8,2,53
557,기린,05/04/2019 12:46,12.7,0,0,204.2,2.5,52
557,기린,05/04/2019 12:47,13,0,0,216.6,6.7,52
557,기린,05/04/2019 12:48,12.8,0,0,201.7,5,51
557,기린,05/04/2019 12:49,12.5,0,0,188.8,3,52
557,기린,05/04/2019 12:50,12.4,0,0,207.8,2.4,52
557,기린,05/04/2019 12:51,12.4,0,0,182.1,0.5,53
557,기린,05/04/2019 12:52,12.7,0,0,201,3.9,53
557,기린,05/04/2019 12:53,12.7,0,0,226.8,3.9,52
557,기린,05/04/2019 12:54,12.7,0,0,227.5,4.2,52
557,기린,05/04/2019 12:55,12.8,0,0,215.5,2.4,52
557,기린,05/04/2019 12:56,12.8,0,0,232.1,0.7,52
557,기린,05/04/2019 12:57,12.8,0,0,232.1,2.2,52
557,기린,05/04/2019 12:58,13.2,0,0,219,1.3,52
557,기린,05/04/2019 12:59,13.4,0,0,229,3.4,51
557,기린,05/04/2019 13:00,13.6,0,0,237.7,5.6,50
557,기린,05/04/2019 13:01,13.5,0,0,240,1.4,50
557,기린,05/04/2019 13:02,13.4,0,0,242.8,1.6,50
557,기린,05/04/2019 13:03,13.1,0,0,234.2,3,50
557,기린,05/04/2019 13:04,13.1,0,0,233.7,1.2,51
557,기린,05/04/2019 13:05,12.9,0,0,238.8,1.5,51
557,기린,05/04/2019 13:06,12.9,0,0,214.4,1.8,51
557,기린,05/04/2019 13:07,13.2,0,0,260.6,1.7,52
557,기린,05/04/2019 13:08,13.5,0,0,245.2,1.7,51
557,기린,05/04/2019 13:09,13.5,0,0,320,1.1,50
557,기린,05/04/2019 13:10,13.3,0,0,202.9,1.1,50
557,기린,05/04/2019 13:11,13.3,0,0,265.2,1.9,50
557,기린,05/04/2019 13:12,13.3,0,0,247.1,3.1,50
557,기린,05/04/2019 13:13,13.2,0,0,249.5,0.6,51
557,기린,05/04/2019 13:14,13.3,0,0,202.6,0.8,51
557,기린,05/04/2019 13:15,13.3,0,0,151.1,1.1,51
557,기린,05/04/2019 13:16,13.4,0,0,252.6,1.8,51
557,기린,05/04/2019 13:17,13.4,0,0,244.3,2.1,50
557,기린,05/04/2019 13:18,13.4,0,0,259.4,2.9,50
557,기린,05/04/2019 13:19,13.7,0,0,246.5,2.1,51
557,기린,05/04/2019 13:20,13.8,0,0,221.7,2.5,50
557,기린,05/04/2019 13:21,13.8,0,0,243,2,49
557,기린,05/04/2019 13:22,14.3,0,0,250.3,0.7,49
557,기린,05/04/2019 13:23,14.7,0,0,244.5,2.3,49
557,기린,05/04/2019 13:24,14.7,0,0,250.1,1.5,47
557,기린,05/04/2019 13:25,14.6,0,0,225.1,4.2,47
557,기린,05/04/2019 13:26,14.3,0,0,231.7,4.6,47
557,기린,05/04/2019 13:27,14,0,0,221.3,5,48
557,기린,05/04/2019 13:28,13.8,0,0,214.9,3.2,48
557,기린,05/04/2019 13:29,13.6,0,0,206.2,1.7,49
557,기린,05/04/2019 13:30,13.8,0,0,206.5,0.9,49
557,기린,05/04/2019 13:31,13.9,0,0,156.2,3.4,48
557,기린,05/04/2019 13:32,14.2,0,0,193.7,4.5,48
557,기린,05/04/2019 13:33,14.3,0,0,227.3,3.9,48
557,기린,05/04/2019 13:34,14.1,0,0,216.1,1.3,48
557,기린,05/04/2019 13:35,13.8,0,0,243.7,0.9,48
557,기린,05/04/2019 13:36,14,0,0,282.9,0.7,49
557,기린,05/04/2019 13:37,13.8,0,0,233.8,2.2,48
557,기린,05/04/2019 13:38,13.8,0,0,231,4.2,49
557,기린,05/04/2019 13:39,13.8,0,0,231.4,2.9,49
557,기린,05/04/2019 13:40,13.9,0,0,268.1,2.1,49
557,기린,05/04/2019 13:41,14,0,0,229.5,3.2,49
557,기린,05/04/2019 13:42,13.9,0,0,201.2,2.3,48
557,기린,05/04/2019 13:43,14.1,0,0,239.2,1,49
557,기린,05/04/2019 13:44,14.2,0,0,217.1,2.3,48
557,기린,05/04/2019 13:45,14.2,0,0,222.6,2.4,48
557,기린,05/04/2019 13:46,14.1,0,0,217.6,5.3,48
557,기린,05/04/2019 13:47,14.2,0,0,207.6,3.1,48
557,기린,05/04/2019 13:48,14.4,0,0,232.2,2.4,48
557,기린,05/04/2019 13:49,14.4,0,0,208.3,1.3,47
557,기린,05/04/2019 13:50,14.2,0,0,289.8,1.9,47
557,기린,05/04/2019 13:51,14.3,0,0,318.8,1.1,48
557,기린,05/04/2019 13:52,14.7,0,0,305,2.3,48
557,기린,05/04/2019 13:53,14.8,0,0,300.4,1.2,47
557,기린,05/04/2019 13:54,15,0,0,275.5,1.3,46
557,기린,05/04/2019 13:55,14.8,0,0,269.7,1.6,45
557,기린,05/04/2019 13:56,15.1,0,0,245,0.2,45
557,기린,05/04/2019 13:57,15.6,0,0,215.6,4.5,46
557,기린,05/04/2019 13:58,15.5,0,0,208.8,2.1,44
557,기린,05/04/2019 13:59,15.6,0,0,223.6,3,44
557,기린,05/04/2019 14:00,15.9,0,0,184,3,44
557,기린,05/04/2019 14:01,15.9,0,0,177.4,2.9,43
557,기린,05/04/2019 14:02,15.9,0,0,220.8,3.7,42
557,기린,05/04/2019 14:03,16,0,0,238.5,2.5,42
557,기린,05/04/2019 14:04,15.7,0,0,218.4,0.6,41
557,기린,05/04/2019 14:05,15.5,0,0,324.6,0.3,41
557,기린,05/04/2019 14:06,15.4,0,0,232.8,2.7,40
557,기린,05/04/2019 14:07,15.5,0,0,169,3.2,38
557,기린,05/04/2019 14:08,15.6,0,0,122.7,2.6,38
557,기린,05/04/2019 14:09,16,0,0,118.5,1.2,39
557,기린,05/04/2019 14:10,16.6,0,0,304.7,2,38
557,기린,05/04/2019 14:11,16.7,0,0,258.2,2.6,36
557,기린,05/04/2019 14:12,16.6,0,0,300.9,3.1,35
557,기린,05/04/2019 14:13,16.4,0,0,343.6,1.3,33
557,기린,05/04/2019 14:14,16.3,0,0,14.3,0.8,31
557,기린,05/04/2019 14:15,16.2,0,0,317.5,0.9,33
557,기린,05/04/2019 14:16,16.6,0,0,182.1,6.5,34
557,기린,05/04/2019 14:17,16.8,0,0,278,3,36
557,기린,05/04/2019 14:18,17,0,0,266.3,3.4,37
557,기린,05/04/2019 14:19,17,0,0,252.9,1.6,33
557,기린,05/04/2019 14:20,16.8,0,0,136,4.5,33
557,기린,05/04/2019 14:21,16.6,0,0,38.1,3.2,32
557,기린,05/04/2019 14:22,16.6,0,0,217.8,2.4,32
557,기린,05/04/2019 14:23,16.8,0,0,207.7,2.5,33
557,기린,05/04/2019 14:24,17,0,0,196,3,32
557,기린,05/04/2019 14:25,17.3,0,0,318.3,1.6,32
557,기린,05/04/2019 14:26,17.3,0,0,330.2,1.3,30
557,기린,05/04/2019 14:27,17.1,0,0,354.2,3.9,28
557,기린,05/04/2019 14:28,17.3,0,0,339,3.4,29
557,기린,05/04/2019 14:29,17.3,0,0,346.5,4.3,28
557,기린,05/04/2019 14:30,17.2,0,0,333.5,2.4,27
557,기린,05/04/2019 14:31,16.9,0,0,300.8,2.9,27
557,기린,05/04/2019 14:32,16.8,0,0,284,4.7,28
557,기린,05/04/2019 14:33,16.9,0,0,341.2,4,27
557,기린,05/04/2019 14:34,17,0,0,34.7,2.9,27
557,기린,05/04/2019 14:35,16.9,0,0,296.1,1.9,27
557,기린,05/04/2019 14:36,17.3,0,0,297.2,4.1,28
557,기린,05/04/2019 14:37,17.2,0,0,294.8,1.6,28
557,기린,05/04/2019 14:38,17.2,0,0,221.7,2.8,27
557,기린,05/04/2019 14:39,17.2,0,0,195.4,1.7,26
557,기린,05/04/2019 14:40,17.3,0,0,228.6,4.2,25
557,기린,05/04/2019 14:41,17.3,0,0,150,1.1,25
557,기린,05/04/2019 14:42,17.7,0,0,253,3.6,25
557,기린,05/04/2019 14:43,17.7,0,0,215.3,3.3,24
557,기린,05/04/2019 14:44,17.6,0,0,221.9,3.5,24
557,기린,05/04/2019 14:45,17.7,0,0,249,3.2,24
557,기린,05/04/2019 14:46,17.6,0,0,293.3,4.3,23
557,기린,05/04/2019 14:47,17.6,0,0,323.2,1.7,23
557,기린,05/04/2019 14:48,17.6,0,0,298.9,2.4,23
557,기린,05/04/2019 14:49,17.5,0,0,277.4,0.9,23
557,기린,05/04/2019 14:50,17.6,0,0,216.1,2.7,23
557,기린,05/04/2019 14:51,18,0,0,232.8,1.9,23
557,기린,05/04/2019 14:52,18.2,0,0,240,2,22
557,기린,05/04/2019 14:53,18.3,0,0,325.4,3.3,22
557,기린,05/04/2019 14:54,18,0,0,349.5,0.7,21
557,기린,05/04/2019 14:55,17.7,0,0,278.3,4.3,21
557,기린,05/04/2019 14:56,17.7,0,0,326.6,5,21
557,기린,05/04/2019 14:57,17.5,0,0,330.5,2.5,21
557,기린,05/04/2019 14:58,17.3,0,0,328.1,3.8,20
557,기린,05/04/2019 14:59,17.4,0,0,318.2,1.5,21
557,기린,05/04/2019 15:00,17.4,0,0,46.6,1.2,20
557,기린,05/04/2019 15:01,17.2,0,0,221.6,1.4,20
557,기린,05/04/2019 15:02,17.4,0,0,215.3,5.4,20
557,기린,05/04/2019 15:03,17.7,0,0,224.6,6,20
557,기린,05/04/2019 15:04,17.6,0,0,243.9,4.3,19
557,기린,05/04/2019 15:05,17.5,0,0,207.7,2.7,19
557,기린,05/04/2019 15:06,17.3,0,0,210.5,0.9,19
557,기린,05/04/2019 15:07,17.5,0,0,245.1,2.7,19
557,기린,05/04/2019 15:08,17.6,0,0,337.5,0.9,19
557,기린,05/04/2019 15:09,17.8,0,0,237.5,3.1,19
557,기린,05/04/2019 15:10,17.6,0,0,208.6,3.2,19
557,기린,05/04/2019 15:11,17.5,0,0,200.5,3.9,19
557,기린,05/04/2019 15:12,17.5,0,0,210.6,4,19
557,기린,05/04/2019 15:13,17.2,0,0,248.5,3.6,19
557,기린,05/04/2019 15:14,16.8,0,0,324.4,3,19
557,기린,05/04/2019 15:15,16.9,0,0,349.7,1.9,19
557,기린,05/04/2019 15:16,16.7,0,0,207.3,2.2,19
557,기린,05/04/2019 15:17,16.8,0,0,217.9,3.3,19
557,기린,05/04/2019 15:18,16.8,0,0,228.8,2.1,20
557,기린,05/04/2019 15:19,16.6,0,0,244.5,1.3,19
557,기린,05/04/2019 15:20,16.6,0,0,238.2,1.5,20
557,기린,05/04/2019 15:21,16.7,0,0,216.4,2,20
557,기린,05/04/2019 15:22,16.8,0,0,219.3,4.7,19
557,기린,05/04/2019 15:23,17.1,0,0,246.5,2.6,19
557,기린,05/04/2019 15:24,17.1,0,0,313,2.4,19
557,기린,05/04/2019 15:25,17,0,0,309.6,1.4,18
557,기린,05/04/2019 15:26,17.3,0,0,309.1,1.7,19
557,기린,05/04/2019 15:27,17.5,0,0,300,1.5,19
557,기린,05/04/2019 15:28,17.6,0,0,264.1,2.4,19
557,기린,05/04/2019 15:29,17.9,0,0,255.1,2.4,18
557,기린,05/04/2019 15:30,17.9,0,0,288.5,1.5,18
557,기린,05/04/2019 15:31,18.1,0,0,1.3,3.8,18
557,기린,05/04/2019 15:32,17.6,0,0,5.5,4.2,17
557,기린,05/04/2019 15:33,17.4,0,0,326.5,3.5,18
557,기린,05/04/2019 15:34,17,0,0,177.8,3.2,18
557,기린,05/04/2019 15:35,16.8,0,0,195.4,2.9,18
557,기린,05/04/2019 15:36,16.8,0,0,211.3,1.5,18
557,기린,05/04/2019 15:37,16.9,0,0,181.5,3.4,19
557,기린,05/04/2019 15:38,17.1,0,0,223.2,3.3,18
557,기린,05/04/2019 15:39,17,0,0,227.3,2.6,18
557,기린,05/04/2019 15:40,16.9,0,0,235.2,4.8,18
557,기린,05/04/2019 15:41,16.8,0,0,227.6,2.4,18
557,기린,05/04/2019 15:42,16.8,0,0,260.5,1.5,18
557,기린,05/04/2019 15:43,17.1,0,0,342.2,1.7,18
557,기린,05/04/2019 15:44,17.1,0,0,340.2,2.2,18
557,기린,05/04/2019 15:45,17.1,0,0,329.6,4.2,17
557,기린,05/04/2019 15:46,17.2,0,0,356.6,4.6,17
557,기린,05/04/2019 15:47,17.1,0,0,348.6,2.9,16
557,기린,05/04/2019 15:48,17.2,0,0,333.1,1.3,16
557,기린,05/04/2019 15:49,17.3,0,0,350.1,4,16
557,기린,05/04/2019 15:50,17.3,0,0,259.9,2.7,16
557,기린,05/04/2019 15:51,17.4,0,0,225,1.8,17
557,기린,05/04/2019 15:52,17.6,0,0,314.3,1.7,16
557,기린,05/04/2019 15:53,17.9,0,0,358.8,4.1,16
557,기린,05/04/2019 15:54,17.7,0,0,3.2,1.6,14
557,기린,05/04/2019 15:55,17.8,0,0,5.8,3,14
557,기린,05/04/2019 15:56,17.6,0,0,35.1,1.9,14
557,기린,05/04/2019 15:57,17.5,0,0,236.8,3.1,14
557,기린,05/04/2019 15:58,17.5,0,0,359.4,5.1,14
557,기린,05/04/2019 15:59,17.6,0,0,9.7,4.2,14
557,기린,05/04/2019 16:00,17.6,0,0,8.7,5,13
557,기린,05/04/2019 16:01,17.6,0,0,10.8,2.9,13
557,기린,05/04/2019 16:02,17.5,0,0,17.3,2.9,13
557,기린,05/04/2019 16:03,17.4,0,0,215.5,2.3,13
557,기린,05/04/2019 16:04,17.3,0,0,304.7,2.1,15
557,기린,05/04/2019 16:05,17.1,0,0,335,3.6,12
557,기린,05/04/2019 16:06,17,0,0,352.1,2.7,12
557,기린,05/04/2019 16:07,16.8,0,0,335.1,1.3,12
557,기린,05/04/2019 16:08,16.7,0,0,245,4.2,12
557,기린,05/04/2019 16:09,16.8,0,0,214.5,2.8,12
557,기린,05/04/2019 16:10,16.8,0,0,205.2,3.1,12
557,기린,05/04/2019 16:11,17,0,0,213.8,1.3,12
557,기린,05/04/2019 16:12,17.1,0,0,287.6,1,12
557,기린,05/04/2019 16:13,17.3,0,0,289.4,2.5,12
557,기린,05/04/2019 16:14,17.4,0,0,238.2,2.1,12
557,기린,05/04/2019 16:15,17.6,0,0,275,1.3,13
557,기린,05/04/2019 16:16,17.6,0,0,250.4,1.8,13
557,기린,05/04/2019 16:17,17.7,0,0,287.4,1,13
557,기린,05/04/2019 16:18,18.1,0,0,5.2,2.1,13
557,기린,05/04/2019 16:19,17.7,0,0,291.7,1.6,11
557,기린,05/04/2019 16:20,17.6,0,0,208.1,3.8,12
557,기린,05/04/2019 16:21,17.6,0,0,217,2.3,12
557,기린,05/04/2019 16:22,17.6,0,0,226.5,3.5,13
557,기린,05/04/2019 16:23,17.6,0,0,217.7,1.7,13
557,기린,05/04/2019 16:24,17.7,0,0,222.7,3.6,13
557,기린,05/04/2019 16:25,17.7,0,0,211.8,1.7,13
557,기린,05/04/2019 16:26,17.7,0,0,204.3,3.2,13
557,기린,05/04/2019 16:27,17.6,0,0,240.2,1.9,13
557,기린,05/04/2019 16:28,17.4,0,0,236.6,1,13
557,기린,05/04/2019 16:29,17.5,0,0,233.8,4.8,13
557,기린,05/04/2019 16:30,17.3,0,0,230.1,2.7,12
557,기린,05/04/2019 16:31,17.3,0,0,217.2,4.1,13
557,기린,05/04/2019 16:32,17.1,0,0,247,1.1,12
557,기린,05/04/2019 16:33,17,0,0,282.3,1.2,12
557,기린,05/04/2019 16:34,17.4,0,0,307.6,4.1,13
557,기린,05/04/2019 16:35,17.5,0,0,327.6,1.2,13
557,기린,05/04/2019 16:36,17.5,0,0,209.7,3.1,13
557,기린,05/04/2019 16:37,17.5,0,0,222.8,2.5,13
557,기린,05/04/2019 16:38,17.6,0,0,254.8,2.4,13
557,기린,05/04/2019 16:39,17.6,0,0,251.6,4.5,12
557,기린,05/04/2019 16:40,17.3,0,0,219.7,3.1,11
557,기린,05/04/2019 16:41,17.1,0,0,229.9,2.4,12
557,기린,05/04/2019 16:42,17.1,0,0,236.6,1.8,12
557,기린,05/04/2019 16:43,17.1,0,0,241.9,3,12
557,기린,05/04/2019 16:44,17.2,0,0,245.9,0.3,12
557,기린,05/04/2019 16:45,17.2,0,0,30.8,0.1,12
557,기린,05/04/2019 16:46,17.2,0,0,41.5,0.8,12
557,기린,05/04/2019 16:47,17.3,0,0,153.5,1.2,12
557,기린,05/04/2019 16:48,17.3,0,0,317.4,0.6,12
557,기린,05/04/2019 16:49,17.3,0,0,303.2,2.1,12
557,기린,05/04/2019 16:50,17.4,0,0,288.2,2.3,11
557,기린,05/04/2019 16:51,17.4,0,0,293.9,2.1,11
557,기린,05/04/2019 16:52,17.3,0,0,21.7,1.1,11
557,기린,05/04/2019 16:53,17.4,0,0,321.1,1.8,11
557,기린,05/04/2019 16:54,17.4,0,0,312.9,4.8,11
557,기린,05/04/2019 16:55,17.3,0,0,318,5.2,10
557,기린,05/04/2019 16:56,17.3,0,0,319.4,2.4,10
557,기린,05/04/2019 16:57,17.3,0,0,343.3,4.7,9
557,기린,05/04/2019 16:58,17.3,0,0,345.6,3.2,9
557,기린,05/04/2019 16:59,17.3,0,0,347.1,3.2,9
557,기린,05/04/2019 17:00,17.3,0,0,328.3,4.1,9
557,기린,05/04/2019 17:01,17.1,0,0,323.6,4.6,9
557,기린,05/04/2019 17:02,17.2,0,0,317.6,4.6,10
557,기린,05/04/2019 17:03,17.1,0,0,333.3,3.4,9
557,기린,05/04/2019 17:04,17.1,0,0,300,3.8,10
557,기린,05/04/2019 17:05,17.1,0,0,331.8,4.5,10
557,기린,05/04/2019 17:06,17.1,0,0,354.3,2.9,9
557,기린,05/04/2019 17:07,17.1,0,0,348.8,3.8,9
557,기린,05/04/2019 17:08,17.1,0,0,10.4,3.5,9
557,기린,05/04/2019 17:09,17.1,0,0,316.4,1.9,9
557,기린,05/04/2019 17:10,16.9,0,0,284.7,3.1,9
557,기린,05/04/2019 17:11,16.9,0,0,4.1,1.7,9
557,기린,05/04/2019 17:12,17,0,0,12.8,2.2,9
557,기린,05/04/2019 17:13,17,0,0,331.9,2.8,9
557,기린,05/04/2019 17:14,16.9,0,0,287.2,3,9
557,기린,05/04/2019 17:15,16.7,0,0,299.3,2.9,9
557,기린,05/04/2019 17:16,16.9,0,0,350.7,4,9
557,기린,05/04/2019 17:17,17,0,0,353.9,3.4,9
557,기린,05/04/2019 17:18,17,0,0,349.3,3.1,9
557,기린,05/04/2019 17:19,16.9,0,0,309.4,1.4,10
557,기린,05/04/2019 17:20,16.9,0,0,2.3,1.1,9
557,기린,05/04/2019 17:21,16.9,0,0,66.5,1.8,10
557,기린,05/04/2019 17:22,16.9,0,0,284.2,1.5,10
557,기린,05/04/2019 17:23,16.8,0,0,279.6,0.4,9
557,기린,05/04/2019 17:24,16.7,0,0,257.6,1.3,10
557,기린,05/04/2019 17:25,16.7,0,0,294.3,0.7,10
557,기린,05/04/2019 17:26,16.7,0,0,276.8,1.6,10
557,기린,05/04/2019 17:27,17,0,0,357.9,4,10
557,기린,05/04/2019 17:28,16.8,0,0,326.2,1.3,9
557,기린,05/04/2019 17:29,16.9,0,0,336,3.2,9
557,기린,05/04/2019 17:30,16.8,0,0,322.9,2.7,9
557,기린,05/04/2019 17:31,16.7,0,0,320.4,5.1,9
557,기린,05/04/2019 17:32,16.6,0,0,307.2,0.9,9
557,기린,05/04/2019 17:33,16.7,0,0,2.3,2.3,9
557,기린,05/04/2019 17:34,16.6,0,0,328.6,2.4,9
557,기린,05/04/2019 17:35,16.5,0,0,262.4,5.8,10
557,기린,05/04/2019 17:36,16.4,0,0,292.5,1.6,9
557,기린,05/04/2019 17:37,16.3,0,0,288.2,0.8,9
557,기린,05/04/2019 17:38,16.4,0,0,300,2.2,9
557,기린,05/04/2019 17:39,16.2,0,0,246.5,3.1,9
557,기린,05/04/2019 17:40,16.2,0,0,276,1.7,9
557,기린,05/04/2019 17:41,16.1,0,0,226.8,1.6,9
557,기린,05/04/2019 17:42,16.1,0,0,260.5,2,9
557,기린,05/04/2019 17:43,16.2,0,0,287.5,3.2,9
557,기린,05/04/2019 17:44,16.2,0,0,281.8,2.9,9
557,기린,05/04/2019 17:45,16.2,0,0,336.5,4.6,9
557,기린,05/04/2019 17:46,16.3,0,0,330,3.9,9
557,기린,05/04/2019 17:47,16.3,0,0,348.5,5.9,9
557,기린,05/04/2019 17:48,16.3,0,0,338.5,3.9,9
557,기린,05/04/2019 17:49,16.2,0,0,339.6,1.7,9
557,기린,05/04/2019 17:50,16.2,0,0,355.2,3.8,10
557,기린,05/04/2019 17:51,16.2,0,0,330,5.1,10
557,기린,05/04/2019 17:52,16.2,0,0,352.4,4.2,10
557,기린,05/04/2019 17:53,16.2,0,0,347.4,3.7,10
557,기린,05/04/2019 17:54,16.1,0,0,348.2,2.7,10
557,기린,05/04/2019 17:55,16.1,0,0,343.9,2,10
557,기린,05/04/2019 17:56,16,0,0,329.5,3.3,10
557,기린,05/04/2019 17:57,15.9,0,0,357.9,4,10
557,기린,05/04/2019 17:58,15.8,0,0,314.7,1.4,11
557,기린,05/04/2019 17:59,15.6,0,0,261.6,0.3,12
557,기린,05/04/2019 18:00,15.7,0,0,342.3,0.6,12
557,기린,05/04/2019 18:01,15.7,0,0,278.1,1.4,11
557,기린,05/04/2019 18:02,15.7,0,0,260.7,1.8,10
557,기린,05/04/2019 18:03,15.6,0,0,198.7,1.6,11
557,기린,05/04/2019 18:04,15.7,0,0,213.5,0.3,11
557,기린,05/04/2019 18:05,15.6,0,0,47.2,0.5,11
557,기린,05/04/2019 18:06,15.6,0,0,218.1,0.8,11
557,기린,05/04/2019 18:07,15.6,0,0,236.7,0.8,11
557,기린,05/04/2019 18:08,15.4,0,0,227.9,1.9,11
557,기린,05/04/2019 18:09,15.3,0,0,259.5,1.2,11
557,기린,05/04/2019 18:10,15.2,0,0,230.2,2.2,12
557,기린,05/04/2019 18:11,15.1,0,0,238.1,3.2,12
557,기린,05/04/2019 18:12,15.1,0,0,248.3,1.9,11
557,기린,05/04/2019 18:13,15.1,0,0,239,2.4,11
557,기린,05/04/2019 18:14,15.1,0,0,325.1,2.3,12
557,기린,05/04/2019 18:15,15.1,0,0,331.1,2.5,12
557,기린,05/04/2019 18:16,15.1,0,0,351,3.2,11
557,기린,05/04/2019 18:17,15,0,0,320,3.6,12
557,기린,05/04/2019 18:18,15.1,0,0,322.1,3.2,11
557,기린,05/04/2019 18:19,15.1,0,0,333.5,4,11
557,기린,05/04/2019 18:20,15.2,0,0,345.6,3.9,11
557,기린,05/04/2019 18:21,15.2,0,0,336.4,2.3,11
557,기린,05/04/2019 18:22,15.1,0,0,335.3,3.2,11
557,기린,05/04/2019 18:23,15.2,0,0,328.4,1.8,11
557,기린,05/04/2019 18:24,15.1,0,0,339.5,0.3,11
557,기린,05/04/2019 18:25,15,0,0,238.7,0.5,11
557,기린,05/04/2019 18:26,14.9,0,0,175.8,1.2,11
557,기린,05/04/2019 18:27,14.9,0,0,238.9,2.8,12
557,기린,05/04/2019 18:28,14.9,0,0,295.4,0.9,12
557,기린,05/04/2019 18:29,15,0,0,282.9,1.1,11
557,기린,05/04/2019 18:30,14.8,0,0,277.5,0.8,12
557,기린,05/04/2019 18:31,14.7,0,0,280.8,1.2,12
557,기린,05/04/2019 18:32,14.6,0,0,246.9,1,12
557,기린,05/04/2019 18:33,14.7,0,0,256.5,1.3,12
557,기린,05/04/2019 18:34,14.8,0,0,266,1.4,12
557,기린,05/04/2019 18:35,14.8,0,0,299,2.1,12
557,기린,05/04/2019 18:36,14.7,0,0,251.3,0.7,12
557,기린,05/04/2019 18:37,14.5,0,0,233.3,3.6,12
557,기린,05/04/2019 18:38,14.5,0,0,248.7,1.6,13
557,기린,05/04/2019 18:39,14.5,0,0,216.8,4,13
557,기린,05/04/2019 18:40,14.5,0,0,209.8,5,13
557,기린,05/04/2019 18:41,14.4,0,0,222.3,3,14
557,기린,05/04/2019 18:42,14.3,0,0,244.9,2.2,14
557,기린,05/04/2019 18:43,14.3,0,0,239,1.7,14
557,기린,05/04/2019 18:44,14.2,0,0,229.2,2.8,14
557,기린,05/04/2019 18:45,14.2,0,0,236.8,2.5,14
557,기린,05/04/2019 18:46,14.2,0,0,252,0.6,14
557,기린,05/04/2019 18:47,14,0,0,232.8,3.4,14
557,기린,05/04/2019 18:48,14.1,0,0,223.7,4.2,14
557,기린,05/04/2019 18:49,14.1,0,0,223.5,3.7,14
557,기린,05/04/2019 18:50,14.1,0,0,232.4,4.2,14
557,기린,05/04/2019 18:51,14.1,0,0,236.4,2.6,14
557,기린,05/04/2019 18:52,14.1,0,0,229.4,5.4,14
557,기린,05/04/2019 18:53,14.1,0,0,233.1,4.3,14
557,기린,05/04/2019 18:54,14.1,0,0,232,5,14
557,기린,05/04/2019 18:55,14,0,0,237.8,2.6,15
557,기린,05/04/2019 18:56,14,0,0,243.6,3.8,15
557,기린,05/04/2019 18:57,13.9,0,0,220.7,3.4,15
557,기린,05/04/2019 18:58,13.9,0,0,240.5,2.2,15
557,기린,05/04/2019 18:59,13.8,0,0,239.1,3.2,15
557,기린,05/04/2019 19:00,13.7,0,0,252.8,2.3,16
557,기린,05/04/2019 19:01,13.7,0,0,247.5,0.6,16
557,기린,05/04/2019 19:02,13.8,0,0,273.1,0.9,15
557,기린,05/04/2019 19:03,13.7,0,0,244.1,1.2,16
557,기린,05/04/2019 19:04,13.6,0,0,243.4,4.1,16
557,기린,05/04/2019 19:05,13.6,0,0,246,2.1,16
557,기린,05/04/2019 19:06,13.6,0,0,251.5,1.8,16
557,기린,05/04/2019 19:07,13.5,0,0,238.1,1.9,16
557,기린,05/04/2019 19:08,13.4,0,0,231,2.4,17
557,기린,05/04/2019 19:09,13.4,0,0,240.5,1.5,16
557,기린,05/04/2019 19:10,13.4,0,0,226.2,3.5,17
557,기린,05/04/2019 19:11,13.4,0,0,229.7,2.3,17
557,기린,05/04/2019 19:12,13.3,0,0,241.6,4.1,17
557,기린,05/04/2019 19:13,13.4,0,0,237,1.9,17
557,기린,05/04/2019 19:14,13.5,0,0,241.3,4.9,17
557,기린,05/04/2019 19:15,13.3,0,0,244.1,3.2,17
557,기린,05/04/2019 19:16,13.3,0,0,235.6,2.9,17
557,기린,05/04/2019 19:17,13.3,0,0,225.4,3.8,17
557,기린,05/04/2019 19:18,13.3,0,0,243.2,4.3,17
557,기린,05/04/2019 19:19,13.3,0,0,256.3,0.8,17
557,기린,05/04/2019 19:20,13.3,0,0,233.5,3.2,17
557,기린,05/04/2019 19:21,13.2,0,0,225.7,3.8,18
557,기린,05/04/2019 19:22,13.2,0,0,223.3,3.1,18
557,기린,05/04/2019 19:23,13.2,0,0,228.5,5,18
557,기린,05/04/2019 19:24,13.3,0,0,236.3,2.6,18
557,기린,05/04/2019 19:25,13.2,0,0,242.4,3.4,18
557,기린,05/04/2019 19:26,13.2,0,0,221,2.8,18
557,기린,05/04/2019 19:27,13.2,0,0,226.9,3.3,18
557,기린,05/04/2019 19:28,13.2,0,0,229.6,2.1,18
557,기린,05/04/2019 19:29,13.2,0,0,235.1,4.3,18
557,기린,05/04/2019 19:30,13,0,0,233.9,3.6,19
557,기린,05/04/2019 19:31,13,0,0,257.2,0.8,19
557,기린,05/04/2019 19:32,13.1,0,0,249.6,2.2,19
557,기린,05/04/2019 19:33,13.1,0,0,247.9,3.4,19
557,기린,05/04/2019 19:34,13,0,0,233.6,2.3,19
557,기린,05/04/2019 19:35,13.1,0,0,239.4,1.4,19
557,기린,05/04/2019 19:36,13,0,0,221,5.1,19
557,기린,05/04/2019 19:37,13,0,0,225.7,3.2,19
557,기린,05/04/2019 19:38,12.9,0,0,253.3,1.1,19
557,기린,05/04/2019 19:39,12.8,0,0,231.4,1.9,20
557,기린,05/04/2019 19:40,12.7,0,0,238.7,1.3,20
557,기린,05/04/2019 19:41,12.7,0,0,236.2,3.8,20
557,기린,05/04/2019 19:42,12.7,0,0,219.7,2.2,20
557,기린,05/04/2019 19:43,12.7,0,0,248.4,1.7,20
557,기린,05/04/2019 19:44,12.6,0,0,256.2,2.1,20
557,기린,05/04/2019 19:45,12.6,0,0,266.2,3.7,20
557,기린,05/04/2019 19:46,12.7,0,0,255.6,1.4,20
557,기린,05/04/2019 19:47,12.6,0,0,230.9,4.3,21
557,기린,05/04/2019 19:48,12.6,0,0,252.4,1.3,21
557,기린,05/04/2019 19:49,12.6,0,0,262.3,3.2,21
557,기린,05/04/2019 19:50,12.5,0,0,256.5,1.3,21
557,기린,05/04/2019 19:51,12.5,0,0,231.4,3,21
557,기린,05/04/2019 19:52,12.6,0,0,237.5,1.3,21
557,기린,05/04/2019 19:53,12.5,0,0,254.8,2.3,22
557,기린,05/04/2019 19:54,12.5,0,0,238.5,1.5,22
557,기린,05/04/2019 19:55,12.5,0,0,265,2.1,22
557,기린,05/04/2019 19:56,12.3,0,0,232.9,1.3,22
557,기린,05/04/2019 19:57,12.4,0,0,217.9,3.6,22
557,기린,05/04/2019 19:58,12.3,0,0,230.4,2.7,23
557,기린,05/04/2019 19:59,12.3,0,0,246.9,1.8,23
557,기린,05/04/2019 20:00,12.3,0,0,257.3,2.8,23
557,기린,05/04/2019 20:01,12.3,0,0,227.1,6.6,23
557,기린,05/04/2019 20:02,12.3,0,0,243.8,1.5,23
557,기린,05/04/2019 20:03,12.2,0,0,237.6,5.2,23
557,기린,05/04/2019 20:04,12.2,0,0,228.3,2.6,23
557,기린,05/04/2019 20:05,12.3,0,0,223.5,4.2,23
557,기린,05/04/2019 20:06,12.3,0,0,224.4,3.3,23
557,기린,05/04/2019 20:07,12.3,0,0,229.6,3.8,23
557,기린,05/04/2019 20:08,12.3,0,0,268.8,1.3,23
557,기린,05/04/2019 20:09,12.2,0,0,237.8,2.6,24
557,기린,05/04/2019 20:10,12.1,0,0,221.8,3.8,24
557,기린,05/04/2019 20:11,12.1,0,0,220.5,3.1,24
557,기린,05/04/2019 20:12,12.1,0,0,225.8,3.3,24
557,기린,05/04/2019 20:13,12.1,0,0,249.2,1,24
557,기린,05/04/2019 20:14,12.1,0,0,234.2,1.4,24
557,기린,05/04/2019 20:15,12,0,0,227.7,1.5,24
557,기린,05/04/2019 20:16,12,0,0,222.6,1.4,24
557,기린,05/04/2019 20:17,12,0,0,227.7,2,24
557,기린,05/04/2019 20:18,12,0,0,226.3,4.5,24
557,기린,05/04/2019 20:19,12,0,0,245.4,1.2,24
557,기린,05/04/2019 20:20,12.1,0,0,229.9,1.3,24
557,기린,05/04/2019 20:21,12,0,0,214.9,2.3,24
557,기린,05/04/2019 20:22,12.1,0,0,256.2,1.6,24
557,기린,05/04/2019 20:23,12.1,0,0,265.1,1.3,24
557,기린,05/04/2019 20:24,11.9,0,0,236.3,4.5,24
557,기린,05/04/2019 20:25,11.9,0,0,237.2,2.3,25
557,기린,05/04/2019 20:26,12,0,0,227.1,2.4,24
557,기린,05/04/2019 20:27,11.8,0,0,231,0.8,25
557,기린,05/04/2019 20:28,11.8,0,0,232.6,3.5,25
557,기린,05/04/2019 20:29,11.7,0,0,243.5,2.6,25
557,기린,05/04/2019 20:30,11.8,0,0,214.7,4.6,25
557,기린,05/04/2019 20:31,11.8,0,0,226.5,3.3,25
557,기린,05/04/2019 20:32,11.8,0,0,218.6,5,25
557,기린,05/04/2019 20:33,11.9,0,0,223.3,3.1,24
557,기린,05/04/2019 20:34,11.9,0,0,217.3,4,24
557,기린,05/04/2019 20:35,11.9,0,0,224.5,2.1,24
557,기린,05/04/2019 20:36,11.7,0,0,248.7,0.9,25
557,기린,05/04/2019 20:37,11.6,0,0,282.1,0.5,25
557,기린,05/04/2019 20:38,11.6,0,0,222.8,2.9,25
557,기린,05/04/2019 20:39,11.6,0,0,228.1,2.9,25
557,기린,05/04/2019 20:40,11.6,0,0,270,1,25
557,기린,05/04/2019 20:41,11.6,0,0,255.3,2.5,25
557,기린,05/04/2019 20:42,11.5,0,0,244.4,1.7,26
557,기린,05/04/2019 20:43,11.4,0,0,242,2,26
557,기린,05/04/2019 20:44,11.4,0,0,227.1,5.9,26
557,기린,05/04/2019 20:45,11.4,0,0,228,1.7,26
557,기린,05/04/2019 20:46,11.5,0,0,242.5,3.2,25
557,기린,05/04/2019 20:47,11.4,0,0,229.3,4,26
557,기린,05/04/2019 20:48,11.4,0,0,244.2,1.5,25
557,기린,05/04/2019 20:49,11.4,0,0,226.3,2.8,26
557,기린,05/04/2019 20:50,11.3,0,0,231.7,2.3,26
557,기린,05/04/2019 20:51,11.4,0,0,260.1,0.8,26
557,기린,05/04/2019 20:52,11.4,0,0,258.7,2,25
557,기린,05/04/2019 20:53,11.3,0,0,233.2,1.3,25
557,기린,05/04/2019 20:54,11.1,0,0,227.8,3.4,26
557,기린,05/04/2019 20:55,11.1,0,0,235.8,1.2,26
557,기린,05/04/2019 20:56,11.1,0,0,258.3,3.1,26
557,기린,05/04/2019 20:57,11.1,0,0,205.9,2.3,26
557,기린,05/04/2019 20:58,11.1,0,0,229,2.1,26
557,기린,05/04/2019 20:59,11.2,0,0,235.5,3.1,26
557,기린,05/04/2019 21:00,11.1,0,0,235.1,4,26
557,기린,05/04/2019 21:01,11.1,0,0,226.9,2.1,26
557,기린,05/04/2019 21:02,11.1,0,0,243.7,3.3,26
557,기린,05/04/2019 21:03,11.1,0,0,248,1.1,26
557,기린,05/04/2019 21:04,11,0,0,238.2,2.5,26
557,기린,05/04/2019 21:05,11,0,0,237.6,1.8,26
557,기린,05/04/2019 21:06,11,0,0,242.7,2.6,26
557,기린,05/04/2019 21:07,11,0,0,242.8,1.5,26
557,기린,05/04/2019 21:08,10.9,0,0,242.2,1.5,26
557,기린,05/04/2019 21:09,10.9,0,0,245.9,1.5,26
557,기린,05/04/2019 21:10,11,0,0,274.3,0.8,26
557,기린,05/04/2019 21:11,10.9,0,0,237.9,1.5,26
557,기린,05/04/2019 21:12,10.9,0,0,234.6,1.1,26
557,기린,05/04/2019 21:13,10.9,0,0,226.6,1.3,26
557,기린,05/04/2019 21:14,10.7,0,0,242.6,1.1,27
557,기린,05/04/2019 21:15,10.8,0,0,265.3,1.9,26
557,기린,05/04/2019 21:16,10.8,0,0,239.3,3.9,27
557,기린,05/04/2019 21:17,10.8,0,0,264.4,1.1,26
557,기린,05/04/2019 21:18,10.7,0,0,282.2,0.6,27
557,기린,05/04/2019 21:19,10.8,0,0,236.3,1.4,27
557,기린,05/04/2019 21:20,10.7,0,0,229.2,1.7,26
557,기린,05/04/2019 21:21,10.7,0,0,236.8,1.2,27
557,기린,05/04/2019 21:22,10.9,0,0,223.6,1.1,26
557,기린,05/04/2019 21:23,10.6,0,0,265,0.3,27
557,기린,05/04/2019 21:24,10.6,0,0,280.6,1.3,27
557,기린,05/04/2019 21:25,10.6,0,0,235,2.2,27
557,기린,05/04/2019 21:26,10.7,0,0,281.8,1.6,27
557,기린,05/04/2019 21:27,10.3,0,0,268.8,0.8,27
557,기린,05/04/2019 21:28,10.4,0,0,238.5,1.6,28
557,기린,05/04/2019 21:29,10.5,0,0,228.5,1.5,27
557,기린,05/04/2019 21:30,10.6,0,0,231,1.5,27
557,기린,05/04/2019 21:31,10.5,0,0,221.4,1.6,27
557,기린,05/04/2019 21:32,10.5,0,0,205.7,1.9,28
557,기린,05/04/2019 21:33,10.5,0,0,211.9,1.6,27
557,기린,05/04/2019 21:34,10.3,0,0,194.8,0.6,28
557,기린,05/04/2019 21:35,10.4,0,0,188.6,0.4,28
557,기린,05/04/2019 21:36,10.4,0,0,229,1.6,28
557,기린,05/04/2019 21:37,10.5,0,0,249.5,2.9,27
557,기린,05/04/2019 21:38,10.5,0,0,211.6,1.4,27
557,기린,05/04/2019 21:39,10.4,0,0,219.3,2,28
557,기린,05/04/2019 21:40,10.5,0,0,229.1,0.9,27
557,기린,05/04/2019 21:41,10.5,0,0,233.6,2.1,28
557,기린,05/04/2019 21:42,10.3,0,0,209.4,1.6,28
557,기린,05/04/2019 21:43,10.4,0,0,247.5,0.4,28
557,기린,05/04/2019 21:44,10.3,0,0,267,1.2,28
557,기린,05/04/2019 21:45,10.3,0,0,233.8,1.2,28
557,기린,05/04/2019 21:46,10.1,0,0,244.5,1.4,29
557,기린,05/04/2019 21:47,10.1,0,0,240.5,1.2,29
557,기린,05/04/2019 21:48,9.9,0,0,208.7,0.8,29
557,기린,05/04/2019 21:49,9.8,0,0,218.4,0.7,30
557,기린,05/04/2019 21:50,9.8,0,0,245.6,0.7,30
557,기린,05/04/2019 21:51,10,0,0,233.5,1.7,29
557,기린,05/04/2019 21:52,10.2,0,0,215.6,2.4,28
557,기린,05/04/2019 21:53,10.1,0,0,214.3,1,29
557,기린,05/04/2019 21:54,9.7,0,0,235.3,1,31
557,기린,05/04/2019 21:55,9.6,0,0,223.2,0.9,31
557,기린,05/04/2019 21:56,9.6,0,0,254,0.8,31
557,기린,05/04/2019 21:57,9.6,0,0,327.7,0.6,31
557,기린,05/04/2019 21:58,9.4,0,0,305.2,0.9,32
557,기린,05/04/2019 21:59,9.2,0,0,296.6,0.3,32
557,기린,05/04/2019 22:00,8.9,0,0,326.7,0.5,33
557,기린,05/04/2019 22:01,8.7,0,0,298.9,1.8,34
557,기린,05/04/2019 22:02,8.5,0,0,325.8,1.1,36
557,기린,05/04/2019 22:03,8.3,0,0,314.9,0.7,37
557,기린,05/04/2019 22:04,8.1,0,0,245.9,0.5,38
557,기린,05/04/2019 22:05,8.5,0,0,221.6,4.2,37
557,기린,05/04/2019 22:06,8.2,0,0,305.3,0.8,37
557,기린,05/04/2019 22:07,8,0,0,328.8,0.8,38
557,기린,05/04/2019 22:08,7.8,0,0,292.2,0.2,39
557,기린,05/04/2019 22:09,7.9,0,0,303,0.5,39
557,기린,05/04/2019 22:10,7.9,0,0,193.4,1.2,39
557,기린,05/04/2019 22:11,8.1,0,0,214.4,3.9,37
557,기린,05/04/2019 22:12,8.9,0,0,231.7,1.3,33
557,기린,05/04/2019 22:13,9.3,0,0,213.8,2.3,31
557,기린,05/04/2019 22:14,9.6,0,0,233.2,2.7,30
557,기린,05/04/2019 22:15,9.8,0,0,229.2,1.3,29
557,기린,05/04/2019 22:16,9.1,0,0,258,0.6,32
557,기린,05/04/2019 22:17,8.4,0,0,329.2,1.2,36
557,기린,05/04/2019 22:18,8,0,0,336.8,1.2,38
557,기린,05/04/2019 22:19,8,0,0,359.1,0.8,38
557,기린,05/04/2019 22:20,7.9,0,0,22.9,1.2,38
557,기린,05/04/2019 22:21,7.7,0,0,4.1,0.1,39
557,기린,05/04/2019 22:22,7.6,0,0,3.1,0.4,40
557,기린,05/04/2019 22:23,7.5,0,0,9.8,0.6,40
557,기린,05/04/2019 22:24,7.4,0,0,11.8,0.4,41
557,기린,05/04/2019 22:25,7.4,0,0,349.1,1.3,41
557,기린,05/04/2019 22:26,7.4,0,0,351.4,0.7,41
557,기린,05/04/2019 22:27,7.7,0,0,345.7,1.2,40
557,기린,05/04/2019 22:28,8,0,0,311.5,0.2,37
557,기린,05/04/2019 22:29,8.3,0,0,264.9,0.8,36
557,기린,05/04/2019 22:30,8.2,0,0,255,2.2,36
557,기린,05/04/2019 22:31,8.4,0,0,230,2.1,35
557,기린,05/04/2019 22:32,8.8,0,0,236.2,2.4,34
557,기린,05/04/2019 22:33,9,0,0,266.5,1.7,33
557,기린,05/04/2019 22:34,8.7,0,0,289.9,0.3,34
557,기린,05/04/2019 22:35,8.9,0,0,281.7,2,34
557,기린,05/04/2019 22:36,9.1,0,0,250.2,1.4,32
557,기린,05/04/2019 22:37,9.2,0,0,248.5,1.1,32
557,기린,05/04/2019 22:38,9.1,0,0,339.7,0.1,32
557,기린,05/04/2019 22:39,9,0,0,314.2,1.2,32
557,기린,05/04/2019 22:40,9.1,0,0,272.6,0.4,31
557,기린,05/04/2019 22:41,9.2,0,0,298,0.5,31
557,기린,05/04/2019 22:42,9.3,0,0,273.6,1.4,31
557,기린,05/04/2019 22:43,9.3,0,0,253,1.2,31
557,기린,05/04/2019 22:44,9.3,0,0,254.6,1.1,31
557,기린,05/04/2019 22:45,9.2,0,0,265.4,1.4,32
557,기린,05/04/2019 22:46,9.2,0,0,271.3,0.9,31
557,기린,05/04/2019 22:47,9.4,0,0,289.5,0.4,31
557,기린,05/04/2019 22:48,9.3,0,0,253.1,1.6,31
557,기린,05/04/2019 22:49,9.3,0,0,255.6,1.1,31
557,기린,05/04/2019 22:50,9.2,0,0,294,0.6,31
557,기린,05/04/2019 22:51,9.2,0,0,225.1,0.5,31
557,기린,05/04/2019 22:52,9.2,0,0,273.4,1.9,31
557,기린,05/04/2019 22:53,9.1,0,0,292,1.3,31
557,기린,05/04/2019 22:54,9.1,0,0,287.4,1.4,31
557,기린,05/04/2019 22:55,9.1,0,0,257.1,0.8,31
557,기린,05/04/2019 22:56,9.1,0,0,255.4,0.3,31
557,기린,05/04/2019 22:57,9.1,0,0,254.6,0.4,31
557,기린,05/04/2019 22:58,9.1,0,0,251.7,1.7,31
557,기린,05/04/2019 22:59,9.2,0,0,254.5,1.7,31
557,기린,05/04/2019 23:00,9.2,0,0,266.8,1.1,31
557,기린,05/04/2019 23:01,9.1,0,0,241.8,1.3,31
557,기린,05/04/2019 23:02,9.1,0,0,251.4,1.8,31
557,기린,05/04/2019 23:03,9.1,0,0,278.3,2.5,31
557,기린,05/04/2019 23:04,9.1,0,0,250.7,0.8,31
557,기린,05/04/2019 23:05,9.1,0,0,250.1,1.2,31
557,기린,05/04/2019 23:06,9.1,0,0,238.7,2.4,31
557,기린,05/04/2019 23:07,9.1,0,0,246.9,1.3,31
557,기린,05/04/2019 23:08,9.2,0,0,245.9,1.7,31
557,기린,05/04/2019 23:09,9.2,0,0,242,2.5,31
557,기린,05/04/2019 23:10,9.1,0,0,243.7,1.7,31
557,기린,05/04/2019 23:11,9.2,0,0,271.2,2,31
557,기린,05/04/2019 23:12,9.2,0,0,258,1.6,30
557,기린,05/04/2019 23:13,9.2,0,0,249.6,1.8,30
557,기린,05/04/2019 23:14,9.3,0,0,242.2,1.6,30
557,기린,05/04/2019 23:15,9.2,0,0,243,1.5,30
557,기린,05/04/2019 23:16,9.2,0,0,232.3,0.6,31
557,기린,05/04/2019 23:17,9.2,0,0,251.2,2,30
557,기린,05/04/2019 23:18,9.1,0,0,268.5,1.2,31
557,기린,05/04/2019 23:19,9.1,0,0,269.4,0.6,31
557,기린,05/04/2019 23:20,9,0,0,289.4,0.4,31
557,기린,05/04/2019 23:21,8.8,0,0,317.4,0.7,32
557,기린,05/04/2019 23:22,8.6,0,0,231.8,0.1,33
557,기린,05/04/2019 23:23,8.6,0,0,227.4,1.2,33
557,기린,05/04/2019 23:24,8.6,0,0,267.3,2,33
557,기린,05/04/2019 23:25,8.5,0,0,280.5,1.3,33
557,기린,05/04/2019 23:26,8.8,0,0,273.3,1.1,32
557,기린,05/04/2019 23:27,8.6,0,0,316.3,1.4,32
557,기린,05/04/2019 23:28,8.3,0,0,304.1,1.9,34
557,기린,05/04/2019 23:29,8.4,0,0,266.2,0.7,33
557,기린,05/04/2019 23:30,8.5,0,0,310.9,0.6,33
557,기린,05/04/2019 23:31,8.5,0,0,309.3,1.3,33
557,기린,05/04/2019 23:32,8.4,0,0,282.9,3.5,33
557,기린,05/04/2019 23:33,8.3,0,0,238.9,0.6,34
557,기린,05/04/2019 23:34,8.3,0,0,237.8,0.1,33
557,기린,05/04/2019 23:35,8.2,0,0,291.4,1.1,33
557,기린,05/04/2019 23:36,8.3,0,0,273.8,1.1,33
557,기린,05/04/2019 23:37,8.2,0,0,336.7,0.3,33
557,기린,05/04/2019 23:38,8.1,0,0,280.1,0.6,34
557,기린,05/04/2019 23:39,8.1,0,0,135.1,0.1,34
557,기린,05/04/2019 23:40,8.1,0,0,237.3,1.3,33
557,기린,05/04/2019 23:41,8,0,0,167.6,0.7,34
557,기린,05/04/2019 23:42,8,0,0,107.8,1.1,35
557,기린,05/04/2019 23:43,8,0,0,133.2,0.6,35
557,기린,05/04/2019 23:44,7.9,0,0,139,0.6,35
557,기린,05/04/2019 23:45,7.8,0,0,149.2,0.6,35
557,기린,05/04/2019 23:46,7.7,0,0,146.6,0.6,35
557,기린,05/04/2019 23:47,7.6,0,0,144.1,0.9,36
557,기린,05/04/2019 23:48,7.5,0,0,139.8,0.7,36
557,기린,05/04/2019 23:49,7.4,0,0,147.4,0.5,37
557,기린,05/04/2019 23:50,7.3,0,0,142.8,0.7,37
557,기린,05/04/2019 23:51,7.2,0,0,137.7,0.2,38
557,기린,05/04/2019 23:52,7.2,0,0,169.1,0.6,38
557,기린,05/04/2019 23:53,7.2,0,0,200.2,1.3,38
557,기린,05/04/2019 23:54,7.5,0,0,202.1,0.6,37
557,기린,05/04/2019 23:55,7.5,0,0,196.7,0.1,36
557,기린,05/04/2019 23:56,7.1,0,0,176.8,0.2,38
557,기린,05/04/2019 23:57,6.9,0,0,119.4,0.7,39
557,기린,05/04/2019 23:58,6.8,0,0,94,0.1,40
557,기린,05/04/2019 23:59,6.5,0,0,359.7,1.1,40
557,기린,06/04/2019 00:00,6.2,0,0,4.3,1.5,43
557,기린,06/04/2019 00:01,6.2,0,0,16.3,0.5,44
557,기린,06/04/2019 00:02,6,0,0,48,0.5,44
557,기린,06/04/2019 00:03,6.1,0,0,68.3,0.8,43
557,기린,06/04/2019 00:04,6.2,0,0,59,0.1,42
557,기린,06/04/2019 00:05,6.1,0,0,32.5,0.2,43
557,기린,06/04/2019 00:06,5.9,0,0,309.9,0.3,44
557,기린,06/04/2019 00:07,5.8,0,0,303.6,0.3,46
557,기린,06/04/2019 00:08,5.6,0,0,337.1,0.9,47
557,기린,06/04/2019 00:09,5.4,0,0,92,0.4,47
557,기린,06/04/2019 00:10,5.3,0,0,113.2,0.4,48
557,기린,06/04/2019 00:11,5.3,0,0,318.7,0.3,49
557,기린,06/04/2019 00:12,5.2,0,0,40.4,0,49
557,기린,06/04/2019 00:13,5.1,0,0,143.9,0.1,49
557,기린,06/04/2019 00:14,5.1,0,0,115.5,0,49
557,기린,06/04/2019 00:15,5.1,0,0,125.2,1,49
557,기린,06/04/2019 00:16,5.1,0,0,139,0.4,49
557,기린,06/04/2019 00:17,5.2,0,0,148.9,0,49
557,기린,06/04/2019 00:18,5.3,0,0,225.7,0.2,49
557,기린,06/04/2019 00:19,5.3,0,0,151.1,1.1,48
557,기린,06/04/2019 00:20,5.4,0,0,137.3,1,47
557,기린,06/04/2019 00:21,5.4,0,0,140.7,0.6,46
557,기린,06/04/2019 00:22,5.5,0,0,133.3,0.1,45
557,기린,06/04/2019 00:23,5.2,0,0,353.6,1,47
557,기린,06/04/2019 00:24,5,0,0,325.6,0,49
557,기린,06/04/2019 00:25,4.8,0,0,344.3,0,50
557,기린,06/04/2019 00:26,4.8,0,0,314.3,1.4,50
557,기린,06/04/2019 00:27,4.7,0,0,352.5,0.3,51
557,기린,06/04/2019 00:28,4.5,0,0,31.3,0.2,52
557,기린,06/04/2019 00:29,4.5,0,0,77.5,0.7,52
557,기린,06/04/2019 00:30,4.6,0,0,36.3,0.3,52
557,기린,06/04/2019 00:31,4.6,0,0,352.2,0.6,53
557,기린,06/04/2019 00:32,4.6,0,0,9.4,0.8,53
557,기린,06/04/2019 00:33,4.5,0,0,14.1,0.7,53
557,기린,06/04/2019 00:34,4.5,0,0,359.4,0.7,53
557,기린,06/04/2019 00:35,4.3,0,0,349.2,0.9,54
557,기린,06/04/2019 00:36,4.3,0,0,15.9,0.6,54
557,기린,06/04/2019 00:37,4.1,0,0,71.4,0.8,54
557,기린,06/04/2019 00:38,4.2,0,0,101.4,0.6,54
557,기린,06/04/2019 00:39,4.3,0,0,94.2,0,54
557,기린,06/04/2019 00:40,4.2,0,0,341.9,0.3,54
557,기린,06/04/2019 00:41,4.2,0,0,25.6,0.2,54
557,기린,06/04/2019 00:42,4.3,0,0,64.8,0.1,54
557,기린,06/04/2019 00:43,4.3,0,0,97.2,0,54
557,기린,06/04/2019 00:44,4.3,0,0,325,0.9,54
557,기린,06/04/2019 00:45,4.2,0,0,330.9,0.9,54
557,기린,06/04/2019 00:46,4.1,0,0,30.2,0,54
557,기린,06/04/2019 00:47,4,0,0,105.6,0.5,54
557,기린,06/04/2019 00:48,4,0,0,117.2,0.6,54
557,기린,06/04/2019 00:49,4,0,0,139.7,0.8,54
557,기린,06/04/2019 00:50,4.1,0,0,164.6,0.9,54
557,기린,06/04/2019 00:51,4.2,0,0,138.2,1,53
557,기린,06/04/2019 00:52,4.3,0,0,146.4,0.2,52
557,기린,06/04/2019 00:53,4.3,0,0,152.3,0.4,52
557,기린,06/04/2019 00:54,4.2,0,0,177.8,0.4,52
557,기린,06/04/2019 00:55,3.9,0,0,330,1,54
557,기린,06/04/2019 00:56,3.8,0,0,332.5,0.7,54
557,기린,06/04/2019 00:57,3.7,0,0,337.7,0.1,55
557,기린,06/04/2019 00:58,3.5,0,0,32.5,0.1,55
557,기린,06/04/2019 00:59,3.6,0,0,107,0.3,56
557,기린,06/04/2019 01:00,3.6,0,0,127.6,0.6,56
557,기린,06/04/2019 01:01,3.7,0,0,138.5,0.8,55
557,기린,06/04/2019 01:02,3.9,0,0,188.4,0.2,55
557,기린,06/04/2019 01:03,4,0,0,221.7,0.3,54
557,기린,06/04/2019 01:04,3.8,0,0,293.6,0.5,55
557,기린,06/04/2019 01:05,3.7,0,0,314.1,0.6,55
557,기린,06/04/2019 01:06,3.6,0,0,313.8,0.5,56
557,기린,06/04/2019 01:07,3.4,0,0,324.3,0,57
557,기린,06/04/2019 01:08,3.3,0,0,46.6,0,57
557,기린,06/04/2019 01:09,3.5,0,0,31.8,0,57
557,기린,06/04/2019 01:10,3.7,0,0,298.6,0,56
557,기린,06/04/2019 01:11,3.7,0,0,337.2,0.2,56
557,기린,06/04/2019 01:12,3.3,0,0,344.3,0.4,57
557,기린,06/04/2019 01:13,3.2,0,0,25.8,0,58
557,기린,06/04/2019 01:14,3.1,0,0,87.7,0,58
557,기린,06/04/2019 01:15,3.2,0,0,73.8,0,58
557,기린,06/04/2019 01:16,3.4,0,0,34.3,0,58
557,기린,06/04/2019 01:17,3.5,0,0,108.5,0,57
557,기린,06/04/2019 01:18,3.5,0,0,162.3,0.1,57
557,기린,06/04/2019 01:19,3.5,0,0,212.4,0.4,57
557,기린,06/04/2019 01:20,3.4,0,0,268.1,0.1,57
557,기린,06/04/2019 01:21,3.3,0,0,241.7,0.1,58
557,기린,06/04/2019 01:22,3.3,0,0,230.1,0,58
557,기린,06/04/2019 01:23,3.3,0,0,269.9,0,58
557,기린,06/04/2019 01:24,3.1,0,0,260.9,0.4,58
557,기린,06/04/2019 01:25,3.1,0,0,87,0.4,57
557,기린,06/04/2019 01:26,3.1,0,0,44.2,0.5,57
557,기린,06/04/2019 01:27,2.9,0,0,1.4,0.4,58
557,기린,06/04/2019 01:28,2.9,0,0,21.2,0.8,58
557,기린,06/04/2019 01:29,2.8,0,0,47.5,0.7,59
557,기린,06/04/2019 01:30,2.9,0,0,52.7,0.8,58
557,기린,06/04/2019 01:31,3,0,0,45.4,0.7,57
557,기린,06/04/2019 01:32,2.9,0,0,63,0.2,56
557,기린,06/04/2019 01:33,3,0,0,94.4,0,56
557,기린,06/04/2019 01:34,3,0,0,135.9,0,57
557,기린,06/04/2019 01:35,2.9,0,0,145.9,0,57
557,기린,06/04/2019 01:36,3.1,0,0,186.3,0,57
557,기린,06/04/2019 01:37,3.1,0,0,155.6,0.1,56
557,기린,06/04/2019 01:38,3,0,0,183.8,0.1,56
557,기린,06/04/2019 01:39,3.1,0,0,141.3,0.9,55
557,기린,06/04/2019 01:40,3,0,0,172.9,0.2,55
557,기린,06/04/2019 01:41,3,0,0,138.3,1.3,56
557,기린,06/04/2019 01:42,3,0,0,122.4,0.6,55
557,기린,06/04/2019 01:43,3,0,0,82.9,0,55
557,기린,06/04/2019 01:44,2.8,0,0,336.2,0,55
557,기린,06/04/2019 01:45,2.8,0,0,238.7,0.3,57
557,기린,06/04/2019 01:46,2.8,0,0,172.2,0,57
557,기린,06/04/2019 01:47,2.8,0,0,76.4,0,58
557,기린,06/04/2019 01:48,2.8,0,0,129.6,0.3,58
557,기린,06/04/2019 01:49,2.8,0,0,113.4,0.3,58
557,기린,06/04/2019 01:50,2.8,0,0,236.4,0,58
557,기린,06/04/2019 01:51,2.6,0,0,313.7,0.4,59
557,기린,06/04/2019 01:52,2.5,0,0,314.2,0,59
557,기린,06/04/2019 01:53,2.6,0,0,300.9,0,59
557,기린,06/04/2019 01:54,2.5,0,0,307.6,0,59
557,기린,06/04/2019 01:55,2.4,0,0,16.5,0.6,60
557,기린,06/04/2019 01:56,2.3,0,0,3.8,0.3,60
557,기린,06/04/2019 01:57,2.3,0,0,45.2,0.8,60
557,기린,06/04/2019 01:58,2.4,0,0,21.6,0,59
557,기린,06/04/2019 01:59,2.5,0,0,38.9,0,59
557,기린,06/04/2019 02:00,2.5,0,0,92,0.1,59
557,기린,06/04/2019 02:01,2.5,0,0,133.7,0,58
557,기린,06/04/2019 02:02,2.5,0,0,171.4,0,58
557,기린,06/04/2019 02:03,2.4,0,0,330,0,59
557,기린,06/04/2019 02:04,2.4,0,0,44,0.3,59
557,기린,06/04/2019 02:05,2.4,0,0,49.8,0,59
557,기린,06/04/2019 02:06,2.4,0,0,243.2,0.2,59
557,기린,06/04/2019 02:07,2.3,0,0,233.8,0,60
557,기린,06/04/2019 02:08,2.3,0,0,102.9,0,60
557,기린,06/04/2019 02:09,2.3,0,0,276.9,0.4,61
557,기린,06/04/2019 02:10,2.1,0,0,340.4,0,61
557,기린,06/04/2019 02:11,2.1,0,0,134.2,1.2,61
557,기린,06/04/2019 02:12,2.3,0,0,146.2,0.6,60
557,기린,06/04/2019 02:13,2.6,0,0,216.9,1.1,59
557,기린,06/04/2019 02:14,2.5,0,0,219.6,1.2,59
557,기린,06/04/2019 02:15,2.7,0,0,149.7,1,58
557,기린,06/04/2019 02:16,2.7,0,0,129.6,0.5,58
557,기린,06/04/2019 02:17,2.3,0,0,344.7,1.5,58
557,기린,06/04/2019 02:18,2.2,0,0,325.5,0.9,59
557,기린,06/04/2019 02:19,2.1,0,0,4,0.5,60
557,기린,06/04/2019 02:20,2,0,0,60.5,0.1,60
557,기린,06/04/2019 02:21,2,0,0,326.5,0.5,61
557,기린,06/04/2019 02:22,2,0,0,322.3,0,62
557,기린,06/04/2019 02:23,2.1,0,0,49.4,0.3,62
557,기린,06/04/2019 02:24,2.1,0,0,103.9,0,62
557,기린,06/04/2019 02:25,2.1,0,0,27.2,0.2,62
557,기린,06/04/2019 02:26,2.1,0,0,12.5,0,62
557,기린,06/04/2019 02:27,2.1,0,0,332.8,0.3,62
557,기린,06/04/2019 02:28,2,0,0,354.9,0,62
557,기린,06/04/2019 02:29,1.8,0,0,77.2,0.2,62
557,기린,06/04/2019 02:30,1.8,0,0,87.8,0.2,62
557,기린,06/04/2019 02:31,1.9,0,0,26.2,0.2,62
557,기린,06/04/2019 02:32,1.9,0,0,332.4,0.3,62
557,기린,06/04/2019 02:33,1.8,0,0,19.3,0,63
557,기린,06/04/2019 02:34,1.9,0,0,154.7,0,63
557,기린,06/04/2019 02:35,1.8,0,0,302.4,0.7,63
557,기린,06/04/2019 02:36,1.7,0,0,333.4,0.1,63
557,기린,06/04/2019 02:37,1.6,0,0,94.5,0.1,64
557,기린,06/04/2019 02:38,1.6,0,0,140,0.1,64
557,기린,06/04/2019 02:39,1.7,0,0,204.7,0,64
557,기린,06/04/2019 02:40,1.7,0,0,258.2,0.7,64
557,기린,06/04/2019 02:41,1.7,0,0,254.2,0.1,65
557,기린,06/04/2019 02:42,1.6,0,0,215,0.3,65
557,기린,06/04/2019 02:43,1.7,0,0,203.3,0.4,64
557,기린,06/04/2019 02:44,1.7,0,0,272,1.1,64
557,기린,06/04/2019 02:45,1.5,0,0,290.8,0.1,63
557,기린,06/04/2019 02:46,1.4,0,0,153.7,0,62
557,기린,06/04/2019 02:47,1.4,0,0,294.1,0.2,62
557,기린,06/04/2019 02:48,1.3,0,0,346.9,0.2,63
557,기린,06/04/2019 02:49,1.3,0,0,34.5,0,63
557,기린,06/04/2019 02:50,1.3,0,0,103.8,0,64
557,기린,06/04/2019 02:51,1.4,0,0,11.9,0.1,63
557,기린,06/04/2019 02:52,1.3,0,0,306.4,0.3,64
557,기린,06/04/2019 02:53,1.3,0,0,322,0.2,64
557,기린,06/04/2019 02:54,1.2,0,0,43.7,0.2,64
557,기린,06/04/2019 02:55,1.2,0,0,79.1,0.3,65
557,기린,06/04/2019 02:56,1.3,0,0,25.3,0.1,64
557,기린,06/04/2019 02:57,1.4,0,0,13.7,0,64
557,기린,06/04/2019 02:58,1.3,0,0,325.5,0.1,65
557,기린,06/04/2019 02:59,1.3,0,0,335.9,0,65
557,기린,06/04/2019 03:00,1.4,0,0,33.4,0,65
557,기린,06/04/2019 03:01,1.5,0,0,36.7,0,64
557,기린,06/04/2019 03:02,1.5,0,0,17.1,0,64
557,기린,06/04/2019 03:03,1.6,0,0,321.4,0,63
557,기린,06/04/2019 03:04,1.6,0,0,336,0,63
557,기린,06/04/2019 03:05,1.6,0,0,318.2,0.3,63
557,기린,06/04/2019 03:06,1.5,0,0,314.1,0.9,63
557,기린,06/04/2019 03:07,1.4,0,0,328.1,0.8,64
557,기린,06/04/2019 03:08,1.5,0,0,356.1,0.6,63
557,기린,06/04/2019 03:09,1.5,0,0,357.7,0.6,63
557,기린,06/04/2019 03:10,1.4,0,0,18.1,0.2,62
557,기린,06/04/2019 03:11,1.4,0,0,46.9,0,62
557,기린,06/04/2019 03:12,1.4,0,0,12.4,0,62
557,기린,06/04/2019 03:13,1.4,0,0,15.4,0,62
557,기린,06/04/2019 03:14,1.4,0,0,27.7,0.1,62
557,기린,06/04/2019 03:15,1.4,0,0,68.7,0.3,62
557,기린,06/04/2019 03:16,1.4,0,0,97,0.4,62
557,기린,06/04/2019 03:17,1.4,0,0,113,0.3,63
557,기린,06/04/2019 03:18,1.4,0,0,151.7,0.2,63
557,기린,06/04/2019 03:19,1.4,0,0,176.7,0.1,62
557,기린,06/04/2019 03:20,1.5,0,0,130.9,0.3,63
557,기린,06/04/2019 03:21,1.5,0,0,146.6,0,62
557,기린,06/04/2019 03:22,1.5,0,0,341.5,0.1,62
557,기린,06/04/2019 03:23,1.5,0,0,69.5,0.1,62
557,기린,06/04/2019 03:24,1.5,0,0,154.8,0.3,62
557,기린,06/04/2019 03:25,1.5,0,0,130.8,0.1,62
557,기린,06/04/2019 03:26,1.5,0,0,112.4,0.2,62
557,기린,06/04/2019 03:27,1.5,0,0,116.1,0,62
557,기린,06/04/2019 03:28,1.5,0,0,70.5,0.1,62
557,기린,06/04/2019 03:29,1.4,0,0,10.2,0.3,63
557,기린,06/04/2019 03:30,1.4,0,0,4.2,0.5,63
557,기린,06/04/2019 03:31,1.4,0,0,338.7,0.2,63
557,기린,06/04/2019 03:32,1.3,0,0,293.1,0.4,64
557,기린,06/04/2019 03:33,1.3,0,0,324.9,0,64
557,기린,06/04/2019 03:34,1.3,0,0,22.4,0,64
557,기린,06/04/2019 03:35,1.3,0,0,29.7,0.3,64
557,기린,06/04/2019 03:36,1.4,0,0,1,0,64
557,기린,06/04/2019 03:37,1.4,0,0,335.3,0,64
557,기린,06/04/2019 03:38,1.4,0,0,321.1,0,64
557,기린,06/04/2019 03:39,1.4,0,0,343.9,0.2,64
557,기린,06/04/2019 03:40,1.4,0,0,21.9,0.2,64
557,기린,06/04/2019 03:41,1.4,0,0,26.5,0.2,64
557,기린,06/04/2019 03:42,1.4,0,0,23.5,0.3,64
557,기린,06/04/2019 03:43,1.4,0,0,29.6,0.2,64
557,기린,06/04/2019 03:44,1.5,0,0,13,0.1,64
557,기린,06/04/2019 03:45,1.4,0,0,354.9,0.4,64
557,기린,06/04/2019 03:46,1.4,0,0,5.9,0.4,64
557,기린,06/04/2019 03:47,1.4,0,0,18.3,0.3,64
557,기린,06/04/2019 03:48,1.4,0,0,34.8,0.3,65
557,기린,06/04/2019 03:49,1.4,0,0,38.6,0,65
557,기린,06/04/2019 03:50,1.4,0,0,2.8,0,64
557,기린,06/04/2019 03:51,1.4,0,0,305.9,0,64
557,기린,06/04/2019 03:52,1.4,0,0,274,0,64
557,기린,06/04/2019 03:53,1.4,0,0,293.6,0,64
557,기린,06/04/2019 03:54,1.4,0,0,237.2,0.3,64
557,기린,06/04/2019 03:55,1.4,0,0,225.9,0.1,64
557,기린,06/04/2019 03:56,1.5,0,0,230.4,0,64
557,기린,06/04/2019 03:57,1.5,0,0,191.9,0,64
557,기린,06/04/2019 03:58,1.6,0,0,184.1,0,64
557,기린,06/04/2019 03:59,1.6,0,0,253,0.1,63
557,기린,06/04/2019 04:00,1.7,0,0,338,0,63
557,기린,06/04/2019 04:01,1.6,0,0,16.3,0,63
557,기린,06/04/2019 04:02,1.6,0,0,159.6,0.2,63
557,기린,06/04/2019 04:03,1.5,0,0,112,0.3,63
557,기린,06/04/2019 04:04,1.5,0,0,123.4,0.2,63
557,기린,06/04/2019 04:05,1.5,0,0,92.6,0,63
557,기린,06/04/2019 04:06,1.6,0,0,311.7,0,63
557,기린,06/04/2019 04:07,1.5,0,0,297.8,0.2,63
557,기린,06/04/2019 04:08,1.5,0,0,297.3,0.5,63
557,기린,06/04/2019 04:09,1.3,0,0,323.3,0.8,64
557,기린,06/04/2019 04:10,1.3,0,0,329,0.6,64
557,기린,06/04/2019 04:11,1.3,0,0,346,0.3,64
557,기린,06/04/2019 04:12,1.2,0,0,335.3,0.7,64
557,기린,06/04/2019 04:13,1.2,0,0,349.4,0.2,64
557,기린,06/04/2019 04:14,1.2,0,0,351.6,0.7,65
557,기린,06/04/2019 04:15,1.2,0,0,358.9,0.4,65
557,기린,06/04/2019 04:16,1.2,0,0,3.1,0.4,64
557,기린,06/04/2019 04:17,1.3,0,0,339.3,0.3,64
557,기린,06/04/2019 04:18,1.3,0,0,345.6,0.1,64
557,기린,06/04/2019 04:19,1.2,0,0,334.7,0,64
557,기린,06/04/2019 04:20,1.3,0,0,344.9,0,64
557,기린,06/04/2019 04:21,1.3,0,0,24.2,0,64
557,기린,06/04/2019 04:22,1.3,0,0,65.3,0,64
557,기린,06/04/2019 04:23,1.2,0,0,92.7,0.2,64
557,기린,06/04/2019 04:24,1.3,0,0,50.2,0,64
557,기린,06/04/2019 04:25,1.3,0,0,48,0,64
557,기린,06/04/2019 04:26,1.3,0,0,86.3,0.2,64
557,기린,06/04/2019 04:27,1.3,0,0,96.4,0,64
557,기린,06/04/2019 04:28,1.2,0,0,78.3,0,64
557,기린,06/04/2019 04:29,1.3,0,0,100.9,0.1,64
557,기린,06/04/2019 04:30,1.3,0,0,91.9,0,64
557,기린,06/04/2019 04:31,1.2,0,0,85.7,0,65
557,기린,06/04/2019 04:32,1.3,0,0,78.3,0,65
557,기린,06/04/2019 04:33,1.3,0,0,319.2,0,65
557,기린,06/04/2019 04:34,1.2,0,0,265.2,0,65
557,기린,06/04/2019 04:35,1.2,0,0,225.9,0,65
557,기린,06/04/2019 04:36,1.2,0,0,204.4,0,65
557,기린,06/04/2019 04:37,1.2,0,0,179.3,0.2,65
557,기린,06/04/2019 04:38,1.1,0,0,136.9,0.3,65
557,기린,06/04/2019 04:39,1.1,0,0,163.8,0.5,65
557,기린,06/04/2019 04:40,1,0,0,129.6,0.7,65
557,기린,06/04/2019 04:41,1,0,0,144.2,0.3,65
557,기린,06/04/2019 04:42,1,0,0,139.9,0.2,65
557,기린,06/04/2019 04:43,1.1,0,0,210.4,0,66
557,기린,06/04/2019 04:44,1.1,0,0,218.1,0,66
557,기린,06/04/2019 04:45,1.1,0,0,217.7,0,66
557,기린,06/04/2019 04:46,1.1,0,0,200,0,66
557,기린,06/04/2019 04:47,1,0,0,143.2,0,66
557,기린,06/04/2019 04:48,1,0,0,113.4,0,66
557,기린,06/04/2019 04:49,1,0,0,302.4,0.1,66
557,기린,06/04/2019 04:50,1.1,0,0,296.9,0.6,66
557,기린,06/04/2019 04:51,1.1,0,0,279.1,0,67
557,기린,06/04/2019 04:52,1,0,0,232.2,0,67
557,기린,06/04/2019 04:53,1,0,0,179.2,0.1,68
557,기린,06/04/2019 04:54,1,0,0,140.7,0.4,68
557,기린,06/04/2019 04:55,0.9,0,0,143.8,0.1,68
557,기린,06/04/2019 04:56,0.9,0,0,142.5,0.6,67
557,기린,06/04/2019 04:57,0.9,0,0,126.1,0.8,67
557,기린,06/04/2019 04:58,0.9,0,0,126.2,0.9,67
557,기린,06/04/2019 04:59,0.8,0,0,119.4,0.8,66
557,기린,06/04/2019 05:00,0.8,0,0,98.3,0,66
557,기린,06/04/2019 05:01,0.8,0,0,91.7,0.5,67
557,기린,06/04/2019 05:02,0.8,0,0,83.2,0.6,67
557,기린,06/04/2019 05:03,0.9,0,0,84.6,0.3,67
557,기린,06/04/2019 05:04,0.9,0,0,69.2,0.5,67
557,기린,06/04/2019 05:05,0.9,0,0,10.7,0.6,66
557,기린,06/04/2019 05:06,0.8,0,0,4.4,0.8,66
557,기린,06/04/2019 05:07,0.7,0,0,43.7,0.6,67
557,기린,06/04/2019 05:08,0.7,0,0,61.8,0.6,67
557,기린,06/04/2019 05:09,0.8,0,0,83.1,0.6,67
557,기린,06/04/2019 05:10,0.8,0,0,89.5,0.1,67
557,기린,06/04/2019 05:11,1,0,0,184.2,0,67
557,기린,06/04/2019 05:12,1,0,0,339.9,0.4,66
557,기린,06/04/2019 05:13,0.9,0,0,8,0.2,66
557,기린,06/04/2019 05:14,0.9,0,0,331.3,0,67
557,기린,06/04/2019 05:15,0.9,0,0,272.1,0.2,67
557,기린,06/04/2019 05:16,0.9,0,0,280.9,0.7,67
557,기린,06/04/2019 05:17,0.9,0,0,271.2,0.7,68
557,기린,06/04/2019 05:18,0.9,0,0,266.1,0.4,68
557,기린,06/04/2019 05:19,0.9,0,0,253.9,0.5,68
557,기린,06/04/2019 05:20,0.9,0,0,240.4,0.5,68
557,기린,06/04/2019 05:21,0.9,0,0,228.9,0.8,68
557,기린,06/04/2019 05:22,1,0,0,213.9,0.7,68
557,기린,06/04/2019 05:23,1,0,0,196.3,0.6,68
557,기린,06/04/2019 05:24,1.1,0,0,156.8,0.8,68
557,기린,06/04/2019 05:25,1,0,0,175.7,0.4,68
557,기린,06/04/2019 05:26,1.1,0,0,191.5,0.1,68
557,기린,06/04/2019 05:27,1.1,0,0,135.7,0.8,67
557,기린,06/04/2019 05:28,1.1,0,0,121.6,0.9,67
557,기린,06/04/2019 05:29,1,0,0,122.6,1.3,67
557,기린,06/04/2019 05:30,1,0,0,112.9,0.8,67
557,기린,06/04/2019 05:31,1,0,0,112.4,1,67
557,기린,06/04/2019 05:32,0.9,0,0,123.9,0.4,67
557,기린,06/04/2019 05:33,1,0,0,156.2,0.2,67
557,기린,06/04/2019 05:34,0.9,0,0,114.4,0.4,67
557,기린,06/04/2019 05:35,0.9,0,0,104.1,0.2,67
557,기린,06/04/2019 05:36,0.9,0,0,111.6,0.4,67
557,기린,06/04/2019 05:37,0.8,0,0,88.9,0.4,67
557,기린,06/04/2019 05:38,0.9,0,0,72.2,0.2,67
557,기린,06/04/2019 05:39,0.9,0,0,62.1,0,67
557,기린,06/04/2019 05:40,0.8,0,0,128.5,0,67
557,기린,06/04/2019 05:41,0.9,0,0,22.6,0,67
557,기린,06/04/2019 05:42,0.8,0,0,10.5,0.3,67
557,기린,06/04/2019 05:43,0.7,0,0,17.6,0.4,67
557,기린,06/04/2019 05:44,0.7,0,0,18.2,0.4,67
557,기린,06/04/2019 05:45,0.6,0,0,20.3,0.3,68
557,기린,06/04/2019 05:46,0.6,0,0,335.4,0,68
557,기린,06/04/2019 05:47,0.6,0,0,293.8,0.1,68
557,기린,06/04/2019 05:48,0.5,0,0,281.9,0,69
557,기린,06/04/2019 05:49,0.6,0,0,233.5,0,69
557,기린,06/04/2019 05:50,0.6,0,0,235.9,0.1,69
557,기린,06/04/2019 05:51,0.7,0,0,154.9,0,69
557,기린,06/04/2019 05:52,0.6,0,0,135,1,69
557,기린,06/04/2019 05:53,0.5,0,0,143.4,0.9,69
557,기린,06/04/2019 05:54,0.5,0,0,120.2,0.3,69
557,기린,06/04/2019 05:55,0.5,0,0,108.5,0.2,69
557,기린,06/04/2019 05:56,0.5,0,0,112.4,0,69
557,기린,06/04/2019 05:57,0.5,0,0,18.2,0.3,69
557,기린,06/04/2019 05:58,0.4,0,0,32.2,0.4,69
557,기린,06/04/2019 05:59,0.3,0,0,40.1,0.9,69
557,기린,06/04/2019 06:00,0.3,0,0,32.9,0.7,69
557,기린,06/04/2019 06:01,0.2,0,0,23.2,1.1,69
557,기린,06/04/2019 06:02,0.2,0,0,26.5,0.7,69
557,기린,06/04/2019 06:03,0.2,0,0,35.5,0.7,70
557,기린,06/04/2019 06:04,0.1,0,0,36.5,1.4,70
557,기린,06/04/2019 06:05,0.2,0,0,46.9,0.5,70
557,기린,06/04/2019 06:06,0.2,0,0,83.5,0.8,70
557,기린,06/04/2019 06:07,0.2,0,0,94.8,0.6,70
557,기린,06/04/2019 06:08,0.2,0,0,98.5,0.5,70
557,기린,06/04/2019 06:09,0.2,0,0,146.3,0.4,70
557,기린,06/04/2019 06:10,0.2,0,0,169.7,0.5,69
557,기린,06/04/2019 06:11,0.2,0,0,157,0.3,69
557,기린,06/04/2019 06:12,0.2,0,0,165.8,0.9,70
557,기린,06/04/2019 06:13,0.1,0,0,148.6,0.6,70
557,기린,06/04/2019 06:14,0.1,0,0,250.3,0.2,70
557,기린,06/04/2019 06:15,0.1,0,0,192.5,0.8,70
557,기린,06/04/2019 06:16,0.3,0,0,171.5,0.5,70
557,기린,06/04/2019 06:17,0.3,0,0,146.7,0.3,69
557,기린,06/04/2019 06:18,0.3,0,0,160.2,0.2,69
557,기린,06/04/2019 06:19,0.3,0,0,148.5,0,69
557,기린,06/04/2019 06:20,0.2,0,0,281.6,0,68
557,기린,06/04/2019 06:21,0.1,0,0,306.6,0.3,69
557,기린,06/04/2019 06:22,0,0,0,324,0.8,69
557,기린,06/04/2019 06:23,0,0,0,338,1.1,70
557,기린,06/04/2019 06:24,-0.1,0,0,334.7,1.4,70
557,기린,06/04/2019 06:25,0,0,0,327.8,1.3,71
557,기린,06/04/2019 06:26,0.1,0,0,323.9,0.2,71
557,기린,06/04/2019 06:27,0.2,0,0,322.1,0,71
557,기린,06/04/2019 06:28,0.2,0,0,322.2,0,71
557,기린,06/04/2019 06:29,0.2,0,0,104.2,0.5,71
557,기린,06/04/2019 06:30,0.2,0,0,126.9,0.2,71
557,기린,06/04/2019 06:31,0.1,0,0,143.4,1,71
557,기린,06/04/2019 06:32,0.1,0,0,142.5,1.4,71
557,기린,06/04/2019 06:33,0.2,0,0,153.9,1.1,71
557,기린,06/04/2019 06:34,0.2,0,0,147.6,0.7,71
557,기린,06/04/2019 06:35,0.2,0,0,155.1,0.5,71
557,기린,06/04/2019 06:36,0.3,0,0,140.4,0.6,71
557,기린,06/04/2019 06:37,0.2,0,0,123.5,0.5,71
557,기린,06/04/2019 06:38,0.2,0,0,137.5,0.4,71
557,기린,06/04/2019 06:39,0.2,0,0,158.1,0.3,70
557,기린,06/04/2019 06:40,0.2,0,0,107.8,0.2,70
557,기린,06/04/2019 06:41,0.2,0,0,45.7,0.2,70
557,기린,06/04/2019 06:42,0.2,0,0,45.5,0.7,70
557,기린,06/04/2019 06:43,0.3,0,0,23,0.7,70
557,기린,06/04/2019 06:44,0.2,0,0,21.5,0.5,71
557,기린,06/04/2019 06:45,0.3,0,0,21.5,0.3,71
557,기린,06/04/2019 06:46,0.3,0,0,53.7,0.2,71
557,기린,06/04/2019 06:47,0.3,0,0,55.8,0.3,71
557,기린,06/04/2019 06:48,0.4,0,0,82.5,0.2,71
557,기린,06/04/2019 06:49,0.5,0,0,95.4,0.3,70
557,기린,06/04/2019 06:50,0.5,0,0,115.8,0.3,70
557,기린,06/04/2019 06:51,0.5,0,0,97.6,0.3,70
557,기린,06/04/2019 06:52,0.6,0,0,107.7,0,70
557,기린,06/04/2019 06:53,0.6,0,0,37.1,0,69
557,기린,06/04/2019 06:54,0.6,0,0,9.4,0,69
557,기린,06/04/2019 06:55,0.6,0,0,26.5,0.3,70
557,기린,06/04/2019 06:56,0.6,0,0,21.1,0.1,69
557,기린,06/04/2019 06:57,0.6,0,0,344.5,0,69
557,기린,06/04/2019 06:58,0.6,0,0,327.6,0,69
557,기린,06/04/2019 06:59,0.7,0,0,5.4,0,69
557,기린,06/04/2019 07:00,0.7,0,0,25.6,0,69
557,기린,06/04/2019 07:01,0.7,0,0,234.2,0,69
557,기린,06/04/2019 07:02,0.7,0,0,215.2,0,68
557,기린,06/04/2019 07:03,0.7,0,0,217,0.6,68
557,기린,06/04/2019 07:04,0.8,0,0,216.8,0.6,68
557,기린,06/04/2019 07:05,0.8,0,0,244.6,0.1,68
557,기린,06/04/2019 07:06,0.9,0,0,276.9,0,68
557,기린,06/04/2019 07:07,0.9,0,0,325,0.2,68
557,기린,06/04/2019 07:08,0.9,0,0,339,0.1,68
557,기린,06/04/2019 07:09,0.9,0,0,347.4,0.2,68
557,기린,06/04/2019 07:10,0.9,0,0,317.7,0,67
557,기린,06/04/2019 07:11,0.9,0,0,303.4,0,67
557,기린,06/04/2019 07:12,1,0,0,259.4,0,67
557,기린,06/04/2019 07:13,1.1,0,0,3.5,0,67
557,기린,06/04/2019 07:14,1.2,0,0,7.4,0,68
557,기린,06/04/2019 07:15,1.2,0,0,21.3,0,68
557,기린,06/04/2019 07:16,1.2,0,0,15.2,0.3,67
557,기린,06/04/2019 07:17,1.4,0,0,14.1,0.6,67
557,기린,06/04/2019 07:18,1.4,0,0,16.3,0.2,68
557,기린,06/04/2019 07:19,1.4,0,0,19,0.1,67
557,기린,06/04/2019 07:20,1.4,0,0,32.2,0.1,67
557,기린,06/04/2019 07:21,1.4,0,0,28.2,0,67
557,기린,06/04/2019 07:22,1.4,0,0,358,0,67
557,기린,06/04/2019 07:23,1.4,0,0,326.5,0.1,66
557,기린,06/04/2019 07:24,1.5,0,0,335.2,0,66
557,기린,06/04/2019 07:25,1.5,0,0,39,0,66
557,기린,06/04/2019 07:26,1.6,0,0,76.5,0.1,66
557,기린,06/04/2019 07:27,1.7,0,0,72.8,0.1,66
557,기린,06/04/2019 07:28,1.8,0,0,134.3,0,66
557,기린,06/04/2019 07:29,1.8,0,0,6,0,65
557,기린,06/04/2019 07:30,1.9,0,0,39,0,65
557,기린,06/04/2019 07:31,2,0,0,31.3,0,66
557,기린,06/04/2019 07:32,2,0,0,69.6,0.1,65
557,기린,06/04/2019 07:33,1.9,0,0,4.9,0,66
557,기린,06/04/2019 07:34,1.9,0,0,324.6,0.1,65
557,기린,06/04/2019 07:35,1.8,0,0,343.4,0.2,65
557,기린,06/04/2019 07:36,1.8,0,0,353.3,0.3,64
557,기린,06/04/2019 07:37,1.9,0,0,3.9,0.2,64
557,기린,06/04/2019 07:38,2.1,0,0,14.5,0,64
557,기린,06/04/2019 07:39,2.2,0,0,19.3,0,64
557,기린,06/04/2019 07:40,2.3,0,0,313.8,0.3,64
557,기린,06/04/2019 07:41,2.3,0,0,342.4,0.4,64
557,기린,06/04/2019 07:42,2.2,0,0,342.7,0.2,64
557,기린,06/04/2019 07:43,2.1,0,0,350.9,0.5,63
557,기린,06/04/2019 07:44,2.2,0,0,358.9,0.6,63
557,기린,06/04/2019 07:45,2.4,0,0,3.1,0,63
557,기린,06/04/2019 07:46,2.4,0,0,0.2,0.2,62
557,기린,06/04/2019 07:47,2.5,0,0,3.1,0.2,62
557,기린,06/04/2019 07:48,2.3,0,0,342.3,0,61
557,기린,06/04/2019 07:49,2.4,0,0,342.4,0,60
557,기린,06/04/2019 07:50,2.4,0,0,324.9,0.1,60
557,기린,06/04/2019 07:51,2.4,0,0,341.1,0.1,60
557,기린,06/04/2019 07:52,2.4,0,0,11.9,0,60
557,기린,06/04/2019 07:53,2.5,0,0,31,0,60
557,기린,06/04/2019 07:54,2.5,0,0,153,0,61
557,기린,06/04/2019 07:55,2.6,0,0,152.3,0.2,60
557,기린,06/04/2019 07:56,2.8,0,0,146.9,0,60
557,기린,06/04/2019 07:57,2.8,0,0,269.5,0,60
557,기린,06/04/2019 07:58,2.8,0,0,303.2,0.1,60
557,기린,06/04/2019 07:59,2.9,0,0,263.6,0.2,60
557,기린,06/04/2019 08:00,3.1,0,0,255.9,0.6,60
557,기린,06/04/2019 08:01,3.1,0,0,245.8,0.5,60
557,기린,06/04/2019 08:02,3,0,0,233.1,0,59
557,기린,06/04/2019 08:03,3,0,0,244.8,0.5,59
557,기린,06/04/2019 08:04,2.9,0,0,252.7,0.4,59
557,기린,06/04/2019 08:05,2.9,0,0,261.2,0.2,59
557,기린,06/04/2019 08:06,2.9,0,0,297.1,0.3,59
557,기린,06/04/2019 08:07,3,0,0,322.2,0,59
557,기린,06/04/2019 08:08,3,0,0,248.4,0,60
557,기린,06/04/2019 08:09,3,0,0,37.5,0.2,59
557,기린,06/04/2019 08:10,3.2,0,0,12.8,0.1,59
557,기린,06/04/2019 08:11,3.1,0,0,38.3,0,59
557,기린,06/04/2019 08:12,3.1,0,0,324.1,0.3,58
557,기린,06/04/2019 08:13,3.1,0,0,352.3,0,58
557,기린,06/04/2019 08:14,3.2,0,0,332.1,0,58
557,기린,06/04/2019 08:15,3.2,0,0,194.8,0,58
557,기린,06/04/2019 08:16,3.2,0,0,231.6,0,58
557,기린,06/04/2019 08:17,3.2,0,0,40,0,58
557,기린,06/04/2019 08:18,3.3,0,0,46.7,0,58
557,기린,06/04/2019 08:19,3.4,0,0,17.5,0.4,58
557,기린,06/04/2019 08:20,3.4,0,0,4.5,0.1,57
557,기린,06/04/2019 08:21,3.4,0,0,356.8,0.3,56
557,기린,06/04/2019 08:22,3.6,0,0,329.2,0.2,57
557,기린,06/04/2019 08:23,3.5,0,0,309.5,0.1,56
557,기린,06/04/2019 08:24,3.6,0,0,321,0.1,56
557,기린,06/04/2019 08:25,3.7,0,0,329.3,0.6,56
557,기린,06/04/2019 08:26,3.7,0,0,310.1,0.5,56
557,기린,06/04/2019 08:27,3.7,0,0,309.4,0.5,56
557,기린,06/04/2019 08:28,3.7,0,0,300.3,0.7,55
557,기린,06/04/2019 08:29,3.6,0,0,296.2,0.4,55
557,기린,06/04/2019 08:30,3.6,0,0,320.8,0.1,54
557,기린,06/04/2019 08:31,3.6,0,0,332.1,0.2,55
557,기린,06/04/2019 08:32,3.6,0,0,5,0.1,54
557,기린,06/04/2019 08:33,3.7,0,0,77.4,0.4,54
557,기린,06/04/2019 08:34,3.9,0,0,224.9,0.4,55
557,기린,06/04/2019 08:35,3.8,0,0,224.1,0.2,54
557,기린,06/04/2019 08:36,3.9,0,0,205.6,0.2,55
557,기린,06/04/2019 08:37,4.2,0,0,208.9,0.1,54
557,기린,06/04/2019 08:38,4.5,0,0,177.3,0.3,54
557,기린,06/04/2019 08:39,4.5,0,0,172.3,0,54
557,기린,06/04/2019 08:40,4.5,0,0,183.3,0.1,54
557,기린,06/04/2019 08:41,4.7,0,0,170.6,0,54
557,기린,06/04/2019 08:42,4.9,0,0,85.7,0.2,54
557,기린,06/04/2019 08:43,4.7,0,0,99.3,0.2,53
557,기린,06/04/2019 08:44,4.6,0,0,124.9,0.1,52
557,기린,06/04/2019 08:45,4.7,0,0,138.3,0.6,53
557,기린,06/04/2019 08:46,4.5,0,0,203.7,0,53
557,기린,06/04/2019 08:47,4.5,0,0,248.9,0.4,52
557,기린,06/04/2019 08:48,4.6,0,0,245.2,0.3,52
557,기린,06/04/2019 08:49,4.5,0,0,244.4,0.1,51
557,기린,06/04/2019 08:50,4.7,0,0,238.3,0.4,51
557,기린,06/04/2019 08:51,4.5,0,0,244.9,0.3,51
557,기린,06/04/2019 08:52,4.5,0,0,239.8,0.3,51
557,기린,06/04/2019 08:53,4.6,0,0,246.9,0.3,51
557,기린,06/04/2019 08:54,4.9,0,0,273,0.6,52
557,기린,06/04/2019 08:55,4.8,0,0,263.1,0.2,51
557,기린,06/04/2019 08:56,4.8,0,0,261.7,0.3,50
557,기린,06/04/2019 08:57,5,0,0,220.8,0.5,50
557,기린,06/04/2019 08:58,5.2,0,0,225.4,0.1,50
557,기린,06/04/2019 08:59,5.2,0,0,223,0.2,50
557,기린,06/04/2019 09:00,5.3,0,0,199.7,0.2,49
557,기린,06/04/2019 09:01,5.2,0,0,318,0.5,49
557,기린,06/04/2019 09:02,5.4,0,0,330.8,0.2,49
557,기린,06/04/2019 09:03,5.6,0,0,307.8,0.1,48
557,기린,06/04/2019 09:04,5.4,0,0,334.4,0.3,48
557,기린,06/04/2019 09:05,5.5,0,0,5.7,0.4,47
557,기린,06/04/2019 09:06,5.5,0,0,351.3,0,48
557,기린,06/04/2019 09:07,5.7,0,0,241.6,0.7,48
557,기린,06/04/2019 09:08,5.9,0,0,212.5,0.5,47
557,기린,06/04/2019 09:09,5.8,0,0,215.7,0.9,47
557,기린,06/04/2019 09:10,5.9,0,0,223.5,0.6,48
557,기린,06/04/2019 09:11,5.9,0,0,221.3,0.6,47
557,기린,06/04/2019 09:12,6,0,0,232.8,1.1,48
557,기린,06/04/2019 09:13,6,0,0,217.8,0.5,47
557,기린,06/04/2019 09:14,6.1,0,0,256.8,0.5,47
557,기린,06/04/2019 09:15,6.4,0,0,253.8,0.9,47
557,기린,06/04/2019 09:16,6.5,0,0,289.3,0.4,47
557,기린,06/04/2019 09:17,6.8,0,0,258.1,0.2,47
557,기린,06/04/2019 09:18,6.8,0,0,289.3,0.6,47
557,기린,06/04/2019 09:19,7.2,0,0,289.7,0.6,46
557,기린,06/04/2019 09:20,7.3,0,0,306.2,0.5,46
557,기린,06/04/2019 09:21,7.5,0,0,269,0.3,44
557,기린,06/04/2019 09:22,7.5,0,0,140.9,0.2,44
557,기린,06/04/2019 09:23,7.7,0,0,142.7,1,44
557,기린,06/04/2019 09:24,7.4,0,0,248.5,0.6,43
557,기린,06/04/2019 09:25,7.1,0,0,218.8,0.3,41
557,기린,06/04/2019 09:26,7.1,0,0,245.2,0.2,42
557,기린,06/04/2019 09:27,7.2,0,0,289.8,1.1,42
557,기린,06/04/2019 09:28,7.1,0,0,299.5,1.1,40
557,기린,06/04/2019 09:29,6.9,0,0,321.3,0.7,39
557,기린,06/04/2019 09:30,7,0,0,316,0.5,40
557,기린,06/04/2019 09:31,6.9,0,0,283.5,0.1,40
557,기린,06/04/2019 09:32,7.2,0,0,242.8,0.9,41
557,기린,06/04/2019 09:33,7,0,0,199.7,1,40
557,기린,06/04/2019 09:34,7,0,0,186.1,0.6,40
557,기린,06/04/2019 09:35,7.1,0,0,178.4,0.7,41
557,기린,06/04/2019 09:36,7.2,0,0,187.6,0.7,41
557,기린,06/04/2019 09:37,7.4,0,0,147.2,1.3,41
557,기린,06/04/2019 09:38,7.4,0,0,137.6,1.1,40
557,기린,06/04/2019 09:39,7.4,0,0,149.9,0.6,40
557,기린,06/04/2019 09:40,7.4,0,0,184.7,0.2,41
557,기린,06/04/2019 09:41,7.6,0,0,186.8,1,40
557,기린,06/04/2019 09:42,7.6,0,0,199.2,0.9,40
557,기린,06/04/2019 09:43,7.6,0,0,174.7,0.4,40
557,기린,06/04/2019 09:44,7.6,0,0,204.4,0,40
557,기린,06/04/2019 09:45,7.8,0,0,287,0.5,38
557,기린,06/04/2019 09:46,8,0,0,51.6,0.3,39
557,기린,06/04/2019 09:47,8.1,0,0,91.4,0.4,40
557,기린,06/04/2019 09:48,8.1,0,0,4.7,0.2,39
557,기린,06/04/2019 09:49,8.2,0,0,310.5,0.9,39
557,기린,06/04/2019 09:50,8.2,0,0,282.5,0.8,39
557,기린,06/04/2019 09:51,8.1,0,0,218.7,0.7,38
557,기린,06/04/2019 09:52,8.1,0,0,219.5,0.6,38
557,기린,06/04/2019 09:53,8,0,0,207.2,0.5,38
557,기린,06/04/2019 09:54,8.1,0,0,201,0.7,38
557,기린,06/04/2019 09:55,8.3,0,0,223.1,0.6,38
557,기린,06/04/2019 09:56,8.1,0,0,225.1,0.4,37
557,기린,06/04/2019 09:57,8.4,0,0,257.5,0.4,38
557,기린,06/04/2019 09:58,8.4,0,0,237.2,0.9,38
557,기린,06/04/2019 09:59,8.4,0,0,218.6,0.9,38
557,기린,06/04/2019 10:00,8.6,0,0,148.4,1.1,37
557,기린,06/04/2019 10:01,8.6,0,0,141.4,0.9,37
557,기린,06/04/2019 10:02,8.7,0,0,143,0.7,37
557,기린,06/04/2019 10:03,8.7,0,0,132.5,0.5,37
557,기린,06/04/2019 10:04,8.9,0,0,146.1,0.6,37
557,기린,06/04/2019 10:05,9.2,0,0,149.8,0.5,38
557,기린,06/04/2019 10:06,9.3,0,0,77.3,0.6,36
557,기린,06/04/2019 10:07,9.3,0,0,100.7,0.8,36
557,기린,06/04/2019 10:08,9.2,0,0,132.6,1.4,35
557,기린,06/04/2019 10:09,9.1,0,0,135.8,0.7,35
557,기린,06/04/2019 10:10,9.1,0,0,126.5,1.2,36
557,기린,06/04/2019 10:11,9.5,0,0,141.7,0.8,37
557,기린,06/04/2019 10:12,9.6,0,0,226.9,1.1,36
557,기린,06/04/2019 10:13,9.8,0,0,210.2,0.7,36
557,기린,06/04/2019 10:14,9.6,0,0,244.8,1,35
557,기린,06/04/2019 10:15,10,0,0,229.4,0.9,35
557,기린,06/04/2019 10:16,9.9,0,0,240.6,1.1,35
557,기린,06/04/2019 10:17,9.6,0,0,249.4,0.9,34
557,기린,06/04/2019 10:18,9.5,0,0,272.1,0.8,33
557,기린,06/04/2019 10:19,9.4,0,0,294.3,0.5,33
557,기린,06/04/2019 10:20,9.5,0,0,283.8,0.5,33
557,기린,06/04/2019 10:21,9.5,0,0,245.2,0.1,33
557,기린,06/04/2019 10:22,9.4,0,0,242.6,0.8,32
557,기린,06/04/2019 10:23,9.4,0,0,234.8,1.1,33
557,기린,06/04/2019 10:24,9.5,0,0,224.6,0.8,34
557,기린,06/04/2019 10:25,9.3,0,0,203,0.3,34
557,기린,06/04/2019 10:26,9.5,0,0,282,0.4,35
557,기린,06/04/2019 10:27,9.6,0,0,296,0.1,35
557,기린,06/04/2019 10:28,9.8,0,0,15.5,0.2,34
557,기린,06/04/2019 10:29,10,0,0,118.9,1,34
557,기린,06/04/2019 10:30,10,0,0,166.4,0.7,34
557,기린,06/04/2019 10:31,10,0,0,178,0.4,33
557,기린,06/04/2019 10:32,10,0,0,140.6,0.9,33
557,기린,06/04/2019 10:33,9.9,0,0,145.3,1,33
557,기린,06/04/2019 10:34,10,0,0,139.1,0.5,33
557,기린,06/04/2019 10:35,10,0,0,121,0.4,33
557,기린,06/04/2019 10:36,9.9,0,0,135.8,0.3,33
557,기린,06/04/2019 10:37,9.9,0,0,114.1,0,32
557,기린,06/04/2019 10:38,9.9,0,0,112.3,0,32
557,기린,06/04/2019 10:39,10,0,0,102.6,0.1,32
557,기린,06/04/2019 10:40,10.2,0,0,124.6,0,32
557,기린,06/04/2019 10:41,10.2,0,0,117.9,0.9,32
557,기린,06/04/2019 10:42,10.2,0,0,108.2,0.2,32
557,기린,06/04/2019 10:43,10.1,0,0,113.1,0.3,33
557,기린,06/04/2019 10:44,10.2,0,0,339.6,1,33
557,기린,06/04/2019 10:45,10.2,0,0,354.9,0.1,33
557,기린,06/04/2019 10:46,10.2,0,0,56.8,0.1,32
557,기린,06/04/2019 10:47,10.2,0,0,95.2,0.2,32
557,기린,06/04/2019 10:48,10,0,0,129.3,0,32
557,기린,06/04/2019 10:49,9.8,0,0,82.6,0,32
557,기린,06/04/2019 10:50,10,0,0,350.1,0.4,33
557,기린,06/04/2019 10:51,10.1,0,0,356.4,0.9,33
557,기린,06/04/2019 10:52,10.2,0,0,17.1,1,33
557,기린,06/04/2019 10:53,10,0,0,2.5,0.8,32
557,기린,06/04/2019 10:54,10.1,0,0,22.2,0.2,32
557,기린,06/04/2019 10:55,10.2,0,0,62.6,1.2,32
557,기린,06/04/2019 10:56,10.1,0,0,82.7,1,32
557,기린,06/04/2019 10:57,10.1,0,0,66.7,0.8,32
557,기린,06/04/2019 10:58,10.3,0,0,5.8,0.8,33
557,기린,06/04/2019 10:59,10.3,0,0,8.2,2,33
557,기린,06/04/2019 11:00,10.2,0,0,19.4,1.4,33
557,기린,06/04/2019 11:01,10.2,0,0,19.2,0.9,33
557,기린,06/04/2019 11:02,10.2,0,0,50.2,1,33
557,기린,06/04/2019 11:03,10.2,0,0,49.3,0.9,33
557,기린,06/04/2019 11:04,10.2,0,0,40.3,0.9,33
557,기린,06/04/2019 11:05,10.3,0,0,58.5,1.4,34
557,기린,06/04/2019 11:06,10.3,0,0,60.9,1.2,34
557,기린,06/04/2019 11:07,10.3,0,0,99,0.8,33
557,기린,06/04/2019 11:08,10.3,0,0,59.7,0.9,34
557,기린,06/04/2019 11:09,10.3,0,0,60,0.8,34
557,기린,06/04/2019 11:10,10.3,0,0,50.2,0.7,34
557,기린,06/04/2019 11:11,10.3,0,0,61.1,0.4,34
557,기린,06/04/2019 11:12,10.3,0,0,348.9,0.5,35
557,기린,06/04/2019 11:13,10.5,0,0,14.9,0.9,35
557,기린,06/04/2019 11:14,10.6,0,0,13.1,1.8,34
557,기린,06/04/2019 11:15,10.7,0,0,20.6,1.8,32
557,기린,06/04/2019 11:16,10.8,0,0,353.9,1.5,30
557,기린,06/04/2019 11:17,10.9,0,0,343.9,2.2,30
557,기린,06/04/2019 11:18,10.9,0,0,338.7,1.6,29
557,기린,06/04/2019 11:19,10.9,0,0,346.2,1.3,29
557,기린,06/04/2019 11:20,10.9,0,0,4,1.4,30
557,기린,06/04/2019 11:21,10.9,0,0,11.7,2.2,30
557,기린,06/04/2019 11:22,11,0,0,13.4,2.1,29
557,기린,06/04/2019 11:23,11,0,0,22,1.5,28
557,기린,06/04/2019 11:24,11.1,0,0,11.6,1.5,27
557,기린,06/04/2019 11:25,11.1,0,0,11.4,1.3,29
557,기린,06/04/2019 11:26,11.3,0,0,20.6,2.3,30
557,기린,06/04/2019 11:27,11.4,0,0,26.9,2.2,30
557,기린,06/04/2019 11:28,11.5,0,0,27.7,1.9,29
557,기린,06/04/2019 11:29,11.6,0,0,18.1,3.4,29
557,기린,06/04/2019 11:30,11.6,0,0,10.8,2.9,28
557,기린,06/04/2019 11:31,11.7,0,0,5.2,2.6,28
557,기린,06/04/2019 11:32,11.8,0,0,0.8,2.2,28
557,기린,06/04/2019 11:33,11.9,0,0,5.4,2.8,28
557,기린,06/04/2019 11:34,12,0,0,352.4,1.8,27
557,기린,06/04/2019 11:35,12,0,0,23.6,1.4,27
557,기린,06/04/2019 11:36,11.7,0,0,336.3,1.3,27
557,기린,06/04/2019 11:37,11.8,0,0,264,1.9,26
557,기린,06/04/2019 11:38,11.8,0,0,294.8,1.2,22
557,기린,06/04/2019 11:39,12.1,0,0,15.7,1.6,23
557,기린,06/04/2019 11:40,12,0,0,41.4,1.3,25
557,기린,06/04/2019 11:41,11.9,0,0,32.1,1.2,26
557,기린,06/04/2019 11:42,12,0,0,19.3,2.6,26
557,기린,06/04/2019 11:43,11.9,0,0,19.4,2,26
557,기린,06/04/2019 11:44,12,0,0,18.2,1.7,25
557,기린,06/04/2019 11:45,12.2,0,0,24.4,2.4,25
557,기린,06/04/2019 11:46,12.2,0,0,30.4,0.9,24
557,기린,06/04/2019 11:47,12.1,0,0,24.7,2.2,24
557,기린,06/04/2019 11:48,12.1,0,0,21.3,1.1,24
557,기린,06/04/2019 11:49,12.1,0,0,29.2,1,24
557,기린,06/04/2019 11:50,12.6,0,0,93.4,0.5,25
557,기린,06/04/2019 11:51,12.8,0,0,110.4,1.1,24
557,기린,06/04/2019 11:52,12.7,0,0,94.5,1.3,23
557,기린,06/04/2019 11:53,12.3,0,0,77.7,2.1,22
557,기린,06/04/2019 11:54,12.8,0,0,10.2,1.1,23
557,기린,06/04/2019 11:55,12.9,0,0,22,0.6,22
557,기린,06/04/2019 11:56,13.1,0,0,24.3,1.6,22
557,기린,06/04/2019 11:57,12.7,0,0,20.1,0.3,21
557,기린,06/04/2019 11:58,12.6,0,0,24.6,1.1,21
557,기린,06/04/2019 11:59,12.6,0,0,70.7,1.1,21
557,기린,06/04/2019 12:00,12.5,0,0,103.1,1.2,22
557,기린,06/04/2019 12:01,12.5,0,0,107.2,0.7,21
557,기린,06/04/2019 12:02,12.5,0,0,256.4,0.6,20
557,기린,06/04/2019 12:03,12.5,0,0,284,3.6,19
557,기린,06/04/2019 12:04,12.4,0,0,324,0.9,18
557,기린,06/04/2019 12:05,12.3,0,0,281.4,2.8,17
557,기린,06/04/2019 12:06,12.3,0,0,358.6,2.3,18
557,기린,06/04/2019 12:07,12.4,0,0,259.7,1.8,18
557,기린,06/04/2019 12:08,12.4,0,0,341.5,2.2,18
557,기린,06/04/2019 12:09,12.3,0,0,354.7,2.3,18
557,기린,06/04/2019 12:10,12.2,0,0,291.3,0.3,18
557,기린,06/04/2019 12:11,12.2,0,0,326.9,2.6,18
557,기린,06/04/2019 12:12,12.2,0,0,302,3.6,18
557,기린,06/04/2019 12:13,12.3,0,0,327.2,1.9,17
557,기린,06/04/2019 12:14,12.5,0,0,352.9,4.1,17
557,기린,06/04/2019 12:15,12.8,0,0,332.8,2.8,18
557,기린,06/04/2019 12:16,12.9,0,0,278,1.7,18
557,기린,06/04/2019 12:17,12.8,0,0,259.1,1.2,17
557,기린,06/04/2019 12:18,13,0,0,337.9,0.5,18
557,기린,06/04/2019 12:19,13.1,0,0,22.7,1.7,17
557,기린,06/04/2019 12:20,13.1,0,0,335.3,1.7,18
557,기린,06/04/2019 12:21,13.2,0,0,261.9,3.7,18
557,기린,06/04/2019 12:22,13.3,0,0,260,1.7,18
557,기린,06/04/2019 12:23,13.3,0,0,296.9,4.1,18
557,기린,06/04/2019 12:24,13.3,0,0,298.9,1.7,18
557,기린,06/04/2019 12:25,13.2,0,0,278.4,0.5,18
557,기린,06/04/2019 12:26,13.5,0,0,314.5,2.7,21
557,기린,06/04/2019 12:27,13.4,0,0,314.4,2.3,18
557,기린,06/04/2019 12:28,13.2,0,0,304.9,0.9,18
557,기린,06/04/2019 12:29,13.1,0,0,337.1,2.3,17
557,기린,06/04/2019 12:30,13.2,0,0,332.2,1.8,18
557,기린,06/04/2019 12:31,13.2,0,0,350.8,1.9,19
557,기린,06/04/2019 12:32,13,0,0,254.8,1.5,19
557,기린,06/04/2019 12:33,13,0,0,256.6,0.8,19
557,기린,06/04/2019 12:34,13,0,0,235,1.1,19
557,기린,06/04/2019 12:35,12.8,0,0,262.8,2.8,19
557,기린,06/04/2019 12:36,12.8,0,0,299.5,2.3,19
557,기린,06/04/2019 12:37,12.7,0,0,326.2,1.6,18
557,기린,06/04/2019 12:38,12.6,0,0,311.1,1.8,18
557,기린,06/04/2019 12:39,12.5,0,0,242.4,1.5,19
557,기린,06/04/2019 12:40,12.5,0,0,222.6,0.7,19
557,기린,06/04/2019 12:41,12.5,0,0,166.9,0.4,19
557,기린,06/04/2019 12:42,12.7,0,0,243.2,0.1,20
557,기린,06/04/2019 12:43,12.7,0,0,350.8,0.1,20
557,기린,06/04/2019 12:44,12.8,0,0,196.9,1.7,20
557,기린,06/04/2019 12:45,12.7,0,0,253.5,0.9,21
557,기린,06/04/2019 12:46,12.8,0,0,270.3,1.6,21
557,기린,06/04/2019 12:47,12.8,0,0,337.5,2.6,21
557,기린,06/04/2019 12:48,12.8,0,0,354.3,3.2,21
557,기린,06/04/2019 12:49,12.7,0,0,3.7,1.6,21
557,기린,06/04/2019 12:50,12.6,0,0,24,1.9,20
557,기린,06/04/2019 12:51,12.6,0,0,49.6,0.6,21
557,기린,06/04/2019 12:52,12.5,0,0,290.3,1.1,20
557,기린,06/04/2019 12:53,12.4,0,0,277.2,1.6,21
557,기린,06/04/2019 12:54,12.3,0,0,277.4,2.1,22
557,기린,06/04/2019 12:55,12.3,0,0,265.1,2.6,22
557,기린,06/04/2019 12:56,12.2,0,0,270.1,2,22
557,기린,06/04/2019 12:57,12.1,0,0,288.7,0.8,22
557,기린,06/04/2019 12:58,12.2,0,0,333.7,2,22
557,기린,06/04/2019 12:59,12.2,0,0,332.4,1.7,22
557,기린,06/04/2019 13:00,12.1,0,0,358,2.7,22
557,기린,06/04/2019 13:01,12.2,0,0,331.2,1.9,22
557,기린,06/04/2019 13:02,12.1,0,0,326.6,2.2,22
557,기린,06/04/2019 13:03,12.1,0,0,322.3,1.9,22
557,기린,06/04/2019 13:04,12.2,0,0,334.7,1.2,22
557,기린,06/04/2019 13:05,12.2,0,0,310.8,1,22
557,기린,06/04/2019 13:06,12.3,0,0,272.1,1.9,23
557,기린,06/04/2019 13:07,12.3,0,0,280.1,2.4,23
557,기린,06/04/2019 13:08,12.2,0,0,294.5,2.4,23
557,기린,06/04/2019 13:09,12.2,0,0,339.7,2.1,23
557,기린,06/04/2019 13:10,12.2,0,0,338.5,2.6,23
557,기린,06/04/2019 13:11,12.2,0,0,352.1,1.7,23
557,기린,06/04/2019 13:12,12.3,0,0,346.3,0.7,23
557,기린,06/04/2019 13:13,12.3,0,0,319.9,2.6,23
557,기린,06/04/2019 13:14,12.3,0,0,332.5,2.6,22
557,기린,06/04/2019 13:15,12.3,0,0,309.3,2.3,23
557,기린,06/04/2019 13:16,12.3,0,0,318.7,1.1,22
557,기린,06/04/2019 13:17,12.4,0,0,226.3,3,23
557,기린,06/04/2019 13:18,12.4,0,0,222,2.8,23
557,기린,06/04/2019 13:19,12.3,0,0,156.7,1.6,22
557,기린,06/04/2019 13:20,12.2,0,0,199.4,0.1,22
557,기린,06/04/2019 13:21,12.3,0,0,109.8,0.4,22
557,기린,06/04/2019 13:22,12.5,0,0,162,2,23
557,기린,06/04/2019 13:23,12.6,0,0,270.9,0.8,23
557,기린,06/04/2019 13:24,12.5,0,0,277.4,1.1,23
557,기린,06/04/2019 13:25,12.5,0,0,277.6,1.2,23
557,기린,06/04/2019 13:26,12.6,0,0,263.5,1.9,23
557,기린,06/04/2019 13:27,12.6,0,0,285.6,2,23
557,기린,06/04/2019 13:28,12.5,0,0,321.4,1.2,23
557,기린,06/04/2019 13:29,12.5,0,0,350.5,0.1,23
557,기린,06/04/2019 13:30,12.6,0,0,237.6,2,23
557,기린,06/04/2019 13:31,12.4,0,0,309.8,3,23
557,기린,06/04/2019 13:32,12.4,0,0,290.1,0.9,23
557,기린,06/04/2019 13:33,12.6,0,0,254.4,2.8,24
557,기린,06/04/2019 13:34,12.4,0,0,276.9,1.4,24
557,기린,06/04/2019 13:35,12.3,0,0,278.2,1.3,24
557,기린,06/04/2019 13:36,12.4,0,0,310,1.6,24
557,기린,06/04/2019 13:37,12.4,0,0,336.8,3,24
557,기린,06/04/2019 13:38,12.4,0,0,331.9,3.4,24
557,기린,06/04/2019 13:39,12.3,0,0,344.5,2.9,24
557,기린,06/04/2019 13:40,12.3,0,0,335.2,2.5,24
557,기린,06/04/2019 13:41,12.3,0,0,349.4,2.6,24
557,기린,06/04/2019 13:42,12.3,0,0,349.9,1.8,24
557,기린,06/04/2019 13:43,12.3,0,0,349,2.5,24
557,기린,06/04/2019 13:44,12.2,0,0,340.4,1.5,24
557,기린,06/04/2019 13:45,12.1,0,0,358.9,2.5,24
557,기린,06/04/2019 13:46,12,0,0,3.3,1.5,24
557,기린,06/04/2019 13:47,12,0,0,20.5,1.4,24
557,기린,06/04/2019 13:48,12.1,0,0,8.7,1.2,25
557,기린,06/04/2019 13:49,12,0,0,4.1,1.6,24
557,기린,06/04/2019 13:50,12.1,0,0,298.9,1.1,25
557,기린,06/04/2019 13:51,12.1,0,0,259.9,0.5,25
557,기린,06/04/2019 13:52,12,0,0,228.4,3,25
557,기린,06/04/2019 13:53,11.9,0,0,246.1,2.2,24
557,기린,06/04/2019 13:54,11.9,0,0,285.3,2.8,25
557,기린,06/04/2019 13:55,12,0,0,350.3,2.8,25
557,기린,06/04/2019 13:56,12,0,0,333.9,1.3,26
557,기린,06/04/2019 13:57,12.1,0,0,250.3,0.3,26
557,기린,06/04/2019 13:58,12.1,0,0,325.8,2,26
557,기린,06/04/2019 13:59,12.1,0,0,331.9,2.8,25
557,기린,06/04/2019 14:00,12,0,0,354.6,1.9,26
557,기린,06/04/2019 14:01,12,0,0,323.8,1.1,26
557,기린,06/04/2019 14:02,12.1,0,0,245.8,0.9,26
557,기린,06/04/2019 14:03,12.1,0,0,274.6,0.7,26
557,기린,06/04/2019 14:04,12.1,0,0,345.5,1.3,26
557,기린,06/04/2019 14:05,12.1,0,0,259.4,2,26
557,기린,06/04/2019 14:06,12,0,0,256.1,1.1,26
557,기린,06/04/2019 14:07,12.1,0,0,241.6,3.5,27
557,기린,06/04/2019 14:08,12,0,0,266.1,2,26
557,기린,06/04/2019 14:09,12,0,0,255.9,0.9,27
557,기린,06/04/2019 14:10,12,0,0,250.2,0.5,26
557,기린,06/04/2019 14:11,12,0,0,241.6,2.2,27
557,기린,06/04/2019 14:12,12.1,0,0,239.2,1.9,27
557,기린,06/04/2019 14:13,12,0,0,254.4,1.4,27
557,기린,06/04/2019 14:14,12,0,0,266.4,1.1,27
557,기린,06/04/2019 14:15,12.1,0,0,237.7,0.4,27
557,기린,06/04/2019 14:16,12.1,0,0,38.8,0.3,27
557,기린,06/04/2019 14:17,12,0,0,281.2,1.6,27
557,기린,06/04/2019 14:18,12,0,0,253.4,0.7,27
557,기린,06/04/2019 14:19,12,0,0,208.4,1.5,28
557,기린,06/04/2019 14:20,12,0,0,329.1,2.1,28
557,기린,06/04/2019 14:21,12.1,0,0,250.7,1.1,28
557,기린,06/04/2019 14:22,12.2,0,0,308.2,0.8,28
557,기린,06/04/2019 14:23,12.2,0,0,297.2,1.8,28
557,기린,06/04/2019 14:24,12.2,0,0,253.2,0.9,28
557,기린,06/04/2019 14:25,12.3,0,0,6.4,1.2,28
557,기린,06/04/2019 14:26,12.4,0,0,350.8,2.2,28
557,기린,06/04/2019 14:27,12.4,0,0,316,1.6,28
557,기린,06/04/2019 14:28,12.4,0,0,285.8,1.9,28
557,기린,06/04/2019 14:29,12.4,0,0,339.5,1.2,28
557,기린,06/04/2019 14:30,12.4,0,0,350.3,1,28
557,기린,06/04/2019 14:31,12.2,0,0,303.9,1,28
557,기린,06/04/2019 14:32,12.2,0,0,288.5,0.9,28
557,기린,06/04/2019 14:33,12.2,0,0,246.5,1.5,28
557,기린,06/04/2019 14:34,12.2,0,0,248.8,3.8,28
557,기린,06/04/2019 14:35,12.1,0,0,352.4,3.5,28
557,기린,06/04/2019 14:36,12.1,0,0,341,1.3,28
557,기린,06/04/2019 14:37,12,0,0,285.1,1.3,28
557,기린,06/04/2019 14:38,12,0,0,269.8,1.3,28
557,기린,06/04/2019 14:39,12,0,0,293.6,1.7,28
557,기린,06/04/2019 14:40,12,0,0,310.3,0.8,28
557,기린,06/04/2019 14:41,12,0,0,219.2,0.5,29
557,기린,06/04/2019 14:42,11.9,0,0,227.9,4,29
557,기린,06/04/2019 14:43,11.9,0,0,214.6,1.7,28
557,기린,06/04/2019 14:44,12,0,0,229.1,1.9,29
557,기린,06/04/2019 14:45,12,0,0,220.1,0.7,28
557,기린,06/04/2019 14:46,12.1,0,0,313.8,1,29
557,기린,06/04/2019 14:47,12,0,0,293.1,1.4,29
557,기린,06/04/2019 14:48,12,0,0,258.8,4.5,28
557,기린,06/04/2019 14:49,12.1,0,0,234.5,2.8,29
557,기린,06/04/2019 14:50,12,0,0,211.3,3.6,28
557,기린,06/04/2019 14:51,11.9,0,0,218.1,3.6,29
557,기린,06/04/2019 14:52,11.9,0,0,223.2,2.8,29
557,기린,06/04/2019 14:53,11.9,0,0,218.2,2.9,29
557,기린,06/04/2019 14:54,11.9,0,0,209.7,1.2,29
557,기린,06/04/2019 14:55,11.9,0,0,254.9,3.9,29
557,기린,06/04/2019 14:56,11.9,0,0,279.1,1.6,29
557,기린,06/04/2019 14:57,11.9,0,0,359.8,1.2,28
557,기린,06/04/2019 14:58,11.9,0,0,40.1,1.3,28
557,기린,06/04/2019 14:59,11.9,0,0,45.1,0.8,29
557,기린,06/04/2019 15:00,12,0,0,233.6,0.7,29
557,기린,06/04/2019 15:01,12.1,0,0,260,1.4,29
557,기린,06/04/2019 15:02,12,0,0,282.5,0.4,29
557,기린,06/04/2019 15:03,11.9,0,0,263.1,1.1,28
557,기린,06/04/2019 15:04,11.8,0,0,277.7,2,28
557,기린,06/04/2019 15:05,11.8,0,0,222,0.2,28
557,기린,06/04/2019 15:06,11.8,0,0,257.2,1,28
557,기린,06/04/2019 15:07,11.8,0,0,327.8,0.3,29
557,기린,06/04/2019 15:08,11.8,0,0,298.2,0.5,29
557,기린,06/04/2019 15:09,11.8,0,0,279.1,0.5,28
557,기린,06/04/2019 15:10,11.7,0,0,248.4,1.2,28
557,기린,06/04/2019 15:11,11.7,0,0,254.1,0.9,28
557,기린,06/04/2019 15:12,11.8,0,0,240.1,0.8,29
557,기린,06/04/2019 15:13,11.8,0,0,276.8,1.2,29
557,기린,06/04/2019 15:14,11.8,0,0,298.6,1.2,28
557,기린,06/04/2019 15:15,11.8,0,0,251.3,0.8,29
557,기린,06/04/2019 15:16,11.8,0,0,178.4,0.4,29
557,기린,06/04/2019 15:17,11.7,0,0,203.6,1.6,28
557,기린,06/04/2019 15:18,11.8,0,0,227.5,3.2,29
557,기린,06/04/2019 15:19,11.8,0,0,244.3,2.3,29
557,기린,06/04/2019 15:20,11.8,0,0,253.6,2.8,29
557,기린,06/04/2019 15:21,11.9,0,0,232.8,1.3,30
557,기린,06/04/2019 15:22,11.9,0,0,231.9,3.3,29
557,기린,06/04/2019 15:23,12,0,0,248.6,2.2,29
557,기린,06/04/2019 15:24,11.9,0,0,242.6,2.6,29
557,기린,06/04/2019 15:25,11.8,0,0,222.1,1.7,29
557,기린,06/04/2019 15:26,11.9,0,0,223.4,2.8,30
557,기린,06/04/2019 15:27,11.9,0,0,232.7,2.5,30
557,기린,06/04/2019 15:28,11.9,0,0,223.8,3.7,31
557,기린,06/04/2019 15:29,11.8,0,0,223.1,3.5,31
557,기린,06/04/2019 15:30,11.7,0,0,240,2.6,32
557,기린,06/04/2019 15:31,11.6,0,0,230.4,2.9,33
557,기린,06/04/2019 15:32,11.5,0,0,248.7,1.1,33
557,기린,06/04/2019 15:33,11.5,0,0,231.2,2.3,34
557,기린,06/04/2019 15:34,11.5,0,0,218.1,2.1,33
557,기린,06/04/2019 15:35,11.5,0,0,198.7,1.7,33
557,기린,06/04/2019 15:36,11.6,0,0,229,1.8,33
557,기린,06/04/2019 15:37,11.6,0,0,230.5,2.4,34
557,기린,06/04/2019 15:38,11.5,0,0,246.4,2,34
557,기린,06/04/2019 15:39,11.5,0,0,268.8,1,34
557,기린,06/04/2019 15:40,11.4,0,0,218.9,0.9,34
557,기린,06/04/2019 15:41,11.4,0,0,227.8,2.6,34
557,기린,06/04/2019 15:42,11.5,0,0,211.9,2.1,35
557,기린,06/04/2019 15:43,11.4,0,0,205.7,2.1,35
557,기린,06/04/2019 15:44,11.4,0,0,240.6,2.1,35
557,기린,06/04/2019 15:45,11.4,0,0,246.7,0.8,35
557,기린,06/04/2019 15:46,11.3,0,0,258.2,1.4,36
557,기린,06/04/2019 15:47,11.3,0,0,271.4,0.8,36
557,기린,06/04/2019 15:48,11.3,0,0,238.6,1.8,36
557,기린,06/04/2019 15:49,11.2,0,0,262,0,35
557,기린,06/04/2019 15:50,11.3,0,0,330.8,0.7,35
557,기린,06/04/2019 15:51,11.3,0,0,301.7,1,35
557,기린,06/04/2019 15:52,11.4,0,0,327.8,1.2,36
557,기린,06/04/2019 15:53,11.4,0,0,324.8,0.9,36
557,기린,06/04/2019 15:54,11.4,0,0,209.7,1.6,35
557,기린,06/04/2019 15:55,11.5,0,0,233.4,1.7,35
557,기린,06/04/2019 15:56,11.5,0,0,222.7,0.7,34
557,기린,06/04/2019 15:57,11.5,0,0,236.1,0.7,34
557,기린,06/04/2019 15:58,11.6,0,0,277,1.3,35
557,기린,06/04/2019 15:59,11.6,0,0,273.5,2.2,35
557,기린,06/04/2019 16:00,11.6,0,0,310.1,0.4,35
557,기린,06/04/2019 16:01,11.6,0,0,299.7,1.7,35
557,기린,06/04/2019 16:02,11.5,0,0,331.3,2.1,35
557,기린,06/04/2019 16:03,11.4,0,0,305.8,2.3,36
557,기린,06/04/2019 16:04,11.4,0,0,297.6,1.7,36
557,기린,06/04/2019 16:05,11.5,0,0,268.2,1.2,38
557,기린,06/04/2019 16:06,11.4,0,0,178.3,0.5,38
557,기린,06/04/2019 16:07,11.3,0,0,99.7,1.6,38
557,기린,06/04/2019 16:08,11.3,0,0,118.9,0.3,38
557,기린,06/04/2019 16:09,11.2,0,0,150.8,0.7,38
557,기린,06/04/2019 16:10,11.3,0,0,45.1,1.7,38
557,기린,06/04/2019 16:11,11.3,0,0,59.8,1,39
557,기린,06/04/2019 16:12,11.2,0,0,64.8,0.7,39
557,기린,06/04/2019 16:13,11.2,0,0,34.3,0.9,39
557,기린,06/04/2019 16:14,11.2,0,0,62.7,1.1,39
557,기린,06/04/2019 16:15,11.2,0,0,32.8,1.3,39
557,기린,06/04/2019 16:16,11.2,0,0,43.6,2.6,40
557,기린,06/04/2019 16:17,11.1,0,0,56.7,2.7,40
557,기린,06/04/2019 16:18,11.1,0,0,59.4,3,40
557,기린,06/04/2019 16:19,11,0,0,89,2.1,40
557,기린,06/04/2019 16:20,10.9,0,0,82.9,0.7,40
557,기린,06/04/2019 16:21,10.9,0,0,52.9,0.4,40
557,기린,06/04/2019 16:22,10.9,0,0,62.8,0.4,40
557,기린,06/04/2019 16:23,10.9,0,0,21.2,0.9,41
557,기린,06/04/2019 16:24,11,0,0,24.1,1.3,41
557,기린,06/04/2019 16:25,11,0,0,57.9,2.4,41
557,기린,06/04/2019 16:26,10.9,0,0,246.5,1.8,40
557,기린,06/04/2019 16:27,10.9,0,0,209,2.9,40
557,기린,06/04/2019 16:28,10.9,0,0,197.3,1.2,40
557,기린,06/04/2019 16:29,10.9,0,0,189.4,2.8,40
557,기린,06/04/2019 16:30,10.9,0,0,178.9,0,40
557,기린,06/04/2019 16:31,10.9,0,0,165.8,0.8,40
557,기린,06/04/2019 16:32,10.9,0,0,169.9,0.8,41
557,기린,06/04/2019 16:33,11,0,0,133.9,1.8,41
557,기린,06/04/2019 16:34,10.9,0,0,149.3,2.4,41
557,기린,06/04/2019 16:35,10.9,0,0,128.8,0.6,41
557,기린,06/04/2019 16:36,11,0,0,163.8,1.3,41
557,기린,06/04/2019 16:37,11,0,0,169.5,1.2,41
557,기린,06/04/2019 16:38,11,0,0,199.5,0.7,41
557,기린,06/04/2019 16:39,11,0,0,305.6,0.3,41
557,기린,06/04/2019 16:40,11,0,0,69.3,0.6,41
557,기린,06/04/2019 16:41,11.1,0,0,52.8,2.9,41
557,기린,06/04/2019 16:42,11,0,0,5.2,2.3,40
557,기린,06/04/2019 16:43,10.9,0,0,359.9,1.2,40
557,기린,06/04/2019 16:44,10.9,0,0,76.9,1.4,40
557,기린,06/04/2019 16:45,10.9,0,0,54.1,1.7,40
557,기린,06/04/2019 16:46,10.9,0,0,43.7,2.5,41
557,기린,06/04/2019 16:47,10.9,0,0,27.2,1.4,41
557,기린,06/04/2019 16:48,10.8,0,0,47.9,4.2,41
557,기린,06/04/2019 16:49,10.8,0,0,37.7,4,41
557,기린,06/04/2019 16:50,10.8,0,0,26.1,2.1,42
557,기린,06/04/2019 16:51,10.8,0,0,63.4,2.1,42
557,기린,06/04/2019 16:52,10.7,0,0,80.1,1.9,42
557,기린,06/04/2019 16:53,10.7,0,0,67.3,4.7,42
557,기린,06/04/2019 16:54,10.7,0,0,26.9,3.8,42
557,기린,06/04/2019 16:55,10.7,0,0,28.4,0.8,42
557,기린,06/04/2019 16:56,10.7,0,0,42.5,0.5,42
557,기린,06/04/2019 16:57,10.7,0,0,33.7,3,43
557,기린,06/04/2019 16:58,10.7,0,0,43.7,2.4,43
557,기린,06/04/2019 16:59,10.6,0,0,54.8,2.2,43
557,기린,06/04/2019 17:00,10.6,0,0,70.4,4.2,42
557,기린,06/04/2019 17:01,10.5,0,0,47.3,1.8,42
557,기린,06/04/2019 17:02,10.5,0,0,254.8,0.9,42
557,기린,06/04/2019 17:03,10.5,0,0,257.4,1.1,42
557,기린,06/04/2019 17:04,10.6,0,0,250.6,1.3,42
557,기린,06/04/2019 17:05,10.5,0,0,273.3,1.2,42
557,기린,06/04/2019 17:06,10.5,0,0,9.1,2.9,42
557,기린,06/04/2019 17:07,10.5,0,0,93.9,2.1,42
557,기린,06/04/2019 17:08,10.4,0,0,81.2,2.2,42
557,기린,06/04/2019 17:09,10.4,0,0,72.7,0.8,42
557,기린,06/04/2019 17:10,10.4,0,0,106.5,0.6,43
557,기린,06/04/2019 17:11,10.4,0,0,223.9,1,43
557,기린,06/04/2019 17:12,10.4,0,0,219.6,1.7,43
557,기린,06/04/2019 17:13,10.4,0,0,196.1,1.5,43
557,기린,06/04/2019 17:14,10.4,0,0,201.2,1.3,43
557,기린,06/04/2019 17:15,10.4,0,0,214.9,1.1,43
557,기린,06/04/2019 17:16,10.5,0,0,200.7,0.6,43
557,기린,06/04/2019 17:17,10.4,0,0,146,1.4,43
557,기린,06/04/2019 17:18,10.4,0,0,144.6,1.6,43
557,기린,06/04/2019 17:19,10.3,0,0,108.9,1,43
557,기린,06/04/2019 17:20,10.3,0,0,20.9,0.5,44
557,기린,06/04/2019 17:21,10.3,0,0,47.5,1.1,44
557,기린,06/04/2019 17:22,10.3,0,0,108.5,0.4,44
557,기린,06/04/2019 17:23,10.3,0,0,104.1,0.7,44
557,기린,06/04/2019 17:24,10.2,0,0,144,1.4,43
557,기린,06/04/2019 17:25,10.2,0,0,101.5,0.8,43
557,기린,06/04/2019 17:26,10.2,0,0,124.1,1.1,43
557,기린,06/04/2019 17:27,10.2,0,0,85.7,0.5,43
557,기린,06/04/2019 17:28,10.2,0,0,186.1,0.6,44
557,기린,06/04/2019 17:29,10.2,0,0,316.5,1.4,44
557,기린,06/04/2019 17:30,10.1,0,0,81.9,3.2,44
557,기린,06/04/2019 17:31,10.1,0,0,81.3,0.8,44
557,기린,06/04/2019 17:32,10.1,0,0,125.5,2.4,45
557,기린,06/04/2019 17:33,10.1,0,0,127.8,1.1,44
557,기린,06/04/2019 17:34,10,0,0,85.8,0.4,45
557,기린,06/04/2019 17:35,10,0,0,28.1,2.6,45
557,기린,06/04/2019 17:36,10,0,0,78.9,0.9,45
557,기린,06/04/2019 17:37,10,0,0,333.2,1.3,45
557,기린,06/04/2019 17:38,10,0,0,38.7,2,45
557,기린,06/04/2019 17:39,9.9,0,0,37.8,3.3,45
557,기린,06/04/2019 17:40,9.9,0,10,23.4,1.6,45
557,기린,06/04/2019 17:41,9.9,0,0,9.6,0.2,45
557,기린,06/04/2019 17:42,9.9,0,0,38.5,0.4,46
557,기린,06/04/2019 17:43,9.8,0,0,111.2,2.4,46
557,기린,06/04/2019 17:44,9.8,0,0,45.4,2,47
557,기린,06/04/2019 17:45,9.8,0,0,73.7,3.6,46
557,기린,06/04/2019 17:46,9.7,0,0,65.9,3.2,46
557,기린,06/04/2019 17:47,9.7,0,0,55.6,2.5,47
557,기린,06/04/2019 17:48,9.7,0,0,75.5,1,46
557,기린,06/04/2019 17:49,9.7,0,0,111.9,3.1,47
557,기린,06/04/2019 17:50,9.7,0,0,86.2,0.5,47
557,기린,06/04/2019 17:51,9.6,0,0,84.7,0.3,47
557,기린,06/04/2019 17:52,9.6,0,0,141.6,0.7,47
557,기린,06/04/2019 17:53,9.6,0,0,95.7,1.6,47
557,기린,06/04/2019 17:54,9.6,0,0,130.5,0.9,47
557,기린,06/04/2019 17:55,9.6,0,0,176.8,0.9,47
557,기린,06/04/2019 17:56,9.6,0,0,110.9,0.3,47
557,기린,06/04/2019 17:57,9.6,0,0,69.9,1.9,47
557,기린,06/04/2019 17:58,9.6,0,0,71.6,2.3,48
557,기린,06/04/2019 17:59,9.6,0,0,120.3,0.6,47
557,기린,06/04/2019 18:00,9.6,0,0,130.7,1.1,47
557,기린,06/04/2019 18:01,9.6,0,0,151.4,1.3,48
557,기린,06/04/2019 18:02,9.6,0,0,153.8,1.7,48
557,기린,06/04/2019 18:03,9.6,0,0,149.6,0.6,48
557,기린,06/04/2019 18:04,9.5,0,0,199.5,1.2,48
557,기린,06/04/2019 18:05,9.5,0,0,189.3,1.4,48
557,기린,06/04/2019 18:06,9.5,0,0,107.1,2.8,48
557,기린,06/04/2019 18:07,9.4,0,0,145.1,2.1,49
557,기린,06/04/2019 18:08,9.4,0,0,149.5,2,49
557,기린,06/04/2019 18:09,9.4,0,0,142.9,2.2,49
557,기린,06/04/2019 18:10,9.4,0,0,101.4,2.3,50
557,기린,06/04/2019 18:11,9.3,0,0,45.4,2.2,50
557,기린,06/04/2019 18:12,9.3,0,0,63.6,3.5,50
557,기린,06/04/2019 18:13,9.3,0,0,49.1,3.3,50
557,기린,06/04/2019 18:14,9.3,0,0,33.8,3.1,51
557,기린,06/04/2019 18:15,9.3,0,0,21.8,1.5,51
557,기린,06/04/2019 18:16,9.2,0,10,25.9,3.3,51
557,기린,06/04/2019 18:17,9.2,0,10,103.8,2,51
557,기린,06/04/2019 18:18,9.2,0,0,130.8,1.9,51
557,기린,06/04/2019 18:19,9.1,0,0,137.8,2.4,52
557,기린,06/04/2019 18:20,9.1,0,0,117.2,0.7,52
557,기린,06/04/2019 18:21,9.1,0,0,34.5,3.8,53
557,기린,06/04/2019 18:22,9,0,10,21.8,5.8,54
557,기린,06/04/2019 18:23,9,0,0,4.5,3.6,54
557,기린,06/04/2019 18:24,9,0,0,336.8,1.9,54
557,기린,06/04/2019 18:25,9,0,0,319.4,1.2,54
557,기린,06/04/2019 18:26,8.9,0,0,51.6,0.9,54
557,기린,06/04/2019 18:27,8.9,0,0,69.3,0.7,55
557,기린,06/04/2019 18:28,8.8,0,0,115.5,1.1,56
557,기린,06/04/2019 18:29,8.8,0,0,39.6,4.2,57
557,기린,06/04/2019 18:30,8.7,0,0,49.8,2.9,58
557,기린,06/04/2019 18:31,8.7,0,0,83.4,1.9,57
557,기린,06/04/2019 18:32,8.7,0,10,114.3,1.9,57
557,기린,06/04/2019 18:33,8.7,0,0,119.3,3,58
557,기린,06/04/2019 18:34,8.6,0,0,56.8,5.6,59
557,기린,06/04/2019 18:35,8.6,0,0,38,3.5,59
557,기린,06/04/2019 18:36,8.6,0,0,42.7,1.7,60
557,기린,06/04/2019 18:37,8.6,0,0,348.4,1.4,60
557,기린,06/04/2019 18:38,8.5,0,0,66.3,1.2,60
557,기린,06/04/2019 18:39,8.5,0,0,41.4,2.4,61
557,기린,06/04/2019 18:40,8.4,0,0,22.7,2,62
557,기린,06/04/2019 18:41,8.4,0,0,26,2,62
557,기린,06/04/2019 18:42,8.3,0,0,45,3.7,63
557,기린,06/04/2019 18:43,8.3,0,0,63.7,0.5,63
557,기린,06/04/2019 18:44,8.2,0,0,82,3.5,64
557,기린,06/04/2019 18:45,8.2,0,0,54.8,3.4,64
557,기린,06/04/2019 18:46,8.2,0,10,30.3,1.4,64
557,기린,06/04/2019 18:47,8.2,0,0,26.1,3.7,65
557,기린,06/04/2019 18:48,8.2,0,0,32.3,4.8,65
557,기린,06/04/2019 18:49,8.1,0,0,27.3,3.7,65
557,기린,06/04/2019 18:50,8.1,0,0,17.7,2,65
557,기린,06/04/2019 18:51,8.1,0,0,23.4,6.1,66
557,기린,06/04/2019 18:52,8.1,0,10,19.7,5,66
557,기린,06/04/2019 18:53,8,0,10,46.7,3.7,66
557,기린,06/04/2019 18:54,8,0,0,31.6,2.2,66
557,기린,06/04/2019 18:55,7.9,0,0,52.1,4.7,67
557,기린,06/04/2019 18:56,7.9,0,10,7.7,4.1,67
557,기린,06/04/2019 18:57,7.8,0,0,359.4,1.7,68
557,기린,06/04/2019 18:58,7.8,0,0,5.1,1.6,68
557,기린,06/04/2019 18:59,7.7,0,0,61.2,3.2,68
557,기린,06/04/2019 19:00,7.7,0,0,87.2,3.3,68
557,기린,06/04/2019 19:01,7.7,0,0,49.1,3.7,68
557,기린,06/04/2019 19:02,7.7,0,0,49.5,0.9,68
557,기린,06/04/2019 19:03,7.7,0,10,32.9,3.4,69
557,기린,06/04/2019 19:04,7.7,0,10,15.3,3.2,69
557,기린,06/04/2019 19:05,7.7,0,10,18,3.9,69
557,기린,06/04/2019 19:06,7.6,0,10,17.3,1.8,69
557,기린,06/04/2019 19:07,7.6,0,10,11.5,1.3,70
557,기린,06/04/2019 19:08,7.5,0,10,52.3,1.6,70
557,기린,06/04/2019 19:09,7.4,0,10,15.9,1.4,71
557,기린,06/04/2019 19:10,7.4,0,10,58,3.2,72
557,기린,06/04/2019 19:11,7.3,0,10,95.3,2.8,72
557,기린,06/04/2019 19:12,7.1,0,10,96,1.2,73
557,기린,06/04/2019 19:13,7,0,10,93.8,1.8,73
557,기린,06/04/2019 19:14,6.8,0,10,40.9,0.9,74
557,기린,06/04/2019 19:15,6.8,0,10,8.2,2.5,75
557,기린,06/04/2019 19:16,6.8,0,10,11.1,2.5,76
557,기린,06/04/2019 19:17,6.7,0,10,21.8,2.5,77
557,기린,06/04/2019 19:18,6.6,0,10,60.1,3.7,78
557,기린,06/04/2019 19:19,6.5,0,10,36.5,1.3,79
557,기린,06/04/2019 19:20,6.6,0,10,76,1.1,79
557,기린,06/04/2019 19:21,6.5,0,10,100.3,2.4,79
557,기린,06/04/2019 19:22,6.5,0,10,78.9,2,80
557,기린,06/04/2019 19:23,6.3,0,10,38.5,3.8,80
557,기린,06/04/2019 19:24,6.3,0,10,359.5,6.5,81
557,기린,06/04/2019 19:25,6.2,0,10,358.5,3.4,81
557,기린,06/04/2019 19:26,6.1,0,10,34.9,5.2,82
557,기린,06/04/2019 19:27,6,0,10,56.2,5,82
557,기린,06/04/2019 19:28,5.9,0,10,34,3,83
557,기린,06/04/2019 19:29,5.8,0,10,25.2,2.9,84
557,기린,06/04/2019 19:30,5.8,0,10,9.8,5,84
557,기린,06/04/2019 19:31,5.7,0,10,26.3,3.8,85
557,기린,06/04/2019 19:32,5.7,0,10,62,2.3,86
557,기린,06/04/2019 19:33,5.7,0,10,56.2,2.3,86
557,기린,06/04/2019 19:34,5.7,0,10,17.1,0.8,86
557,기린,06/04/2019 19:35,5.7,0,10,358.4,1,86
557,기린,06/04/2019 19:36,5.7,0,10,272.7,0.7,87
557,기린,06/04/2019 19:37,5.7,0,10,246.4,1.3,87
557,기린,06/04/2019 19:38,5.7,0,10,233,2.2,87
557,기린,06/04/2019 19:39,5.6,0,10,191.7,0.6,87
557,기린,06/04/2019 19:40,5.6,0,10,49.6,1.6,88
557,기린,06/04/2019 19:41,5.5,0,10,45.6,1.3,88
557,기린,06/04/2019 19:42,5.4,0,10,349.9,2.8,88
557,기린,06/04/2019 19:43,5.5,0,10,348.8,2.2,89
557,기린,06/04/2019 19:44,5.4,0,10,354.1,1.2,89
557,기린,06/04/2019 19:45,5.5,0,10,35.3,0.6,89
557,기린,06/04/2019 19:46,5.4,0,10,36.1,0.8,89
557,기린,06/04/2019 19:47,5.3,0,10,109.8,0.5,90
557,기린,06/04/2019 19:48,5.3,0,10,37.4,0.7,90
557,기린,06/04/2019 19:49,5.3,0,10,50.9,0.9,91
557,기린,06/04/2019 19:50,5.2,0,10,72.1,1,91
557,기린,06/04/2019 19:51,5.2,0,10,76.5,0.4,92
557,기린,06/04/2019 19:52,5.1,0,10,102.3,0.8,92
557,기린,06/04/2019 19:53,5.1,0,10,80.6,0.7,92
557,기린,06/04/2019 19:54,5,0,10,49.4,0.7,93
557,기린,06/04/2019 19:55,5,0,10,35,0.8,93
557,기린,06/04/2019 19:56,5.1,0,10,62.1,0.4,94
557,기린,06/04/2019 19:57,5,0,10,141.1,0,94
557,기린,06/04/2019 19:58,5.1,0,10,176.1,0.7,94
557,기린,06/04/2019 19:59,5,0,10,206.3,0.3,94
557,기린,06/04/2019 20:00,5,0,10,132.2,0.3,94
557,기린,06/04/2019 20:01,5,0,10,126.7,1,94
557,기린,06/04/2019 20:02,5,0,10,117.1,1,94
557,기린,06/04/2019 20:03,5,0,10,86,0.8,94
557,기린,06/04/2019 20:04,5.1,0,10,51.6,0.8,94
557,기린,06/04/2019 20:05,5.1,0,10,50.5,0.3,94
557,기린,06/04/2019 20:06,5,0,10,107.6,0.5,94
557,기린,06/04/2019 20:07,5,0,10,151.4,0.7,94
557,기린,06/04/2019 20:08,5,0,10,136.8,1.1,94
557,기린,06/04/2019 20:09,5,0,0,131,1.3,94
557,기린,06/04/2019 20:10,5,0,10,134.9,1.1,94
557,기린,06/04/2019 20:11,5,0,0,150.5,0.9,94
557,기린,06/04/2019 20:12,5,0,0,175.8,1.1,94
557,기린,06/04/2019 20:13,5.1,0,10,160.9,1.5,94
557,기린,06/04/2019 20:14,5.1,0,0,171.3,1.6,94
557,기린,06/04/2019 20:15,5,0,10,176.3,1.5,94
557,기린,06/04/2019 20:16,5.1,0,10,166.7,1.2,94
557,기린,06/04/2019 20:17,5.1,0,10,166.1,0.4,94
557,기린,06/04/2019 20:18,5,0,10,158.8,0.5,94
557,기린,06/04/2019 20:19,5.1,0,10,135,0.8,94
557,기린,06/04/2019 20:20,5.1,0,10,125.4,1.2,94
557,기린,06/04/2019 20:21,5.1,0,10,154.5,1.1,94
557,기린,06/04/2019 20:22,5.1,0,10,173.5,0.6,94
557,기린,06/04/2019 20:23,5.1,0,0,174,1.6,94
557,기린,06/04/2019 20:24,5.1,0,10,177.3,1,94
557,기린,06/04/2019 20:25,5,0,10,179.5,1.2,94
557,기린,06/04/2019 20:26,5,0,10,223.5,0.6,94
557,기린,06/04/2019 20:27,5,0,10,217.8,0.5,94
557,기린,06/04/2019 20:28,5,0,10,204.1,0.3,94
557,기린,06/04/2019 20:29,5.1,0,10,221.6,0.3,94
557,기린,06/04/2019 20:30,5,0,10,236.6,0.2,94
557,기린,06/04/2019 20:31,5,0,10,237.1,0,94
557,기린,06/04/2019 20:32,5,0,10,257.4,0,94
557,기린,06/04/2019 20:33,5.1,0,10,261.3,0,94
557,기린,06/04/2019 20:34,5.1,0,0,241.2,0.2,94
557,기린,06/04/2019 20:35,5.1,0,10,282.9,0.4,94
557,기린,06/04/2019 20:36,5.2,0,10,306.2,0,94
557,기린,06/04/2019 20:37,5.2,0,10,333.4,0.4,94
557,기린,06/04/2019 20:38,5.1,0,10,23.6,0.4,94
557,기린,06/04/2019 20:39,5.1,0,10,20.7,0.2,94
557,기린,06/04/2019 20:40,5.1,0,10,35.8,0.1,94
557,기린,06/04/2019 20:41,5.1,0,10,99.1,0.8,94
557,기린,06/04/2019 20:42,5.1,0,10,120.9,0.9,94
557,기린,06/04/2019 20:43,5,0,10,109.7,0.9,94
557,기린,06/04/2019 20:44,5,0,10,101.6,0.9,94
557,기린,06/04/2019 20:45,5,0,10,81.2,0.9,94
557,기린,06/04/2019 20:46,5.1,0,10,79.6,0.9,94
557,기린,06/04/2019 20:47,5.1,0,10,76.4,0.7,94
557,기린,06/04/2019 20:48,5.2,0,0,43.7,0.3,94
557,기린,06/04/2019 20:49,5.2,0,10,36.3,0.5,94
557,기린,06/04/2019 20:50,5.2,0,0,37.6,0.6,94
557,기린,06/04/2019 20:51,5.1,0,10,31.4,0.9,94
557,기린,06/04/2019 20:52,5.1,0,10,21.7,0.5,94
557,기린,06/04/2019 20:53,5,0,10,61,0.3,94
557,기린,06/04/2019 20:54,5,0,10,99.8,0.7,94
557,기린,06/04/2019 20:55,4.9,0,0,124.9,1.1,94
557,기린,06/04/2019 20:56,4.9,0,10,119.2,0.9,94
557,기린,06/04/2019 20:57,5,0,10,91.1,0.4,94
557,기린,06/04/2019 20:58,5,0,10,3.5,0.2,94
557,기린,06/04/2019 20:59,5,0,10,308.5,0,94
557,기린,06/04/2019 21:00,5,0,10,153.2,0,94
557,기린,06/04/2019 21:01,5,0,10,180.5,0,94
557,기린,06/04/2019 21:02,5,0,10,206.3,0.6,94
557,기린,06/04/2019 21:03,5,0,10,200.2,0.8,94
557,기린,06/04/2019 21:04,5.1,0,10,205.9,0.2,94
557,기린,06/04/2019 21:05,5.1,0,10,253.6,0.2,94
557,기린,06/04/2019 21:06,5.1,0,10,337.2,0.7,94
557,기린,06/04/2019 21:07,5.2,0,10,17.9,0.7,94
557,기린,06/04/2019 21:08,5.1,0,10,56.4,1,94
557,기린,06/04/2019 21:09,5.2,0,10,83.8,0.7,94
557,기린,06/04/2019 21:10,5.1,0,10,113,0.4,94
557,기린,06/04/2019 21:11,5,0,10,122.5,1,94
557,기린,06/04/2019 21:12,5,0,0,153,1.2,94
557,기린,06/04/2019 21:13,5,0,0,147.2,1,94
557,기린,06/04/2019 21:14,5,0,0,138.7,0.7,94
557,기린,06/04/2019 21:15,5,0,0,203.9,0.4,94
557,기린,06/04/2019 21:16,5.1,0,0,251.8,0.2,94
557,기린,06/04/2019 21:17,5,0,0,288.4,0,94
557,기린,06/04/2019 21:18,5,0,0,269.1,0,94
557,기린,06/04/2019 21:19,5.1,0,0,121.4,0.4,94
557,기린,06/04/2019 21:20,5.1,0,0,175.7,0.8,94
557,기린,06/04/2019 21:21,5.1,0,0,180.2,0.3,94
557,기린,06/04/2019 21:22,5.1,0,0,194.4,1,94
557,기린,06/04/2019 21:23,5.1,0,0,195.1,0.5,94
557,기린,06/04/2019 21:24,5.2,0,0,146.7,0.4,94
557,기린,06/04/2019 21:25,5.2,0,10,99.8,0.6,94
557,기린,06/04/2019 21:26,5.1,0,10,115.4,0.9,94
557,기린,06/04/2019 21:27,5.1,0,10,116.4,0.7,94
557,기린,06/04/2019 21:28,5.2,0,10,127,0.5,94
557,기린,06/04/2019 21:29,5.1,0,10,123.9,1.4,94
557,기린,06/04/2019 21:30,5,0,0,121.5,1.5,94
557,기린,06/04/2019 21:31,5,0,10,124.2,0.6,94
557,기린,06/04/2019 21:32,5.1,0,10,141.4,0.4,94
557,기린,06/04/2019 21:33,5.1,0,0,55.6,0.9,94
557,기린,06/04/2019 21:34,5.2,0,10,45.5,0.5,94
557,기린,06/04/2019 21:35,5.1,0,10,348,1.6,94
557,기린,06/04/2019 21:36,5,0,10,355.9,1.2,94
557,기린,06/04/2019 21:37,5,0,10,14.8,0.6,94
557,기린,06/04/2019 21:38,5.1,0,10,52.6,0.6,94
557,기린,06/04/2019 21:39,5.1,0,10,62.3,0.6,94
557,기린,06/04/2019 21:40,5.1,0,0,34.3,0.8,94
557,기린,06/04/2019 21:41,5.1,0,0,24,0.7,94
557,기린,06/04/2019 21:42,5.1,0,0,12.3,0.4,94
557,기린,06/04/2019 21:43,5.1,0,0,10,0.4,94
557,기린,06/04/2019 21:44,5.1,0,0,339.8,0.8,94
557,기린,06/04/2019 21:45,5.1,0,0,341.2,1,94
557,기린,06/04/2019 21:46,5.1,0,0,341.3,0.8,94
557,기린,06/04/2019 21:47,5.2,0,0,6.5,0.4,94
557,기린,06/04/2019 21:48,5.2,0,0,328.3,0.5,94
557,기린,06/04/2019 21:49,5.2,0,0,331.5,0,94
557,기린,06/04/2019 21:50,5.1,0,0,18.8,0,94
557,기린,06/04/2019 21:51,5.1,0,0,119.9,0.2,94
557,기린,06/04/2019 21:52,5,0,0,51.5,0.4,94
557,기린,06/04/2019 21:53,5,0,0,69.5,0.5,94
557,기린,06/04/2019 21:54,5.1,0,0,64.1,0.6,94
557,기린,06/04/2019 21:55,5.1,0,0,16.1,0.2,94
557,기린,06/04/2019 21:56,5.1,0,0,274.9,0.6,94
557,기린,06/04/2019 21:57,5.1,0,0,282.1,0.3,94
557,기린,06/04/2019 21:58,5.1,0,0,319.6,1.9,94
557,기린,06/04/2019 21:59,5.1,0,0,340.9,1.7,94
557,기린,06/04/2019 22:00,5.1,0,0,353.2,1.5,94
557,기린,06/04/2019 22:01,5.1,0,0,11.9,1.7,94
557,기린,06/04/2019 22:02,5.1,0,0,354.9,1.2,94
557,기린,06/04/2019 22:03,5.1,0,0,288.9,1.1,94
557,기린,06/04/2019 22:04,5.1,0,0,253.5,0.5,94
557,기린,06/04/2019 22:05,5.1,0,0,296,1.1,94
557,기린,06/04/2019 22:06,5.1,0,0,302.2,1.3,94
557,기린,06/04/2019 22:07,5,0,0,336.7,0.7,94
557,기린,06/04/2019 22:08,5,0,0,307.3,0.9,94
557,기린,06/04/2019 22:09,5,0,0,329.3,0.9,94
557,기린,06/04/2019 22:10,5,0,0,16.3,1.3,94
557,기린,06/04/2019 22:11,5,0,0,23.3,1.6,94
557,기린,06/04/2019 22:12,5,0,0,37,0.5,94
557,기린,06/04/2019 22:13,5,0,0,328.4,0.8,94
557,기린,06/04/2019 22:14,5.1,0,0,23.9,2.5,94
557,기린,06/04/2019 22:15,5.1,0,0,13.4,0.9,94
557,기린,06/04/2019 22:16,5.1,0,0,332.8,1.4,94
557,기린,06/04/2019 22:17,5,0,0,344.1,0.8,94
557,기린,06/04/2019 22:18,5,0,0,350.2,0.4,94
557,기린,06/04/2019 22:19,5,0,0,355.9,0.5,94
557,기린,06/04/2019 22:20,5,0,0,293.2,0.1,94
557,기린,06/04/2019 22:21,4.9,0,0,7.4,1.5,94
557,기린,06/04/2019 22:22,5,0,0,7.5,2.2,94
557,기린,06/04/2019 22:23,5,0,0,22.8,1.6,94
557,기린,06/04/2019 22:24,4.9,0,0,16.8,1.3,94
557,기린,06/04/2019 22:25,4.9,0,0,22.7,0.9,94
557,기린,06/04/2019 22:26,4.9,0,0,353,1.3,94
557,기린,06/04/2019 22:27,4.9,0,0,34.6,1.2,94
557,기린,06/04/2019 22:28,4.9,0,0,42,0.1,94
557,기린,06/04/2019 22:29,4.9,0,0,105.7,0.7,94
557,기린,06/04/2019 22:30,4.9,0,0,117.7,0.6,94
557,기린,06/04/2019 22:31,4.9,0,0,49.8,0.7,94
557,기린,06/04/2019 22:32,4.9,0,0,345.4,0.1,94
557,기린,06/04/2019 22:33,4.9,0,0,351.6,0.8,94
557,기린,06/04/2019 22:34,4.8,0,0,6.7,0.6,94
557,기린,06/04/2019 22:35,4.8,0,0,35.6,0.7,94
557,기린,06/04/2019 22:36,4.8,0,0,17.5,0.5,94
557,기린,06/04/2019 22:37,4.8,0,0,52.3,0.7,94
557,기린,06/04/2019 22:38,4.8,0,0,30.9,0.2,94
557,기린,06/04/2019 22:39,4.8,0,0,104.6,0.7,94
557,기린,06/04/2019 22:40,4.9,0,0,89.7,0.6,94
557,기린,06/04/2019 22:41,4.8,0,0,53.1,0.5,94
557,기린,06/04/2019 22:42,4.8,0,0,20.6,0.3,94
557,기린,06/04/2019 22:43,4.8,0,0,14.7,0.2,94
557,기린,06/04/2019 22:44,4.7,0,0,17.8,0.4,94
557,기린,06/04/2019 22:45,4.7,0,0,1.3,0.2,94
557,기린,06/04/2019 22:46,4.7,0,0,9.2,0.5,94
557,기린,06/04/2019 22:47,4.6,0,0,359.8,0.4,94
557,기린,06/04/2019 22:48,4.6,0,0,3.2,0.6,94
557,기린,06/04/2019 22:49,4.5,0,0,4,1,94
557,기린,06/04/2019 22:50,4.5,0,0,359.2,0.5,94
557,기린,06/04/2019 22:51,4.5,0,0,14.8,1,94
557,기린,06/04/2019 22:52,4.5,0,0,357.7,0.6,94
557,기린,06/04/2019 22:53,4.5,0,0,355.2,0.3,94
557,기린,06/04/2019 22:54,4.5,0,0,37.5,0.6,94
557,기린,06/04/2019 22:55,4.5,0,0,23.1,0.4,94
557,기린,06/04/2019 22:56,4.5,0,0,8.7,1.4,94
557,기린,06/04/2019 22:57,4.5,0,0,27,1.2,94
557,기린,06/04/2019 22:58,4.5,0,0,16.8,0.9,94
557,기린,06/04/2019 22:59,4.5,0,0,36.4,0.8,94
557,기린,06/04/2019 23:00,4.5,0,0,34.5,0.6,94
557,기린,06/04/2019 23:01,4.4,0,0,26.3,1.1,94
557,기린,06/04/2019 23:02,4.4,0,0,25.2,1,94
557,기린,06/04/2019 23:03,4.4,0,0,30.9,1.2,94
557,기린,06/04/2019 23:04,4.4,0,0,39,1,94
557,기린,06/04/2019 23:05,4.4,0,0,55,0.7,94
557,기린,06/04/2019 23:06,4.3,0,0,32.4,0.8,94
557,기린,06/04/2019 23:07,4.3,0,0,35.5,1.6,94
557,기린,06/04/2019 23:08,4.3,0,0,47.9,0.9,94
557,기린,06/04/2019 23:09,4.3,0,0,25.3,0,94
557,기린,06/04/2019 23:10,4.3,0,0,128,0,94
557,기린,06/04/2019 23:11,4.2,0,0,153,0.2,94
557,기린,06/04/2019 23:12,4.3,0,0,242,0.2,94
557,기린,06/04/2019 23:13,4.2,0,0,325.4,0.5,94
557,기린,06/04/2019 23:14,4.2,0,0,10.7,0.4,94
557,기린,06/04/2019 23:15,4.1,0,0,79.6,0.3,94
557,기린,06/04/2019 23:16,4.1,0,0,134.9,0.1,94
557,기린,06/04/2019 23:17,4.1,0,0,66.4,0.5,94
557,기린,06/04/2019 23:18,4.1,0,0,39,0.5,94
557,기린,06/04/2019 23:19,4.2,0,0,17.1,1,94
557,기린,06/04/2019 23:20,4.1,0,0,28.2,1,94
557,기린,06/04/2019 23:21,4.1,0,0,33.1,1.6,94
557,기린,06/04/2019 23:22,4.1,0,0,42.5,2.3,94
557,기린,06/04/2019 23:23,4.1,0,0,56.7,0.7,94
557,기린,06/04/2019 23:24,4.1,0,0,79,0.8,94
557,기린,06/04/2019 23:25,4.1,0,0,83.2,1,94
557,기린,06/04/2019 23:26,4.1,0,0,73.1,1.3,94
557,기린,06/04/2019 23:27,4.1,0,0,65.2,0.6,94
557,기린,06/04/2019 23:28,4.1,0,0,75.7,0.9,94
557,기린,06/04/2019 23:29,4.1,0,0,64.7,0.7,94
557,기린,06/04/2019 23:30,4.1,0,0,43.2,0.7,94
557,기린,06/04/2019 23:31,4.1,0,0,21.8,0.3,94
557,기린,06/04/2019 23:32,4.1,0,0,349.7,0.4,94
557,기린,06/04/2019 23:33,4.1,0,0,7.6,1.5,94
557,기린,06/04/2019 23:34,4.1,0,0,21.5,0.7,94
557,기린,06/04/2019 23:35,4.1,0,0,54.5,0.4,94
557,기린,06/04/2019 23:36,4.1,0,0,59.4,0.6,94
557,기린,06/04/2019 23:37,4.2,0,0,61.3,0.1,94
557,기린,06/04/2019 23:38,4.2,0,0,75.7,0.9,94
557,기린,06/04/2019 23:39,4.2,0,0,79.8,0.5,94
557,기린,06/04/2019 23:40,4.1,0,0,81,0.9,94
557,기린,06/04/2019 23:41,4.1,0,0,80.6,0.9,94
557,기린,06/04/2019 23:42,4.1,0,0,80.9,0.8,94
557,기린,06/04/2019 23:43,4.1,0,0,56.9,0.7,94
557,기린,06/04/2019 23:44,4.1,0,0,53.8,0.7,94
557,기린,06/04/2019 23:45,4.1,0,0,47.4,0.8,94
557,기린,06/04/2019 23:46,4.1,0,0,33.8,0.7,94
557,기린,06/04/2019 23:47,4.1,0,0,29,1.1,94
557,기린,06/04/2019 23:48,4,0,0,32.2,0.8,94
557,기린,06/04/2019 23:49,4,0,0,58.9,0.7,94
557,기린,06/04/2019 23:50,4,0,0,48.5,0.8,94
557,기린,06/04/2019 23:51,4,0,0,37.7,1.2,94
557,기린,06/04/2019 23:52,4,0,0,39.2,0.9,94
557,기린,06/04/2019 23:53,4,0,0,42.4,0.5,94
557,기린,06/04/2019 23:54,4,0,0,34.1,0.3,94
557,기린,06/04/2019 23:55,4,0,0,46.9,0,94
557,기린,06/04/2019 23:56,4,0,0,53.9,0.6,94
557,기린,06/04/2019 23:57,4,0,0,54.3,0.7,94
557,기린,06/04/2019 23:58,4,0,0,59.5,0.6,94
557,기린,06/04/2019 23:59,4,0,0,49.8,0.8,94
557,기린,07/04/2019 00:00,4,0,0,34.5,0.4,94
