station_id,station_name,datetime,temperature_celsius,cumulative_precipitation_mm,wind_direction_deg,wind_speed_ms,humidity_percent
211,인제,04/04/2019 00:01,5.9,0,190.5,2,35
211,인제,04/04/2019 00:02,5.9,0,190.1,2.1,35.2
211,인제,04/04/2019 00:03,5.9,0,166.2,2.1,35.1
211,인제,04/04/2019 00:04,6,0,169.5,2,35
211,인제,04/04/2019 00:05,5.9,0,170.6,2.3,35.1
211,인제,04/04/2019 00:06,5.8,0,148.1,2.9,35.2
211,인제,04/04/2019 00:07,5.9,0,142.8,4.4,34.8
211,인제,04/04/2019 00:08,5.9,0,144.2,2.9,34.6
211,인제,04/04/2019 00:09,6,0,164.7,4.2,34.6
211,인제,04/04/2019 00:10,6,0,171.2,3.1,34.8
211,인제,04/04/2019 00:11,5.9,0,182.9,2.3,35.1
211,인제,04/04/2019 00:12,5.8,0,200.7,3.1,35.3
211,인제,04/04/2019 00:13,5.8,0,189.8,2.6,35.3
211,인제,04/04/2019 00:14,5.7,0,182,1.4,35.6
211,인제,04/04/2019 00:15,5.7,0,151.2,2.2,35.5
211,인제,04/04/2019 00:16,5.7,0,171,2.8,35.4
211,인제,04/04/2019 00:17,5.7,0,175.4,2.5,35.4
211,인제,04/04/2019 00:18,5.7,0,192.1,2.1,35.8
211,인제,04/04/2019 00:19,5.6,0,182.7,3.1,35.7
211,인제,04/04/2019 00:20,5.6,0,231.4,2.3,35.8
211,인제,04/04/2019 00:21,5.2,0,283.7,1.5,39.1
211,인제,04/04/2019 00:22,4.8,0,209.1,0.5,41.6
211,인제,04/04/2019 00:23,4.5,0,190.5,1.3,41.6
211,인제,04/04/2019 00:24,4.6,0,170.6,2.9,39.6
211,인제,04/04/2019 00:25,5.1,0,172.5,4.2,37.6
211,인제,04/04/2019 00:26,5.4,0,171.7,2.9,36.4
211,인제,04/04/2019 00:27,5.6,0,156.4,3.5,35.7
211,인제,04/04/2019 00:28,5.6,0,170.9,2.3,35.5
211,인제,04/04/2019 00:29,5.5,0,182.5,2.1,36.3
211,인제,04/04/2019 00:30,5.4,0,210.2,2.9,36
211,인제,04/04/2019 00:31,5.5,0,210.1,1.6,36.5
211,인제,04/04/2019 00:32,5.2,0,170.7,1.7,37.7
211,인제,04/04/2019 00:33,5.2,0,175.6,2.6,37.4
211,인제,04/04/2019 00:34,5.3,0,183.7,2.5,36.5
211,인제,04/04/2019 00:35,5.3,0,92.1,1.4,37.2
211,인제,04/04/2019 00:36,4.9,0,194.9,0.9,41
211,인제,04/04/2019 00:37,4.6,0,252,1.8,40.4
211,인제,04/04/2019 00:38,4.4,0,243.2,1.1,42.8
211,인제,04/04/2019 00:39,4,0,222.7,1.4,44.8
211,인제,04/04/2019 00:40,3.7,0,232.5,1,47.3
211,인제,04/04/2019 00:41,3.4,0,254.3,1.2,47.7
211,인제,04/04/2019 00:42,3.2,0,279.5,1.3,48.9
211,인제,04/04/2019 00:43,3,0,248.3,0.8,50.1
211,인제,04/04/2019 00:44,2.9,0,281,0.8,50.7
211,인제,04/04/2019 00:45,2.8,0,251.4,1.5,51.8
211,인제,04/04/2019 00:46,2.8,0,264.8,1.4,50.8
211,인제,04/04/2019 00:47,2.8,0,268,1.1,51.4
211,인제,04/04/2019 00:48,2.7,0,282.2,1,51.9
211,인제,04/04/2019 00:49,2.6,0,291.9,1,52.4
211,인제,04/04/2019 00:50,2.6,0,284.2,0.7,52.3
211,인제,04/04/2019 00:51,2.5,0,272,1,52.5
211,인제,04/04/2019 00:52,2.6,0,279,0.9,51.4
211,인제,04/04/2019 00:53,2.6,0,268.8,0.9,51.3
211,인제,04/04/2019 00:54,2.5,0,277.5,0.7,52.2
211,인제,04/04/2019 00:55,2.4,0,291.1,0.9,52.8
211,인제,04/04/2019 00:56,2.3,0,299.7,1.1,53.4
211,인제,04/04/2019 00:57,2.3,0,287.3,0.8,53.6
211,인제,04/04/2019 00:58,2.3,0,292.7,0.6,53.2
211,인제,04/04/2019 00:59,2.2,0,346.7,0.2,53.6
211,인제,04/04/2019 01:00,2.2,0,0,0,53.6
211,인제,04/04/2019 01:01,2.2,0,9.1,0.4,53.8
211,인제,04/04/2019 01:02,2.2,0,303.8,0.3,54.4
211,인제,04/04/2019 01:03,2.2,0,319,0.5,54.2
211,인제,04/04/2019 01:04,2.2,0,334.5,0.5,54.2
211,인제,04/04/2019 01:05,2.2,0,335.7,0.6,54.1
211,인제,04/04/2019 01:06,2.1,0,296.2,0.6,54.4
211,인제,04/04/2019 01:07,1.9,0,329,0.8,54.9
211,인제,04/04/2019 01:08,1.8,0,314.9,0.6,55.4
211,인제,04/04/2019 01:09,1.8,0,321,0.4,55.7
211,인제,04/04/2019 01:10,1.7,0,322.9,0.4,56.1
211,인제,04/04/2019 01:11,1.7,0,330,0.5,56.2
211,인제,04/04/2019 01:12,1.7,0,305.5,0.2,56.6
211,인제,04/04/2019 01:13,1.7,0,300.6,0.3,56.8
211,인제,04/04/2019 01:14,1.7,0,301.4,0.2,56.5
211,인제,04/04/2019 01:15,1.6,0,315.3,0.4,56.7
211,인제,04/04/2019 01:16,1.5,0,333.3,0.7,57
211,인제,04/04/2019 01:17,1.6,0,339,0.7,57.1
211,인제,04/04/2019 01:18,1.6,0,320.7,0.5,56.9
211,인제,04/04/2019 01:19,1.5,0,332.4,0.3,57.1
211,인제,04/04/2019 01:20,1.5,0,321.2,0.5,57.2
211,인제,04/04/2019 01:21,1.4,0,328.4,0.6,57.4
211,인제,04/04/2019 01:22,1.4,0,310,0.6,57.4
211,인제,04/04/2019 01:23,1.4,0,302.1,0.6,57.4
211,인제,04/04/2019 01:24,1.4,0,274.2,0.5,57.5
211,인제,04/04/2019 01:25,1.5,0,279,0.6,57.6
211,인제,04/04/2019 01:26,1.6,0,257,0.3,57.5
211,인제,04/04/2019 01:27,1.5,0,0,0,57.7
211,인제,04/04/2019 01:28,1.5,0,0,0.1,57.8
211,인제,04/04/2019 01:29,1.5,0,0,0,57.6
211,인제,04/04/2019 01:30,1.4,0,298.8,0.2,58.1
211,인제,04/04/2019 01:31,1.3,0,18.3,0.3,58.7
211,인제,04/04/2019 01:32,1.3,0,0,0,58.8
211,인제,04/04/2019 01:33,1.3,0,0,0,58.5
211,인제,04/04/2019 01:34,1.3,0,0,0,58.5
211,인제,04/04/2019 01:35,1.3,0,64.3,0.1,58.6
211,인제,04/04/2019 01:36,1.2,0,0,0,58.8
211,인제,04/04/2019 01:37,1.2,0,285.6,0.2,59.1
211,인제,04/04/2019 01:38,1.2,0,0,0,59.3
211,인제,04/04/2019 01:39,1.2,0,0,0.1,59.3
211,인제,04/04/2019 01:40,1.1,0,254,0.4,59.5
211,인제,04/04/2019 01:41,1.1,0,296,0.2,59.7
211,인제,04/04/2019 01:42,1.1,0,0,0,59.7
211,인제,04/04/2019 01:43,1.1,0,255.5,0.3,59.8
211,인제,04/04/2019 01:44,1.1,0,263.7,1,59.5
211,인제,04/04/2019 01:45,1.1,0,223.7,0.8,59.3
211,인제,04/04/2019 01:46,1.1,0,204.8,0.4,59.4
211,인제,04/04/2019 01:47,1,0,209,0.5,59.6
211,인제,04/04/2019 01:48,1,0,239.8,0.1,59.9
211,인제,04/04/2019 01:49,0.9,0,241.5,0.2,60.2
211,인제,04/04/2019 01:50,0.9,0,231.4,0.2,59.7
211,인제,04/04/2019 01:51,0.9,0,0,0,59.7
211,인제,04/04/2019 01:52,1,0,0,0,60.1
211,인제,04/04/2019 01:53,1.1,0,265.6,0.1,59.4
211,인제,04/04/2019 01:54,1,0,270.5,0.6,59.8
211,인제,04/04/2019 01:55,1.1,0,245.2,0.6,59.8
211,인제,04/04/2019 01:56,1.1,0,207.5,0.9,60.2
211,인제,04/04/2019 01:57,1.3,0,244.6,1,59.8
211,인제,04/04/2019 01:58,1.3,0,247.8,0.9,59.2
211,인제,04/04/2019 01:59,1.2,0,241.4,1,59.2
211,인제,04/04/2019 02:00,1.3,0,236.2,0.5,59.1
211,인제,04/04/2019 02:01,1.1,0,230.4,0.3,59.3
211,인제,04/04/2019 02:02,1,0,277.1,0.5,59.6
211,인제,04/04/2019 02:03,1,0,247.4,0.7,59.9
211,인제,04/04/2019 02:04,1,0,270.7,0.7,59.8
211,인제,04/04/2019 02:05,0.9,0,296.7,0.7,60.5
211,인제,04/04/2019 02:06,0.9,0,300.5,0.8,60.4
211,인제,04/04/2019 02:07,1,0,309.4,0.5,60.3
211,인제,04/04/2019 02:08,1,0,317.1,0.5,59.8
211,인제,04/04/2019 02:09,1.1,0,0,0,59.6
211,인제,04/04/2019 02:10,1.2,0,34.7,0.5,59.5
211,인제,04/04/2019 02:11,1.1,0,351.2,0.7,59.3
211,인제,04/04/2019 02:12,1.1,0,320.4,0.9,59.2
211,인제,04/04/2019 02:13,1.1,0,337.7,0.7,59.1
211,인제,04/04/2019 02:14,1.1,0,297,0.5,58.7
211,인제,04/04/2019 02:15,1,0,326.6,0.5,59.1
211,인제,04/04/2019 02:16,0.9,0,321.8,0.3,59.7
211,인제,04/04/2019 02:17,0.8,0,292.5,0.4,59.8
211,인제,04/04/2019 02:18,0.8,0,15.8,0.2,59.8
211,인제,04/04/2019 02:19,0.8,0,36.5,0.3,60.5
211,인제,04/04/2019 02:20,0.8,0,18,0.8,60.5
211,인제,04/04/2019 02:21,0.8,0,14.6,1.1,60.3
211,인제,04/04/2019 02:22,0.9,0,0,1.2,59.8
211,인제,04/04/2019 02:23,0.9,0,347.2,1.3,60.2
211,인제,04/04/2019 02:24,0.8,0,358.2,1.1,60.1
211,인제,04/04/2019 02:25,0.6,0,346.8,0.7,60.5
211,인제,04/04/2019 02:26,0.5,0,266.4,0.4,61.6
211,인제,04/04/2019 02:27,0.5,0,303.5,0.5,61.5
211,인제,04/04/2019 02:28,0.5,0,302.8,0.8,61.4
211,인제,04/04/2019 02:29,0.5,0,268.8,0.9,61.4
211,인제,04/04/2019 02:30,0.4,0,292.8,0.8,62.1
211,인제,04/04/2019 02:31,0.4,0,282.9,0.9,62.4
211,인제,04/04/2019 02:32,0.5,0,277.6,1,62.1
211,인제,04/04/2019 02:33,0.5,0,278.8,0.9,62
211,인제,04/04/2019 02:34,0.6,0,290.9,1.1,61.8
211,인제,04/04/2019 02:35,0.7,0,276.4,1.1,61.4
211,인제,04/04/2019 02:36,0.7,0,259,0.8,61.1
211,인제,04/04/2019 02:37,0.7,0,246,0.8,61.1
211,인제,04/04/2019 02:38,0.7,0,197.2,0.5,60.8
211,인제,04/04/2019 02:39,0.7,0,249.7,0.2,60.7
211,인제,04/04/2019 02:40,0.6,0,277.8,0.2,60.9
211,인제,04/04/2019 02:41,0.6,0,307.6,0.4,61.1
211,인제,04/04/2019 02:42,0.6,0,278.8,0.7,61.3
211,인제,04/04/2019 02:43,0.5,0,282.7,0.5,61.5
211,인제,04/04/2019 02:44,0.4,0,0,0,62.3
211,인제,04/04/2019 02:45,0.3,0,0,0,62.8
211,인제,04/04/2019 02:46,0.3,0,54,0.8,62.6
211,인제,04/04/2019 02:47,0.4,0,72,0.9,62.4
211,인제,04/04/2019 02:48,0.6,0,50.3,1,61.9
211,인제,04/04/2019 02:49,0.7,0,22.1,1,60.9
211,인제,04/04/2019 02:50,0.7,0,8.1,1,60.4
211,인제,04/04/2019 02:51,0.7,0,10.9,0.9,60.7
211,인제,04/04/2019 02:52,0.6,0,339.1,0.8,61
211,인제,04/04/2019 02:53,0.5,0,317.1,0.4,61.5
211,인제,04/04/2019 02:54,0.5,0,323.2,0.5,61.6
211,인제,04/04/2019 02:55,0.5,0,297,0.7,61.4
211,인제,04/04/2019 02:56,0.4,0,297.2,1,61.6
211,인제,04/04/2019 02:57,0.3,0,284.5,1.3,61.9
211,인제,04/04/2019 02:58,0.4,0,312.1,1,61.9
211,인제,04/04/2019 02:59,0.4,0,292.2,1.4,61.7
211,인제,04/04/2019 03:00,0.4,0,302,1.1,61
211,인제,04/04/2019 03:01,0.5,0,295.5,1.4,60.5
211,인제,04/04/2019 03:02,0.4,0,288.6,0.9,60.9
211,인제,04/04/2019 03:03,0.2,0,268.7,0.6,61.5
211,인제,04/04/2019 03:04,0.3,0,300.1,0.8,61.7
211,인제,04/04/2019 03:05,0.4,0,297.7,0.4,61.1
211,인제,04/04/2019 03:06,0.4,0,297.7,0.2,60.8
211,인제,04/04/2019 03:07,0.3,0,0,0,61.1
211,인제,04/04/2019 03:08,0.3,0,0,0.1,61.4
211,인제,04/04/2019 03:09,0.2,0,333.2,0.7,61.6
211,인제,04/04/2019 03:10,0.3,0,331.1,0.8,61.6
211,인제,04/04/2019 03:11,0.2,0,331.9,0.5,62.1
211,인제,04/04/2019 03:12,0.2,0,72.2,0.2,62.4
211,인제,04/04/2019 03:13,0.2,0,64.4,0.2,62.5
211,인제,04/04/2019 03:14,0.1,0,0,0,62.6
211,인제,04/04/2019 03:15,0,0,0,0.1,62.8
211,인제,04/04/2019 03:16,0,0,61.9,0.2,62.9
211,인제,04/04/2019 03:17,0,0,23.9,0.1,62.6
211,인제,04/04/2019 03:18,0,0,7.1,0.2,63
211,인제,04/04/2019 03:19,-0.1,0,298.8,0.4,63.4
211,인제,04/04/2019 03:20,-0.2,0,258.8,0.6,63.7
211,인제,04/04/2019 03:21,-0.2,0,261.7,0.5,63.8
211,인제,04/04/2019 03:22,-0.3,0,237.6,0.2,64.1
211,인제,04/04/2019 03:23,-0.4,0,224.7,0.3,64.7
211,인제,04/04/2019 03:24,-0.3,0,256,0.2,64.7
211,인제,04/04/2019 03:25,-0.3,0,275,0.5,64.9
211,인제,04/04/2019 03:26,-0.3,0,270,0.8,64.8
211,인제,04/04/2019 03:27,-0.3,0,279.5,0.6,64.6
211,인제,04/04/2019 03:28,-0.3,0,323.9,0.4,64.5
211,인제,04/04/2019 03:29,-0.3,0,349,0.4,64.6
211,인제,04/04/2019 03:30,-0.2,0,348.6,0.3,64.8
211,인제,04/04/2019 03:31,-0.2,0,22.9,0.2,64.8
211,인제,04/04/2019 03:32,-0.2,0,24.5,0.6,64.8
211,인제,04/04/2019 03:33,-0.3,0,14.1,0.6,65.1
211,인제,04/04/2019 03:34,-0.3,0,13.3,0.5,65.3
211,인제,04/04/2019 03:35,-0.4,0,352.5,0.2,65.7
211,인제,04/04/2019 03:36,-0.5,0,315.7,0.5,66.2
211,인제,04/04/2019 03:37,-0.5,0,299.2,0.9,66.6
211,인제,04/04/2019 03:38,-0.5,0,300.8,1.1,66.5
211,인제,04/04/2019 03:39,-0.5,0,305.6,0.9,66
211,인제,04/04/2019 03:40,-0.6,0,307,0.8,66.4
211,인제,04/04/2019 03:41,-0.7,0,291.3,0.7,66.9
211,인제,04/04/2019 03:42,-0.7,0,291.2,0.7,67.5
211,인제,04/04/2019 03:43,-0.7,0,297.7,0.8,67.4
211,인제,04/04/2019 03:44,-0.7,0,301.1,0.7,67.4
211,인제,04/04/2019 03:45,-0.6,0,274.9,0.5,67.6
211,인제,04/04/2019 03:46,-0.6,0,249.3,0.2,67.3
211,인제,04/04/2019 03:47,-0.5,0,277.2,0.1,67.2
211,인제,04/04/2019 03:48,-0.4,0,246.5,0.2,66.9
211,인제,04/04/2019 03:49,-0.4,0,0,0.1,66.8
211,인제,04/04/2019 03:50,-0.4,0,0,0,66.4
211,인제,04/04/2019 03:51,-0.4,0,0,0,66.2
211,인제,04/04/2019 03:52,-0.4,0,253.9,0.3,66.4
211,인제,04/04/2019 03:53,-0.4,0,238.7,0.6,66.2
211,인제,04/04/2019 03:54,-0.4,0,228.9,0.6,65.7
211,인제,04/04/2019 03:55,-0.4,0,220.2,0.3,65.7
211,인제,04/04/2019 03:56,-0.5,0,207.6,0.4,65.6
211,인제,04/04/2019 03:57,-0.5,0,209.9,0.3,65.6
211,인제,04/04/2019 03:58,-0.6,0,210.4,0.1,65.6
211,인제,04/04/2019 03:59,-0.6,0,0,0,66
211,인제,04/04/2019 04:00,-0.6,0,0,0,65.9
211,인제,04/04/2019 04:01,-0.6,0,0,0,66.5
211,인제,04/04/2019 04:02,-0.7,0,0,0,67
211,인제,04/04/2019 04:03,-0.7,0,0,0,67.3
211,인제,04/04/2019 04:04,-0.8,0,323.1,0.2,67.7
211,인제,04/04/2019 04:05,-0.8,0,297.3,0.6,67.8
211,인제,04/04/2019 04:06,-0.8,0,297.8,0.9,68.1
211,인제,04/04/2019 04:07,-0.8,0,295.8,0.7,67.5
211,인제,04/04/2019 04:08,-0.9,0,314.8,0.6,67.5
211,인제,04/04/2019 04:09,-1,0,308.5,0.5,68.2
211,인제,04/04/2019 04:10,-1,0,303.7,0.7,68.8
211,인제,04/04/2019 04:11,-1,0,297.9,0.9,68.8
211,인제,04/04/2019 04:12,-1,0,308.2,0.6,68.8
211,인제,04/04/2019 04:13,-1,0,310,0.6,69
211,인제,04/04/2019 04:14,-1,0,309.2,0.6,68.8
211,인제,04/04/2019 04:15,-1.1,0,317.7,0.7,68.7
211,인제,04/04/2019 04:16,-1.1,0,310,0.8,68.7
211,인제,04/04/2019 04:17,-1,0,305.9,0.9,68.6
211,인제,04/04/2019 04:18,-0.9,0,315.1,0.8,68.2
211,인제,04/04/2019 04:19,-0.8,0,312.5,0.6,67.6
211,인제,04/04/2019 04:20,-0.7,0,311.3,1,66.8
211,인제,04/04/2019 04:21,-0.7,0,298.1,1,66.5
211,인제,04/04/2019 04:22,-0.8,0,286.3,0.9,67
211,인제,04/04/2019 04:23,-0.8,0,0,0.1,67.8
211,인제,04/04/2019 04:24,-0.7,0,0,0,68
211,인제,04/04/2019 04:25,-0.7,0,0,0,68.1
211,인제,04/04/2019 04:26,-0.8,0,0,0,68.1
211,인제,04/04/2019 04:27,-0.9,0,0,0,68.5
211,인제,04/04/2019 04:28,-0.8,0,0,0,68.5
211,인제,04/04/2019 04:29,-0.8,0,0,0,68.4
211,인제,04/04/2019 04:30,-0.8,0,0,0,68.4
211,인제,04/04/2019 04:31,-0.8,0,0,0,68.1
211,인제,04/04/2019 04:32,-0.8,0,0,0.1,67.8
211,인제,04/04/2019 04:33,-0.8,0,0,0,67.6
211,인제,04/04/2019 04:34,-1,0,0,0,68.2
211,인제,04/04/2019 04:35,-1,0,0,0,68.8
211,인제,04/04/2019 04:36,-1,0,0,0,68.9
211,인제,04/04/2019 04:37,-0.9,0,0,0,68.8
211,인제,04/04/2019 04:38,-1,0,0,0,68.7
211,인제,04/04/2019 04:39,-1,0,0,0.1,68.9
211,인제,04/04/2019 04:40,-1,0,249.1,0.3,69
211,인제,04/04/2019 04:41,-1,0,253.3,0.6,69.1
211,인제,04/04/2019 04:42,-1.1,0,292.7,0.3,69.5
211,인제,04/04/2019 04:43,-1.2,0,292.7,0.4,69.7
211,인제,04/04/2019 04:44,-1.2,0,309.3,0.4,69.9
211,인제,04/04/2019 04:45,-1.2,0,303.2,0.4,70
211,인제,04/04/2019 04:46,-1.2,0,312.3,0.8,69.9
211,인제,04/04/2019 04:47,-1.3,0,288.7,0.8,69.9
211,인제,04/04/2019 04:48,-1.3,0,305.5,0.6,70.2
211,인제,04/04/2019 04:49,-1.2,0,304.6,0.7,70
211,인제,04/04/2019 04:50,-1.1,0,320.1,0.6,69.5
211,인제,04/04/2019 04:51,-1.1,0,315.7,0.7,69.6
211,인제,04/04/2019 04:52,-1,0,308.8,0.6,69.2
211,인제,04/04/2019 04:53,-1.1,0,307.7,0.4,68.5
211,인제,04/04/2019 04:54,-1.2,0,334.4,0.2,68.8
211,인제,04/04/2019 04:55,-1.2,0,318.6,0.4,69.4
211,인제,04/04/2019 04:56,-1.2,0,303.8,0.2,69.7
211,인제,04/04/2019 04:57,-1.1,0,192.9,0.1,69.6
211,인제,04/04/2019 04:58,-1,0,262.4,0.3,68.9
211,인제,04/04/2019 04:59,-0.9,0,142.8,0.3,68.1
211,인제,04/04/2019 05:00,-0.8,0,113.1,0.3,67.9
211,인제,04/04/2019 05:01,-0.9,0,306,0.3,67.9
211,인제,04/04/2019 05:02,-1,0,299.1,0.5,67.9
211,인제,04/04/2019 05:03,-1,0,287.1,0.7,68.1
211,인제,04/04/2019 05:04,-1.1,0,20.7,0.3,68.3
211,인제,04/04/2019 05:05,-1.1,0,45.7,0.2,68.5
211,인제,04/04/2019 05:06,-1.1,0,35.9,0.2,68.8
211,인제,04/04/2019 05:07,-1.1,0,17,0.2,69.5
211,인제,04/04/2019 05:08,-1,0,11.2,0.5,70.1
211,인제,04/04/2019 05:09,-1,0,0.8,0.6,69.9
211,인제,04/04/2019 05:10,-1.1,0,351.1,0.5,69.9
211,인제,04/04/2019 05:11,-1.1,0,327.8,0.5,70.1
211,인제,04/04/2019 05:12,-1.1,0,313.6,0.5,70
211,인제,04/04/2019 05:13,-1.2,0,309.7,0.6,69.7
211,인제,04/04/2019 05:14,-1.3,0,301.3,0.5,69.8
211,인제,04/04/2019 05:15,-1.3,0,299.1,0.8,69.5
211,인제,04/04/2019 05:16,-1.3,0,285.4,1,69.7
211,인제,04/04/2019 05:17,-1.3,0,278.7,0.6,69.9
211,인제,04/04/2019 05:18,-1.3,0,294.1,0.4,69.8
211,인제,04/04/2019 05:19,-1.2,0,274.3,0.4,69.7
211,인제,04/04/2019 05:20,-1.2,0,286.1,0.5,69.5
211,인제,04/04/2019 05:21,-1.2,0,312,0.5,69.5
211,인제,04/04/2019 05:22,-1.2,0,282.5,0.5,69.6
211,인제,04/04/2019 05:23,-1.2,0,281.7,0.2,69.4
211,인제,04/04/2019 05:24,-1.2,0,0,0,69.4
211,인제,04/04/2019 05:25,-1.2,0,111.3,0.2,69.5
211,인제,04/04/2019 05:26,-1.2,0,118.3,0.4,69.3
211,인제,04/04/2019 05:27,-1.3,0,0,0.1,69.4
211,인제,04/04/2019 05:28,-1.3,0,0,0,69.5
211,인제,04/04/2019 05:29,-1.5,0,0,0,70
211,인제,04/04/2019 05:30,-1.4,0,0,0,70.4
211,인제,04/04/2019 05:31,-1.3,0,0,0,70.4
211,인제,04/04/2019 05:32,-1.3,0,259.6,0.1,70.1
211,인제,04/04/2019 05:33,-1.4,0,245.5,0.3,69.7
211,인제,04/04/2019 05:34,-1.4,0,251.6,0.1,69.9
211,인제,04/04/2019 05:35,-1.5,0,0,0,70.1
211,인제,04/04/2019 05:36,-1.5,0,0,0,70.2
211,인제,04/04/2019 05:37,-1.5,0,0,0,70.7
211,인제,04/04/2019 05:38,-1.5,0,0,0,71.2
211,인제,04/04/2019 05:39,-1.6,0,0,0,71.6
211,인제,04/04/2019 05:40,-1.5,0,311.7,0.2,71.7
211,인제,04/04/2019 05:41,-1.5,0,313,0.4,71.7
211,인제,04/04/2019 05:42,-1.5,0,297.4,0.4,71.8
211,인제,04/04/2019 05:43,-1.5,0,304.2,0.5,71.5
211,인제,04/04/2019 05:44,-1.7,0,306.7,0.7,71.1
211,인제,04/04/2019 05:45,-1.7,0,316.8,0.7,71.8
211,인제,04/04/2019 05:46,-1.6,0,335.4,0.6,71.8
211,인제,04/04/2019 05:47,-1.6,0,351.7,0.4,71.4
211,인제,04/04/2019 05:48,-1.5,0,21.3,0.3,71.8
211,인제,04/04/2019 05:49,-1.5,0,37.8,0.6,71.8
211,인제,04/04/2019 05:50,-1.5,0,37.1,0.7,71.7
211,인제,04/04/2019 05:51,-1.5,0,35.7,0.9,71.2
211,인제,04/04/2019 05:52,-1.5,0,29,0.8,70.8
211,인제,04/04/2019 05:53,-1.6,0,37.4,1,70.9
211,인제,04/04/2019 05:54,-1.6,0,18.6,0.9,71.1
211,인제,04/04/2019 05:55,-1.7,0,10.2,0.6,71.2
211,인제,04/04/2019 05:56,-1.8,0,330.1,0.2,71.7
211,인제,04/04/2019 05:57,-1.8,0,0,0,72.1
211,인제,04/04/2019 05:58,-1.8,0,0,0,72.2
211,인제,04/04/2019 05:59,-1.8,0,0,0,72.2
211,인제,04/04/2019 06:00,-1.7,0,191.5,0.1,72.3
211,인제,04/04/2019 06:01,-1.7,0,188.8,0.6,72.2
211,인제,04/04/2019 06:02,-1.6,0,188,0.5,71.8
211,인제,04/04/2019 06:03,-1.5,0,187,0.6,71.4
211,인제,04/04/2019 06:04,-1.5,0,174.4,0.5,70.8
211,인제,04/04/2019 06:05,-1.5,0,158.1,0.5,70.8
211,인제,04/04/2019 06:06,-1.5,0,143.6,0.4,70.5
211,인제,04/04/2019 06:07,-1.6,0,0,0.1,70.3
211,인제,04/04/2019 06:08,-1.6,0,0,0,70.6
211,인제,04/04/2019 06:09,-1.7,0,0,0,71.2
211,인제,04/04/2019 06:10,-1.7,0,291,0.2,71.8
211,인제,04/04/2019 06:11,-1.7,0,278.3,0.3,71.6
211,인제,04/04/2019 06:12,-1.8,0,258.8,0.3,71.3
211,인제,04/04/2019 06:13,-1.8,0,256.6,0.2,71.4
211,인제,04/04/2019 06:14,-1.9,0,243.2,0.4,71.5
211,인제,04/04/2019 06:15,-1.9,0,233.2,0.4,72.1
211,인제,04/04/2019 06:16,-1.8,0,223.4,0.4,72.4
211,인제,04/04/2019 06:17,-1.7,0,229.5,0.2,71.7
211,인제,04/04/2019 06:18,-1.6,0,231.6,0.2,70.9
211,인제,04/04/2019 06:19,-1.6,0,0,0,70.9
211,인제,04/04/2019 06:20,-1.8,0,0,0,71.5
211,인제,04/04/2019 06:21,-1.8,0,0,0,71.8
211,인제,04/04/2019 06:22,-1.8,0,0,0,71.8
211,인제,04/04/2019 06:23,-1.8,0,0,0,71.9
211,인제,04/04/2019 06:24,-1.7,0,0,0,71.9
211,인제,04/04/2019 06:25,-1.8,0,0,0,72.1
211,인제,04/04/2019 06:26,-1.8,0,47.9,0.3,72.2
211,인제,04/04/2019 06:27,-1.7,0,27.8,0.6,71.8
211,인제,04/04/2019 06:28,-1.6,0,25.8,0.5,71.3
211,인제,04/04/2019 06:29,-1.6,0,26.5,0.6,71.2
211,인제,04/04/2019 06:30,-1.5,0,31.5,0.6,71.4
211,인제,04/04/2019 06:31,-1.5,0,11.4,0.5,71
211,인제,04/04/2019 06:32,-1.5,0,34.3,0.5,71
211,인제,04/04/2019 06:33,-1.5,0,32.2,0.3,71.3
211,인제,04/04/2019 06:34,-1.5,0,24.7,0.5,71.5
211,인제,04/04/2019 06:35,-1.5,0,356.8,0.3,71.6
211,인제,04/04/2019 06:36,-1.6,0,0,0.1,71.9
211,인제,04/04/2019 06:37,-1.6,0,0,0,72.1
211,인제,04/04/2019 06:38,-1.6,0,0,0,72
211,인제,04/04/2019 06:39,-1.7,0,292.8,0.1,72.1
211,인제,04/04/2019 06:40,-1.8,0,311.7,0.4,72.2
211,인제,04/04/2019 06:41,-1.9,0,279,0.3,72.7
211,인제,04/04/2019 06:42,-1.8,0,0,0,72.9
211,인제,04/04/2019 06:43,-1.7,0,0,0,72.3
211,인제,04/04/2019 06:44,-1.6,0,0,0,71.9
211,인제,04/04/2019 06:45,-1.4,0,0,0,71.5
211,인제,04/04/2019 06:46,-1.5,0,0,0,71.8
211,인제,04/04/2019 06:47,-1.5,0,0,0,72.1
211,인제,04/04/2019 06:48,-1.5,0,0,0,71.9
211,인제,04/04/2019 06:49,-1.4,0,0,0,71.4
211,인제,04/04/2019 06:50,-1.4,0,0,0,70.9
211,인제,04/04/2019 06:51,-1.3,0,0,0,70.5
211,인제,04/04/2019 06:52,-1.3,0,0,0,70.2
211,인제,04/04/2019 06:53,-1.3,0,0,0,70.3
211,인제,04/04/2019 06:54,-1.3,0,0,0,70.5
211,인제,04/04/2019 06:55,-1.2,0,0,0.1,70.3
211,인제,04/04/2019 06:56,-1.2,0,0,0,70
211,인제,04/04/2019 06:57,-1.2,0,0,0,69.9
211,인제,04/04/2019 06:58,-1.2,0,0,0,69.9
211,인제,04/04/2019 06:59,-1.2,0,0,0,69.8
211,인제,04/04/2019 07:00,-1.2,0,0,0,70.3
211,인제,04/04/2019 07:01,-1.2,0,0,0,70.2
211,인제,04/04/2019 07:02,-1.2,0,0,0,70.1
211,인제,04/04/2019 07:03,-1.1,0,0,0,70
211,인제,04/04/2019 07:04,-1.1,0,0,0,70.2
211,인제,04/04/2019 07:05,-1.1,0,0,0,70.4
211,인제,04/04/2019 07:06,-1.1,0,0,0,70.5
211,인제,04/04/2019 07:07,-1,0,0,0,70.7
211,인제,04/04/2019 07:08,-0.9,0,194.9,0.4,70.8
211,인제,04/04/2019 07:09,-0.9,0,204.8,0.3,70.5
211,인제,04/04/2019 07:10,-0.8,0,207.3,0.3,70.3
211,인제,04/04/2019 07:11,-0.7,0,227.9,0.3,70.5
211,인제,04/04/2019 07:12,-0.7,0,345,0.2,70.8
211,인제,04/04/2019 07:13,-0.6,0,325.6,0.6,70.7
211,인제,04/04/2019 07:14,-0.5,0,9.7,0.3,70.4
211,인제,04/04/2019 07:15,-0.4,0,29.8,0.1,69.7
211,인제,04/04/2019 07:16,-0.3,0,356.9,0.1,68.9
211,인제,04/04/2019 07:17,-0.2,0,295.3,0.2,68.6
211,인제,04/04/2019 07:18,-0.2,0,318.7,0.4,68.4
211,인제,04/04/2019 07:19,-0.1,0,331.2,0.4,68.2
211,인제,04/04/2019 07:20,0,0,309.1,0.2,67.8
211,인제,04/04/2019 07:21,0.1,0,318.4,0.4,67.3
211,인제,04/04/2019 07:22,0.2,0,331.2,0.5,66.8
211,인제,04/04/2019 07:23,0.4,0,226,0.3,66.5
211,인제,04/04/2019 07:24,0.4,0,196.4,0.6,67
211,인제,04/04/2019 07:25,0.3,0,118.7,0.5,67.4
211,인제,04/04/2019 07:26,0.2,0,101.7,0.7,66.6
211,인제,04/04/2019 07:27,0.3,0,66.1,1,66.9
211,인제,04/04/2019 07:28,0.5,0,101.1,0.7,67.3
211,인제,04/04/2019 07:29,0.5,0,135.9,1.2,66
211,인제,04/04/2019 07:30,0.5,0,144.2,1.7,65.5
211,인제,04/04/2019 07:31,0.5,0,131.7,1.6,65.4
211,인제,04/04/2019 07:32,0.5,0,147,1.4,65.5
211,인제,04/04/2019 07:33,0.5,0,74.8,0.9,66.1
211,인제,04/04/2019 07:34,0.6,0,110.6,0.9,65.3
211,인제,04/04/2019 07:35,0.7,0,115.5,0.7,64.9
211,인제,04/04/2019 07:36,0.8,0,85.5,0.7,64.6
211,인제,04/04/2019 07:37,1,0,123.3,0.3,64.7
211,인제,04/04/2019 07:38,1.1,0,114.3,1.2,64.3
211,인제,04/04/2019 07:39,1.1,0,121.5,0.8,63.8
211,인제,04/04/2019 07:40,1.1,0,146.7,1.2,63.7
211,인제,04/04/2019 07:41,1.1,0,174.9,1.1,64.2
211,인제,04/04/2019 07:42,1,0,163.5,2,63.4
211,인제,04/04/2019 07:43,0.9,0,150.3,2,62.9
211,인제,04/04/2019 07:44,1,0,125.7,2,63.6
211,인제,04/04/2019 07:45,1.1,0,145.5,1.8,64.9
211,인제,04/04/2019 07:46,1.2,0,144.9,2.1,62.8
211,인제,04/04/2019 07:47,1.2,0,152.3,1.5,62.6
211,인제,04/04/2019 07:48,1.3,0,169.2,0.9,63.5
211,인제,04/04/2019 07:49,1.5,0,145.7,1.3,62.1
211,인제,04/04/2019 07:50,1.6,0,140.1,1.9,61.6
211,인제,04/04/2019 07:51,1.6,0,147.1,2.4,60.8
211,인제,04/04/2019 07:52,1.8,0,149,2.1,62
211,인제,04/04/2019 07:53,1.8,0,162,2.2,60.1
211,인제,04/04/2019 07:54,1.9,0,172.6,1.6,59.7
211,인제,04/04/2019 07:55,1.9,0,159.9,2.1,58.9
211,인제,04/04/2019 07:56,1.9,0,155.7,1.9,59.6
211,인제,04/04/2019 07:57,2.1,0,162.9,3.1,57.2
211,인제,04/04/2019 07:58,2.2,0,173.7,3.1,53.3
211,인제,04/04/2019 07:59,2.4,0,190.2,3.3,53.3
211,인제,04/04/2019 08:00,2.6,0,200.4,4,49.7
211,인제,04/04/2019 08:01,2.7,0,207.5,3.3,50
211,인제,04/04/2019 08:02,2.9,0,206.8,3,49.2
211,인제,04/04/2019 08:03,3,0,199.7,3.4,49.1
211,인제,04/04/2019 08:04,3.1,0,193.8,3,48.7
211,인제,04/04/2019 08:05,3.1,0,193.7,3.3,47.2
211,인제,04/04/2019 08:06,3.1,0,190.6,3.5,46.7
211,인제,04/04/2019 08:07,3,0,174.1,3.6,46.8
211,인제,04/04/2019 08:08,2.9,0,169.1,2.8,46.6
211,인제,04/04/2019 08:09,2.8,0,165.4,2.8,49
211,인제,04/04/2019 08:10,2.9,0,181.8,3.5,48.1
211,인제,04/04/2019 08:11,3,0,185.5,2.5,47.7
211,인제,04/04/2019 08:12,3.1,0,193.8,2.3,48.9
211,인제,04/04/2019 08:13,3.3,0,182.3,2.1,48.5
211,인제,04/04/2019 08:14,3.4,0,185.8,2.7,48.1
211,인제,04/04/2019 08:15,3.3,0,190.9,3.4,46.8
211,인제,04/04/2019 08:16,3.4,0,197.3,2.3,47.8
211,인제,04/04/2019 08:17,3.5,0,187,2.3,47.5
211,인제,04/04/2019 08:18,3.5,0,169.9,2.8,46.3
211,인제,04/04/2019 08:19,3.5,0,183.2,3.4,46.3
211,인제,04/04/2019 08:20,3.4,0,186.4,3.5,46.7
211,인제,04/04/2019 08:21,3.5,0,177.6,2.8,47.2
211,인제,04/04/2019 08:22,3.6,0,176.5,2.9,46.2
211,인제,04/04/2019 08:23,3.6,0,189.2,3.4,45.6
211,인제,04/04/2019 08:24,3.7,0,192.4,2.6,46
211,인제,04/04/2019 08:25,3.8,0,185.2,2.7,45.5
211,인제,04/04/2019 08:26,3.9,0,194,2.7,44.9
211,인제,04/04/2019 08:27,3.8,0,182.1,2.9,44.6
211,인제,04/04/2019 08:28,3.8,0,181.7,3.3,45
211,인제,04/04/2019 08:29,3.8,0,192.1,3.5,44.1
211,인제,04/04/2019 08:30,3.8,0,173.9,3.3,44.6
211,인제,04/04/2019 08:31,3.7,0,168.4,3.9,43.6
211,인제,04/04/2019 08:32,3.6,0,164.6,3.6,45.1
211,인제,04/04/2019 08:33,3.6,0,176.2,3.4,46.3
211,인제,04/04/2019 08:34,3.7,0,160.4,3.4,45.8
211,인제,04/04/2019 08:35,3.8,0,168.1,3.3,45
211,인제,04/04/2019 08:36,3.8,0,160.8,3.3,44.9
211,인제,04/04/2019 08:37,3.9,0,164.8,2.6,44.8
211,인제,04/04/2019 08:38,4.1,0,194.6,3.1,44
211,인제,04/04/2019 08:39,4.2,0,178.8,3.2,44.7
211,인제,04/04/2019 08:40,4.1,0,158.5,3.5,42.9
211,인제,04/04/2019 08:41,4,0,148.4,2.6,43.3
211,인제,04/04/2019 08:42,4.2,0,166.7,1.7,44.3
211,인제,04/04/2019 08:43,4.4,0,174.3,1.9,44.5
211,인제,04/04/2019 08:44,4.5,0,162.8,2,43.9
211,인제,04/04/2019 08:45,4.4,0,176.2,2.6,43.2
211,인제,04/04/2019 08:46,4.5,0,181.5,2.6,43.1
211,인제,04/04/2019 08:47,4.5,0,158.1,2.9,42.3
211,인제,04/04/2019 08:48,4.4,0,151.8,3.4,41
211,인제,04/04/2019 08:49,4.5,0,172.1,3.1,41.4
211,인제,04/04/2019 08:50,4.6,0,173.6,2.4,41.8
211,인제,04/04/2019 08:51,4.7,0,175.3,2.8,41.7
211,인제,04/04/2019 08:52,4.6,0,183.6,2.7,41.9
211,인제,04/04/2019 08:53,4.6,0,171.3,2.6,41.5
211,인제,04/04/2019 08:54,4.7,0,176.4,1.9,41.4
211,인제,04/04/2019 08:55,4.9,0,163.5,2.2,41.5
211,인제,04/04/2019 08:56,5.2,0,141.1,1.8,41.5
211,인제,04/04/2019 08:57,5.6,0,163.2,1.9,41.3
211,인제,04/04/2019 08:58,5.6,0,182.4,2.6,38.6
211,인제,04/04/2019 08:59,5.6,0,169.7,2,39.3
211,인제,04/04/2019 09:00,5.8,0,168.7,1.7,38.7
211,인제,04/04/2019 09:01,5.9,0,151.2,2.5,37.5
211,인제,04/04/2019 09:02,5.8,0,159.4,2.7,36.9
211,인제,04/04/2019 09:03,5.8,0,159.6,2.3,37.4
211,인제,04/04/2019 09:04,6.1,0,173.4,1.4,37.1
211,인제,04/04/2019 09:05,6,0,178.3,2.6,36
211,인제,04/04/2019 09:06,6,0,184.7,2.3,37.8
211,인제,04/04/2019 09:07,6.1,0,177.3,2.7,35.8
211,인제,04/04/2019 09:08,5.9,0,192.1,3,35.6
211,인제,04/04/2019 09:09,5.8,0,179.8,2,36.3
211,인제,04/04/2019 09:10,5.9,0,163.2,2.1,36.6
211,인제,04/04/2019 09:11,6.1,0,174.2,2.3,36.6
211,인제,04/04/2019 09:12,6.1,0,166.2,3.2,35.3
211,인제,04/04/2019 09:13,6,0,170.3,2.8,35.1
211,인제,04/04/2019 09:14,6.1,0,185.6,2.7,35.3
211,인제,04/04/2019 09:15,6.3,0,177.6,2.4,35.3
211,인제,04/04/2019 09:16,6.5,0,180.7,2.8,35.1
211,인제,04/04/2019 09:17,6.6,0,183.1,3,35
211,인제,04/04/2019 09:18,6.7,0,173.5,3.2,34.3
211,인제,04/04/2019 09:19,6.5,0,145.1,3.1,33.7
211,인제,04/04/2019 09:20,6.5,0,140.5,2.4,34.6
211,인제,04/04/2019 09:21,6.8,0,128.9,1.8,34.1
211,인제,04/04/2019 09:22,6.9,0,163.9,2.8,33.2
211,인제,04/04/2019 09:23,6.9,0,210.7,1.7,34
211,인제,04/04/2019 09:24,7.1,0,172.1,2.3,33.7
211,인제,04/04/2019 09:25,7.1,0,139.7,2.5,32.6
211,인제,04/04/2019 09:26,7,0,144.2,2.3,32.5
211,인제,04/04/2019 09:27,7.1,0,156.2,3.3,32.2
211,인제,04/04/2019 09:28,7.1,0,149.4,3.7,32.2
211,인제,04/04/2019 09:29,7.1,0,121.6,3.3,31.9
211,인제,04/04/2019 09:30,7.2,0,141.3,2.7,32
211,인제,04/04/2019 09:31,7.4,0,142,3.5,32.2
211,인제,04/04/2019 09:32,7.5,0,156.8,3.5,31.9
211,인제,04/04/2019 09:33,7.4,0,135.9,3.8,31.3
211,인제,04/04/2019 09:34,7.4,0,131,2.9,31.8
211,인제,04/04/2019 09:35,7.6,0,191,4.1,32.1
211,인제,04/04/2019 09:36,7.6,0,175.1,2.9,32
211,인제,04/04/2019 09:37,7.6,0,157.6,4.4,31
211,인제,04/04/2019 09:38,7.6,0,142.2,2,31.2
211,인제,04/04/2019 09:39,7.8,0,130.8,3,30.8
211,인제,04/04/2019 09:40,7.7,0,149.9,2.8,30.8
211,인제,04/04/2019 09:41,7.8,0,138.8,4.1,30.9
211,인제,04/04/2019 09:42,7.9,0,141.1,4.5,30.5
211,인제,04/04/2019 09:43,8,0,149.8,3.4,30.7
211,인제,04/04/2019 09:44,8,0,160.3,4.2,30.4
211,인제,04/04/2019 09:45,8,0,154.4,4.5,30.1
211,인제,04/04/2019 09:46,8,0,123.5,3.4,29.7
211,인제,04/04/2019 09:47,8,0,142.4,3.5,30.1
211,인제,04/04/2019 09:48,8.2,0,174.8,3.2,29.8
211,인제,04/04/2019 09:49,8,0,178.4,5.1,29.1
211,인제,04/04/2019 09:50,7.9,0,140.5,3.7,29.3
211,인제,04/04/2019 09:51,8.1,0,143.1,2.8,29.2
211,인제,04/04/2019 09:52,8.2,0,150.7,3,29.4
211,인제,04/04/2019 09:53,8.4,0,183,3.8,29
211,인제,04/04/2019 09:54,8.2,0,163.2,5.8,28.4
211,인제,04/04/2019 09:55,8.2,0,163.2,4.4,28.5
211,인제,04/04/2019 09:56,8.3,0,179.4,5.1,28.1
211,인제,04/04/2019 09:57,8.3,0,150.1,5.4,28.2
211,인제,04/04/2019 09:58,8.4,0,155,4.5,28
211,인제,04/04/2019 09:59,8.5,0,189.9,2.9,28
211,인제,04/04/2019 10:00,8.7,0,147.2,4.8,28.6
211,인제,04/04/2019 10:01,8.8,0,133.4,4.1,27.9
211,인제,04/04/2019 10:02,8.8,0,159.8,3,27.8
211,인제,04/04/2019 10:03,8.9,0,171.1,3.3,28.3
211,인제,04/04/2019 10:04,8.8,0,173.6,5.1,27.7
211,인제,04/04/2019 10:05,8.6,0,155.5,5.4,27.4
211,인제,04/04/2019 10:06,8.5,0,149.4,4.3,27.9
211,인제,04/04/2019 10:07,8.7,0,172.1,3.5,28.1
211,인제,04/04/2019 10:08,8.9,0,178.2,4.8,27.9
211,인제,04/04/2019 10:09,8.6,0,173.4,5.2,27.7
211,인제,04/04/2019 10:10,8.5,0,161.9,4.9,27.8
211,인제,04/04/2019 10:11,8.6,0,164.2,3.7,28.3
211,인제,04/04/2019 10:12,8.8,0,162.4,4.1,28.6
211,인제,04/04/2019 10:13,9,0,160.5,4.9,28.4
211,인제,04/04/2019 10:14,9.2,0,161.6,4.2,28.4
211,인제,04/04/2019 10:15,9.4,0,168.1,3.8,28.6
211,인제,04/04/2019 10:16,9.3,0,173.7,5.4,27.8
211,인제,04/04/2019 10:17,9.1,0,149.6,4.8,27.5
211,인제,04/04/2019 10:18,9.1,0,171,4.6,27.9
211,인제,04/04/2019 10:19,9.1,0,163.6,5.2,27.9
211,인제,04/04/2019 10:20,9.1,0,191.2,4.8,28.3
211,인제,04/04/2019 10:21,9.4,0,169.8,4,28.5
211,인제,04/04/2019 10:22,9.3,0,157.6,4,28.1
211,인제,04/04/2019 10:23,9.3,0,149.3,4.4,27.7
211,인제,04/04/2019 10:24,9.3,0,130.3,2.6,27.9
211,인제,04/04/2019 10:25,9.5,0,171.3,3.7,28
211,인제,04/04/2019 10:26,9.4,0,177.1,4.9,28.2
211,인제,04/04/2019 10:27,9.4,0,176.6,3.9,28.4
211,인제,04/04/2019 10:28,9.4,0,178.6,3.9,28.4
211,인제,04/04/2019 10:29,9.3,0,156.6,4.8,28
211,인제,04/04/2019 10:30,9.4,0,160,4.7,28.9
211,인제,04/04/2019 10:31,9.8,0,170.6,3.8,28.3
211,인제,04/04/2019 10:32,9.6,0,140.5,3.8,27.9
211,인제,04/04/2019 10:33,9.7,0,141.7,4.3,28.2
211,인제,04/04/2019 10:34,9.7,0,177.1,3.9,27.7
211,인제,04/04/2019 10:35,9.7,0,171.7,3.9,28.3
211,인제,04/04/2019 10:36,9.7,0,162.1,3.5,27.6
211,인제,04/04/2019 10:37,9.6,0,199.4,2.7,28.2
211,인제,04/04/2019 10:38,10,0,179.5,4.1,29
211,인제,04/04/2019 10:39,10.2,0,172.3,3.5,28.2
211,인제,04/04/2019 10:40,10,0,175.7,4.9,28
211,인제,04/04/2019 10:41,9.8,0,174.6,5.3,27.5
211,인제,04/04/2019 10:42,9.3,0,151.6,4.5,27.5
211,인제,04/04/2019 10:43,9.4,0,145.7,3.9,28.1
211,인제,04/04/2019 10:44,9.7,0,154.2,3.3,28.5
211,인제,04/04/2019 10:45,10,0,168.3,4,28.5
211,인제,04/04/2019 10:46,10.1,0,162.8,4.1,27.9
211,인제,04/04/2019 10:47,10,0,157.9,3.4,27.8
211,인제,04/04/2019 10:48,10.1,0,177.9,3.3,28.1
211,인제,04/04/2019 10:49,10,0,169.3,3.3,28
211,인제,04/04/2019 10:50,10.1,0,161.6,2.7,28.3
211,인제,04/04/2019 10:51,10.2,0,176.4,4.1,27.9
211,인제,04/04/2019 10:52,10.1,0,188.9,4.9,27.9
211,인제,04/04/2019 10:53,10.4,0,159.1,3.6,28.3
211,인제,04/04/2019 10:54,10.5,0,164,4.6,27.6
211,인제,04/04/2019 10:55,10.6,0,187.5,3.2,28
211,인제,04/04/2019 10:56,10.4,0,166.9,4.1,27.4
211,인제,04/04/2019 10:57,10.1,0,170.4,4.3,27.8
211,인제,04/04/2019 10:58,10.2,0,188.2,3.8,27.6
211,인제,04/04/2019 10:59,10.2,0,153.7,3.6,27.8
211,인제,04/04/2019 11:00,10.3,0,148,5.1,27.9
211,인제,04/04/2019 11:01,10.5,0,181.7,3.3,27.9
211,인제,04/04/2019 11:02,10.4,0,145.3,4.4,27.9
211,인제,04/04/2019 11:03,10.6,0,147.1,4.6,28.2
211,인제,04/04/2019 11:04,10.6,0,146.1,4.9,27.9
211,인제,04/04/2019 11:05,10.6,0,138.6,4.8,27.8
211,인제,04/04/2019 11:06,10.7,0,145.9,4.5,28.2
211,인제,04/04/2019 11:07,10.9,0,181.6,4.7,28.3
211,인제,04/04/2019 11:08,10.9,0,157.7,4.4,28
211,인제,04/04/2019 11:09,10.9,0,159.2,4.4,27.9
211,인제,04/04/2019 11:10,10.7,0,157.7,5.4,27.5
211,인제,04/04/2019 11:11,10.7,0,177.2,5.6,27.8
211,인제,04/04/2019 11:12,10.8,0,176.5,4.6,28.2
211,인제,04/04/2019 11:13,10.8,0,164.5,3.1,27.9
211,인제,04/04/2019 11:14,10.9,0,158.2,4.8,28.1
211,인제,04/04/2019 11:15,11.2,0,161.9,5.5,28.2
211,인제,04/04/2019 11:16,11,0,163.8,5.7,27.1
211,인제,04/04/2019 11:17,10.6,0,145.4,2.7,27.8
211,인제,04/04/2019 11:18,10.9,0,198.6,4.6,28.2
211,인제,04/04/2019 11:19,11.3,0,161.1,2,28.6
211,인제,04/04/2019 11:20,11.4,0,174.4,4.2,27.5
211,인제,04/04/2019 11:21,11,0,160.3,3.1,27.4
211,인제,04/04/2019 11:22,10.8,0,157.1,4.1,27.6
211,인제,04/04/2019 11:23,11,0,143.9,4.5,28.2
211,인제,04/04/2019 11:24,11.4,0,185.4,3.7,28.5
211,인제,04/04/2019 11:25,11.8,0,183.2,4,28
211,인제,04/04/2019 11:26,11.5,0,191.5,4,27.2
211,인제,04/04/2019 11:27,11.4,0,135.9,2.8,27.6
211,인제,04/04/2019 11:28,11.6,0,167.7,4.2,27.9
211,인제,04/04/2019 11:29,11.7,0,141.2,3.7,27.5
211,인제,04/04/2019 11:30,11.8,0,172.6,4.9,27.4
211,인제,04/04/2019 11:31,11.7,0,171.1,5.5,27.5
211,인제,04/04/2019 11:32,11.9,0,181.7,4.7,27.3
211,인제,04/04/2019 11:33,11.7,0,169,5,26.9
211,인제,04/04/2019 11:34,11.6,0,183.5,5.3,27.1
211,인제,04/04/2019 11:35,11.6,0,161.1,3.7,27.7
211,인제,04/04/2019 11:36,11.9,0,166.7,4.2,27.7
211,인제,04/04/2019 11:37,12,0,176.6,5.5,27.1
211,인제,04/04/2019 11:38,11.6,0,176.4,6,26.9
211,인제,04/04/2019 11:39,11.5,0,181.8,5.6,27.3
211,인제,04/04/2019 11:40,11.5,0,172.6,4.2,27.5
211,인제,04/04/2019 11:41,11.8,0,190.3,5.7,27.7
211,인제,04/04/2019 11:42,11.8,0,178.8,4.4,27.2
211,인제,04/04/2019 11:43,11.8,0,185.2,3.5,27.5
211,인제,04/04/2019 11:44,12.1,0,183,4,27.8
211,인제,04/04/2019 11:45,12.4,0,182.8,4.7,27.6
211,인제,04/04/2019 11:46,12.2,0,174.1,6.3,26.8
211,인제,04/04/2019 11:47,11.9,0,175,6,27
211,인제,04/04/2019 11:48,11.6,0,185,5.4,27.2
211,인제,04/04/2019 11:49,11.8,0,194.9,3.8,28.4
211,인제,04/04/2019 11:50,12.5,0,177.6,4.5,28.1
211,인제,04/04/2019 11:51,12.5,0,175.1,4.3,27
211,인제,04/04/2019 11:52,12.1,0,168.1,6.4,26.8
211,인제,04/04/2019 11:53,11.9,0,152.1,6,27.4
211,인제,04/04/2019 11:54,12.1,0,140.3,4.2,27.5
211,인제,04/04/2019 11:55,12.2,0,134,4,27.3
211,인제,04/04/2019 11:56,12.3,0,174,5.3,27.9
211,인제,04/04/2019 11:57,12.4,0,152.5,5.1,27.4
211,인제,04/04/2019 11:58,12.7,0,170.3,4.5,27.7
211,인제,04/04/2019 11:59,12.7,0,177.3,5.1,26.6
211,인제,04/04/2019 12:00,12.4,0,169.1,4.1,26.9
211,인제,04/04/2019 12:01,12.4,0,108.7,2.9,27
211,인제,04/04/2019 12:02,12.6,0,164.4,3,27.7
211,인제,04/04/2019 12:03,13,0,174.8,3.7,27.4
211,인제,04/04/2019 12:04,13,0,169.9,5.3,26.8
211,인제,04/04/2019 12:05,12.8,0,179.8,7.1,26.7
211,인제,04/04/2019 12:06,12.6,0,160.8,6.7,26.8
211,인제,04/04/2019 12:07,12.5,0,161.9,4.9,27
211,인제,04/04/2019 12:08,12.5,0,148.5,3.2,27.1
211,인제,04/04/2019 12:09,12.5,0,189.4,5.6,27.1
211,인제,04/04/2019 12:10,12.5,0,208,7.3,27.3
211,인제,04/04/2019 12:11,12.7,0,152.1,7.4,27.7
211,인제,04/04/2019 12:12,12.9,0,178.4,6.5,27.2
211,인제,04/04/2019 12:13,12.9,0,170.1,5.3,27.1
211,인제,04/04/2019 12:14,13,0,178.2,6.3,27
211,인제,04/04/2019 12:15,13,0,171.6,5.7,27
211,인제,04/04/2019 12:16,13.1,0,221.2,4.3,27.4
211,인제,04/04/2019 12:17,13.2,0,131,3.4,26.8
211,인제,04/04/2019 12:18,13.3,0,121.6,2.4,26.7
211,인제,04/04/2019 12:19,13.3,0,163.8,4.4,26.8
211,인제,04/04/2019 12:20,13.2,0,159.6,5.5,26.5
211,인제,04/04/2019 12:21,13.3,0,142.4,6.1,26.8
211,인제,04/04/2019 12:22,13.4,0,131.9,6.6,26.7
211,인제,04/04/2019 12:23,13.3,0,178.1,6.4,26.3
211,인제,04/04/2019 12:24,13.3,0,172.6,5,27
211,인제,04/04/2019 12:25,13.3,0,150.7,5.6,26.7
211,인제,04/04/2019 12:26,13.5,0,176.4,6.4,27
211,인제,04/04/2019 12:27,13.4,0,168.9,4.9,26.8
211,인제,04/04/2019 12:28,13.6,0,168.4,6,26.9
211,인제,04/04/2019 12:29,13.5,0,141.1,7.2,26.2
211,인제,04/04/2019 12:30,13.2,0,123.6,6,26.8
211,인제,04/04/2019 12:31,13.4,0,171.4,6.4,27
211,인제,04/04/2019 12:32,13.4,0,153,4.9,26.7
211,인제,04/04/2019 12:33,13.3,0,175.6,5.9,27
211,인제,04/04/2019 12:34,13.4,0,183.3,4.1,26.8
211,인제,04/04/2019 12:35,13.6,0,138.8,2.9,27.1
211,인제,04/04/2019 12:36,13.9,0,143,4.5,26.8
211,인제,04/04/2019 12:37,13.6,0,169,4.1,26.1
211,인제,04/04/2019 12:38,13.6,0,148.2,3.5,27
211,인제,04/04/2019 12:39,13.8,0,129.9,3.9,27
211,인제,04/04/2019 12:40,14,0,165.5,4.2,26.4
211,인제,04/04/2019 12:41,14,0,172.7,4.7,26.4
211,인제,04/04/2019 12:42,14.1,0,192.5,4.7,26.4
211,인제,04/04/2019 12:43,14,0,181,4.5,26.1
211,인제,04/04/2019 12:44,13.9,0,160.6,5.6,26.3
211,인제,04/04/2019 12:45,13.9,0,168.6,4.3,26.2
211,인제,04/04/2019 12:46,14.2,0,176.2,5.1,26.4
211,인제,04/04/2019 12:47,13.9,0,180.4,5.4,26.3
211,인제,04/04/2019 12:48,14,0,175.1,3.8,26.6
211,인제,04/04/2019 12:49,14.1,0,169.1,6.1,26.5
211,인제,04/04/2019 12:50,13.9,0,170.5,5.1,26.3
211,인제,04/04/2019 12:51,13.9,0,167,3.6,26.8
211,인제,04/04/2019 12:52,14.3,0,134.8,3,26.9
211,인제,04/04/2019 12:53,14.6,0,175,3.2,26.6
211,인제,04/04/2019 12:54,14.5,0,176.8,4.9,25.9
211,인제,04/04/2019 12:55,14.4,0,173.2,5.8,26.3
211,인제,04/04/2019 12:56,14.1,0,172,4.6,25.9
211,인제,04/04/2019 12:57,13.9,0,134,4.6,26.2
211,인제,04/04/2019 12:58,13.9,0,182.9,4.7,26.3
211,인제,04/04/2019 12:59,14,0,164.4,4.3,26.5
211,인제,04/04/2019 13:00,14.2,0,150.9,5.6,26.7
211,인제,04/04/2019 13:01,14.3,0,148.8,5.9,26.4
211,인제,04/04/2019 13:02,14.4,0,167.4,4.8,26.5
211,인제,04/04/2019 13:03,14.3,0,87.5,4.2,26.1
211,인제,04/04/2019 13:04,14.2,0,129.4,3.8,26
211,인제,04/04/2019 13:05,14.2,0,151.7,5,26.3
211,인제,04/04/2019 13:06,14.2,0,166.3,3.7,26.7
211,인제,04/04/2019 13:07,14.5,0,175.9,4,26.9
211,인제,04/04/2019 13:08,14.8,0,175.9,4.8,26.8
211,인제,04/04/2019 13:09,14.5,0,183.1,4.7,26
211,인제,04/04/2019 13:10,14.3,0,180.7,5.2,26.3
211,인제,04/04/2019 13:11,14.2,0,175.1,4.7,26.5
211,인제,04/04/2019 13:12,14.5,0,164.6,4.7,26.7
211,인제,04/04/2019 13:13,14.6,0,146.9,5.1,26.2
211,인제,04/04/2019 13:14,14.4,0,154.4,6.3,26
211,인제,04/04/2019 13:15,14.2,0,128.4,4.5,26.9
211,인제,04/04/2019 13:16,14.4,0,166.6,4.5,26.5
211,인제,04/04/2019 13:17,14.4,0,163.5,3.7,26.8
211,인제,04/04/2019 13:18,14.9,0,166.8,4.2,26.9
211,인제,04/04/2019 13:19,15.1,0,134.3,3.8,26.1
211,인제,04/04/2019 13:20,15,0,152.2,4.8,25.9
211,인제,04/04/2019 13:21,14.9,0,144.5,4.7,26
211,인제,04/04/2019 13:22,14.7,0,177.8,5.7,26
211,인제,04/04/2019 13:23,14.7,0,190.8,4.3,26.3
211,인제,04/04/2019 13:24,15,0,171.5,4.6,26.7
211,인제,04/04/2019 13:25,15,0,155.7,6.7,26
211,인제,04/04/2019 13:26,15,0,188.2,4.6,26.1
211,인제,04/04/2019 13:27,14.8,0,112.5,5.1,25.8
211,인제,04/04/2019 13:28,14.5,0,156.5,4.7,26
211,인제,04/04/2019 13:29,14.6,0,160.9,6.6,26.8
211,인제,04/04/2019 13:30,15,0,168.1,4,26.6
211,인제,04/04/2019 13:31,15.1,0,210.5,3.7,26.2
211,인제,04/04/2019 13:32,15.1,0,163.1,2.9,26.6
211,인제,04/04/2019 13:33,15.3,0,192.6,5,26.3
211,인제,04/04/2019 13:34,15,0,170.2,3.5,25.9
211,인제,04/04/2019 13:35,14.7,0,132.1,4.9,26.3
211,인제,04/04/2019 13:36,14.9,0,172.4,6.7,26.8
211,인제,04/04/2019 13:37,15,0,163.9,4.5,26.6
211,인제,04/04/2019 13:38,15,0,155.6,7.6,26.5
211,인제,04/04/2019 13:39,15,0,148.1,7.3,26.4
211,인제,04/04/2019 13:40,15,0,152.7,5.1,26.6
211,인제,04/04/2019 13:41,14.9,0,145.9,5.5,26.9
211,인제,04/04/2019 13:42,14.9,0,153.8,4.4,26.5
211,인제,04/04/2019 13:43,15,0,140.6,4.3,27
211,인제,04/04/2019 13:44,15.2,0,134.9,5,26.4
211,인제,04/04/2019 13:45,15.2,0,136.4,1.8,26.4
211,인제,04/04/2019 13:46,15.3,0,125.4,3.4,26.8
211,인제,04/04/2019 13:47,15.4,0,155.7,6.1,26.4
211,인제,04/04/2019 13:48,15.3,0,164.5,7.1,26.4
211,인제,04/04/2019 13:49,15.4,0,172.5,5.6,26.6
211,인제,04/04/2019 13:50,15.4,0,166.7,5.8,26.5
211,인제,04/04/2019 13:51,15.2,0,283,5.2,25.8
211,인제,04/04/2019 13:52,14.8,0,139.8,4.4,26.4
211,인제,04/04/2019 13:53,14.9,0,146.3,4.1,26.9
211,인제,04/04/2019 13:54,15.3,0,148,4.8,26.9
211,인제,04/04/2019 13:55,15.3,0,177.6,7.6,26.5
211,인제,04/04/2019 13:56,15,0,161.1,5.9,26.4
211,인제,04/04/2019 13:57,14.8,0,159.2,5.9,26.9
211,인제,04/04/2019 13:58,15,0,147.5,5.8,27.2
211,인제,04/04/2019 13:59,15.3,0,146,7.1,27.1
211,인제,04/04/2019 14:00,15.3,0,158.7,6.4,26.7
211,인제,04/04/2019 14:01,15.2,0,150.4,3.2,27
211,인제,04/04/2019 14:02,15.1,0,72.5,2.4,26.7
211,인제,04/04/2019 14:03,15.1,0,129.5,2.9,26.9
211,인제,04/04/2019 14:04,15.4,0,210.7,5.6,27
211,인제,04/04/2019 14:05,15.4,0,102.9,4.1,26.3
211,인제,04/04/2019 14:06,15.4,0,152.7,3.6,26.4
211,인제,04/04/2019 14:07,15.5,0,160.8,7,26.2
211,인제,04/04/2019 14:08,15.4,0,173.1,6.4,26
211,인제,04/04/2019 14:09,15.3,0,150.4,4.4,26.9
211,인제,04/04/2019 14:10,15.5,0,166,4.8,26.7
211,인제,04/04/2019 14:11,15.6,0,146.4,6.6,26.6
211,인제,04/04/2019 14:12,15.5,0,188.8,8.6,26.1
211,인제,04/04/2019 14:13,15.2,0,131.4,5.5,26
211,인제,04/04/2019 14:14,15.2,0,153.3,8,26.1
211,인제,04/04/2019 14:15,15.3,0,165.1,6.8,26.4
211,인제,04/04/2019 14:16,15.3,0,196.3,7,26
211,인제,04/04/2019 14:17,15.2,0,152.6,3.6,26.2
211,인제,04/04/2019 14:18,15.2,0,130.9,6,26.5
211,인제,04/04/2019 14:19,15.3,0,142.2,5.3,26.2
211,인제,04/04/2019 14:20,15.4,0,150.1,6.3,25.9
211,인제,04/04/2019 14:21,15.3,0,185.8,7,25.8
211,인제,04/04/2019 14:22,15.3,0,193.3,7.1,26.2
211,인제,04/04/2019 14:23,15.1,0,136.9,7.5,26
211,인제,04/04/2019 14:24,15.1,0,172.6,6.3,26.3
211,인제,04/04/2019 14:25,15.2,0,164.5,9.3,26.3
211,인제,04/04/2019 14:26,15.2,0,162.1,8.2,26.1
211,인제,04/04/2019 14:27,15.2,0,145.6,5,26.1
211,인제,04/04/2019 14:28,15.3,0,145.7,7.7,26
211,인제,04/04/2019 14:29,15.3,0,184,7.2,26.2
211,인제,04/04/2019 14:30,15.3,0,162.7,6.4,26
211,인제,04/04/2019 14:31,15.3,0,153.9,8,26
211,인제,04/04/2019 14:32,15.2,0,158.5,6.4,26
211,인제,04/04/2019 14:33,15.2,0,154.2,5.5,26.2
211,인제,04/04/2019 14:34,15.3,0,183.3,4.9,26.2
211,인제,04/04/2019 14:35,15.3,0,144,6.4,25.8
211,인제,04/04/2019 14:36,15.4,0,183.2,6,26
211,인제,04/04/2019 14:37,15.3,0,144.3,6.6,26
211,인제,04/04/2019 14:38,15.2,0,152.2,6.6,26
211,인제,04/04/2019 14:39,15.3,0,152,6.1,25.9
211,인제,04/04/2019 14:40,15.2,0,177.2,4.2,26.2
211,인제,04/04/2019 14:41,15.4,0,138.5,4.7,26.2
211,인제,04/04/2019 14:42,15.6,0,150.8,7.3,26
211,인제,04/04/2019 14:43,15.5,0,158.2,7.7,25.9
211,인제,04/04/2019 14:44,15.6,0,159.9,8.5,25.7
211,인제,04/04/2019 14:45,15.5,0,158.6,8.3,25.5
211,인제,04/04/2019 14:46,15.3,0,168.6,7.9,25.6
211,인제,04/04/2019 14:47,15.4,0,135.1,7.2,25.8
211,인제,04/04/2019 14:48,15.4,0,208.6,6.6,25.5
211,인제,04/04/2019 14:49,15.3,0,137.2,5.4,26
211,인제,04/04/2019 14:50,15.4,0,184,8.4,25.9
211,인제,04/04/2019 14:51,15.4,0,157.1,8.1,25.9
211,인제,04/04/2019 14:52,15.4,0,149,4.5,25.8
211,인제,04/04/2019 14:53,15.5,0,141.4,7.2,25.8
211,인제,04/04/2019 14:54,15.5,0,168.5,7.6,25.7
211,인제,04/04/2019 14:55,15.3,0,215.8,7.1,25.6
211,인제,04/04/2019 14:56,15.3,0,135.2,4.1,25.7
211,인제,04/04/2019 14:57,15.5,0,157.5,5.2,26.1
211,인제,04/04/2019 14:58,15.9,0,130.7,5.6,25.3
211,인제,04/04/2019 14:59,15.7,0,168.8,8.2,24.5
211,인제,04/04/2019 15:00,15.5,0,135.6,5.7,24.6
211,인제,04/04/2019 15:01,15.3,0,166.9,5.2,24.7
211,인제,04/04/2019 15:02,15.4,0,175.4,5.3,25.1
211,인제,04/04/2019 15:03,15.4,0,262.3,5.5,25.1
211,인제,04/04/2019 15:04,15.4,0,38.3,2.6,25.3
211,인제,04/04/2019 15:05,15.4,0,189.7,7.2,25.3
211,인제,04/04/2019 15:06,15.4,0,150.2,4.1,25.3
211,인제,04/04/2019 15:07,15.4,0,158.5,8.3,25.1
211,인제,04/04/2019 15:08,15.3,0,130.6,4,25
211,인제,04/04/2019 15:09,15.3,0,152.5,6.2,25.4
211,인제,04/04/2019 15:10,15.4,0,168.1,7.2,25.3
211,인제,04/04/2019 15:11,15.4,0,164.4,6.8,25.2
211,인제,04/04/2019 15:12,15.3,0,129.1,5,25.1
211,인제,04/04/2019 15:13,15.3,0,143.4,5.9,25.3
211,인제,04/04/2019 15:14,15.5,0,179.3,9.8,25.2
211,인제,04/04/2019 15:15,15.5,0,171.7,7.5,24.7
211,인제,04/04/2019 15:16,15.5,0,149.8,6,25
211,인제,04/04/2019 15:17,15.6,0,141.9,6.4,24.8
211,인제,04/04/2019 15:18,15.6,0,152.6,7,24.7
211,인제,04/04/2019 15:19,15.5,0,159.2,5.6,24.8
211,인제,04/04/2019 15:20,15.6,0,135.1,3.9,24.8
211,인제,04/04/2019 15:21,15.6,0,180.5,7.1,24.7
211,인제,04/04/2019 15:22,15.7,0,201.1,6.3,24.7
211,인제,04/04/2019 15:23,15.7,0,170.4,5,24.7
211,인제,04/04/2019 15:24,15.7,0,138.7,4.5,24.2
211,인제,04/04/2019 15:25,15.6,0,214.8,6.6,24.4
211,인제,04/04/2019 15:26,15.6,0,157.5,4.2,24.3
211,인제,04/04/2019 15:27,15.7,0,179.3,7.3,24.3
211,인제,04/04/2019 15:28,15.7,0,200.9,6.9,24.5
211,인제,04/04/2019 15:29,15.6,0,171.2,4.9,24.5
211,인제,04/04/2019 15:30,15.5,0,156.6,7.8,24.3
211,인제,04/04/2019 15:31,15.5,0,164,7.9,24.6
211,인제,04/04/2019 15:32,15.5,0,173.9,8.3,24.5
211,인제,04/04/2019 15:33,15.5,0,170.1,6.4,24.6
211,인제,04/04/2019 15:34,15.5,0,169,7.8,24.7
211,인제,04/04/2019 15:35,15.5,0,155.8,7.5,24.7
211,인제,04/04/2019 15:36,15.4,0,189.1,8,24.6
211,인제,04/04/2019 15:37,15.3,0,169.4,7.8,24.7
211,인제,04/04/2019 15:38,15.4,0,153.4,5.3,25.2
211,인제,04/04/2019 15:39,15.5,0,220.9,5.4,24.7
211,인제,04/04/2019 15:40,15.5,0,122.6,4.7,24.8
211,인제,04/04/2019 15:41,15.5,0,117.8,6.1,24.6
211,인제,04/04/2019 15:42,15.5,0,201.2,5.6,24.8
211,인제,04/04/2019 15:43,15.6,0,147.9,5.7,24.7
211,인제,04/04/2019 15:44,15.6,0,171.8,7.5,24.6
211,인제,04/04/2019 15:45,15.6,0,173.2,6.3,24.6
211,인제,04/04/2019 15:46,15.6,0,171.2,6.5,24.4
211,인제,04/04/2019 15:47,15.6,0,181.7,6.4,24.2
211,인제,04/04/2019 15:48,15.5,0,170.6,7.5,24.2
211,인제,04/04/2019 15:49,15.4,0,174.4,9,24.3
211,인제,04/04/2019 15:50,15.3,0,186.1,7.4,24.5
211,인제,04/04/2019 15:51,15.4,0,156.9,4.6,24.6
211,인제,04/04/2019 15:52,15.4,0,177.2,4.4,24.5
211,인제,04/04/2019 15:53,15.6,0,163,6.2,24.6
211,인제,04/04/2019 15:54,15.5,0,168.7,9.1,24.3
211,인제,04/04/2019 15:55,15.5,0,196,8.5,24.3
211,인제,04/04/2019 15:56,15.4,0,242.5,5.7,24.3
211,인제,04/04/2019 15:57,15.4,0,164.9,6,24.5
211,인제,04/04/2019 15:58,15.5,0,165.2,7.5,24.5
211,인제,04/04/2019 15:59,15.5,0,164.3,6.5,24.3
211,인제,04/04/2019 16:00,15.5,0,137.1,5.9,24.5
211,인제,04/04/2019 16:01,15.6,0,142.1,5.4,24.4
211,인제,04/04/2019 16:02,15.6,0,161.6,7.1,24.3
211,인제,04/04/2019 16:03,15.5,0,227.2,8.4,24.4
211,인제,04/04/2019 16:04,15.4,0,134,5.7,24
211,인제,04/04/2019 16:05,15.3,0,151,8,24.2
211,인제,04/04/2019 16:06,15.3,0,169.6,8.3,24
211,인제,04/04/2019 16:07,15.3,0,165.9,6.3,24.2
211,인제,04/04/2019 16:08,15.3,0,218.9,7.1,23.9
211,인제,04/04/2019 16:09,15.3,0,137.7,7.2,23.8
211,인제,04/04/2019 16:10,15.3,0,168.3,7.6,23.7
211,인제,04/04/2019 16:11,15.3,0,151.6,8.6,23.8
211,인제,04/04/2019 16:12,15.4,0,155.1,7.1,23.8
211,인제,04/04/2019 16:13,15.4,0,164.2,5.4,23.7
211,인제,04/04/2019 16:14,15.5,0,157.5,5.4,23.7
211,인제,04/04/2019 16:15,15.4,0,141.6,6.6,23.2
211,인제,04/04/2019 16:16,15.4,0,200.3,8,23.6
211,인제,04/04/2019 16:17,15.5,0,255,5.4,23.5
211,인제,04/04/2019 16:18,15.5,0,208.8,3.2,23.5
211,인제,04/04/2019 16:19,15.6,0,220.3,4.6,23.4
211,인제,04/04/2019 16:20,15.6,0,172.7,5.3,23.3
211,인제,04/04/2019 16:21,15.5,0,156.6,4.1,23.3
211,인제,04/04/2019 16:22,15.4,0,155.6,4.5,23.6
211,인제,04/04/2019 16:23,15.5,0,196.3,4.5,23.6
211,인제,04/04/2019 16:24,15.5,0,169.6,5.2,23.6
211,인제,04/04/2019 16:25,15.6,0,179.6,6,23.4
211,인제,04/04/2019 16:26,15.6,0,206.9,4.6,23.6
211,인제,04/04/2019 16:27,15.6,0,188.6,5.4,23.7
211,인제,04/04/2019 16:28,15.6,0,192,5.1,23.3
211,인제,04/04/2019 16:29,15.6,0,159.3,4.6,23.5
211,인제,04/04/2019 16:30,15.6,0,192.9,6.2,23.4
211,인제,04/04/2019 16:31,15.5,0,171.6,5.6,23.3
211,인제,04/04/2019 16:32,15.5,0,148.6,4.9,23.1
211,인제,04/04/2019 16:33,15.5,0,156.3,4.4,23.3
211,인제,04/04/2019 16:34,15.6,0,160.5,3.4,23.4
211,인제,04/04/2019 16:35,15.6,0,167.7,5,23.2
211,인제,04/04/2019 16:36,15.5,0,183.6,4.5,23.1
211,인제,04/04/2019 16:37,15.5,0,181.2,5.6,23.1
211,인제,04/04/2019 16:38,15.5,0,210.4,7.3,23
211,인제,04/04/2019 16:39,15.4,0,167.1,4.2,23.1
211,인제,04/04/2019 16:40,15.4,0,177.2,7.4,22.9
211,인제,04/04/2019 16:41,15.3,0,179.6,5.9,22.8
211,인제,04/04/2019 16:42,15.3,0,215.2,5.7,23.2
211,인제,04/04/2019 16:43,15.4,0,171,4.5,23.1
211,인제,04/04/2019 16:44,15.3,0,138.9,4.1,22.9
211,인제,04/04/2019 16:45,15.2,0,166.7,5.7,23
211,인제,04/04/2019 16:46,15.2,0,143.6,5.1,22.9
211,인제,04/04/2019 16:47,15.3,0,147,6.5,23.2
211,인제,04/04/2019 16:48,15.2,0,178.8,5.2,23
211,인제,04/04/2019 16:49,15.2,0,153.4,4.9,22.9
211,인제,04/04/2019 16:50,15.2,0,147.8,3.5,23.1
211,인제,04/04/2019 16:51,15.2,0,162.9,6.4,23.1
211,인제,04/04/2019 16:52,15.2,0,169.7,4.9,22.8
211,인제,04/04/2019 16:53,15.3,0,169.9,2.5,23.1
211,인제,04/04/2019 16:54,15.3,0,154.6,3.5,23
211,인제,04/04/2019 16:55,15.2,0,131.5,3.9,23.1
211,인제,04/04/2019 16:56,15.2,0,196.1,5.3,23.3
211,인제,04/04/2019 16:57,15.1,0,183.9,2.2,23.1
211,인제,04/04/2019 16:58,15.2,0,183.1,4.7,23.5
211,인제,04/04/2019 16:59,15.2,0,157.2,4.6,23.5
211,인제,04/04/2019 17:00,15.2,0,138.5,5.8,23.4
211,인제,04/04/2019 17:01,15.2,0,175.6,6.8,23.5
211,인제,04/04/2019 17:02,15.3,0,167.1,5.6,23.6
211,인제,04/04/2019 17:03,15.3,0,213,4.1,23.3
211,인제,04/04/2019 17:04,15.2,0,172.9,4.5,23.6
211,인제,04/04/2019 17:05,15.2,0,188.5,3.5,23.8
211,인제,04/04/2019 17:06,15.2,0,163.1,4.4,23.5
211,인제,04/04/2019 17:07,15.2,0,170.7,4,23.5
211,인제,04/04/2019 17:08,15.1,0,191.2,6.3,23.4
211,인제,04/04/2019 17:09,15.1,0,171.2,5.4,23.3
211,인제,04/04/2019 17:10,15.1,0,192.5,5.9,23.6
211,인제,04/04/2019 17:11,15.1,0,171.7,5,23.5
211,인제,04/04/2019 17:12,15,0,163.7,3.4,23.6
211,인제,04/04/2019 17:13,15,0,188.5,3.6,23.4
211,인제,04/04/2019 17:14,15,0,171.4,3.1,23.5
211,인제,04/04/2019 17:15,14.9,0,160.1,6,23.6
211,인제,04/04/2019 17:16,14.8,0,160.1,5.1,23.9
211,인제,04/04/2019 17:17,14.8,0,184.8,4.1,24.2
211,인제,04/04/2019 17:18,14.8,0,202,4.2,24
211,인제,04/04/2019 17:19,14.7,0,174.7,4.7,23.8
211,인제,04/04/2019 17:20,14.7,0,128.9,3,23.8
211,인제,04/04/2019 17:21,14.7,0,154.2,5.4,24.2
211,인제,04/04/2019 17:22,14.6,0,167,5.5,23.8
211,인제,04/04/2019 17:23,14.6,0,173.5,2.8,24.3
211,인제,04/04/2019 17:24,14.6,0,163.9,4.2,24
211,인제,04/04/2019 17:25,14.6,0,153.1,4.5,23.8
211,인제,04/04/2019 17:26,14.6,0,188.3,4,24.1
211,인제,04/04/2019 17:27,14.6,0,170,3.8,24
211,인제,04/04/2019 17:28,14.6,0,177.2,7.2,23.6
211,인제,04/04/2019 17:29,14.5,0,168.1,6,23.5
211,인제,04/04/2019 17:30,14.5,0,179.9,4.5,23.6
211,인제,04/04/2019 17:31,14.5,0,186.1,6.7,23.7
211,인제,04/04/2019 17:32,14.5,0,147.8,7.2,23.6
211,인제,04/04/2019 17:33,14.5,0,117.7,4.1,23.5
211,인제,04/04/2019 17:34,14.4,0,150.2,4.4,23.5
211,인제,04/04/2019 17:35,14.4,0,168.2,5.6,23.8
211,인제,04/04/2019 17:36,14.3,0,204.2,4.5,23.8
211,인제,04/04/2019 17:37,14.3,0,129.5,3.8,23.6
211,인제,04/04/2019 17:38,14.3,0,181.7,6.5,23.7
211,인제,04/04/2019 17:39,14.2,0,151.5,6.4,23.1
211,인제,04/04/2019 17:40,14.2,0,133.6,4.6,23.3
211,인제,04/04/2019 17:41,14.2,0,210.5,7,23.4
211,인제,04/04/2019 17:42,14.2,0,166.5,6.5,23.4
211,인제,04/04/2019 17:43,14.2,0,160.9,5.6,23.7
211,인제,04/04/2019 17:44,14.2,0,131.4,4.6,23.7
211,인제,04/04/2019 17:45,14.2,0,156.7,3.7,23.4
211,인제,04/04/2019 17:46,14.1,0,107.8,6.2,23.3
211,인제,04/04/2019 17:47,14.1,0,149,3.1,23.3
211,인제,04/04/2019 17:48,14.1,0,175.9,4.7,23.3
211,인제,04/04/2019 17:49,14.1,0,157.1,5.6,23.3
211,인제,04/04/2019 17:50,14.1,0,132.1,5.2,23.3
211,인제,04/04/2019 17:51,14.1,0,134.6,5.3,22.9
211,인제,04/04/2019 17:52,14.1,0,156.7,3.5,23
211,인제,04/04/2019 17:53,14.1,0,150.1,4.5,23.5
211,인제,04/04/2019 17:54,14,0,159.5,4.8,23
211,인제,04/04/2019 17:55,14.1,0,180.6,5.6,22.8
211,인제,04/04/2019 17:56,14.1,0,185.2,4.5,23.1
211,인제,04/04/2019 17:57,14,0,151.3,2.8,23.1
211,인제,04/04/2019 17:58,14,0,199.8,5.3,23.4
211,인제,04/04/2019 17:59,14,0,173.2,4.2,23.1
211,인제,04/04/2019 18:00,14,0,151.5,3.5,23.4
211,인제,04/04/2019 18:01,14,0,134.7,4.6,22.9
211,인제,04/04/2019 18:02,14,0,185.2,6.4,22.9
211,인제,04/04/2019 18:03,14,0,182.6,6,23
211,인제,04/04/2019 18:04,14,0,198.2,5.1,22.8
211,인제,04/04/2019 18:05,14,0,154.6,2.6,23.1
211,인제,04/04/2019 18:06,14,0,175.7,2.2,23.5
211,인제,04/04/2019 18:07,13.9,0,146.1,3.9,23.4
211,인제,04/04/2019 18:08,13.9,0,175.7,4.7,23.1
211,인제,04/04/2019 18:09,13.9,0,167.6,4.6,23.1
211,인제,04/04/2019 18:10,13.9,0,138.2,4.8,23
211,인제,04/04/2019 18:11,13.9,0,157.1,2.1,23.1
211,인제,04/04/2019 18:12,13.8,0,164,3.5,23.4
211,인제,04/04/2019 18:13,13.8,0,168.8,4.2,23.3
211,인제,04/04/2019 18:14,13.8,0,200.2,5,23.6
211,인제,04/04/2019 18:15,13.8,0,96.6,1.9,23.9
211,인제,04/04/2019 18:16,13.7,0,140.7,2.8,23.7
211,인제,04/04/2019 18:17,13.7,0,140.9,4.7,24.1
211,인제,04/04/2019 18:18,13.7,0,183.6,4.2,24.1
211,인제,04/04/2019 18:19,13.7,0,167.5,3.8,23.6
211,인제,04/04/2019 18:20,13.7,0,192.3,4.6,23.3
211,인제,04/04/2019 18:21,13.7,0,153.7,3.1,23.3
211,인제,04/04/2019 18:22,13.7,0,146.1,3.5,23.6
211,인제,04/04/2019 18:23,13.6,0,161.4,5.5,23.8
211,인제,04/04/2019 18:24,13.6,0,164.9,4,23.6
211,인제,04/04/2019 18:25,13.6,0,170.4,5.5,23.5
211,인제,04/04/2019 18:26,13.6,0,183,5,23.5
211,인제,04/04/2019 18:27,13.6,0,189,5,23.6
211,인제,04/04/2019 18:28,13.6,0,167.7,5.2,23.2
211,인제,04/04/2019 18:29,13.6,0,159.6,2.8,23
211,인제,04/04/2019 18:30,13.6,0,169.3,2.3,23
211,인제,04/04/2019 18:31,13.5,0,165.7,4.5,23.6
211,인제,04/04/2019 18:32,13.6,0,185.6,5.6,23.4
211,인제,04/04/2019 18:33,13.5,0,185.8,4.2,23.6
211,인제,04/04/2019 18:34,13.5,0,185.7,4.8,23.7
211,인제,04/04/2019 18:35,13.5,0,180.1,3.7,23.7
211,인제,04/04/2019 18:36,13.5,0,162.7,4.4,23.9
211,인제,04/04/2019 18:37,13.5,0,138.1,4.6,23.5
211,인제,04/04/2019 18:38,13.5,0,169.8,3.5,23.6
211,인제,04/04/2019 18:39,13.4,0,130.1,4.2,23.6
211,인제,04/04/2019 18:40,13.3,0,187.2,4.6,23.6
211,인제,04/04/2019 18:41,13.3,0,164,3.6,23.7
211,인제,04/04/2019 18:42,13.3,0,162.9,2.4,23.5
211,인제,04/04/2019 18:43,13.2,0,171,3.3,23.7
211,인제,04/04/2019 18:44,13.2,0,192.5,4.4,23.5
211,인제,04/04/2019 18:45,13.2,0,168.3,3.7,23.6
211,인제,04/04/2019 18:46,13.2,0,166.4,5.2,23.4
211,인제,04/04/2019 18:47,13.2,0,144.9,3.8,23.3
211,인제,04/04/2019 18:48,13.2,0,178.9,4.1,23.3
211,인제,04/04/2019 18:49,13.2,0,172.8,5.7,23.1
211,인제,04/04/2019 18:50,13.2,0,166.9,5.6,22.9
211,인제,04/04/2019 18:51,13.1,0,199.6,3.6,22.9
211,인제,04/04/2019 18:52,13.1,0,201.2,2.6,23
211,인제,04/04/2019 18:53,13,0,169,5,23
211,인제,04/04/2019 18:54,13.1,0,185.2,2.5,23
211,인제,04/04/2019 18:55,13,0,165.4,3,23
211,인제,04/04/2019 18:56,13,0,158.8,3.7,22.8
211,인제,04/04/2019 18:57,13,0,173.5,4.9,22.6
211,인제,04/04/2019 18:58,13,0,146.7,3.2,22.6
211,인제,04/04/2019 18:59,13,0,173.7,2.6,22.6
211,인제,04/04/2019 19:00,12.9,0,182.3,6.7,22.5
211,인제,04/04/2019 19:01,12.9,0,144.3,5.2,22.5
211,인제,04/04/2019 19:02,12.9,0,163.3,3.7,22.4
211,인제,04/04/2019 19:03,12.9,0,157.4,4.5,22.4
211,인제,04/04/2019 19:04,12.9,0,158.6,4.1,22.5
211,인제,04/04/2019 19:05,12.8,0,136.8,5.2,22.5
211,인제,04/04/2019 19:06,12.8,0,206.7,4.6,22.5
211,인제,04/04/2019 19:07,12.8,0,197,4.6,22.3
211,인제,04/04/2019 19:08,12.9,0,171.4,4.7,22.4
211,인제,04/04/2019 19:09,12.8,0,157.9,5.5,22
211,인제,04/04/2019 19:10,12.9,0,169.5,7,21.8
211,인제,04/04/2019 19:11,12.9,0,174.9,4.9,21.7
211,인제,04/04/2019 19:12,12.8,0,154.8,4.7,21.8
211,인제,04/04/2019 19:13,12.7,0,148.2,5.1,21.8
211,인제,04/04/2019 19:14,12.7,0,185.9,5,21.8
211,인제,04/04/2019 19:15,12.7,0,164.8,5.6,21.7
211,인제,04/04/2019 19:16,12.6,0,199,5.6,21.8
211,인제,04/04/2019 19:17,12.6,0,162.5,5,21.8
211,인제,04/04/2019 19:18,12.6,0,153.4,5.9,21.9
211,인제,04/04/2019 19:19,12.6,0,148.6,4.7,21.5
211,인제,04/04/2019 19:20,12.6,0,155.4,5.2,21
211,인제,04/04/2019 19:21,12.5,0,155.4,4.9,21.1
211,인제,04/04/2019 19:22,12.5,0,174.4,6,21.3
211,인제,04/04/2019 19:23,12.5,0,175.7,6.9,21.2
211,인제,04/04/2019 19:24,12.5,0,164.1,6.7,20.9
211,인제,04/04/2019 19:25,12.5,0,140.7,6.9,20.7
211,인제,04/04/2019 19:26,12.5,0,160.7,6.1,20.9
211,인제,04/04/2019 19:27,12.4,0,166.8,5.5,20.8
211,인제,04/04/2019 19:28,12.4,0,162.7,4.6,20.8
211,인제,04/04/2019 19:29,12.4,0,152.3,7.2,20.3
211,인제,04/04/2019 19:30,12.4,0,186.9,5.3,20
211,인제,04/04/2019 19:31,12.4,0,163,5,19.9
211,인제,04/04/2019 19:32,12.3,0,168.5,5.8,20.1
211,인제,04/04/2019 19:33,12.3,0,164.2,5.4,20.4
211,인제,04/04/2019 19:34,12.3,0,176.1,6.4,20.3
211,인제,04/04/2019 19:35,12.3,0,163.4,6.5,20.2
211,인제,04/04/2019 19:36,12.2,0,127.2,6.7,20.2
211,인제,04/04/2019 19:37,12.2,0,149.3,4.4,19.8
211,인제,04/04/2019 19:38,12.2,0,159.9,5.4,19.9
211,인제,04/04/2019 19:39,12.2,0,175,5.7,20
211,인제,04/04/2019 19:40,12.2,0,146,4.2,20.1
211,인제,04/04/2019 19:41,12.1,0,139.3,5.6,19.6
211,인제,04/04/2019 19:42,12.1,0,148.2,3.6,19.9
211,인제,04/04/2019 19:43,12.1,0,153.8,3.7,20
211,인제,04/04/2019 19:44,12.1,0,141.4,5.8,19.9
211,인제,04/04/2019 19:45,12,0,190.7,6.7,20.1
211,인제,04/04/2019 19:46,12.1,0,169.7,4.1,19.1
211,인제,04/04/2019 19:47,12,0,161.4,5.8,19.7
211,인제,04/04/2019 19:48,12,0,161.1,5.9,19.7
211,인제,04/04/2019 19:49,12,0,156.7,5.2,19.8
211,인제,04/04/2019 19:50,12.1,0,161.7,6.9,19.4
211,인제,04/04/2019 19:51,12.1,0,148.7,4,19.4
211,인제,04/04/2019 19:52,12,0,168.3,5.4,19.7
211,인제,04/04/2019 19:53,12,0,191.2,4.4,19.7
211,인제,04/04/2019 19:54,12,0,178.5,6.3,20
211,인제,04/04/2019 19:55,12,0,143.8,4.7,20.3
211,인제,04/04/2019 19:56,11.9,0,156.3,6.6,20.3
211,인제,04/04/2019 19:57,11.9,0,168.1,4.8,20.3
211,인제,04/04/2019 19:58,11.8,0,159.9,5.2,20.4
211,인제,04/04/2019 19:59,11.9,0,192.5,6,20
211,인제,04/04/2019 20:00,11.9,0,156.9,5.2,20.1
211,인제,04/04/2019 20:01,11.9,0,165.7,5.9,20.2
211,인제,04/04/2019 20:02,11.9,0,135,5.3,20.4
211,인제,04/04/2019 20:03,11.9,0,165.1,6,20.3
211,인제,04/04/2019 20:04,11.8,0,169.6,4.2,20.4
211,인제,04/04/2019 20:05,11.8,0,166.3,4.6,20.5
211,인제,04/04/2019 20:06,11.8,0,174.5,4.8,20.3
211,인제,04/04/2019 20:07,11.8,0,158.8,5.6,20.6
211,인제,04/04/2019 20:08,11.8,0,153.8,4.5,20.8
211,인제,04/04/2019 20:09,11.8,0,185.3,6.4,20.3
211,인제,04/04/2019 20:10,11.8,0,169,3.9,20.7
211,인제,04/04/2019 20:11,11.7,0,170.2,4.3,20.8
211,인제,04/04/2019 20:12,11.7,0,177.3,4.5,20.4
211,인제,04/04/2019 20:13,11.8,0,161.3,5.4,20.3
211,인제,04/04/2019 20:14,11.8,0,176.4,5.1,20.3
211,인제,04/04/2019 20:15,11.8,0,148.6,3,20.1
211,인제,04/04/2019 20:16,11.8,0,171.5,5.8,20.4
211,인제,04/04/2019 20:17,11.8,0,176.6,6,20.2
211,인제,04/04/2019 20:18,11.8,0,176.1,5.9,20.3
211,인제,04/04/2019 20:19,11.8,0,181.5,5.8,20.4
211,인제,04/04/2019 20:20,11.8,0,216.9,5.9,20.3
211,인제,04/04/2019 20:21,11.7,0,162.9,5.1,20.7
211,인제,04/04/2019 20:22,11.7,0,147.6,6.1,20.8
211,인제,04/04/2019 20:23,11.7,0,130.6,3.8,20.2
211,인제,04/04/2019 20:24,11.7,0,181.5,4.9,20.4
211,인제,04/04/2019 20:25,11.7,0,211.9,4.7,20.6
211,인제,04/04/2019 20:26,11.7,0,154.8,3.9,20.6
211,인제,04/04/2019 20:27,11.6,0,158.2,4.2,20.8
211,인제,04/04/2019 20:28,11.5,0,136.9,3.5,20.9
211,인제,04/04/2019 20:29,11.5,0,165.6,5,21
211,인제,04/04/2019 20:30,11.5,0,163.8,4,21.3
211,인제,04/04/2019 20:31,11.4,0,172.7,4.9,21.5
211,인제,04/04/2019 20:32,11.4,0,164.7,4.7,21.5
211,인제,04/04/2019 20:33,11.4,0,158.7,5.2,21.3
211,인제,04/04/2019 20:34,11.5,0,157.5,4.9,21.2
211,인제,04/04/2019 20:35,11.4,0,170.4,4.7,21.3
211,인제,04/04/2019 20:36,11.4,0,146.8,5.1,21.5
211,인제,04/04/2019 20:37,11.4,0,164.2,6.7,21.4
211,인제,04/04/2019 20:38,11.4,0,153,3.7,21.3
211,인제,04/04/2019 20:39,11.4,0,105.5,2.7,21.4
211,인제,04/04/2019 20:40,11.3,0,135.7,4.2,21.5
211,인제,04/04/2019 20:41,11.4,0,159,5.5,21.5
211,인제,04/04/2019 20:42,11.3,0,170,6.8,21.7
211,인제,04/04/2019 20:43,11.4,0,154.3,4.2,21.4
211,인제,04/04/2019 20:44,11.3,0,176.5,4.5,21.7
211,인제,04/04/2019 20:45,11.3,0,154.2,4.1,21.6
211,인제,04/04/2019 20:46,11.3,0,160.5,4.2,21.7
211,인제,04/04/2019 20:47,11.3,0,140.7,6.1,21.8
211,인제,04/04/2019 20:48,11.3,0,150.5,5.9,21.8
211,인제,04/04/2019 20:49,11.3,0,171.7,4.2,21.6
211,인제,04/04/2019 20:50,11.3,0,175.6,5.9,21.7
211,인제,04/04/2019 20:51,11.3,0,150.7,5.4,21.8
211,인제,04/04/2019 20:52,11.3,0,144.7,4.9,21.8
211,인제,04/04/2019 20:53,11.2,0,151.7,3.7,21.9
211,인제,04/04/2019 20:54,11.2,0,178,6,21.9
211,인제,04/04/2019 20:55,11.2,0,164.7,5.2,21.9
211,인제,04/04/2019 20:56,11.2,0,163.3,5.3,22
211,인제,04/04/2019 20:57,11.2,0,164.5,6,22
211,인제,04/04/2019 20:58,11.2,0,180.5,4.5,22
211,인제,04/04/2019 20:59,11.2,0,138.4,4.9,22
211,인제,04/04/2019 21:00,11.2,0,142.8,5.4,22.1
211,인제,04/04/2019 21:01,11.2,0,138.5,4.5,22.2
211,인제,04/04/2019 21:02,11.1,0,164.3,4.6,22.4
211,인제,04/04/2019 21:03,11.1,0,163.4,3.6,22.1
211,인제,04/04/2019 21:04,11.1,0,148.6,5.7,22.1
211,인제,04/04/2019 21:05,11.1,0,171.3,6.3,22.3
211,인제,04/04/2019 21:06,11.1,0,190.3,3.9,22.1
211,인제,04/04/2019 21:07,11.1,0,182.5,4.4,22.1
211,인제,04/04/2019 21:08,11.2,0,166.7,4.9,22
211,인제,04/04/2019 21:09,11.1,0,159.4,4.6,22.4
211,인제,04/04/2019 21:10,11.1,0,167.8,3.8,22.4
211,인제,04/04/2019 21:11,11.1,0,175.7,3.5,22.2
211,인제,04/04/2019 21:12,11,0,192.3,3.6,22.6
211,인제,04/04/2019 21:13,10.9,0,160.7,3.1,22.9
211,인제,04/04/2019 21:14,10.9,0,154,4.5,22.6
211,인제,04/04/2019 21:15,11,0,175.6,6.8,22.4
211,인제,04/04/2019 21:16,11.1,0,206,4.9,22.5
211,인제,04/04/2019 21:17,11,0,183.5,4,22.5
211,인제,04/04/2019 21:18,10.9,0,164.4,3.1,22.8
211,인제,04/04/2019 21:19,10.9,0,174.1,5,22.9
211,인제,04/04/2019 21:20,11,0,175.9,3.3,22.4
211,인제,04/04/2019 21:21,11,0,147.7,5.5,22.6
211,인제,04/04/2019 21:22,10.9,0,195.6,6,22.7
211,인제,04/04/2019 21:23,10.9,0,155.4,3.9,22.5
211,인제,04/04/2019 21:24,11,0,179,4.3,22.4
211,인제,04/04/2019 21:25,11,0,152.4,3.4,22.4
211,인제,04/04/2019 21:26,10.9,0,141.9,4.1,22.7
211,인제,04/04/2019 21:27,10.9,0,155,4.2,22.9
211,인제,04/04/2019 21:28,10.8,0,160.8,3.5,23
211,인제,04/04/2019 21:29,10.8,0,158.7,4.4,23
211,인제,04/04/2019 21:30,10.8,0,161.1,3.7,22.9
211,인제,04/04/2019 21:31,10.8,0,159,4.1,22.8
211,인제,04/04/2019 21:32,10.8,0,147.5,5.7,22.9
211,인제,04/04/2019 21:33,10.8,0,174.2,4.8,23.2
211,인제,04/04/2019 21:34,10.8,0,152.9,4.7,23
211,인제,04/04/2019 21:35,10.8,0,155.4,3,23.3
211,인제,04/04/2019 21:36,10.8,0,173.7,3.6,23.1
211,인제,04/04/2019 21:37,10.8,0,163.5,4.1,23.1
211,인제,04/04/2019 21:38,10.8,0,149.4,5.3,23.3
211,인제,04/04/2019 21:39,10.7,0,189.8,3.9,23.5
211,인제,04/04/2019 21:40,10.8,0,160.7,3.9,23.3
211,인제,04/04/2019 21:41,10.7,0,158,2.6,23.6
211,인제,04/04/2019 21:42,10.6,0,134.8,4.7,23.3
211,인제,04/04/2019 21:43,10.7,0,155.9,3.8,23.4
211,인제,04/04/2019 21:44,10.7,0,140.5,4.3,23.5
211,인제,04/04/2019 21:45,10.7,0,138.4,3.9,23.3
211,인제,04/04/2019 21:46,10.7,0,131.6,2.8,23.4
211,인제,04/04/2019 21:47,10.7,0,150.8,4.3,23.4
211,인제,04/04/2019 21:48,10.7,0,155.9,4.4,23.4
211,인제,04/04/2019 21:49,10.7,0,206.3,3.9,23.6
211,인제,04/04/2019 21:50,10.7,0,168.7,3.8,23.3
211,인제,04/04/2019 21:51,10.8,0,157.8,3.6,23.3
211,인제,04/04/2019 21:52,10.7,0,155.1,3.4,23.6
211,인제,04/04/2019 21:53,10.7,0,154.3,5,23.4
211,인제,04/04/2019 21:54,10.7,0,158.5,3.9,23.6
211,인제,04/04/2019 21:55,10.7,0,158.7,4,23.6
211,인제,04/04/2019 21:56,10.7,0,144.3,4.1,23.7
211,인제,04/04/2019 21:57,10.6,0,155.2,4.4,23.7
211,인제,04/04/2019 21:58,10.7,0,140.5,5.2,23.5
211,인제,04/04/2019 21:59,10.7,0,163.1,3.1,23.7
211,인제,04/04/2019 22:00,10.7,0,155.6,4.7,23.6
211,인제,04/04/2019 22:01,10.7,0,144.4,5.7,23.6
211,인제,04/04/2019 22:02,10.7,0,160.2,4.2,23.5
211,인제,04/04/2019 22:03,10.6,0,178.4,2.4,23.6
211,인제,04/04/2019 22:04,10.6,0,143.5,2.8,23.6
211,인제,04/04/2019 22:05,10.6,0,143.1,2.8,23.7
211,인제,04/04/2019 22:06,10.5,0,138.1,2.8,24.2
211,인제,04/04/2019 22:07,10.4,0,146.9,4.3,24.3
211,인제,04/04/2019 22:08,10.4,0,161.3,2,24.2
211,인제,04/04/2019 22:09,10.4,0,170.6,2,24.3
211,인제,04/04/2019 22:10,10.3,0,190.3,1.9,24.3
211,인제,04/04/2019 22:11,10.3,0,100,1.4,24.3
211,인제,04/04/2019 22:12,10.3,0,154.1,1.7,24.3
211,인제,04/04/2019 22:13,10.3,0,150.9,3,24.3
211,인제,04/04/2019 22:14,10.4,0,130.2,4,24.1
211,인제,04/04/2019 22:15,10.5,0,119.8,2.8,24.1
211,인제,04/04/2019 22:16,10.5,0,176.9,2.9,24.1
211,인제,04/04/2019 22:17,10.5,0,145.4,1.6,23.9
211,인제,04/04/2019 22:18,10.5,0,162.8,3.4,24
211,인제,04/04/2019 22:19,10.5,0,159.5,3.4,24
211,인제,04/04/2019 22:20,10.5,0,155.8,2.4,24
211,인제,04/04/2019 22:21,10.5,0,150.2,1.7,24
211,인제,04/04/2019 22:22,10.5,0,176.1,2,24.3
211,인제,04/04/2019 22:23,10.5,0,184.2,1.2,24.5
211,인제,04/04/2019 22:24,10.4,0,151.8,1.5,24.9
211,인제,04/04/2019 22:25,10.4,0,159.8,3.8,25.2
211,인제,04/04/2019 22:26,10.3,0,135.6,3.3,25.3
211,인제,04/04/2019 22:27,10.3,0,149.4,2.4,25.4
211,인제,04/04/2019 22:28,10.3,0,142.6,2.5,25.2
211,인제,04/04/2019 22:29,10.3,0,154.3,2.1,25.6
211,인제,04/04/2019 22:30,10.3,0,155.9,3.1,25.8
211,인제,04/04/2019 22:31,10.3,0,126.3,3.2,25.9
211,인제,04/04/2019 22:32,10.3,0,165.4,3.4,26.2
211,인제,04/04/2019 22:33,10.2,0,169.2,2.8,26.2
211,인제,04/04/2019 22:34,10.3,0,160.2,3.7,26.3
211,인제,04/04/2019 22:35,10.3,0,157.7,2.3,26.3
211,인제,04/04/2019 22:36,10.3,0,153.8,3.5,26.4
211,인제,04/04/2019 22:37,10.3,0,139.6,3,26.4
211,인제,04/04/2019 22:38,10.3,0,142.3,3.3,26.7
211,인제,04/04/2019 22:39,10.2,0,137.9,3.8,26.8
211,인제,04/04/2019 22:40,10.2,0,174.2,3.8,26.6
211,인제,04/04/2019 22:41,10.3,0,151.1,3.3,26.5
211,인제,04/04/2019 22:42,10.3,0,161.4,3.7,26.5
211,인제,04/04/2019 22:43,10.3,0,122.5,2.9,26.5
211,인제,04/04/2019 22:44,10.3,0,140.3,2.7,26.4
211,인제,04/04/2019 22:45,10.3,0,132.8,2.9,26.4
211,인제,04/04/2019 22:46,10.3,0,144.2,4,26.7
211,인제,04/04/2019 22:47,10.3,0,143.7,4.6,26.5
211,인제,04/04/2019 22:48,10.3,0,146.9,4.2,26.4
211,인제,04/04/2019 22:49,10.3,0,127.9,4.2,26.1
211,인제,04/04/2019 22:50,10.3,0,153.8,3,26.5
211,인제,04/04/2019 22:51,10.2,0,168.9,4.3,26.6
211,인제,04/04/2019 22:52,10.3,0,127.8,4.8,26.7
211,인제,04/04/2019 22:53,10.2,0,135,4.5,26.7
211,인제,04/04/2019 22:54,10.2,0,114.2,4.1,26.7
211,인제,04/04/2019 22:55,10.3,0,140.3,4.5,26.8
211,인제,04/04/2019 22:56,10.2,0,164.6,5.9,26.9
211,인제,04/04/2019 22:57,10.2,0,155.7,3.8,26.7
211,인제,04/04/2019 22:58,10.2,0,122.6,2.8,26.8
211,인제,04/04/2019 22:59,10.1,0,140.5,5.4,27.3
211,인제,04/04/2019 23:00,10,0,161.2,4.1,27.4
211,인제,04/04/2019 23:01,10,0,171.7,3.6,27.1
211,인제,04/04/2019 23:02,10,0,143.1,4.4,27.2
211,인제,04/04/2019 23:03,10.1,0,119.9,4.6,27.1
211,인제,04/04/2019 23:04,10.1,0,145.5,3,26.9
211,인제,04/04/2019 23:05,10.1,0,123.7,4.7,26.9
211,인제,04/04/2019 23:06,10.1,0,144.6,4.4,27
211,인제,04/04/2019 23:07,10.1,0,143.6,4.5,27.2
211,인제,04/04/2019 23:08,10.1,0,142,6.2,27.2
211,인제,04/04/2019 23:09,10,0,145.6,4.7,27
211,인제,04/04/2019 23:10,10,0,141.2,4.2,27.2
211,인제,04/04/2019 23:11,10,0,135.6,5.4,27.2
211,인제,04/04/2019 23:12,10,0,127.2,4.5,27
211,인제,04/04/2019 23:13,10,0,125.8,2.9,27
211,인제,04/04/2019 23:14,10,0,131.1,4,27.1
211,인제,04/04/2019 23:15,10,0,153,5.4,27
211,인제,04/04/2019 23:16,10,0,148.3,5.8,27.1
211,인제,04/04/2019 23:17,10,0,163.1,4.2,27.1
211,인제,04/04/2019 23:18,10,0,155.8,3.9,26.9
211,인제,04/04/2019 23:19,9.9,0,162.9,6.1,27
211,인제,04/04/2019 23:20,10,0,159.5,4.4,26.9
211,인제,04/04/2019 23:21,10,0,137.2,4.8,26.9
211,인제,04/04/2019 23:22,9.9,0,137.6,5.7,27
211,인제,04/04/2019 23:23,9.9,0,145.7,5.7,27
211,인제,04/04/2019 23:24,9.9,0,148.7,5.8,27
211,인제,04/04/2019 23:25,10,0,142.3,6.4,26.7
211,인제,04/04/2019 23:26,10,0,155,3.6,26.7
211,인제,04/04/2019 23:27,9.9,0,183.9,3.6,26.8
211,인제,04/04/2019 23:28,9.9,0,131.9,2.6,26.8
211,인제,04/04/2019 23:29,9.9,0,142.8,5.4,26.8
211,인제,04/04/2019 23:30,9.8,0,149,6.5,26.9
211,인제,04/04/2019 23:31,9.7,0,184.1,5.8,27.2
211,인제,04/04/2019 23:32,9.7,0,179.1,3.8,26.9
211,인제,04/04/2019 23:33,9.7,0,143,4.9,27
211,인제,04/04/2019 23:34,9.7,0,152,7.4,26.8
211,인제,04/04/2019 23:35,9.8,0,145.8,5.6,26.6
211,인제,04/04/2019 23:36,9.8,0,151.1,2.9,26.5
211,인제,04/04/2019 23:37,9.8,0,131.5,6.9,26.5
211,인제,04/04/2019 23:38,9.8,0,151.4,4.3,26.4
211,인제,04/04/2019 23:39,9.7,0,148.1,5.5,26.7
211,인제,04/04/2019 23:40,9.7,0,162.5,7.4,26.4
211,인제,04/04/2019 23:41,9.7,0,232.3,4.1,26.4
211,인제,04/04/2019 23:42,9.7,0,154.2,4,26.4
211,인제,04/04/2019 23:43,9.7,0,140.2,5.2,26.5
211,인제,04/04/2019 23:44,9.7,0,155.8,7,26.5
211,인제,04/04/2019 23:45,9.7,0,171,5.2,26.3
211,인제,04/04/2019 23:46,9.7,0,151.8,5.9,26.6
211,인제,04/04/2019 23:47,9.7,0,138.9,5.2,26.4
211,인제,04/04/2019 23:48,9.7,0,134.7,4.4,26.5
211,인제,04/04/2019 23:49,9.6,0,150.6,5.4,26.6
211,인제,04/04/2019 23:50,9.6,0,164.2,4.9,26.8
211,인제,04/04/2019 23:51,9.6,0,176.4,6.1,26.7
211,인제,04/04/2019 23:52,9.6,0,141.4,5.9,26.7
211,인제,04/04/2019 23:53,9.6,0,133.9,5.2,26.3
211,인제,04/04/2019 23:54,9.6,0,180.7,5,26.6
211,인제,04/04/2019 23:55,9.6,0,171.9,4.1,26.5
211,인제,04/04/2019 23:56,9.6,0,142,3.2,26.4
211,인제,04/04/2019 23:57,9.6,0,141.2,5.7,26.4
211,인제,04/04/2019 23:58,9.6,0,131.3,5.9,26.5
211,인제,04/04/2019 23:59,9.6,0,157.7,5.3,26.5
211,인제,05/04/2019 00:00,9.6,0,170.9,7.9,26.5
211,인제,05/04/2019 00:01,9.6,0,180.7,4.7,26.3
211,인제,05/04/2019 00:02,9.6,0,189.3,7.4,26.1
211,인제,05/04/2019 00:03,9.6,0,190.9,5.3,26.2
211,인제,05/04/2019 00:04,9.6,0,157.6,4.7,26.2
211,인제,05/04/2019 00:05,9.6,0,124.7,6.3,26.3
211,인제,05/04/2019 00:06,9.5,0,149.9,4.3,26.3
211,인제,05/04/2019 00:07,9.5,0,141.8,7.8,26.3
211,인제,05/04/2019 00:08,9.5,0,181.3,6.6,26.2
211,인제,05/04/2019 00:09,9.5,0,140.9,7.2,26
211,인제,05/04/2019 00:10,9.5,0,164.6,6.6,26
211,인제,05/04/2019 00:11,9.4,0,172.7,5.7,26.3
211,인제,05/04/2019 00:12,9.4,0,147,5.9,26.1
211,인제,05/04/2019 00:13,9.4,0,151.4,5.6,26.2
211,인제,05/04/2019 00:14,9.4,0,170.2,6.9,26.2
211,인제,05/04/2019 00:15,9.5,0,149.9,5.9,26
211,인제,05/04/2019 00:16,9.4,0,168.5,5.8,26.1
211,인제,05/04/2019 00:17,9.4,0,169.9,5.9,26.1
211,인제,05/04/2019 00:18,9.4,0,146.7,5.6,26.1
211,인제,05/04/2019 00:19,9.4,0,185.7,6.8,25.8
211,인제,05/04/2019 00:20,9.4,0,190.8,6.2,26.1
211,인제,05/04/2019 00:21,9.4,0,151.3,4.2,26.1
211,인제,05/04/2019 00:22,9.4,0,214.6,6.1,25.9
211,인제,05/04/2019 00:23,9.4,0,146.6,3.9,25.9
211,인제,05/04/2019 00:24,9.4,0,162,5.3,25.8
211,인제,05/04/2019 00:25,9.4,0,144.2,4.7,26
211,인제,05/04/2019 00:26,9.3,0,181.6,4.7,25.9
211,인제,05/04/2019 00:27,9.3,0,143.3,4.4,26
211,인제,05/04/2019 00:28,9.3,0,156,6.4,26
211,인제,05/04/2019 00:29,9.3,0,186.1,7.8,26
211,인제,05/04/2019 00:30,9.3,0,157.9,5.9,25.8
211,인제,05/04/2019 00:31,9.3,0,175.6,5.7,25.8
211,인제,05/04/2019 00:32,9.3,0,167.3,4.5,26
211,인제,05/04/2019 00:33,9.3,0,147.2,6.6,25.9
211,인제,05/04/2019 00:34,9.3,0,165.5,5.6,26.1
211,인제,05/04/2019 00:35,9.2,0,122.7,3.8,26.3
211,인제,05/04/2019 00:36,9.2,0,146.8,5.4,26.2
211,인제,05/04/2019 00:37,9.2,0,160.5,5.4,26.2
211,인제,05/04/2019 00:38,9.2,0,169.1,5,26.1
211,인제,05/04/2019 00:39,9.2,0,134.5,3.6,26.2
211,인제,05/04/2019 00:40,9.2,0,161,5.5,26.2
211,인제,05/04/2019 00:41,9.2,0,138.4,5.1,26.1
211,인제,05/04/2019 00:42,9.2,0,179.6,6.4,26
211,인제,05/04/2019 00:43,9.1,0,175.1,3.6,26.2
211,인제,05/04/2019 00:44,9.1,0,172.9,4.4,26.4
211,인제,05/04/2019 00:45,9.1,0,160.8,3.5,26.1
211,인제,05/04/2019 00:46,9.1,0,158.9,5.4,26.1
211,인제,05/04/2019 00:47,9.1,0,156.7,5.6,25.8
211,인제,05/04/2019 00:48,9.1,0,166.8,5.5,26
211,인제,05/04/2019 00:49,9.1,0,158,4.7,26
211,인제,05/04/2019 00:50,9.1,0,153.6,7.5,25.7
211,인제,05/04/2019 00:51,9.1,0,160.3,5.9,25.6
211,인제,05/04/2019 00:52,9.1,0,164.5,4.2,25.5
211,인제,05/04/2019 00:53,9.1,0,190.3,5.1,25.5
211,인제,05/04/2019 00:54,9.1,0,180,5.4,25.1
211,인제,05/04/2019 00:55,9.1,0,154.1,5.8,24.8
211,인제,05/04/2019 00:56,9.1,0,133.3,7.5,24.8
211,인제,05/04/2019 00:57,9.1,0,164.8,4.8,25
211,인제,05/04/2019 00:58,9.1,0,155.9,5.3,25.2
211,인제,05/04/2019 00:59,9,0,164.5,5.1,24.9
211,인제,05/04/2019 01:00,9,0,163.7,6,25.1
211,인제,05/04/2019 01:01,9,0,173,6,24.8
211,인제,05/04/2019 01:02,9.1,0,147.3,6.9,24.5
211,인제,05/04/2019 01:03,9,0,150,6,24.6
211,인제,05/04/2019 01:04,9,0,204.1,5.4,24.6
211,인제,05/04/2019 01:05,9,0,181.1,3.7,24.6
211,인제,05/04/2019 01:06,9,0,153.8,6.1,24.5
211,인제,05/04/2019 01:07,9,0,153.7,4.1,24.3
211,인제,05/04/2019 01:08,8.9,0,173.7,6.4,24.2
211,인제,05/04/2019 01:09,9,0,165.3,5.2,23.8
211,인제,05/04/2019 01:10,9,0,158.2,5.1,23.8
211,인제,05/04/2019 01:11,8.9,0,165.2,5.1,23.9
211,인제,05/04/2019 01:12,9,0,176.6,6.3,23.3
211,인제,05/04/2019 01:13,8.9,0,150.3,7.1,23.5
211,인제,05/04/2019 01:14,8.9,0,168.7,5.8,23.4
211,인제,05/04/2019 01:15,8.9,0,166.5,4.8,23.6
211,인제,05/04/2019 01:16,8.9,0,169.4,7.8,23.3
211,인제,05/04/2019 01:17,8.9,0,179,5.8,22.8
211,인제,05/04/2019 01:18,8.9,0,159.9,4.3,23.2
211,인제,05/04/2019 01:19,8.8,0,173.4,6.9,23
211,인제,05/04/2019 01:20,8.9,0,169.2,5.4,22.8
211,인제,05/04/2019 01:21,8.8,0,199.7,5.6,22.9
211,인제,05/04/2019 01:22,8.8,0,168.2,5.3,22.9
211,인제,05/04/2019 01:23,8.8,0,178.6,6.9,22.7
211,인제,05/04/2019 01:24,8.8,0,152.9,7,22.6
211,인제,05/04/2019 01:25,8.8,0,170.1,7.8,22.4
211,인제,05/04/2019 01:26,8.8,0,172,5.9,22.3
211,인제,05/04/2019 01:27,8.8,0,153.3,7.5,22
211,인제,05/04/2019 01:28,8.8,0,171.4,4.7,22.1
211,인제,05/04/2019 01:29,8.8,0,159.9,7.6,22
211,인제,05/04/2019 01:30,8.8,0,180,5.2,22
211,인제,05/04/2019 01:31,8.8,0,167.6,6.9,21.6
211,인제,05/04/2019 01:32,8.8,0,167.2,5.9,21.3
211,인제,05/04/2019 01:33,8.8,0,180.3,7.5,21.4
211,인제,05/04/2019 01:34,8.8,0,170.6,6.5,21.1
211,인제,05/04/2019 01:35,8.8,0,154,9,20.9
211,인제,05/04/2019 01:36,8.8,0,135.1,6.4,20.7
211,인제,05/04/2019 01:37,8.8,0,167.7,4.3,20.9
211,인제,05/04/2019 01:38,8.7,0,185.9,5,21
211,인제,05/04/2019 01:39,8.7,0,144,5.4,20.9
211,인제,05/04/2019 01:40,8.8,0,181.7,5.6,20.5
211,인제,05/04/2019 01:41,8.7,0,158.3,5.8,20.8
211,인제,05/04/2019 01:42,8.7,0,178.2,4.9,20.4
211,인제,05/04/2019 01:43,8.8,0,165.5,7.3,20.3
211,인제,05/04/2019 01:44,8.8,0,169.5,5.7,20.3
211,인제,05/04/2019 01:45,8.8,0,175.3,7.2,20.3
211,인제,05/04/2019 01:46,8.7,0,178.9,6.2,20.4
211,인제,05/04/2019 01:47,8.7,0,153.9,6.6,20.3
211,인제,05/04/2019 01:48,8.7,0,145.4,6,20.2
211,인제,05/04/2019 01:49,8.7,0,152.8,7.2,19.9
211,인제,05/04/2019 01:50,8.8,0,139.7,5.8,19.8
211,인제,05/04/2019 01:51,8.7,0,144.6,6.5,20
211,인제,05/04/2019 01:52,8.7,0,167.7,7.5,20.2
211,인제,05/04/2019 01:53,8.7,0,123.8,5.1,20
211,인제,05/04/2019 01:54,8.7,0,150.9,5.7,19.6
211,인제,05/04/2019 01:55,8.7,0,169.9,5.4,19.9
211,인제,05/04/2019 01:56,8.7,0,149.5,7.3,19.8
211,인제,05/04/2019 01:57,8.7,0,168.2,6.4,19.9
211,인제,05/04/2019 01:58,8.7,0,191.7,6.6,19.8
211,인제,05/04/2019 01:59,8.6,0,138,3.4,19.9
211,인제,05/04/2019 02:00,8.6,0,155,6,19.8
211,인제,05/04/2019 02:01,8.6,0,146.5,7.2,19.8
211,인제,05/04/2019 02:02,8.6,0,178.9,8,19.6
211,인제,05/04/2019 02:03,8.6,0,143.1,5.9,19.8
211,인제,05/04/2019 02:04,8.5,0,172.2,4.7,19.7
211,인제,05/04/2019 02:05,8.5,0,162.9,6.4,19.8
211,인제,05/04/2019 02:06,8.5,0,156.3,6.9,19.9
211,인제,05/04/2019 02:07,8.5,0,167.8,7.4,19.7
211,인제,05/04/2019 02:08,8.5,0,190.8,5.4,19.8
211,인제,05/04/2019 02:09,8.5,0,156.3,2.4,20
211,인제,05/04/2019 02:10,8.5,0,180,7.3,19.9
211,인제,05/04/2019 02:11,8.5,0,160.8,8.8,19.6
211,인제,05/04/2019 02:12,8.5,0,169.1,7.4,19.7
211,인제,05/04/2019 02:13,8.5,0,159.5,5.8,19.8
211,인제,05/04/2019 02:14,8.5,0,164,6.5,19.9
211,인제,05/04/2019 02:15,8.5,0,174,5.3,19.9
211,인제,05/04/2019 02:16,8.5,0,136.1,6,19.8
211,인제,05/04/2019 02:17,8.5,0,165.7,6.1,19.8
211,인제,05/04/2019 02:18,8.4,0,165.8,4.9,20
211,인제,05/04/2019 02:19,8.4,0,174.3,5.6,19.9
211,인제,05/04/2019 02:20,8.4,0,186.3,4.3,20.2
211,인제,05/04/2019 02:21,8.4,0,166.6,6.6,20.1
211,인제,05/04/2019 02:22,8.4,0,159.3,7.3,20
211,인제,05/04/2019 02:23,8.4,0,184.2,5.4,20.2
211,인제,05/04/2019 02:24,8.4,0,178.1,5.5,20.4
211,인제,05/04/2019 02:25,8.4,0,167.2,7.1,20.1
211,인제,05/04/2019 02:26,8.4,0,148.4,6,20
211,인제,05/04/2019 02:27,8.4,0,214.4,6,20.3
211,인제,05/04/2019 02:28,8.4,0,155.8,5.8,20.2
211,인제,05/04/2019 02:29,8.4,0,154.9,4.6,20
211,인제,05/04/2019 02:30,8.4,0,167.4,6.8,20.2
211,인제,05/04/2019 02:31,8.4,0,185,6.8,20.1
211,인제,05/04/2019 02:32,8.4,0,173.8,8.3,20
211,인제,05/04/2019 02:33,8.4,0,160.8,7.6,20.2
211,인제,05/04/2019 02:34,8.4,0,183.6,5.1,20.2
211,인제,05/04/2019 02:35,8.4,0,173.8,4,20.2
211,인제,05/04/2019 02:36,8.3,0,180,6.2,20.6
211,인제,05/04/2019 02:37,8.3,0,168.9,5.5,20.3
211,인제,05/04/2019 02:38,8.4,0,159.7,5.4,20.2
211,인제,05/04/2019 02:39,8.3,0,167.4,5.6,20.2
211,인제,05/04/2019 02:40,8.3,0,181.3,5.6,20.4
211,인제,05/04/2019 02:41,8.3,0,155,5,20.6
211,인제,05/04/2019 02:42,8.3,0,179.8,6.2,20.7
211,인제,05/04/2019 02:43,8.2,0,150.9,7.5,20.5
211,인제,05/04/2019 02:44,8.2,0,190.2,7.2,20.6
211,인제,05/04/2019 02:45,8.2,0,158.2,5,20.7
211,인제,05/04/2019 02:46,8.2,0,165.3,7.6,20.7
211,인제,05/04/2019 02:47,8.2,0,179.7,7,21
211,인제,05/04/2019 02:48,8.2,0,163.5,6.9,21
211,인제,05/04/2019 02:49,8.2,0,165.4,6.9,20.9
211,인제,05/04/2019 02:50,8.2,0,139.8,8.3,20.8
211,인제,05/04/2019 02:51,8.2,0,168.9,6.1,20.8
211,인제,05/04/2019 02:52,8.2,0,160.2,7.3,21
211,인제,05/04/2019 02:53,8.2,0,186.4,6.6,21
211,인제,05/04/2019 02:54,8.2,0,155.6,4,21.1
211,인제,05/04/2019 02:55,8.1,0,201.3,5.5,21.5
211,인제,05/04/2019 02:56,8.1,0,148.7,3.1,21.4
211,인제,05/04/2019 02:57,8.1,0,174.9,5.7,21.5
211,인제,05/04/2019 02:58,8.1,0,158.3,7.1,21.5
211,인제,05/04/2019 02:59,8.1,0,179.5,5.9,21.5
211,인제,05/04/2019 03:00,8.1,0,158,6.7,21.6
211,인제,05/04/2019 03:01,8.1,0,165.8,5.8,21.7
211,인제,05/04/2019 03:02,8.1,0,161.4,4.5,21.9
211,인제,05/04/2019 03:03,8.1,0,173.7,7.9,21.8
211,인제,05/04/2019 03:04,8.1,0,160.5,7.9,21.8
211,인제,05/04/2019 03:05,8.1,0,169.4,6.7,21.7
211,인제,05/04/2019 03:06,8.1,0,205.5,7.6,22
211,인제,05/04/2019 03:07,8,0,167.8,5.9,21.8
211,인제,05/04/2019 03:08,8,0,183.7,5.6,21.9
211,인제,05/04/2019 03:09,8,0,171.2,4.6,22.1
211,인제,05/04/2019 03:10,8,0,180.3,5.7,22.1
211,인제,05/04/2019 03:11,8,0,169.6,6.7,22.2
211,인제,05/04/2019 03:12,8,0,138.8,6.3,22.2
211,인제,05/04/2019 03:13,8,0,172.5,6.4,22.4
211,인제,05/04/2019 03:14,7.9,0,166.8,7.9,22.4
211,인제,05/04/2019 03:15,8,0,178.2,6.1,22.5
211,인제,05/04/2019 03:16,7.9,0,165.2,4.7,22.5
211,인제,05/04/2019 03:17,7.9,0,164.6,6.8,22.7
211,인제,05/04/2019 03:18,7.9,0,163.1,7.1,22.8
211,인제,05/04/2019 03:19,7.9,0,174.8,6,22.8
211,인제,05/04/2019 03:20,7.9,0,171.7,5,22.9
211,인제,05/04/2019 03:21,7.9,0,163.4,7.5,22.9
211,인제,05/04/2019 03:22,7.9,0,180.5,5.4,22.9
211,인제,05/04/2019 03:23,7.9,0,170.6,4.4,23
211,인제,05/04/2019 03:24,7.9,0,157,7,23
211,인제,05/04/2019 03:25,7.9,0,166.7,5.6,23.1
211,인제,05/04/2019 03:26,7.9,0,171.8,6,23.3
211,인제,05/04/2019 03:27,7.8,0,171.6,6.8,23.4
211,인제,05/04/2019 03:28,7.8,0,180.1,6.1,23.5
211,인제,05/04/2019 03:29,7.9,0,160,5.6,23.6
211,인제,05/04/2019 03:30,7.9,0,154.2,6.4,23.6
211,인제,05/04/2019 03:31,7.9,0,150.3,6.8,23.5
211,인제,05/04/2019 03:32,7.8,0,148.9,6.5,23.8
211,인제,05/04/2019 03:33,7.8,0,149.9,7.5,24
211,인제,05/04/2019 03:34,7.8,0,159,2.6,24.4
211,인제,05/04/2019 03:35,7.7,0,189.2,4.8,24.4
211,인제,05/04/2019 03:36,7.7,0,151.6,3.9,24.4
211,인제,05/04/2019 03:37,7.7,0,168.1,5.9,24.5
211,인제,05/04/2019 03:38,7.8,0,174.3,6.8,24.4
211,인제,05/04/2019 03:39,7.8,0,182.2,6.3,24.5
211,인제,05/04/2019 03:40,7.8,0,161.2,5.7,24.7
211,인제,05/04/2019 03:41,7.7,0,172.5,5.1,24.8
211,인제,05/04/2019 03:42,7.7,0,180.8,5.8,25
211,인제,05/04/2019 03:43,7.7,0,178.3,5.1,25
211,인제,05/04/2019 03:44,7.7,0,151.9,5.6,25
211,인제,05/04/2019 03:45,7.8,0,176.6,5.5,25
211,인제,05/04/2019 03:46,7.7,0,154.9,5.7,25.2
211,인제,05/04/2019 03:47,7.8,0,167.4,6.7,25.5
211,인제,05/04/2019 03:48,7.7,0,158.2,5.2,25.5
211,인제,05/04/2019 03:49,7.7,0,162.5,4.3,25.6
211,인제,05/04/2019 03:50,7.7,0,145.1,6.1,25.7
211,인제,05/04/2019 03:51,7.7,0,168.5,6.4,25.9
211,인제,05/04/2019 03:52,7.7,0,197.6,6.8,25.8
211,인제,05/04/2019 03:53,7.8,0,152.4,4.9,25.9
211,인제,05/04/2019 03:54,7.7,0,142.7,4.3,25.7
211,인제,05/04/2019 03:55,7.8,0,194.5,6.1,26
211,인제,05/04/2019 03:56,7.8,0,164.9,5.5,26.3
211,인제,05/04/2019 03:57,7.8,0,143.8,7,26.2
211,인제,05/04/2019 03:58,7.8,0,157.4,6.9,26.2
211,인제,05/04/2019 03:59,7.8,0,136.5,6.6,26.2
211,인제,05/04/2019 04:00,7.8,0,185.5,3.5,26.5
211,인제,05/04/2019 04:01,7.8,0,164.5,7.2,26.7
211,인제,05/04/2019 04:02,7.8,0,153,5.9,26.7
211,인제,05/04/2019 04:03,7.8,0,177.8,5.9,26.7
211,인제,05/04/2019 04:04,7.7,0,158.3,5,26.9
211,인제,05/04/2019 04:05,7.7,0,150.8,5.9,26.9
211,인제,05/04/2019 04:06,7.7,0,120.3,3.9,27
211,인제,05/04/2019 04:07,7.8,0,185.9,5,27.4
211,인제,05/04/2019 04:08,7.8,0,177.4,4.9,27.8
211,인제,05/04/2019 04:09,7.8,0,150.7,3.3,27.6
211,인제,05/04/2019 04:10,7.7,0,145.8,4.7,27.5
211,인제,05/04/2019 04:11,7.7,0,182.4,5.3,27.9
211,인제,05/04/2019 04:12,7.7,0,134.7,4.4,27.9
211,인제,05/04/2019 04:13,7.7,0,145.4,5.4,27.9
211,인제,05/04/2019 04:14,7.7,0,149.2,4.3,28.2
211,인제,05/04/2019 04:15,7.7,0,162.3,4.7,28.5
211,인제,05/04/2019 04:16,7.7,0,149.7,5.4,28.4
211,인제,05/04/2019 04:17,7.7,0,167.2,5.2,28.5
211,인제,05/04/2019 04:18,7.7,0,173.6,5.8,28.5
211,인제,05/04/2019 04:19,7.7,0,150.3,5.6,28.6
211,인제,05/04/2019 04:20,7.7,0,133,4.2,28.9
211,인제,05/04/2019 04:21,7.7,0,147.2,5.5,28.8
211,인제,05/04/2019 04:22,7.7,0,176.2,4.7,29.2
211,인제,05/04/2019 04:23,7.7,0,161.9,5.3,29.3
211,인제,05/04/2019 04:24,7.7,0,149.5,2.9,29.1
211,인제,05/04/2019 04:25,7.7,0,155.9,4.9,29.3
211,인제,05/04/2019 04:26,7.7,0,171.6,5.8,29.6
211,인제,05/04/2019 04:27,7.7,0,172.7,5.1,29.6
211,인제,05/04/2019 04:28,7.7,0,171.1,6.4,29.7
211,인제,05/04/2019 04:29,7.6,0,190.1,4.6,29.8
211,인제,05/04/2019 04:30,7.6,0,136.6,3.9,30
211,인제,05/04/2019 04:31,7.6,0,140.9,4.3,30.2
211,인제,05/04/2019 04:32,7.6,0,152.1,5.4,30.6
211,인제,05/04/2019 04:33,7.6,0,153.1,5,30.8
211,인제,05/04/2019 04:34,7.6,0,160.6,5.7,30.9
211,인제,05/04/2019 04:35,7.6,0,188.3,4.3,30.7
211,인제,05/04/2019 04:36,7.6,0,187.1,6.6,30.8
211,인제,05/04/2019 04:37,7.6,0,139.9,3.1,30.7
211,인제,05/04/2019 04:38,7.6,0,155.6,3.6,31.1
211,인제,05/04/2019 04:39,7.6,0,141.5,5.5,31.6
211,인제,05/04/2019 04:40,7.6,0,167,5.1,31.6
211,인제,05/04/2019 04:41,7.7,0,171.3,4.9,31.8
211,인제,05/04/2019 04:42,7.7,0,131.7,5.2,32.2
211,인제,05/04/2019 04:43,7.7,0,151.8,4.8,31.8
211,인제,05/04/2019 04:44,7.7,0,173.5,4.6,31.9
211,인제,05/04/2019 04:45,7.7,0,151.9,6.1,32.8
211,인제,05/04/2019 04:46,7.7,0,178.3,4.4,32.8
211,인제,05/04/2019 04:47,7.7,0,173.9,4,32.5
211,인제,05/04/2019 04:48,7.7,0,153.3,7.6,33.2
211,인제,05/04/2019 04:49,7.7,0,144.8,4.8,32.6
211,인제,05/04/2019 04:50,7.7,0,155.4,4.7,33
211,인제,05/04/2019 04:51,7.7,0,171.7,5.5,33
211,인제,05/04/2019 04:52,7.6,0,147.6,4.5,33
211,인제,05/04/2019 04:53,7.6,0,158.9,4.3,33.4
211,인제,05/04/2019 04:54,7.6,0,176.7,6.7,33.6
211,인제,05/04/2019 04:55,7.6,0,152.5,3.9,33.5
211,인제,05/04/2019 04:56,7.6,0,145.9,4.2,33.6
211,인제,05/04/2019 04:57,7.6,0,151.2,5.1,33.7
211,인제,05/04/2019 04:58,7.6,0,166.3,5.6,33.9
211,인제,05/04/2019 04:59,7.6,0,190.5,5.4,34.2
211,인제,05/04/2019 05:00,7.6,0,163,4.4,34.3
211,인제,05/04/2019 05:01,7.6,0,158.6,3.8,34.4
211,인제,05/04/2019 05:02,7.6,0,153.8,5.3,34.7
211,인제,05/04/2019 05:03,7.6,0,162.7,3.6,35.1
211,인제,05/04/2019 05:04,7.6,0,146.3,5.2,35
211,인제,05/04/2019 05:05,7.6,0,166.1,5.9,34.9
211,인제,05/04/2019 05:06,7.6,0,148.5,4.1,35.3
211,인제,05/04/2019 05:07,7.6,0,185.2,4.7,35.3
211,인제,05/04/2019 05:08,7.6,0,149.9,4.4,35.7
211,인제,05/04/2019 05:09,7.7,0,143.4,5.6,36
211,인제,05/04/2019 05:10,7.6,0,152.9,3.7,35.7
211,인제,05/04/2019 05:11,7.6,0,124,4,36
211,인제,05/04/2019 05:12,7.6,0,156.7,4,36.4
211,인제,05/04/2019 05:13,7.6,0,153.8,4.1,36.3
211,인제,05/04/2019 05:14,7.6,0,151.1,4,37.1
211,인제,05/04/2019 05:15,7.6,0,138.1,3.2,37.3
211,인제,05/04/2019 05:16,7.6,0,134.1,5.4,37.2
211,인제,05/04/2019 05:17,7.6,0,165.8,5.5,37
211,인제,05/04/2019 05:18,7.6,0,144.8,2.8,37.3
211,인제,05/04/2019 05:19,7.6,0,145.7,5.3,37.5
211,인제,05/04/2019 05:20,7.6,0,153.3,3.8,37.8
211,인제,05/04/2019 05:21,7.6,0,156,5.2,37.7
211,인제,05/04/2019 05:22,7.6,0,171.7,3.9,38.1
211,인제,05/04/2019 05:23,7.6,0,155.8,3.7,38.4
211,인제,05/04/2019 05:24,7.6,0,146.3,3.2,38.5
211,인제,05/04/2019 05:25,7.6,0,160.6,4.7,38.3
211,인제,05/04/2019 05:26,7.6,0,167.4,6,38.8
211,인제,05/04/2019 05:27,7.6,0,168.9,2.5,38.8
211,인제,05/04/2019 05:28,7.6,0,145.7,4.4,39.2
211,인제,05/04/2019 05:29,7.6,0,147.1,5.5,39.3
211,인제,05/04/2019 05:30,7.6,0,191.8,5.3,39.6
211,인제,05/04/2019 05:31,7.6,0,165,4.4,39.4
211,인제,05/04/2019 05:32,7.6,0,178.1,5.5,39.4
211,인제,05/04/2019 05:33,7.6,0,175.7,3.8,39.8
211,인제,05/04/2019 05:34,7.6,0,159,5.3,40
211,인제,05/04/2019 05:35,7.6,0,136.3,5.6,40.1
211,인제,05/04/2019 05:36,7.6,0,187.7,5.2,40.1
211,인제,05/04/2019 05:37,7.6,0,167.1,4.8,40.4
211,인제,05/04/2019 05:38,7.6,0,188.6,4.7,41.2
211,인제,05/04/2019 05:39,7.6,0,201.3,3.6,41.2
211,인제,05/04/2019 05:40,7.6,0,183.1,5.3,41
211,인제,05/04/2019 05:41,7.6,0,126,2.2,41.1
211,인제,05/04/2019 05:42,7.6,0,135,3.9,41.2
211,인제,05/04/2019 05:43,7.6,0,202.6,4.4,41.3
211,인제,05/04/2019 05:44,7.6,0,153.3,5.1,41.7
211,인제,05/04/2019 05:45,7.6,0,166.2,4.8,42.3
211,인제,05/04/2019 05:46,7.6,0,187.3,1.9,42.3
211,인제,05/04/2019 05:47,7.6,0,144.4,3.5,42.6
211,인제,05/04/2019 05:48,7.6,0,172.3,5.6,42.3
211,인제,05/04/2019 05:49,7.6,0,147.9,5.8,43.5
211,인제,05/04/2019 05:50,7.6,0,116.2,4.3,44.5
211,인제,05/04/2019 05:51,7.6,0,146.8,4.7,44.6
211,인제,05/04/2019 05:52,7.6,0,145.3,4.1,43.5
211,인제,05/04/2019 05:53,7.6,0,154.1,5.9,44
211,인제,05/04/2019 05:54,7.6,0,188.6,3.7,43.7
211,인제,05/04/2019 05:55,7.6,0,172,5.8,44.9
211,인제,05/04/2019 05:56,7.6,0,164.3,5.2,45.6
211,인제,05/04/2019 05:57,7.6,0,157.7,5.2,44.7
211,인제,05/04/2019 05:58,7.6,0,136.7,4.1,44.7
211,인제,05/04/2019 05:59,7.6,0,162.1,4.2,45.2
211,인제,05/04/2019 06:00,7.6,0,177.3,2.9,45.1
211,인제,05/04/2019 06:01,7.5,0,125.8,2,46
211,인제,05/04/2019 06:02,7.6,0,129.3,5.1,47.3
211,인제,05/04/2019 06:03,7.6,0,154.3,4.4,45.4
211,인제,05/04/2019 06:04,7.6,0,135.6,4.9,46
211,인제,05/04/2019 06:05,7.6,0,119.7,2.7,47.3
211,인제,05/04/2019 06:06,7.6,0,124.7,3.5,47.2
211,인제,05/04/2019 06:07,7.6,0,154,2.9,47
211,인제,05/04/2019 06:08,7.6,0,133.5,5.3,47.9
211,인제,05/04/2019 06:09,7.6,0,147.6,3.6,48.1
211,인제,05/04/2019 06:10,7.6,0,184,3.3,47.1
211,인제,05/04/2019 06:11,7.6,0,153,2.1,46.8
211,인제,05/04/2019 06:12,7.5,0,133.8,4.2,47.5
211,인제,05/04/2019 06:13,7.5,0,130.1,3.5,48.2
211,인제,05/04/2019 06:14,7.6,0,139.6,3.3,48.8
211,인제,05/04/2019 06:15,7.6,0,171.8,5.6,48.7
211,인제,05/04/2019 06:16,7.6,0,173.8,5.4,48.8
211,인제,05/04/2019 06:17,7.5,0,181.5,4.5,48.4
211,인제,05/04/2019 06:18,7.5,0,164.8,3.2,48.6
211,인제,05/04/2019 06:19,7.5,0,134.7,4.3,49.2
211,인제,05/04/2019 06:20,7.5,0,188.5,3.2,49.4
211,인제,05/04/2019 06:21,7.5,0,139.8,2,49.6
211,인제,05/04/2019 06:22,7.5,0,153.4,3.7,50
211,인제,05/04/2019 06:23,7.5,0,169.3,4.6,50.4
211,인제,05/04/2019 06:24,7.5,0,160.4,3.7,51.1
211,인제,05/04/2019 06:25,7.5,0,158,5,51.3
211,인제,05/04/2019 06:26,7.5,0,187.7,3.6,51.1
211,인제,05/04/2019 06:27,7.5,0,187.4,4.3,50.8
211,인제,05/04/2019 06:28,7.5,0,134.9,1.2,50.8
211,인제,05/04/2019 06:29,7.5,0,168.1,2,51.3
211,인제,05/04/2019 06:30,7.5,0,177,2.4,51.6
211,인제,05/04/2019 06:31,7.5,0,155.8,3,52.1
211,인제,05/04/2019 06:32,7.5,0,177.8,3.3,53
211,인제,05/04/2019 06:33,7.5,0,184.6,3.8,53.2
211,인제,05/04/2019 06:34,7.5,0,169.8,3.9,53.2
211,인제,05/04/2019 06:35,7.5,0,167.8,4.2,53.8
211,인제,05/04/2019 06:36,7.5,0,178.1,4.4,53.6
211,인제,05/04/2019 06:37,7.4,0,178.6,4.6,54
211,인제,05/04/2019 06:38,7.5,0,148.1,3.7,54.4
211,인제,05/04/2019 06:39,7.5,0,137.5,3.8,54.4
211,인제,05/04/2019 06:40,7.5,0,150.5,4.8,54.9
211,인제,05/04/2019 06:41,7.5,0,136.9,5.1,55.2
211,인제,05/04/2019 06:42,7.5,0,155.1,5,55.2
211,인제,05/04/2019 06:43,7.4,0,169.8,4.5,55.1
211,인제,05/04/2019 06:44,7.4,0,158.5,5.3,55.4
211,인제,05/04/2019 06:45,7.4,0,164.8,6.6,55.5
211,인제,05/04/2019 06:46,7.4,0,147.4,3.3,55.5
211,인제,05/04/2019 06:47,7.4,0,133,3,55.3
211,인제,05/04/2019 06:48,7.4,0,155,5.5,56
211,인제,05/04/2019 06:49,7.4,0,154.5,4.4,55.6
211,인제,05/04/2019 06:50,7.3,0,143.7,5.5,55.5
211,인제,05/04/2019 06:51,7.3,0,175.6,4.1,55.6
211,인제,05/04/2019 06:52,7.3,0,177.1,3.2,55.8
211,인제,05/04/2019 06:53,7.3,0,177.6,2.4,55.5
211,인제,05/04/2019 06:54,7.3,0,155.2,5.4,55.6
211,인제,05/04/2019 06:55,7.3,0,155.7,3.9,55.3
211,인제,05/04/2019 06:56,7.3,0,141.1,4.2,55.7
211,인제,05/04/2019 06:57,7.3,0,140.5,5,56
211,인제,05/04/2019 06:58,7.2,0,130,4.7,56.3
211,인제,05/04/2019 06:59,7.3,0,148.9,2.1,56.5
211,인제,05/04/2019 07:00,7.2,0,139.2,4.6,56.5
211,인제,05/04/2019 07:01,7.2,0,154.5,5.2,56.6
211,인제,05/04/2019 07:02,7.2,0,150.5,5,56.5
211,인제,05/04/2019 07:03,7.2,0,153.7,4.4,57.1
211,인제,05/04/2019 07:04,7.2,0,135.7,4.2,57.4
211,인제,05/04/2019 07:05,7.2,0,179.5,5.6,57
211,인제,05/04/2019 07:06,7.2,0,153.6,3.6,57.1
211,인제,05/04/2019 07:07,7.2,0,126.9,3.3,57.6
211,인제,05/04/2019 07:08,7.1,0,175.6,5.5,57.9
211,인제,05/04/2019 07:09,7.1,0,191.2,5.4,57.6
211,인제,05/04/2019 07:10,7.1,0,167.9,3.8,57.6
211,인제,05/04/2019 07:11,7.1,0,183.7,4.9,57.9
211,인제,05/04/2019 07:12,7.1,0,165.1,5,58.2
211,인제,05/04/2019 07:13,7,0,156.8,5.3,58.2
211,인제,05/04/2019 07:14,7,0,149.3,4.5,58.6
211,인제,05/04/2019 07:15,7,0,168,4.3,58.9
211,인제,05/04/2019 07:16,7,0,151.7,4.1,59.2
211,인제,05/04/2019 07:17,7,0,174,6.1,58.9
211,인제,05/04/2019 07:18,7,0,186.1,3.9,58.7
211,인제,05/04/2019 07:19,7,0,174.8,4.8,59.3
211,인제,05/04/2019 07:20,7,0,178.7,5,59.8
211,인제,05/04/2019 07:21,6.9,0,155.3,5.5,59.8
211,인제,05/04/2019 07:22,6.9,0,138.9,4.8,60.1
211,인제,05/04/2019 07:23,6.9,0,140.1,3.6,60
211,인제,05/04/2019 07:24,6.9,0,146.3,4.5,60.2
211,인제,05/04/2019 07:25,6.9,0,210.2,3.2,60.6
211,인제,05/04/2019 07:26,6.9,0,188.6,2.2,60.7
211,인제,05/04/2019 07:27,6.9,0,205.4,3.2,60.7
211,인제,05/04/2019 07:28,6.8,0,189.5,2.7,61
211,인제,05/04/2019 07:29,6.8,0,196.4,2.6,61.6
211,인제,05/04/2019 07:30,6.9,0,160.5,2.9,62.1
211,인제,05/04/2019 07:31,6.8,0,176.4,4.4,61.9
211,인제,05/04/2019 07:32,6.8,0,169.7,4.9,62.1
211,인제,05/04/2019 07:33,6.8,0,153.6,4.8,62.3
211,인제,05/04/2019 07:34,6.7,0,144.8,3.3,62.6
211,인제,05/04/2019 07:35,6.7,0,153.8,4.6,63.1
211,인제,05/04/2019 07:36,6.7,0,165.6,3.4,63.2
211,인제,05/04/2019 07:37,6.7,0,170.6,3.2,63.2
211,인제,05/04/2019 07:38,6.7,0,178.1,3.6,63.5
211,인제,05/04/2019 07:39,6.7,0,182.5,5.2,63.7
211,인제,05/04/2019 07:40,6.7,0,166.2,4.9,63.9
211,인제,05/04/2019 07:41,6.7,0,172.8,3.3,64.2
211,인제,05/04/2019 07:42,6.6,0,179.4,4.1,64.2
211,인제,05/04/2019 07:43,6.6,0,174.5,4.6,64.5
211,인제,05/04/2019 07:44,6.6,0,162.3,5.1,64.9
211,인제,05/04/2019 07:45,6.6,0,160.8,5,65.2
211,인제,05/04/2019 07:46,6.6,0,149,6.2,65.3
211,인제,05/04/2019 07:47,6.6,0,167.6,4.9,65.6
211,인제,05/04/2019 07:48,6.6,0,167.4,6.1,65.6
211,인제,05/04/2019 07:49,6.6,0,178.1,4.7,65.6
211,인제,05/04/2019 07:50,6.6,0,172.4,4.8,65.8
211,인제,05/04/2019 07:51,6.6,0,180.8,5,66
211,인제,05/04/2019 07:52,6.6,0,172.5,5.3,65.9
211,인제,05/04/2019 07:53,6.6,0,172.9,5.8,66.1
211,인제,05/04/2019 07:54,6.6,0,167.9,6.6,66.2
211,인제,05/04/2019 07:55,6.6,0,160.2,4.8,66.3
211,인제,05/04/2019 07:56,6.6,0,159.3,4.2,66.5
211,인제,05/04/2019 07:57,6.6,0,188.8,5,66.5
211,인제,05/04/2019 07:58,6.6,0,181.8,4.7,66.5
211,인제,05/04/2019 07:59,6.6,0,173.9,6,66.5
211,인제,05/04/2019 08:00,6.6,0,159.9,6.1,66.5
211,인제,05/04/2019 08:01,6.6,0,190.6,4.3,66.6
211,인제,05/04/2019 08:02,6.7,0,170.7,4.7,66.7
211,인제,05/04/2019 08:03,6.7,0,172.1,6.8,66.7
211,인제,05/04/2019 08:04,6.7,0,169.5,5.4,66.8
211,인제,05/04/2019 08:05,6.7,0,180.4,6.7,66.9
211,인제,05/04/2019 08:06,6.7,0,168.5,6,66.8
211,인제,05/04/2019 08:07,6.7,0,172.4,5.1,67
211,인제,05/04/2019 08:08,6.8,0,172.9,4.6,67
211,인제,05/04/2019 08:09,6.8,0,194.1,4.5,67
211,인제,05/04/2019 08:10,6.8,0,163.4,4,66.6
211,인제,05/04/2019 08:11,6.8,0,172.1,4.9,66.8
211,인제,05/04/2019 08:12,6.8,0,151.6,2.3,66.5
211,인제,05/04/2019 08:13,6.9,0,137.2,4.3,67.1
211,인제,05/04/2019 08:14,6.9,0,152.4,6,66.8
211,인제,05/04/2019 08:15,7,0,169.8,6.1,66.8
211,인제,05/04/2019 08:16,6.9,0,170.6,5.2,66.7
211,인제,05/04/2019 08:17,6.9,0,246,4.1,66.7
211,인제,05/04/2019 08:18,6.9,0,183.2,3.1,66.9
211,인제,05/04/2019 08:19,7,0,182.8,4.3,66.9
211,인제,05/04/2019 08:20,7,0,171.1,4.1,66.7
211,인제,05/04/2019 08:21,7,0,165.4,4.9,66.8
211,인제,05/04/2019 08:22,7,0,175.8,5.2,66.9
211,인제,05/04/2019 08:23,7,0,178.2,5.1,66.9
211,인제,05/04/2019 08:24,7,0,145.9,5.7,67.5
211,인제,05/04/2019 08:25,7,0,166.9,4.4,67.7
211,인제,05/04/2019 08:26,7,0,168.6,6.5,67.9
211,인제,05/04/2019 08:27,7,0,151.8,5,67.6
211,인제,05/04/2019 08:28,7,0,173.4,4.3,67.7
211,인제,05/04/2019 08:29,7,0,206.1,5.4,68.2
211,인제,05/04/2019 08:30,7,0,191.2,3.5,68.2
211,인제,05/04/2019 08:31,7.1,0,161.1,4.2,68.4
211,인제,05/04/2019 08:32,7.1,0,179.4,3.7,67.8
211,인제,05/04/2019 08:33,7.1,0,181.2,4.3,68.2
211,인제,05/04/2019 08:34,7.1,0,163,3.6,68.3
211,인제,05/04/2019 08:35,7.1,0,178.4,4.6,68.3
211,인제,05/04/2019 08:36,7.1,0,136.3,2.2,68.6
211,인제,05/04/2019 08:37,7.2,0,158.9,5.6,68.6
211,인제,05/04/2019 08:38,7.2,0,182.6,5.2,68.8
211,인제,05/04/2019 08:39,7.2,0,194.6,4.1,69
211,인제,05/04/2019 08:40,7.1,0,160.7,4.1,69.2
211,인제,05/04/2019 08:41,7.2,0,147.1,3,69.4
211,인제,05/04/2019 08:42,7.3,0,133.3,3.5,69.1
211,인제,05/04/2019 08:43,7.3,0,169.8,4.5,68.9
211,인제,05/04/2019 08:44,7.2,0,207.1,5.2,69
211,인제,05/04/2019 08:45,7.1,0,135.7,2.2,69.4
211,인제,05/04/2019 08:46,7.2,0,202.4,2.8,69.7
211,인제,05/04/2019 08:47,7.3,0,156.8,3,69.6
211,인제,05/04/2019 08:48,7.3,0,149.9,5.5,69.1
211,인제,05/04/2019 08:49,7.3,0,183.5,3.9,69.4
211,인제,05/04/2019 08:50,7.3,0,125,2.1,69.4
211,인제,05/04/2019 08:51,7.4,0,144.5,3.7,69.2
211,인제,05/04/2019 08:52,7.4,0,148.9,3.9,69.2
211,인제,05/04/2019 08:53,7.3,0,172.4,5.7,69.2
211,인제,05/04/2019 08:54,7.3,0,152.7,3.6,69.5
211,인제,05/04/2019 08:55,7.3,0,136.5,4.5,69.3
211,인제,05/04/2019 08:56,7.3,0,171.4,4.2,69.6
211,인제,05/04/2019 08:57,7.4,0,255.6,3.5,69.6
211,인제,05/04/2019 08:58,7.4,0,162.6,2.9,69.4
211,인제,05/04/2019 08:59,7.4,0,220.1,4.3,69.4
211,인제,05/04/2019 09:00,7.3,0,80.5,3.3,69.7
211,인제,05/04/2019 09:01,7.4,0,203.3,2.3,69.9
211,인제,05/04/2019 09:02,7.5,0,169.3,2.2,69.9
211,인제,05/04/2019 09:03,7.6,0,165.4,4.3,69.6
211,인제,05/04/2019 09:04,7.6,0,142.9,3.3,69.6
211,인제,05/04/2019 09:05,7.7,0,156.4,3.4,69.9
211,인제,05/04/2019 09:06,7.7,0,207.9,5.3,69.3
211,인제,05/04/2019 09:07,7.6,0,169.6,3.9,69.3
211,인제,05/04/2019 09:08,7.6,0,157,4.6,69.7
211,인제,05/04/2019 09:09,7.5,0,153,4.4,70
211,인제,05/04/2019 09:10,7.6,0,183.1,4.1,70.3
211,인제,05/04/2019 09:11,7.6,0,145.3,4.1,70
211,인제,05/04/2019 09:12,7.7,0,146.6,4.5,70
211,인제,05/04/2019 09:13,7.8,0,174.6,7.3,69.6
211,인제,05/04/2019 09:14,7.6,0,204.2,6.4,69.6
211,인제,05/04/2019 09:15,7.6,0,178.3,4.1,70.1
211,인제,05/04/2019 09:16,7.8,0,142.8,4.6,69.9
211,인제,05/04/2019 09:17,7.8,0,187.1,4.6,69.8
211,인제,05/04/2019 09:18,7.8,0,200.3,4.3,69.7
211,인제,05/04/2019 09:19,7.8,0,160.2,3.8,69.7
211,인제,05/04/2019 09:20,7.9,0,196.9,5.2,69.8
211,인제,05/04/2019 09:21,8,0,180.7,4.7,69.7
211,인제,05/04/2019 09:22,8.1,0,172.1,4.8,69.1
211,인제,05/04/2019 09:23,8.1,0,170.1,5.6,68.7
211,인제,05/04/2019 09:24,8.1,0,185.3,5.2,69.1
211,인제,05/04/2019 09:25,8.3,0,175,5,68.6
211,인제,05/04/2019 09:26,8.2,0,181,6.5,68.2
211,인제,05/04/2019 09:27,8.1,0,197.4,5.8,68.8
211,인제,05/04/2019 09:28,8.3,0,177.5,4.5,69
211,인제,05/04/2019 09:29,8.2,0,173.1,5.7,68.2
211,인제,05/04/2019 09:30,8.2,0,182,4.2,68.7
211,인제,05/04/2019 09:31,8.2,0,153,5.3,68
211,인제,05/04/2019 09:32,8.1,0,177.9,6,68.4
211,인제,05/04/2019 09:33,8,0,177.1,6.5,68.8
211,인제,05/04/2019 09:34,8,0,177,6.5,69.2
211,인제,05/04/2019 09:35,8.1,0,171.2,5.2,69.7
211,인제,05/04/2019 09:36,8.4,0,192.1,4.8,69.1
211,인제,05/04/2019 09:37,8.5,0,149.1,5.4,68.1
211,인제,05/04/2019 09:38,8.5,0,188.8,6.1,67.7
211,인제,05/04/2019 09:39,8.4,0,179.5,4.2,67.8
211,인제,05/04/2019 09:40,8.5,0,163,4.8,68.2
211,인제,05/04/2019 09:41,8.7,0,167.6,4.9,67.8
211,인제,05/04/2019 09:42,8.8,0,184.3,4.3,66.9
211,인제,05/04/2019 09:43,8.8,0,148.7,3.9,66.7
211,인제,05/04/2019 09:44,8.7,0,163,5.9,66.8
211,인제,05/04/2019 09:45,8.9,0,179,5.6,66.4
211,인제,05/04/2019 09:46,8.7,0,180,5.2,66.4
211,인제,05/04/2019 09:47,8.7,0,156.6,6.2,66.5
211,인제,05/04/2019 09:48,8.8,0,141.5,4.5,67
211,인제,05/04/2019 09:49,9.1,0,176.5,6.1,66
211,인제,05/04/2019 09:50,9,0,177.1,5.7,65.7
211,인제,05/04/2019 09:51,8.9,0,169.7,4.9,66.1
211,인제,05/04/2019 09:52,8.9,0,197.3,5.8,66
211,인제,05/04/2019 09:53,9,0,169.5,5.5,66.4
211,인제,05/04/2019 09:54,8.9,0,164.1,5.7,65.9
211,인제,05/04/2019 09:55,8.9,0,177.3,5.6,65.9
211,인제,05/04/2019 09:56,8.9,0,146.4,4.8,66.5
211,인제,05/04/2019 09:57,9.2,0,180.6,4.6,65.8
211,인제,05/04/2019 09:58,9.2,0,172.5,5.5,65.6
211,인제,05/04/2019 09:59,9.1,0,190.4,4.9,65.4
211,인제,05/04/2019 10:00,9.2,0,184.2,4.5,65.6
211,인제,05/04/2019 10:01,9,0,163.3,5,65
211,인제,05/04/2019 10:02,8.9,0,156.6,5.3,65.8
211,인제,05/04/2019 10:03,9.1,0,158,5,66
211,인제,05/04/2019 10:04,9.4,0,173.8,4,65.2
211,인제,05/04/2019 10:05,9.2,0,162,5.9,64.8
211,인제,05/04/2019 10:06,9.1,0,154.6,4.6,65.4
211,인제,05/04/2019 10:07,9.2,0,143.9,5.2,65.3
211,인제,05/04/2019 10:08,9.4,0,145,5.5,65.3
211,인제,05/04/2019 10:09,9.6,0,178.9,3.7,64.6
211,인제,05/04/2019 10:10,9.6,0,157.5,4.8,64.3
211,인제,05/04/2019 10:11,9.6,0,180,5.2,64
211,인제,05/04/2019 10:12,9.7,0,185.1,4.1,64.1
211,인제,05/04/2019 10:13,9.7,0,163.3,4.4,63.4
211,인제,05/04/2019 10:14,9.6,0,164.1,5.2,63.6
211,인제,05/04/2019 10:15,9.6,0,167,5.4,63.6
211,인제,05/04/2019 10:16,9.6,0,157.2,5.3,63.6
211,인제,05/04/2019 10:17,9.7,0,195.5,4.3,63.6
211,인제,05/04/2019 10:18,9.9,0,230.9,3.5,63.7
211,인제,05/04/2019 10:19,10.1,0,169.1,4.7,62.6
211,인제,05/04/2019 10:20,10,0,230.9,4.8,62
211,인제,05/04/2019 10:21,9.8,0,202.7,3.6,62.6
211,인제,05/04/2019 10:22,10.1,0,173.8,3.2,62.7
211,인제,05/04/2019 10:23,10,0,160.4,3.3,62
211,인제,05/04/2019 10:24,10.1,0,144.8,5.3,62
211,인제,05/04/2019 10:25,10.3,0,145.4,5.2,61.5
211,인제,05/04/2019 10:26,10.5,0,177.5,6.8,61
211,인제,05/04/2019 10:27,10.2,0,203.3,3.4,60.8
211,인제,05/04/2019 10:28,10.3,0,187.2,4.2,61.5
211,인제,05/04/2019 10:29,10.4,0,154.8,4.6,61.4
211,인제,05/04/2019 10:30,10.4,0,149.2,5.2,60.4
211,인제,05/04/2019 10:31,10.6,0,165.1,5.6,60.8
211,인제,05/04/2019 10:32,10.5,0,177.7,5.3,60
211,인제,05/04/2019 10:33,10.6,0,183,5.3,60.2
211,인제,05/04/2019 10:34,10.7,0,201.3,4.4,60.4
211,인제,05/04/2019 10:35,10.7,0,159.6,4.8,59.4
211,인제,05/04/2019 10:36,10.5,0,150.7,5.6,59.7
211,인제,05/04/2019 10:37,10.5,0,152.1,6.3,59.5
211,인제,05/04/2019 10:38,10.5,0,157,5.6,59.8
211,인제,05/04/2019 10:39,10.7,0,182.2,5.3,60
211,인제,05/04/2019 10:40,10.6,0,179,4.8,59.4
211,인제,05/04/2019 10:41,10.5,0,155.6,5.7,59.7
211,인제,05/04/2019 10:42,10.6,0,152.7,5.4,60.2
211,인제,05/04/2019 10:43,10.9,0,138.9,4.9,59.7
211,인제,05/04/2019 10:44,11.1,0,165.8,4.4,58.6
211,인제,05/04/2019 10:45,11,0,142,3.8,58.3
211,인제,05/04/2019 10:46,11.1,0,132.1,5,57.9
211,인제,05/04/2019 10:47,11.1,0,190.8,4.7,57.7
211,인제,05/04/2019 10:48,11.1,0,176.8,4.1,57.5
211,인제,05/04/2019 10:49,11.1,0,159.7,4,57.9
211,인제,05/04/2019 10:50,11.4,0,179.3,3.8,57.4
211,인제,05/04/2019 10:51,11.4,0,182,3.7,57.2
211,인제,05/04/2019 10:52,11.4,0,161.4,4.2,56.7
211,인제,05/04/2019 10:53,11.1,0,174.2,5.8,56.5
211,인제,05/04/2019 10:54,11.2,0,200.2,5.3,57.6
211,인제,05/04/2019 10:55,11.2,0,169.7,5.3,57.2
211,인제,05/04/2019 10:56,11.5,0,155.4,5,56.7
211,인제,05/04/2019 10:57,11.3,0,190.2,4.9,55.9
211,인제,05/04/2019 10:58,11.2,0,175.8,5.3,56.8
211,인제,05/04/2019 10:59,11,0,163.3,5.9,56.8
211,인제,05/04/2019 11:00,10.8,0,177.1,5.2,57.5
211,인제,05/04/2019 11:01,10.9,0,143.4,6,57.5
211,인제,05/04/2019 11:02,11.1,0,139.9,5.8,57
211,인제,05/04/2019 11:03,11.1,0,163,5.9,56.8
211,인제,05/04/2019 11:04,10.9,0,155.2,6.2,57.4
211,인제,05/04/2019 11:05,10.9,0,133.4,5.2,57.9
211,인제,05/04/2019 11:06,11.1,0,161.8,4.4,58.2
211,인제,05/04/2019 11:07,11.4,0,188.4,4.4,57.2
211,인제,05/04/2019 11:08,11.2,0,169.9,4.6,57.1
211,인제,05/04/2019 11:09,11.3,0,142.6,3.8,57.1
211,인제,05/04/2019 11:10,11.3,0,134.6,4.1,56.6
211,인제,05/04/2019 11:11,11.4,0,148.8,5.6,57
211,인제,05/04/2019 11:12,11.6,0,148.8,5.2,56.2
211,인제,05/04/2019 11:13,11.5,0,146.1,4,55.6
211,인제,05/04/2019 11:14,11.6,0,157.7,2.8,56.1
211,인제,05/04/2019 11:15,11.7,0,146.1,4.7,55.4
211,인제,05/04/2019 11:16,11.6,0,187,5.6,54.7
211,인제,05/04/2019 11:17,11.6,0,131.4,3.1,54.6
211,인제,05/04/2019 11:18,11.5,0,126.7,3.8,55.4
211,인제,05/04/2019 11:19,11.7,0,150.9,5.5,54.8
211,인제,05/04/2019 11:20,11.8,0,184.6,6,54.5
211,인제,05/04/2019 11:21,12,0,151.9,4.3,54.6
211,인제,05/04/2019 11:22,12.2,0,154.9,5.8,53.6
211,인제,05/04/2019 11:23,12.1,0,156.1,5.3,53.1
211,인제,05/04/2019 11:24,12.1,0,184.2,4.8,52.8
211,인제,05/04/2019 11:25,12,0,165.6,3.4,53.1
211,인제,05/04/2019 11:26,12.2,0,176.6,4.6,53.2
211,인제,05/04/2019 11:27,12.3,0,178.3,4.5,52.9
211,인제,05/04/2019 11:28,12.2,0,182.4,6.1,52.9
211,인제,05/04/2019 11:29,11.9,0,153.8,4.7,52.9
211,인제,05/04/2019 11:30,12,0,174.7,3.1,53.5
211,인제,05/04/2019 11:31,12.1,0,148.2,5.4,52.2
211,인제,05/04/2019 11:32,12.2,0,146.7,4.4,52.3
211,인제,05/04/2019 11:33,12.2,0,159.3,4.4,51.2
211,인제,05/04/2019 11:34,12,0,158.8,5.5,52.2
211,인제,05/04/2019 11:35,12.4,0,178.1,5.2,51.8
211,인제,05/04/2019 11:36,12.2,0,163.1,5.9,51.9
211,인제,05/04/2019 11:37,12.3,0,141.8,6.1,51.7
211,인제,05/04/2019 11:38,12.2,0,125.5,4.9,51.9
211,인제,05/04/2019 11:39,12.2,0,137.3,4.2,52
211,인제,05/04/2019 11:40,12.6,0,170.2,4.1,51.9
211,인제,05/04/2019 11:41,12.6,0,168.2,5.1,50.5
211,인제,05/04/2019 11:42,12.6,0,159.2,3.4,50.6
211,인제,05/04/2019 11:43,12.6,0,183,4.3,50.3
211,인제,05/04/2019 11:44,12.5,0,158.4,4.6,50.1
211,인제,05/04/2019 11:45,12.6,0,127.5,5.8,49.6
211,인제,05/04/2019 11:46,12.4,0,160.8,4.7,49.4
211,인제,05/04/2019 11:47,12.5,0,184.8,5.9,50.1
211,인제,05/04/2019 11:48,12.8,0,144.3,2.2,49.8
211,인제,05/04/2019 11:49,13.1,0,168.4,5.9,48.1
211,인제,05/04/2019 11:50,12.6,0,155.5,6.7,47.9
211,인제,05/04/2019 11:51,12.4,0,145,8.1,48.3
211,인제,05/04/2019 11:52,12.3,0,139.8,5.8,48.7
211,인제,05/04/2019 11:53,12.3,0,175.5,6.2,49.3
211,인제,05/04/2019 11:54,12.4,0,201,5.9,48.9
211,인제,05/04/2019 11:55,12.5,0,199.3,4.3,49.7
211,인제,05/04/2019 11:56,12.8,0,155.7,5.2,48.6
211,인제,05/04/2019 11:57,12.7,0,197.1,3.6,48.4
211,인제,05/04/2019 11:58,12.8,0,154.4,4.4,48.7
211,인제,05/04/2019 11:59,12.9,0,182.1,5.6,47.7
211,인제,05/04/2019 12:00,13,0,161.2,4.9,47.2
211,인제,05/04/2019 12:01,13.1,0,130.6,4.6,47.1
211,인제,05/04/2019 12:02,13.2,0,177.6,5.4,46.4
211,인제,05/04/2019 12:03,13.1,0,187.3,5.1,46.6
211,인제,05/04/2019 12:04,13.2,0,178.3,5,46.3
211,인제,05/04/2019 12:05,12.8,0,138.8,4.1,46.3
211,인제,05/04/2019 12:06,12.7,0,182.3,7.2,47
211,인제,05/04/2019 12:07,12.5,0,164.2,3.5,47.4
211,인제,05/04/2019 12:08,12.7,0,187.1,6.2,46.8
211,인제,05/04/2019 12:09,12.9,0,197.2,3.7,46.5
211,인제,05/04/2019 12:10,13.1,0,155.5,2.9,46.6
211,인제,05/04/2019 12:11,13.6,0,158,3.7,45.9
211,인제,05/04/2019 12:12,13.7,0,184.9,8.2,44.4
211,인제,05/04/2019 12:13,13.3,0,170,5.3,44.6
211,인제,05/04/2019 12:14,13.4,0,140.6,5.7,44.9
211,인제,05/04/2019 12:15,13.5,0,147,6.6,44.5
211,인제,05/04/2019 12:16,13.4,0,176.9,5.8,44.3
211,인제,05/04/2019 12:17,13.1,0,173.5,4.9,44.2
211,인제,05/04/2019 12:18,13,0,159.9,6.1,44.7
211,인제,05/04/2019 12:19,13,0,212.2,5.6,45.3
211,인제,05/04/2019 12:20,13.4,0,207.3,3.6,45.6
211,인제,05/04/2019 12:21,13.6,0,143,3.9,44.4
211,인제,05/04/2019 12:22,13.6,0,173.9,4.8,44.1
211,인제,05/04/2019 12:23,13.3,0,195.7,6.9,43.8
211,인제,05/04/2019 12:24,13.3,0,177.3,4.8,44.1
211,인제,05/04/2019 12:25,13.3,0,159.5,5,44.3
211,인제,05/04/2019 12:26,13.7,0,154.9,4.8,44
211,인제,05/04/2019 12:27,13.9,0,154.6,4.2,43.5
211,인제,05/04/2019 12:28,13.9,0,174.4,3.4,42.7
211,인제,05/04/2019 12:29,14,0,188.1,4.4,43.2
211,인제,05/04/2019 12:30,14.1,0,178.1,4.2,41.9
211,인제,05/04/2019 12:31,13.8,0,151.6,6.9,42
211,인제,05/04/2019 12:32,13.8,0,137.9,5.9,42.1
211,인제,05/04/2019 12:33,13.8,0,152.4,4.9,42.3
211,인제,05/04/2019 12:34,14.1,0,138.7,5.2,41.9
211,인제,05/04/2019 12:35,14.2,0,188.8,5.8,41
211,인제,05/04/2019 12:36,14.1,0,164.7,5.2,40.8
211,인제,05/04/2019 12:37,14,0,166.6,7.5,40.2
211,인제,05/04/2019 12:38,13.9,0,152.3,7.7,39.5
211,인제,05/04/2019 12:39,14.1,0,160.5,4.3,39.3
211,인제,05/04/2019 12:40,14.2,0,156.8,6,39.3
211,인제,05/04/2019 12:41,14.2,0,162.1,7.2,40
211,인제,05/04/2019 12:42,14.3,0,167.1,5.8,39.8
211,인제,05/04/2019 12:43,14.4,0,146,7.1,39.2
211,인제,05/04/2019 12:44,14.2,0,143.1,6.7,39.5
211,인제,05/04/2019 12:45,13.9,0,153,4.7,39.7
211,인제,05/04/2019 12:46,14,0,140.3,5.3,40.6
211,인제,05/04/2019 12:47,14.2,0,190.4,6.8,40
211,인제,05/04/2019 12:48,14.3,0,164.9,5.5,40
211,인제,05/04/2019 12:49,14.3,0,161,5.5,39.8
211,인제,05/04/2019 12:50,14,0,136,4,39.9
211,인제,05/04/2019 12:51,14.2,0,135.4,4.1,39.9
211,인제,05/04/2019 12:52,14.6,0,172.7,4.1,38.9
211,인제,05/04/2019 12:53,14.7,0,170.1,4.8,39
211,인제,05/04/2019 12:54,14.6,0,176.1,6.1,38.9
211,인제,05/04/2019 12:55,14.4,0,162.1,6.9,37.7
211,인제,05/04/2019 12:56,14.5,0,183.6,7.2,38
211,인제,05/04/2019 12:57,14.4,0,164.6,5.4,38.5
211,인제,05/04/2019 12:58,14.6,0,152.8,5.2,38
211,인제,05/04/2019 12:59,14.6,0,170,4.2,37.6
211,인제,05/04/2019 13:00,14.6,0,197.2,4.4,37.7
211,인제,05/04/2019 13:01,14.5,0,173.2,4.3,38.2
211,인제,05/04/2019 13:02,14.8,0,192.8,3.7,38.1
211,인제,05/04/2019 13:03,15.2,0,146.3,3.7,37.2
211,인제,05/04/2019 13:04,15.2,0,156.3,5.3,35.5
211,인제,05/04/2019 13:05,14.9,0,170.4,6.2,35.8
211,인제,05/04/2019 13:06,14.8,0,159.6,5.8,36.5
211,인제,05/04/2019 13:07,15,0,169,3.6,36.7
211,인제,05/04/2019 13:08,15.3,0,197.3,5.3,36.1
211,인제,05/04/2019 13:09,15.4,0,154.1,5,35.8
211,인제,05/04/2019 13:10,15.3,0,151.9,7.7,34.7
211,인제,05/04/2019 13:11,15.2,0,150.6,5.6,34.8
211,인제,05/04/2019 13:12,15.3,0,174.6,5,34.6
211,인제,05/04/2019 13:13,15.1,0,151.4,5.7,35
211,인제,05/04/2019 13:14,15,0,148.6,5.8,35.2
211,인제,05/04/2019 13:15,15.1,0,189.5,5.4,35.5
211,인제,05/04/2019 13:16,15,0,178.3,6.1,35.7
211,인제,05/04/2019 13:17,15,0,186.8,7.3,35.6
211,인제,05/04/2019 13:18,14.8,0,147.9,4.8,35.6
211,인제,05/04/2019 13:19,15,0,150.9,5.7,35.8
211,인제,05/04/2019 13:20,15.2,0,175.1,6.4,35
211,인제,05/04/2019 13:21,15.1,0,169.5,6.3,35
211,인제,05/04/2019 13:22,15.1,0,177.3,5.2,34.9
211,인제,05/04/2019 13:23,15.1,0,159,5.6,34.7
211,인제,05/04/2019 13:24,15.1,0,159.6,5,35.1
211,인제,05/04/2019 13:25,15.4,0,175.6,5.8,34.9
211,인제,05/04/2019 13:26,15.2,0,159.8,3.3,34.5
211,인제,05/04/2019 13:27,15.4,0,167,2.6,34.7
211,인제,05/04/2019 13:28,15.6,0,168.5,4.9,33.8
211,인제,05/04/2019 13:29,15.6,0,184.4,5.5,34
211,인제,05/04/2019 13:30,15.7,0,178.8,5.4,33.2
211,인제,05/04/2019 13:31,15.7,0,165.1,3.6,32.8
211,인제,05/04/2019 13:32,15.5,0,165.7,3.8,32.8
211,인제,05/04/2019 13:33,15.7,0,168.8,4.5,33.1
211,인제,05/04/2019 13:34,16,0,191.4,4.2,33.2
211,인제,05/04/2019 13:35,16.2,0,170.2,4.4,33
211,인제,05/04/2019 13:36,16.1,0,171.2,5.2,31.8
211,인제,05/04/2019 13:37,16,0,169.7,6.1,30.8
211,인제,05/04/2019 13:38,15.7,0,153.7,6.2,31.5
211,인제,05/04/2019 13:39,15.6,0,141.5,5.2,31.8
211,인제,05/04/2019 13:40,15.7,0,149.7,4.7,32.3
211,인제,05/04/2019 13:41,15.7,0,168.9,3.8,31.9
211,인제,05/04/2019 13:42,15.8,0,165.2,5.2,31.7
211,인제,05/04/2019 13:43,15.8,0,188.6,6.8,30.8
211,인제,05/04/2019 13:44,16.1,0,181,5.5,30.5
211,인제,05/04/2019 13:45,16.1,0,185.7,3.8,30.3
211,인제,05/04/2019 13:46,16.1,0,182.2,6.9,29.7
211,인제,05/04/2019 13:47,15.9,0,260.1,5.1,29.9
211,인제,05/04/2019 13:48,16.1,0,133.1,2.6,30.1
211,인제,05/04/2019 13:49,16.4,0,185.2,3.3,29.9
211,인제,05/04/2019 13:50,16.4,0,160,4.6,29.5
211,인제,05/04/2019 13:51,16.2,0,173.2,6.9,29
211,인제,05/04/2019 13:52,15.8,0,192.5,5.3,29.3
211,인제,05/04/2019 13:53,16,0,191.2,4,30
211,인제,05/04/2019 13:54,16.3,0,175.7,4.1,29.5
211,인제,05/04/2019 13:55,16.5,0,107.3,2.2,28.4
211,인제,05/04/2019 13:56,16.5,0,169.7,5.2,27.9
211,인제,05/04/2019 13:57,16.6,0,165.3,4.6,27.7
211,인제,05/04/2019 13:58,16.3,0,190.4,2.4,27
211,인제,05/04/2019 13:59,16.6,0,203.9,5.8,27.6
211,인제,05/04/2019 14:00,16.6,0,176.6,4.4,27
211,인제,05/04/2019 14:01,16.7,0,150.8,5.3,26.7
211,인제,05/04/2019 14:02,16.7,0,154.3,2.8,26.6
211,인제,05/04/2019 14:03,16.7,0,175.6,6,26.7
211,인제,05/04/2019 14:04,16.8,0,182.5,5.9,26.8
211,인제,05/04/2019 14:05,16.5,0,211.8,3.3,27
211,인제,05/04/2019 14:06,16.7,0,243.6,2.5,27.1
211,인제,05/04/2019 14:07,16.6,0,121.7,3.2,27.1
211,인제,05/04/2019 14:08,16.6,0,154.7,4.1,27.3
211,인제,05/04/2019 14:09,16.6,0,179.7,3.5,27.5
211,인제,05/04/2019 14:10,16.6,0,197.4,3.1,27.4
211,인제,05/04/2019 14:11,16.4,0,152.8,3.9,27.7
211,인제,05/04/2019 14:12,16.5,0,150,5.2,27.5
211,인제,05/04/2019 14:13,16.3,0,178.9,2.9,27.2
211,인제,05/04/2019 14:14,16.4,0,210.5,4.2,26.9
211,인제,05/04/2019 14:15,16.3,0,190.1,2.3,26.9
211,인제,05/04/2019 14:16,16.4,0,174.2,1.6,27.1
211,인제,05/04/2019 14:17,16.7,0,173.3,4.4,27.1
211,인제,05/04/2019 14:18,16.5,0,165.1,5.4,26.8
211,인제,05/04/2019 14:19,16.4,0,170.1,4.7,26.6
211,인제,05/04/2019 14:20,16.5,0,213,4.5,27.1
211,인제,05/04/2019 14:21,16.7,0,254.2,3.2,26.4
211,인제,05/04/2019 14:22,16.8,0,278.1,3,26.4
211,인제,05/04/2019 14:23,17.1,0,335.5,2.4,24.6
211,인제,05/04/2019 14:24,17.3,0,308.6,2.2,25.1
211,인제,05/04/2019 14:25,17.5,0,34.8,1.7,24.9
211,인제,05/04/2019 14:26,17.6,0,90.5,2.1,25
211,인제,05/04/2019 14:27,17.9,0,183.3,2.3,25.4
211,인제,05/04/2019 14:28,17.9,0,150.3,4,24.7
211,인제,05/04/2019 14:29,17.7,0,157.5,3.8,23.5
211,인제,05/04/2019 14:30,17.1,0,146.9,4.9,22.8
211,인제,05/04/2019 14:31,17,0,152.4,4.3,23.6
211,인제,05/04/2019 14:32,16.8,0,163.6,4.4,23.3
211,인제,05/04/2019 14:33,16.8,0,91.6,2,23.7
211,인제,05/04/2019 14:34,16.8,0,79.6,2,23.8
211,인제,05/04/2019 14:35,17.1,0,125.2,2.8,23.7
211,인제,05/04/2019 14:36,17.2,0,124.2,4.6,23
211,인제,05/04/2019 14:37,16.9,0,116.9,3.9,22.9
211,인제,05/04/2019 14:38,16.9,0,163.9,2.5,23.2
211,인제,05/04/2019 14:39,17.3,0,183.9,3,22.4
211,인제,05/04/2019 14:40,17.1,0,204.7,5.4,18.9
211,인제,05/04/2019 14:41,16.8,0,356.6,2,18.1
211,인제,05/04/2019 14:42,16.9,0,41.9,0.6,18.4
211,인제,05/04/2019 14:43,17.2,0,112.9,1.8,18.9
211,인제,05/04/2019 14:44,17.4,0,131.8,3.6,17.8
211,인제,05/04/2019 14:45,17.4,0,110.1,3.8,16.9
211,인제,05/04/2019 14:46,17.4,0,135.7,4.1,17
211,인제,05/04/2019 14:47,17.5,0,171.2,5.5,17.2
211,인제,05/04/2019 14:48,17.4,0,153.8,5.9,16.8
211,인제,05/04/2019 14:49,17.3,0,190.9,5.2,17
211,인제,05/04/2019 14:50,17.4,0,225,4.2,16.9
211,인제,05/04/2019 14:51,17.5,0,212,3.4,16.8
211,인제,05/04/2019 14:52,17.5,0,224.7,5,16.4
211,인제,05/04/2019 14:53,17.3,0,239.3,5,15.9
211,인제,05/04/2019 14:54,17.4,0,239.2,3.7,16.1
211,인제,05/04/2019 14:55,17.3,0,292.1,4,15.7
211,인제,05/04/2019 14:56,17.2,0,304.4,3.2,15.8
211,인제,05/04/2019 14:57,17.3,0,137.8,2,15.7
211,인제,05/04/2019 14:58,17.3,0,186.6,4.7,15.6
211,인제,05/04/2019 14:59,17.5,0,163.7,4.1,15.6
211,인제,05/04/2019 15:00,17.3,0,202.8,2.7,15.4
211,인제,05/04/2019 15:01,17.4,0,133.9,1,15.9
211,인제,05/04/2019 15:02,17.6,0,197.5,3.4,15.2
211,인제,05/04/2019 15:03,17.3,0,202,2.4,14.8
211,인제,05/04/2019 15:04,17.4,0,187.9,2.5,15.1
211,인제,05/04/2019 15:05,17.5,0,192.1,4.1,15.1
211,인제,05/04/2019 15:06,17.5,0,175.3,3.4,14.9
211,인제,05/04/2019 15:07,17.5,0,166.3,4.9,14.9
211,인제,05/04/2019 15:08,17.5,0,193.2,5.2,14.7
211,인제,05/04/2019 15:09,17.2,0,155.4,3.3,14.5
211,인제,05/04/2019 15:10,17.1,0,152.8,2.7,14.7
211,인제,05/04/2019 15:11,17.3,0,145.4,2.8,14.7
211,인제,05/04/2019 15:12,17.2,0,164.1,4.1,14.3
211,인제,05/04/2019 15:13,17.3,0,119.2,2.9,14.6
211,인제,05/04/2019 15:14,17.6,0,143,3.6,14.8
211,인제,05/04/2019 15:15,17.6,0,121.8,3.8,14.2
211,인제,05/04/2019 15:16,17.6,0,147.4,5.1,14.3
211,인제,05/04/2019 15:17,17.6,0,144.3,4.1,14.3
211,인제,05/04/2019 15:18,17.6,0,178.5,2.3,14.3
211,인제,05/04/2019 15:19,17.7,0,221.2,4.4,14.3
211,인제,05/04/2019 15:20,17.8,0,202.8,3.6,14.3
211,인제,05/04/2019 15:21,17.8,0,208.3,6,14.1
211,인제,05/04/2019 15:22,17.6,0,209.5,5.3,14.1
211,인제,05/04/2019 15:23,17.5,0,203.8,7.2,13.9
211,인제,05/04/2019 15:24,17.3,0,227.7,5.1,13.8
211,인제,05/04/2019 15:25,17.1,0,204.2,4.4,13.5
211,인제,05/04/2019 15:26,16.9,0,204.7,6,14.1
211,인제,05/04/2019 15:27,17,0,228.9,5.6,14.1
211,인제,05/04/2019 15:28,17,0,202.3,3.4,14.1
211,인제,05/04/2019 15:29,17.1,0,197.5,3.9,14.2
211,인제,05/04/2019 15:30,17.2,0,177.1,4.2,14.2
211,인제,05/04/2019 15:31,17.1,0,219.9,2,14.2
211,인제,05/04/2019 15:32,17,0,306.8,1.9,14
211,인제,05/04/2019 15:33,17,0,161.7,1.1,14.1
211,인제,05/04/2019 15:34,17,0,188.5,3,14.1
211,인제,05/04/2019 15:35,17.2,0,199.1,3.9,14.2
211,인제,05/04/2019 15:36,17.3,0,197.9,4.5,13.8
211,인제,05/04/2019 15:37,17.3,0,213.8,2.6,13.7
211,인제,05/04/2019 15:38,17.4,0,134.1,1.1,13.7
211,인제,05/04/2019 15:39,17.4,0,224,0.6,13.5
211,인제,05/04/2019 15:40,17.6,0,242.3,1.3,13.5
211,인제,05/04/2019 15:41,17.8,0,273.9,0.8,13.6
211,인제,05/04/2019 15:42,18.1,0,217.8,0.9,13.5
211,인제,05/04/2019 15:43,18.4,0,10.8,0.6,13.9
211,인제,05/04/2019 15:44,18.6,0,146.4,1.3,13.9
211,인제,05/04/2019 15:45,18.3,0,207.8,2.5,13.2
211,인제,05/04/2019 15:46,18.1,0,288,2.4,13
211,인제,05/04/2019 15:47,17.9,0,340.8,1.2,12.8
211,인제,05/04/2019 15:48,18,0,78.4,2.2,13.5
211,인제,05/04/2019 15:49,18.1,0,65.2,2.5,13.7
211,인제,05/04/2019 15:50,18.3,0,181.8,2.4,13.2
211,인제,05/04/2019 15:51,17.9,0,113.1,2.5,12.9
211,인제,05/04/2019 15:52,17.8,0,173.5,2.4,13.5
211,인제,05/04/2019 15:53,17.7,0,172.8,5.4,13.3
211,인제,05/04/2019 15:54,17.5,0,226.3,5.6,13.3
211,인제,05/04/2019 15:55,17.5,0,166.2,2.9,13.5
211,인제,05/04/2019 15:56,17.7,0,175.7,3.1,13.4
211,인제,05/04/2019 15:57,17.5,0,150.3,5.2,12.9
211,인제,05/04/2019 15:58,17.4,0,140.9,5.7,12.8
211,인제,05/04/2019 15:59,17.2,0,176.5,4.7,13
211,인제,05/04/2019 16:00,17.2,0,165.5,4.3,13.1
211,인제,05/04/2019 16:01,17.2,0,147.1,5.1,13.1
211,인제,05/04/2019 16:02,17.2,0,175,5.1,12.9
211,인제,05/04/2019 16:03,17.1,0,203.6,2.6,12.7
211,인제,05/04/2019 16:04,17.1,0,175.1,3.1,13
211,인제,05/04/2019 16:05,17.1,0,178.3,4.9,13
211,인제,05/04/2019 16:06,17.2,0,159,4.5,13
211,인제,05/04/2019 16:07,17.3,0,162,2.8,13.2
211,인제,05/04/2019 16:08,17.5,0,150.7,4.6,13.1
211,인제,05/04/2019 16:09,17.4,0,195.1,2.8,12.8
211,인제,05/04/2019 16:10,17.5,0,194.5,2.7,13.1
211,인제,05/04/2019 16:11,17.8,0,198.9,2.6,13
211,인제,05/04/2019 16:12,17.8,0,155.8,3.9,12.6
211,인제,05/04/2019 16:13,17.6,0,209.6,3,12.6
211,인제,05/04/2019 16:14,17.6,0,185.4,4.9,12.8
211,인제,05/04/2019 16:15,17.5,0,205.8,6.1,12.2
211,인제,05/04/2019 16:16,17.2,0,174.4,5.1,12.3
211,인제,05/04/2019 16:17,17.1,0,174.6,3.5,12.1
211,인제,05/04/2019 16:18,17.1,0,176,1.8,12.3
211,인제,05/04/2019 16:19,17.3,0,176.3,3.1,12.6
211,인제,05/04/2019 16:20,17.4,0,150,4.9,12.3
211,인제,05/04/2019 16:21,17.3,0,169.4,2.9,12.1
211,인제,05/04/2019 16:22,17.3,0,179.4,4.2,12.5
211,인제,05/04/2019 16:23,17.4,0,185.2,4.2,12.5
211,인제,05/04/2019 16:24,17.5,0,166.4,4.5,12.2
211,인제,05/04/2019 16:25,17.3,0,151.4,4.9,12
211,인제,05/04/2019 16:26,17.2,0,163.6,3.2,11.9
211,인제,05/04/2019 16:27,17.2,0,178.7,3.5,11.9
211,인제,05/04/2019 16:28,17.2,0,218.7,4.9,11.8
211,인제,05/04/2019 16:29,17.1,0,161.1,1.9,11.7
211,인제,05/04/2019 16:30,17.3,0,144,4.4,12.1
211,인제,05/04/2019 16:31,17.3,0,162.4,3.9,11.8
211,인제,05/04/2019 16:32,17.2,0,164.9,4.3,11.6
211,인제,05/04/2019 16:33,17.2,0,147.1,4.7,11.7
211,인제,05/04/2019 16:34,17.1,0,119.7,3.3,11.5
211,인제,05/04/2019 16:35,17.2,0,171.6,4.3,12
211,인제,05/04/2019 16:36,17.2,0,205.6,5,11.9
211,인제,05/04/2019 16:37,17.4,0,189.1,2.4,12
211,인제,05/04/2019 16:38,17.3,0,198.4,4.7,11.8
211,인제,05/04/2019 16:39,17.3,0,202.9,3.3,11.9
211,인제,05/04/2019 16:40,17.4,0,196.3,2.8,12.2
211,인제,05/04/2019 16:41,17.5,0,187.6,1.7,11.9
211,인제,05/04/2019 16:42,17.6,0,188.2,1.6,12
211,인제,05/04/2019 16:43,17.7,0,198.9,1.6,11.9
211,인제,05/04/2019 16:44,17.9,0,224.2,1.3,11.6
211,인제,05/04/2019 16:45,17.7,0,210.3,3,11.6
211,인제,05/04/2019 16:46,17.6,0,239,2.7,11.7
211,인제,05/04/2019 16:47,17.5,0,233.3,2,11.6
211,인제,05/04/2019 16:48,17.4,0,230.7,3.8,11.4
211,인제,05/04/2019 16:49,17.3,0,215.1,2.9,11.6
211,인제,05/04/2019 16:50,17.3,0,161.1,2,11.5
211,인제,05/04/2019 16:51,17.2,0,339.1,1.1,11.2
211,인제,05/04/2019 16:52,17.3,0,351.2,2.9,11.5
211,인제,05/04/2019 16:53,17.3,0,29.9,3.6,11.3
211,인제,05/04/2019 16:54,17.4,0,343.5,2.6,11.6
211,인제,05/04/2019 16:55,17.4,0,345.3,2.7,11.7
211,인제,05/04/2019 16:56,17.6,0,86.4,1.1,12.2
211,인제,05/04/2019 16:57,17.7,0,185.9,1.7,11.9
211,인제,05/04/2019 16:58,17.5,0,223.5,3,11.2
211,인제,05/04/2019 16:59,17.2,0,226.7,1.6,11.3
211,인제,05/04/2019 17:00,17.3,0,211.3,2.2,11.4
211,인제,05/04/2019 17:01,17.4,0,205,1.7,11.4
211,인제,05/04/2019 17:02,17.5,0,180.3,1.7,11.4
211,인제,05/04/2019 17:03,17.4,0,215,3.8,11.5
211,인제,05/04/2019 17:04,17.1,0,194.4,2.7,11.3
211,인제,05/04/2019 17:05,17.1,0,194.1,3.2,11.6
211,인제,05/04/2019 17:06,17.2,0,211.3,3,11.5
211,인제,05/04/2019 17:07,17.1,0,175,3.3,11.6
211,인제,05/04/2019 17:08,17.1,0,123.4,2.3,11.5
211,인제,05/04/2019 17:09,17,0,177.3,1.9,11.7
211,인제,05/04/2019 17:10,17.1,0,224.4,3.5,11.5
211,인제,05/04/2019 17:11,17,0,237.4,3.2,11.4
211,인제,05/04/2019 17:12,17,0,221.3,3.3,11.5
211,인제,05/04/2019 17:13,17.1,0,249.4,1.7,11.4
211,인제,05/04/2019 17:14,17,0,185.2,3,11.5
211,인제,05/04/2019 17:15,17,0,200.7,2.4,11.5
211,인제,05/04/2019 17:16,17,0,196.1,1,11.4
211,인제,05/04/2019 17:17,17.1,0,189.7,1,11.6
211,인제,05/04/2019 17:18,17,0,147.5,1.5,11.7
211,인제,05/04/2019 17:19,16.9,0,231.2,4.1,11.3
211,인제,05/04/2019 17:20,16.8,0,208,1.7,11.2
211,인제,05/04/2019 17:21,16.7,0,183.7,1.4,11.4
211,인제,05/04/2019 17:22,16.7,0,186,1.6,11.5
211,인제,05/04/2019 17:23,16.7,0,246.3,1.6,11.8
211,인제,05/04/2019 17:24,16.6,0,208.8,2.3,12
211,인제,05/04/2019 17:25,16.5,0,228.2,2.3,11.7
211,인제,05/04/2019 17:26,16.5,0,249.8,1.6,11.6
211,인제,05/04/2019 17:27,16.5,0,125.7,0.7,11.8
211,인제,05/04/2019 17:28,16.4,0,286,0.2,12
211,인제,05/04/2019 17:29,16.3,0,0.7,0.6,12
211,인제,05/04/2019 17:30,16.3,0,14.4,0.7,12.3
211,인제,05/04/2019 17:31,16.3,0,44.4,0.5,12.7
211,인제,05/04/2019 17:32,16.2,0,161.4,1,12.2
211,인제,05/04/2019 17:33,16.2,0,197.8,1.8,12
211,인제,05/04/2019 17:34,16.2,0,195.4,2.7,12.2
211,인제,05/04/2019 17:35,16.3,0,181.4,3.9,11.7
211,인제,05/04/2019 17:36,16.3,0,214.4,3.6,11.6
211,인제,05/04/2019 17:37,16.3,0,246.8,1.7,11.9
211,인제,05/04/2019 17:38,16.2,0,189.2,1.5,12
211,인제,05/04/2019 17:39,16.2,0,199.1,4,11.8
211,인제,05/04/2019 17:40,16.2,0,194.4,4.8,11.9
211,인제,05/04/2019 17:41,16.2,0,201.6,3,12
211,인제,05/04/2019 17:42,16.2,0,162.6,3.2,11.7
211,인제,05/04/2019 17:43,16.2,0,168.5,3.7,11.4
211,인제,05/04/2019 17:44,16.2,0,203,4.1,11.6
211,인제,05/04/2019 17:45,16.2,0,199.2,3.3,11.4
211,인제,05/04/2019 17:46,16.2,0,197.4,3,11.8
211,인제,05/04/2019 17:47,16.1,0,196.9,1.5,11.8
211,인제,05/04/2019 17:48,16.1,0,169.1,1.9,11.8
211,인제,05/04/2019 17:49,16.1,0,168.7,2.3,11.7
211,인제,05/04/2019 17:50,16.1,0,182,3.9,11.6
211,인제,05/04/2019 17:51,16.1,0,145.4,3.3,11.2
211,인제,05/04/2019 17:52,16.2,0,176.1,2.7,11.5
211,인제,05/04/2019 17:53,16.1,0,177.1,4.6,11.4
211,인제,05/04/2019 17:54,16.1,0,146.3,3.6,11
211,인제,05/04/2019 17:55,16.1,0,228.9,2,11
211,인제,05/04/2019 17:56,16.1,0,309.8,0.5,11.1
211,인제,05/04/2019 17:57,16.1,0,302.2,0.7,11.1
211,인제,05/04/2019 17:58,16,0,203.7,1,11.4
211,인제,05/04/2019 17:59,15.9,0,194.6,0.6,11.4
211,인제,05/04/2019 18:00,15.8,0,58.7,0.6,11.5
211,인제,05/04/2019 18:01,15.8,0,93.3,1.2,11.5
211,인제,05/04/2019 18:02,15.8,0,191.4,1.5,11.5
211,인제,05/04/2019 18:03,15.8,0,226.1,2,11.5
211,인제,05/04/2019 18:04,15.8,0,48.4,0.8,11.7
211,인제,05/04/2019 18:05,15.8,0,216.2,1.3,11.8
211,인제,05/04/2019 18:06,15.7,0,196.3,2.2,12
211,인제,05/04/2019 18:07,15.7,0,209.7,2.3,11.8
211,인제,05/04/2019 18:08,15.7,0,191.8,1.8,11.3
211,인제,05/04/2019 18:09,15.8,0,174.5,4.7,11.4
211,인제,05/04/2019 18:10,15.8,0,150.4,4.1,11.2
211,인제,05/04/2019 18:11,15.8,0,152.9,2.4,11.4
211,인제,05/04/2019 18:12,15.8,0,132.7,3.2,11.3
211,인제,05/04/2019 18:13,15.7,0,224.3,1.8,11.6
211,인제,05/04/2019 18:14,15.7,0,172.3,1.7,11.4
211,인제,05/04/2019 18:15,15.7,0,139.9,1.4,11.1
211,인제,05/04/2019 18:16,15.7,0,97.9,2,11.4
211,인제,05/04/2019 18:17,15.6,0,154.7,2.4,11.7
211,인제,05/04/2019 18:18,15.6,0,157.9,2.9,11.7
211,인제,05/04/2019 18:19,15.5,0,167.7,3.3,11.8
211,인제,05/04/2019 18:20,15.5,0,138.2,4,11.6
211,인제,05/04/2019 18:21,15.6,0,197.1,3.3,11.2
211,인제,05/04/2019 18:22,15.7,0,123.5,1.3,11.2
211,인제,05/04/2019 18:23,15.7,0,128.5,3.1,11.4
211,인제,05/04/2019 18:24,15.6,0,168.7,2,11.8
211,인제,05/04/2019 18:25,15.5,0,188.7,2.5,11.6
211,인제,05/04/2019 18:26,15.5,0,281.7,0.9,11.8
211,인제,05/04/2019 18:27,15.3,0,300.7,0.6,12.1
211,인제,05/04/2019 18:28,15.2,0,39.5,1.3,12.3
211,인제,05/04/2019 18:29,15.1,0,333,1.8,12.3
211,인제,05/04/2019 18:30,15.2,0,137.2,1.6,11.7
211,인제,05/04/2019 18:31,15.3,0,140.1,2.8,11.4
211,인제,05/04/2019 18:32,15.4,0,130.6,1.5,11.3
211,인제,05/04/2019 18:33,15.4,0,160.6,1.1,11.5
211,인제,05/04/2019 18:34,15.3,0,186.8,2.4,11.8
211,인제,05/04/2019 18:35,15.3,0,165.4,2.4,11.5
211,인제,05/04/2019 18:36,15.4,0,172.1,2.7,11.5
211,인제,05/04/2019 18:37,15.3,0,186.3,4.4,11.5
211,인제,05/04/2019 18:38,15.5,0,181.3,2.9,11.4
211,인제,05/04/2019 18:39,15.5,0,172.3,2.1,11.4
211,인제,05/04/2019 18:40,15.4,0,137.8,1.5,11.6
211,인제,05/04/2019 18:41,15.3,0,166.6,1,11.9
211,인제,05/04/2019 18:42,15.2,0,174.5,2.7,12
211,인제,05/04/2019 18:43,15.2,0,201.9,2.2,12.1
211,인제,05/04/2019 18:44,15.1,0,187.1,2.6,12
211,인제,05/04/2019 18:45,15.2,0,197.7,3.1,11.9
211,인제,05/04/2019 18:46,15.2,0,177.1,3,11.7
211,인제,05/04/2019 18:47,15.3,0,200.2,2.3,11.6
211,인제,05/04/2019 18:48,15.2,0,176.7,1.3,11.8
211,인제,05/04/2019 18:49,15.2,0,177,2.2,11.6
211,인제,05/04/2019 18:50,15.1,0,221.4,2.3,11.9
211,인제,05/04/2019 18:51,15.1,0,206.1,1.9,11.6
211,인제,05/04/2019 18:52,15.1,0,152.3,0.8,12
211,인제,05/04/2019 18:53,15,0,169.6,1.5,11.9
211,인제,05/04/2019 18:54,15,0,187.5,1.4,11.8
211,인제,05/04/2019 18:55,15,0,224.3,1.5,12.2
211,인제,05/04/2019 18:56,14.7,0,258.7,1.4,12.7
211,인제,05/04/2019 18:57,14.4,0,238.5,1.1,13.1
211,인제,05/04/2019 18:58,14.1,0,223.5,0.9,13.4
211,인제,05/04/2019 18:59,13.9,0,167.4,0.9,13.6
211,인제,05/04/2019 19:00,13.8,0,168.4,1,13.6
211,인제,05/04/2019 19:01,13.8,0,171.9,1.4,13.2
211,인제,05/04/2019 19:02,14,0,172.2,2,12.8
211,인제,05/04/2019 19:03,14.2,0,285.8,1.5,13.8
211,인제,05/04/2019 19:04,13.7,0,225.1,0.8,14.9
211,인제,05/04/2019 19:05,13.4,0,243.3,1.4,14.5
211,인제,05/04/2019 19:06,13.3,0,189.1,2,14.6
211,인제,05/04/2019 19:07,13.3,0,193.6,1.8,14.5
211,인제,05/04/2019 19:08,13.4,0,169,2.7,14.6
211,인제,05/04/2019 19:09,13.8,0,176.5,2.8,13.7
211,인제,05/04/2019 19:10,13.9,0,206.9,1.6,14.2
211,인제,05/04/2019 19:11,13.5,0,179.3,1,14.9
211,인제,05/04/2019 19:12,13.2,0,193.4,1.2,14.8
211,인제,05/04/2019 19:13,13.2,0,222.8,1.2,14.5
211,인제,05/04/2019 19:14,13.4,0,170.4,1.2,14.2
211,인제,05/04/2019 19:15,13.4,0,206.4,1.3,14.6
211,인제,05/04/2019 19:16,13.1,0,181.7,1.1,14.9
211,인제,05/04/2019 19:17,13,0,244.5,0.9,15
211,인제,05/04/2019 19:18,12.7,0,224.3,0.8,15.8
211,인제,05/04/2019 19:19,12.5,0,178.8,0.8,15.9
211,인제,05/04/2019 19:20,12.5,0,231.1,1.1,15.6
211,인제,05/04/2019 19:21,12.6,0,195.5,1.2,15.6
211,인제,05/04/2019 19:22,12.6,0,191.9,0.8,15.6
211,인제,05/04/2019 19:23,12.6,0,212.3,1.5,15.6
211,인제,05/04/2019 19:24,12.5,0,315.9,0.8,17.2
211,인제,05/04/2019 19:25,12.2,0,204.9,0.6,17.3
211,인제,05/04/2019 19:26,12,0,250.8,0.7,17
211,인제,05/04/2019 19:27,12.5,0,110.4,1.1,15.3
211,인제,05/04/2019 19:28,13.1,0,166.5,1.7,15.3
211,인제,05/04/2019 19:29,13.2,0,237,1.1,15.6
211,인제,05/04/2019 19:30,13,0,160.8,1,15.3
211,인제,05/04/2019 19:31,13.1,0,176.9,2.5,15.2
211,인제,05/04/2019 19:32,13.6,0,190.9,1.9,14.8
211,인제,05/04/2019 19:33,13.9,0,148.5,1.4,14.9
211,인제,05/04/2019 19:34,13.7,0,209.6,1.6,15.4
211,인제,05/04/2019 19:35,13.1,0,247.4,1.2,17.4
211,인제,05/04/2019 19:36,12.4,0,242.3,1.5,18.3
211,인제,05/04/2019 19:37,12,0,187.4,2,18.1
211,인제,05/04/2019 19:38,12.1,0,214.2,1.7,17
211,인제,05/04/2019 19:39,12.3,0,255.3,1.6,17.8
211,인제,05/04/2019 19:40,12.4,0,302.4,1.9,18
211,인제,05/04/2019 19:41,12.1,0,324.1,0.8,19.7
211,인제,05/04/2019 19:42,11.8,0,306,1.3,19.7
211,인제,05/04/2019 19:43,11.6,0,317.2,1.1,19.8
211,인제,05/04/2019 19:44,11.4,0,346.7,0.4,21.2
211,인제,05/04/2019 19:45,11.1,0,317.5,0.4,21.8
211,인제,05/04/2019 19:46,11,0,325.7,0.9,21.2
211,인제,05/04/2019 19:47,10.9,0,222.9,0.4,21.7
211,인제,05/04/2019 19:48,10.8,0,221.6,0.3,21.5
211,인제,05/04/2019 19:49,10.7,0,0,0,21.4
211,인제,05/04/2019 19:50,10.7,0,245.1,0.5,21.5
211,인제,05/04/2019 19:51,10.7,0,228.9,0.6,22.2
211,인제,05/04/2019 19:52,10.8,0,197.9,1,21.2
211,인제,05/04/2019 19:53,11.1,0,216.3,0.6,20.9
211,인제,05/04/2019 19:54,11,0,209.5,0.6,22.1
211,인제,05/04/2019 19:55,10.9,0,7.6,0.3,23.3
211,인제,05/04/2019 19:56,10.8,0,331.2,0.6,23.3
211,인제,05/04/2019 19:57,10.7,0,290.4,1.1,23.4
211,인제,05/04/2019 19:58,10.5,0,311.6,1.7,23.3
211,인제,05/04/2019 19:59,10.4,0,328.8,1.6,24.6
211,인제,05/04/2019 20:00,10.3,0,349.2,1,24.7
211,인제,05/04/2019 20:01,10.2,0,7.2,1,24.9
211,인제,05/04/2019 20:02,10.2,0,322.9,1,25.2
211,인제,05/04/2019 20:03,10.2,0,291.1,0.9,25.2
211,인제,05/04/2019 20:04,10,0,300.9,1.1,25.5
211,인제,05/04/2019 20:05,9.9,0,330.2,1.3,25.1
211,인제,05/04/2019 20:06,10,0,359.4,1,24.9
211,인제,05/04/2019 20:07,10.1,0,312.8,1.5,24.5
211,인제,05/04/2019 20:08,10.1,0,319.9,2.1,24.5
211,인제,05/04/2019 20:09,10.1,0,317.6,1.5,24.4
211,인제,05/04/2019 20:10,10.1,0,314.3,1.3,24.5
211,인제,05/04/2019 20:11,10,0,316,1.5,24.5
211,인제,05/04/2019 20:12,9.9,0,319.4,0.9,25.1
211,인제,05/04/2019 20:13,9.7,0,63.1,0.3,25.3
211,인제,05/04/2019 20:14,9.7,0,93.2,0.3,25.1
211,인제,05/04/2019 20:15,9.7,0,323.4,0.7,24.8
211,인제,05/04/2019 20:16,9.7,0,335.9,0.8,24.9
211,인제,05/04/2019 20:17,9.6,0,304,0.3,25.3
211,인제,05/04/2019 20:18,9.7,0,324.7,0.3,25.2
211,인제,05/04/2019 20:19,9.6,0,333.2,0.2,25.4
211,인제,05/04/2019 20:20,9.5,0,314.6,0.3,25.3
211,인제,05/04/2019 20:21,9.5,0,294.8,0.4,25.4
211,인제,05/04/2019 20:22,9.4,0,305.7,0.9,25.5
211,인제,05/04/2019 20:23,9.3,0,46.4,0.5,26
211,인제,05/04/2019 20:24,9.3,0,53.5,0.3,25.6
211,인제,05/04/2019 20:25,9.4,0,47.2,0.5,25
211,인제,05/04/2019 20:26,9.4,0,304.2,0.3,25.7
211,인제,05/04/2019 20:27,9.3,0,270.7,0.9,26
211,인제,05/04/2019 20:28,9.4,0,334,0.7,25.1
211,인제,05/04/2019 20:29,9.5,0,11.4,0.5,25.5
211,인제,05/04/2019 20:30,9.5,0,39.8,0.4,25.9
211,인제,05/04/2019 20:31,9.4,0,1.8,0.5,26.1
211,인제,05/04/2019 20:32,9.3,0,304.3,0.2,26.8
211,인제,05/04/2019 20:33,9.1,0,0,0,26.7
211,인제,05/04/2019 20:34,9,0,0,0,27
211,인제,05/04/2019 20:35,9,0,0,0,26.7
211,인제,05/04/2019 20:36,9.1,0,285.5,0.2,26.5
211,인제,05/04/2019 20:37,9,0,261,0.2,27.1
211,인제,05/04/2019 20:38,8.8,0,281.4,0.5,27.2
211,인제,05/04/2019 20:39,8.7,0,287.4,0.4,27.6
211,인제,05/04/2019 20:40,8.6,0,282.7,0.3,27.8
211,인제,05/04/2019 20:41,8.6,0,0,0.1,28.1
211,인제,05/04/2019 20:42,8.6,0,0,0,27.9
211,인제,05/04/2019 20:43,8.8,0,0,0,27.5
211,인제,05/04/2019 20:44,8.8,0,0,0.1,27.9
211,인제,05/04/2019 20:45,8.9,0,245,0.5,27.4
211,인제,05/04/2019 20:46,8.8,0,279.4,0.8,28
211,인제,05/04/2019 20:47,8.6,0,321.1,0.6,28.4
211,인제,05/04/2019 20:48,8.6,0,32.2,0.2,27.9
211,인제,05/04/2019 20:49,8.7,0,16.2,0.3,28
211,인제,05/04/2019 20:50,8.7,0,10.2,0.5,28.2
211,인제,05/04/2019 20:51,8.7,0,29.1,0.3,27.4
211,인제,05/04/2019 20:52,8.7,0,15.3,0.5,28.1
211,인제,05/04/2019 20:53,8.6,0,27,0.5,29.2
211,인제,05/04/2019 20:54,8.5,0,4.6,0.8,29.2
211,인제,05/04/2019 20:55,8.5,0,40.3,0.8,29.2
211,인제,05/04/2019 20:56,8.3,0,208.7,0.1,29.8
211,인제,05/04/2019 20:57,8.4,0,210,1.3,29.1
211,인제,05/04/2019 20:58,8.5,0,181.6,1.8,29.7
211,인제,05/04/2019 20:59,8.6,0,125,1.2,29.5
211,인제,05/04/2019 21:00,8.5,0,352.7,0.8,29.4
211,인제,05/04/2019 21:01,8.5,0,355.1,1.2,29.3
211,인제,05/04/2019 21:02,8.5,0,230.1,0.6,29.8
211,인제,05/04/2019 21:03,8.4,0,220.1,1.4,30.5
211,인제,05/04/2019 21:04,8.4,0,175.9,1.3,29.7
211,인제,05/04/2019 21:05,8.6,0,165.2,1.7,28.5
211,인제,05/04/2019 21:06,8.8,0,151.7,1.9,27.9
211,인제,05/04/2019 21:07,9,0,159.2,1.7,27.8
211,인제,05/04/2019 21:08,8.9,0,227,0.9,27.7
211,인제,05/04/2019 21:09,9,0,302.6,1.1,27.4
211,인제,05/04/2019 21:10,8.9,0,311,1.4,28.1
211,인제,05/04/2019 21:11,8.8,0,269.8,0.9,27.8
211,인제,05/04/2019 21:12,8.9,0,205.5,0.9,27.2
211,인제,05/04/2019 21:13,8.9,0,205.7,1.1,27.2
211,인제,05/04/2019 21:14,8.9,0,230.4,0.5,27.6
211,인제,05/04/2019 21:15,8.8,0,309.1,0.6,27.7
211,인제,05/04/2019 21:16,8.8,0,264.1,1.1,27.9
211,인제,05/04/2019 21:17,8.8,0,223,1.4,28.1
211,인제,05/04/2019 21:18,8.9,0,201.8,1.4,28.1
211,인제,05/04/2019 21:19,9.1,0,207.2,0.8,26.8
211,인제,05/04/2019 21:20,9.3,0,153.8,0.6,27.2
211,인제,05/04/2019 21:21,9.4,0,168.6,0.9,25.9
211,인제,05/04/2019 21:22,9.7,0,169,1.3,25.8
211,인제,05/04/2019 21:23,9.6,0,174.3,1.3,26.7
211,인제,05/04/2019 21:24,9.2,0,48.2,0.9,27.8
211,인제,05/04/2019 21:25,8.9,0,29.3,0.4,28.8
211,인제,05/04/2019 21:26,8.7,0,65.5,0.8,29.9
211,인제,05/04/2019 21:27,8.4,0,117.6,0.6,29.8
211,인제,05/04/2019 21:28,8.4,0,173.5,0.2,29.7
211,인제,05/04/2019 21:29,8.3,0,166.5,0.2,31
211,인제,05/04/2019 21:30,8.3,0,0,0,31.4
211,인제,05/04/2019 21:31,8,0,267,0.4,31.4
211,인제,05/04/2019 21:32,7.9,0,217.5,0.8,31.7
211,인제,05/04/2019 21:33,7.9,0,164.3,0.5,32.4
211,인제,05/04/2019 21:34,7.9,0,140.6,1,33.3
211,인제,05/04/2019 21:35,7.9,0,166.7,0.8,32.9
211,인제,05/04/2019 21:36,7.8,0,272.3,0.7,32.5
211,인제,05/04/2019 21:37,7.8,0,292.6,0.8,32.1
211,인제,05/04/2019 21:38,8,0,256.2,0.3,31.2
211,인제,05/04/2019 21:39,7.9,0,296.1,0.8,32
211,인제,05/04/2019 21:40,7.8,0,314.8,1.5,32
211,인제,05/04/2019 21:41,7.8,0,357,1.3,31.2
211,인제,05/04/2019 21:42,7.8,0,80.7,0.7,32.6
211,인제,05/04/2019 21:43,7.7,0,140.1,0.6,32.7
211,인제,05/04/2019 21:44,7.7,0,0,0,31.7
211,인제,05/04/2019 21:45,7.7,0,342.7,0.1,32.6
211,인제,05/04/2019 21:46,7.5,0,318.3,0.9,33.2
211,인제,05/04/2019 21:47,7.5,0,5,1,32.3
211,인제,05/04/2019 21:48,7.6,0,46,1.2,32.8
211,인제,05/04/2019 21:49,7.5,0,51.6,1.2,33.6
211,인제,05/04/2019 21:50,7.4,0,7.8,0.7,33.7
211,인제,05/04/2019 21:51,7.2,0,330.3,0.4,34
211,인제,05/04/2019 21:52,7.1,0,354.3,0.8,34.1
211,인제,05/04/2019 21:53,7.2,0,310.2,1.3,33.3
211,인제,05/04/2019 21:54,7.2,0,306.1,1.3,33.9
211,인제,05/04/2019 21:55,7.2,0,317.5,1.3,33.3
211,인제,05/04/2019 21:56,7.2,0,310.1,1.2,33.8
211,인제,05/04/2019 21:57,7.2,0,343.7,1,33.3
211,인제,05/04/2019 21:58,7.3,0,11.9,0.8,32.4
211,인제,05/04/2019 21:59,7.5,0,350.6,0.8,32.5
211,인제,05/04/2019 22:00,7.4,0,303.9,0.5,33.1
211,인제,05/04/2019 22:01,7.2,0,267.5,1,33.5
211,인제,05/04/2019 22:02,7.2,0,258.9,0.7,33.4
211,인제,05/04/2019 22:03,7.2,0,42.5,0.2,33
211,인제,05/04/2019 22:04,7.2,0,330.3,0.1,33.2
211,인제,05/04/2019 22:05,7.2,0,342.2,0.6,33.2
211,인제,05/04/2019 22:06,7.3,0,338,1,33
211,인제,05/04/2019 22:07,7.3,0,12.9,0.5,33.9
211,인제,05/04/2019 22:08,7.2,0,0,0.1,34.8
211,인제,05/04/2019 22:09,7.1,0,52.8,0.1,34.2
211,인제,05/04/2019 22:10,7.1,0,35.4,0.7,33.5
211,인제,05/04/2019 22:11,7.1,0,24.9,1.1,33.6
211,인제,05/04/2019 22:12,7.1,0,9.6,1.2,33.5
211,인제,05/04/2019 22:13,7.1,0,304.5,0.9,34.1
211,인제,05/04/2019 22:14,6.9,0,270.6,1,35.5
211,인제,05/04/2019 22:15,6.7,0,202.3,0.3,35.4
211,인제,05/04/2019 22:16,6.7,0,85.6,0.4,35.4
211,인제,05/04/2019 22:17,6.7,0,192.4,0.2,34.5
211,인제,05/04/2019 22:18,6.7,0,229.8,0.3,35.3
211,인제,05/04/2019 22:19,6.8,0,253.9,1.1,34.4
211,인제,05/04/2019 22:20,6.8,0,240.3,0.8,34.5
211,인제,05/04/2019 22:21,6.7,0,207.9,0.3,34.7
211,인제,05/04/2019 22:22,6.7,0,127.1,0.2,34.7
211,인제,05/04/2019 22:23,6.7,0,0,0,34.1
211,인제,05/04/2019 22:24,6.8,0,0,0,33.7
211,인제,05/04/2019 22:25,6.8,0,0,0,34
211,인제,05/04/2019 22:26,6.7,0,135.8,0.2,34.6
211,인제,05/04/2019 22:27,6.7,0,0,0,34.7
211,인제,05/04/2019 22:28,6.6,0,286.5,0.1,35.8
211,인제,05/04/2019 22:29,6.5,0,273.7,0.3,35.3
211,인제,05/04/2019 22:30,6.4,0,0,0,35.3
211,인제,05/04/2019 22:31,6.4,0,0,0,35.4
211,인제,05/04/2019 22:32,6.5,0,280,0.3,35.2
211,인제,05/04/2019 22:33,6.5,0,10.1,0.2,35.3
211,인제,05/04/2019 22:34,6.6,0,296.9,0.6,36
211,인제,05/04/2019 22:35,6.6,0,270.8,1.2,35.1
211,인제,05/04/2019 22:36,6.9,0,252.6,0.6,34.4
211,인제,05/04/2019 22:37,6.8,0,302.2,0.3,34.7
211,인제,05/04/2019 22:38,6.7,0,0,0,35.5
211,인제,05/04/2019 22:39,6.6,0,0,0.1,35.6
211,인제,05/04/2019 22:40,6.6,0,153.7,0.9,35.2
211,인제,05/04/2019 22:41,6.8,0,154.3,1.4,35.1
211,인제,05/04/2019 22:42,6.8,0,258.7,1.8,35.3
211,인제,05/04/2019 22:43,7,0,343.3,1.1,33.6
211,인제,05/04/2019 22:44,7.2,0,354.7,0.5,32.8
211,인제,05/04/2019 22:45,7.4,0,37.8,0.5,32.7
211,인제,05/04/2019 22:46,7.2,0,32.7,0.1,35.6
211,인제,05/04/2019 22:47,6.9,0,205.9,0.4,35.8
211,인제,05/04/2019 22:48,6.9,0,216.7,0.5,35.1
211,인제,05/04/2019 22:49,6.8,0,278.3,0.6,35.1
211,인제,05/04/2019 22:50,6.7,0,357.6,0.5,34.8
211,인제,05/04/2019 22:51,6.8,0,288.9,0.1,34.6
211,인제,05/04/2019 22:52,6.8,0,230.4,0.4,35.2
211,인제,05/04/2019 22:53,6.8,0,200.3,0.6,35.3
211,인제,05/04/2019 22:54,6.8,0,0,0.1,34.7
211,인제,05/04/2019 22:55,6.8,0,0,0,35
211,인제,05/04/2019 22:56,6.7,0,17.4,0.3,36.5
211,인제,05/04/2019 22:57,6.5,0,155.2,0.3,37.6
211,인제,05/04/2019 22:58,6.5,0,97.7,0.5,36.5
211,인제,05/04/2019 22:59,6.5,0,0,0.1,36.5
211,인제,05/04/2019 23:00,6.5,0,107.3,0.2,36.6
211,인제,05/04/2019 23:01,6.6,0,105.7,0.8,37.1
211,인제,05/04/2019 23:02,6.5,0,106.4,0.3,37.2
211,인제,05/04/2019 23:03,6.5,0,222.3,0.4,38.1
211,인제,05/04/2019 23:04,6.6,0,176.2,0.5,37.8
211,인제,05/04/2019 23:05,6.6,0,151,0.3,38
211,인제,05/04/2019 23:06,6.6,0,206.1,0.6,38.3
211,인제,05/04/2019 23:07,6.6,0,220.7,0.5,38.1
211,인제,05/04/2019 23:08,6.4,0,268.5,0.5,38.2
211,인제,05/04/2019 23:09,6.3,0,307,0.6,38.4
211,인제,05/04/2019 23:10,6.3,0,284.3,0.8,38.5
211,인제,05/04/2019 23:11,6.3,0,168.4,0.5,38.2
211,인제,05/04/2019 23:12,6.4,0,150,1.3,38.2
211,인제,05/04/2019 23:13,6.4,0,213,0.7,38.4
211,인제,05/04/2019 23:14,6.4,0,316,0.9,39.4
211,인제,05/04/2019 23:15,6.4,0,324.3,1.2,38.9
211,인제,05/04/2019 23:16,6.4,0,349.5,0.8,38.3
211,인제,05/04/2019 23:17,6.3,0,9.8,0.3,40.7
211,인제,05/04/2019 23:18,6.3,0,77.2,0.4,39.8
211,인제,05/04/2019 23:19,6.2,0,86.2,0.2,40.1
211,인제,05/04/2019 23:20,6.2,0,67.8,0.8,39.6
211,인제,05/04/2019 23:21,6.2,0,33.9,0.5,40.2
211,인제,05/04/2019 23:22,6,0,335.6,0.3,41.6
211,인제,05/04/2019 23:23,6,0,313.5,0.9,40.7
211,인제,05/04/2019 23:24,6.1,0,285.8,0.8,39.5
211,인제,05/04/2019 23:25,6.3,0,245.4,0.5,38.6
211,인제,05/04/2019 23:26,6.3,0,90.5,0.2,38.7
211,인제,05/04/2019 23:27,6.4,0,104.3,0.9,38.8
211,인제,05/04/2019 23:28,6.4,0,144,0.3,39.3
211,인제,05/04/2019 23:29,6.2,0,0,0,39.6
211,인제,05/04/2019 23:30,6.1,0,326.2,0.6,39.6
211,인제,05/04/2019 23:31,6.2,0,352.8,0.8,40.7
211,인제,05/04/2019 23:32,6.2,0,13.2,0.6,39.4
211,인제,05/04/2019 23:33,6.2,0,53.6,0.3,40.3
211,인제,05/04/2019 23:34,6.1,0,66.6,0.3,40.7
211,인제,05/04/2019 23:35,6,0,52.4,0.5,40.3
211,인제,05/04/2019 23:36,5.9,0,348.7,0.1,40.7
211,인제,05/04/2019 23:37,5.8,0,0,0.1,41.5
211,인제,05/04/2019 23:38,5.8,0,282.2,0.4,40.5
211,인제,05/04/2019 23:39,5.8,0,31.7,0.1,40.1
211,인제,05/04/2019 23:40,5.9,0,51.5,1,40.6
211,인제,05/04/2019 23:41,5.8,0,55.3,1.3,42.1
211,인제,05/04/2019 23:42,5.8,0,36.7,0.8,45.8
211,인제,05/04/2019 23:43,5.8,0,25.9,0.8,45.2
211,인제,05/04/2019 23:44,5.7,0,48,0.8,45
211,인제,05/04/2019 23:45,5.6,0,323.6,0.3,46.2
211,인제,05/04/2019 23:46,5.6,0,0,0.1,46.9
211,인제,05/04/2019 23:47,5.7,0,0,0.1,46.4
211,인제,05/04/2019 23:48,5.6,0,0,0,46.7
211,인제,05/04/2019 23:49,5.5,0,187.6,0.1,47.4
211,인제,05/04/2019 23:50,5.5,0,183.6,0.5,48.1
211,인제,05/04/2019 23:51,5.4,0,0,0.1,48.6
211,인제,05/04/2019 23:52,5.5,0,0,0,48.1
211,인제,05/04/2019 23:53,5.5,0,0,0,48.3
211,인제,05/04/2019 23:54,5.5,0,170.6,0.5,48.6
211,인제,05/04/2019 23:55,5.5,0,184.1,0.6,46.9
211,인제,05/04/2019 23:56,5.4,0,259.5,0.2,47.6
211,인제,05/04/2019 23:57,5.3,0,285.4,0.3,48.5
211,인제,05/04/2019 23:58,5.2,0,239.2,0.4,46.3
211,인제,05/04/2019 23:59,5.5,0,182.5,0.3,44
211,인제,06/04/2019 00:00,5.5,0,173.9,0.3,44
211,인제,06/04/2019 00:01,5.4,0,179.5,0.2,45.1
211,인제,06/04/2019 00:02,5.2,0,146.3,0.2,47.1
211,인제,06/04/2019 00:03,5.1,0,126.3,0.3,48.5
211,인제,06/04/2019 00:04,5.1,0,127.8,0.3,47.7
211,인제,06/04/2019 00:05,5,0,271,0.2,48.4
211,인제,06/04/2019 00:06,5,0,338.4,0.5,45.4
211,인제,06/04/2019 00:07,5,0,235.5,0.2,44.1
211,인제,06/04/2019 00:08,5.2,0,239.9,0.6,42.4
211,인제,06/04/2019 00:09,5.4,0,276.9,0.6,42.4
211,인제,06/04/2019 00:10,5.5,0,263.8,0.8,43.1
211,인제,06/04/2019 00:11,5.5,0,187,0.6,45.4
211,인제,06/04/2019 00:12,5.5,0,190.7,0.9,46.1
211,인제,06/04/2019 00:13,5.5,0,214.4,1,47.3
211,인제,06/04/2019 00:14,5.5,0,229.9,0.8,47.1
211,인제,06/04/2019 00:15,5.6,0,263.3,0.5,46.4
211,인제,06/04/2019 00:16,5.4,0,264.5,0.4,46.2
211,인제,06/04/2019 00:17,5.4,0,222.9,0.3,45.3
211,인제,06/04/2019 00:18,5.4,0,211.4,0.8,45
211,인제,06/04/2019 00:19,5.5,0,208.4,0.9,44.6
211,인제,06/04/2019 00:20,5.6,0,183.1,0.9,44.5
211,인제,06/04/2019 00:21,5.5,0,199.8,1.1,45.3
211,인제,06/04/2019 00:22,5.5,0,184.9,1.5,46.3
211,인제,06/04/2019 00:23,5.5,0,167.9,1,47.1
211,인제,06/04/2019 00:24,5.5,0,218.4,0.3,46.8
211,인제,06/04/2019 00:25,5.5,0,296.5,0.7,45.5
211,인제,06/04/2019 00:26,5.5,0,319.8,1,44.8
211,인제,06/04/2019 00:27,5.6,0,323.3,0.9,44.8
211,인제,06/04/2019 00:28,5.7,0,344.4,0.7,45.1
211,인제,06/04/2019 00:29,5.7,0,312.7,0.9,45.7
211,인제,06/04/2019 00:30,5.9,0,347,0.6,44.9
211,인제,06/04/2019 00:31,6,0,28,0.2,44.9
211,인제,06/04/2019 00:32,6,0,61.8,0.2,45.2
211,인제,06/04/2019 00:33,5.9,0,59.7,0.4,45.1
211,인제,06/04/2019 00:34,5.8,0,72.4,0.1,45.2
211,인제,06/04/2019 00:35,5.7,0,61.9,0.5,45.8
211,인제,06/04/2019 00:36,5.5,0,51.7,0.5,46.8
211,인제,06/04/2019 00:37,5.4,0,58.1,0.4,49.1
211,인제,06/04/2019 00:38,5.4,0,74,0.2,50.5
211,인제,06/04/2019 00:39,5.4,0,72.4,0.2,51.3
211,인제,06/04/2019 00:40,5.4,0,0,0,51.7
211,인제,06/04/2019 00:41,5.4,0,0,0.1,51.9
211,인제,06/04/2019 00:42,5.3,0,0,0,52.1
211,인제,06/04/2019 00:43,5.2,0,0,0,51.8
211,인제,06/04/2019 00:44,5.2,0,0,0,52
211,인제,06/04/2019 00:45,5.1,0,0,0,52.4
211,인제,06/04/2019 00:46,5.1,0,0,0.1,52.3
211,인제,06/04/2019 00:47,5.1,0,0,0.1,50.6
211,인제,06/04/2019 00:48,5,0,0,0,51.8
211,인제,06/04/2019 00:49,5,0,0,0,52.7
211,인제,06/04/2019 00:50,4.9,0,0,0,54.3
211,인제,06/04/2019 00:51,4.8,0,0,0.1,54.9
211,인제,06/04/2019 00:52,4.7,0,316.2,0.3,53.5
211,인제,06/04/2019 00:53,4.6,0,342.9,0.1,52.5
211,인제,06/04/2019 00:54,4.6,0,0,0,53.7
211,인제,06/04/2019 00:55,4.6,0,108,0.2,54.1
211,인제,06/04/2019 00:56,4.6,0,35.6,0.1,53.1
211,인제,06/04/2019 00:57,4.6,0,327.3,0.4,53
211,인제,06/04/2019 00:58,4.4,0,282.4,0.4,54.1
211,인제,06/04/2019 00:59,4.5,0,273.1,0.6,50.7
211,인제,06/04/2019 01:00,4.7,0,227,0.5,49.9
211,인제,06/04/2019 01:01,4.6,0,231.3,0.6,50.9
211,인제,06/04/2019 01:02,4.7,0,199.2,0.5,49.2
211,인제,06/04/2019 01:03,4.7,0,208.5,0.6,49.6
211,인제,06/04/2019 01:04,4.5,0,200.5,0.3,49.7
211,인제,06/04/2019 01:05,4.4,0,0,0.1,49.5
211,인제,06/04/2019 01:06,4.4,0,0,0,49.8
211,인제,06/04/2019 01:07,4.3,0,0,0,51.1
211,인제,06/04/2019 01:08,4.3,0,0,0,51.7
211,인제,06/04/2019 01:09,4.2,0,0,0.1,50.5
211,인제,06/04/2019 01:10,4.1,0,214.5,0.1,49.8
211,인제,06/04/2019 01:11,4,0,211,0.2,50.1
211,인제,06/04/2019 01:12,4,0,196.2,0.2,50.5
211,인제,06/04/2019 01:13,4.2,0,0,0,50.3
211,인제,06/04/2019 01:14,4.3,0,0,0,49.8
211,인제,06/04/2019 01:15,4.2,0,0,0,49.8
211,인제,06/04/2019 01:16,4.1,0,338.4,0.4,48.8
211,인제,06/04/2019 01:17,4.1,0,351.5,0.6,47.8
211,인제,06/04/2019 01:18,4.1,0,5.2,0.5,47.9
211,인제,06/04/2019 01:19,4.1,0,5.9,0.2,48.2
211,인제,06/04/2019 01:20,4.1,0,0,0,49.2
211,인제,06/04/2019 01:21,4,0,0,0,48.5
211,인제,06/04/2019 01:22,4.1,0,0,0,47.4
211,인제,06/04/2019 01:23,4.1,0,0,0,47.2
211,인제,06/04/2019 01:24,4.1,0,0,0,47.7
211,인제,06/04/2019 01:25,4,0,0,0.1,47.9
211,인제,06/04/2019 01:26,3.9,0,0,0,47.7
211,인제,06/04/2019 01:27,3.9,0,0,0,47.8
211,인제,06/04/2019 01:28,4,0,165.6,0.2,48
211,인제,06/04/2019 01:29,4,0,162.6,0.2,48.5
211,인제,06/04/2019 01:30,3.9,0,0,0,50.7
211,인제,06/04/2019 01:31,3.9,0,0,0,51.1
211,인제,06/04/2019 01:32,3.8,0,0,0,50.9
211,인제,06/04/2019 01:33,3.8,0,0,0,51
211,인제,06/04/2019 01:34,3.7,0,283,0.3,49.9
211,인제,06/04/2019 01:35,3.6,0,256.7,0.6,49.1
211,인제,06/04/2019 01:36,3.7,0,248.3,0.2,48.6
211,인제,06/04/2019 01:37,3.7,0,0,0,49.7
211,인제,06/04/2019 01:38,3.7,0,0,0,49.1
211,인제,06/04/2019 01:39,3.7,0,0,0,48.8
211,인제,06/04/2019 01:40,3.8,0,0,0,49.1
211,인제,06/04/2019 01:41,3.8,0,0,0,48.8
211,인제,06/04/2019 01:42,3.7,0,0,0,50.7
211,인제,06/04/2019 01:43,3.6,0,0,0.1,51.4
211,인제,06/04/2019 01:44,3.6,0,6.7,0.4,51.4
211,인제,06/04/2019 01:45,3.6,0,25.5,0.4,51.6
211,인제,06/04/2019 01:46,3.6,0,34.1,0.3,50
211,인제,06/04/2019 01:47,3.6,0,35.4,0.2,50.1
211,인제,06/04/2019 01:48,3.6,0,34.3,0.4,49.5
211,인제,06/04/2019 01:49,3.6,0,26.6,0.8,49.3
211,인제,06/04/2019 01:50,3.6,0,12.1,0.8,49.4
211,인제,06/04/2019 01:51,3.5,0,21.1,0.8,49.8
211,인제,06/04/2019 01:52,3.4,0,36.2,0.5,51
211,인제,06/04/2019 01:53,3.4,0,48.9,0.3,49.6
211,인제,06/04/2019 01:54,3.5,0,54.8,0.1,48.9
211,인제,06/04/2019 01:55,3.5,0,0,0,49
211,인제,06/04/2019 01:56,3.5,0,0,0,49.6
211,인제,06/04/2019 01:57,3.5,0,328.5,0.2,50
211,인제,06/04/2019 01:58,3.4,0,0,0.1,50.1
211,인제,06/04/2019 01:59,3.3,0,0,0,51.1
211,인제,06/04/2019 02:00,3.2,0,0,0,51.3
211,인제,06/04/2019 02:01,3.2,0,0,0,51.2
211,인제,06/04/2019 02:02,3.2,0,0,0,51.3
211,인제,06/04/2019 02:03,3.3,0,0,0,51.3
211,인제,06/04/2019 02:04,3.3,0,0,0,51.6
211,인제,06/04/2019 02:05,3.4,0,0,0,52
211,인제,06/04/2019 02:06,3.3,0,0,0,51.6
211,인제,06/04/2019 02:07,3.1,0,0,0,52.4
211,인제,06/04/2019 02:08,3.1,0,0,0,52.1
211,인제,06/04/2019 02:09,3.1,0,271.8,0.2,52.1
211,인제,06/04/2019 02:10,3,0,264.1,0.2,52
211,인제,06/04/2019 02:11,3.1,0,315.9,0.1,50.9
211,인제,06/04/2019 02:12,3.1,0,0,0,50
211,인제,06/04/2019 02:13,3.2,0,0,0,50.4
211,인제,06/04/2019 02:14,3.2,0,0,0,51.3
211,인제,06/04/2019 02:15,3.1,0,0,0,51.8
211,인제,06/04/2019 02:16,3,0,0,0,51.9
211,인제,06/04/2019 02:17,3.1,0,0,0,51.7
211,인제,06/04/2019 02:18,3.1,0,0,0,51
211,인제,06/04/2019 02:19,3.1,0,0,0.1,51.8
211,인제,06/04/2019 02:20,2.9,0,352.2,0.2,53.8
211,인제,06/04/2019 02:21,2.8,0,340.4,0.2,54.9
211,인제,06/04/2019 02:22,2.8,0,0,0,54.2
211,인제,06/04/2019 02:23,2.8,0,0,0,53.9
211,인제,06/04/2019 02:24,2.8,0,0,0,54.1
211,인제,06/04/2019 02:25,2.8,0,0,0,54.5
211,인제,06/04/2019 02:26,2.8,0,0,0,54.3
211,인제,06/04/2019 02:27,2.8,0,0,0,54
211,인제,06/04/2019 02:28,2.8,0,0,0,53.6
211,인제,06/04/2019 02:29,2.8,0,0,0,53.4
211,인제,06/04/2019 02:30,2.7,0,0,0,54.1
211,인제,06/04/2019 02:31,2.7,0,0,0,53.5
211,인제,06/04/2019 02:32,2.8,0,0,0,53.2
211,인제,06/04/2019 02:33,2.8,0,311.2,0.2,53.2
211,인제,06/04/2019 02:34,2.7,0,328.2,0.6,53.9
211,인제,06/04/2019 02:35,2.7,0,318.8,0.7,53.8
211,인제,06/04/2019 02:36,2.7,0,306,0.6,53.9
211,인제,06/04/2019 02:37,2.6,0,306.7,0.7,54.7
211,인제,06/04/2019 02:38,2.6,0,301.3,0.5,55
211,인제,06/04/2019 02:39,2.6,0,283.6,0.1,55.4
211,인제,06/04/2019 02:40,2.5,0,0,0.1,55.1
211,인제,06/04/2019 02:41,2.7,0,0,0,54.2
211,인제,06/04/2019 02:42,2.9,0,0,0,53.4
211,인제,06/04/2019 02:43,2.9,0,163.8,0.2,53.5
211,인제,06/04/2019 02:44,2.7,0,133.3,0.3,54.1
211,인제,06/04/2019 02:45,2.6,0,156.9,0.2,54
211,인제,06/04/2019 02:46,2.6,0,0,0,53.9
211,인제,06/04/2019 02:47,2.6,0,0,0,54.4
211,인제,06/04/2019 02:48,2.6,0,0,0,53.8
211,인제,06/04/2019 02:49,2.7,0,0,0,53.2
211,인제,06/04/2019 02:50,2.8,0,0,0,53.1
211,인제,06/04/2019 02:51,2.8,0,349.6,0.2,53
211,인제,06/04/2019 02:52,2.8,0,354.4,0.2,53.8
211,인제,06/04/2019 02:53,2.8,0,2.1,0.3,55
211,인제,06/04/2019 02:54,2.8,0,16,0.4,54.7
211,인제,06/04/2019 02:55,2.8,0,4.1,0.3,55.7
211,인제,06/04/2019 02:56,2.7,0,1.5,0.1,54.6
211,인제,06/04/2019 02:57,2.7,0,346.3,0.3,54.1
211,인제,06/04/2019 02:58,2.8,0,0,0,54.1
211,인제,06/04/2019 02:59,2.8,0,0,0.1,54.1
211,인제,06/04/2019 03:00,2.8,0,247.3,0.2,53.7
211,인제,06/04/2019 03:01,2.9,0,253.2,0.4,53.9
211,인제,06/04/2019 03:02,2.9,0,231.7,0.3,53.5
211,인제,06/04/2019 03:03,2.9,0,240.1,0.3,54.3
211,인제,06/04/2019 03:04,2.8,0,243.5,0.4,55
211,인제,06/04/2019 03:05,2.8,0,237.4,0.4,55.3
211,인제,06/04/2019 03:06,2.8,0,200.4,0.2,55.3
211,인제,06/04/2019 03:07,2.8,0,129.6,0.1,54.4
211,인제,06/04/2019 03:08,2.8,0,125.9,0.2,53.9
211,인제,06/04/2019 03:09,2.8,0,0,0,52.9
211,인제,06/04/2019 03:10,2.8,0,0,0,53.4
211,인제,06/04/2019 03:11,2.7,0,0,0.1,54.7
211,인제,06/04/2019 03:12,2.6,0,164.5,0.3,55
211,인제,06/04/2019 03:13,2.5,0,165,0.4,55.4
211,인제,06/04/2019 03:14,2.5,0,161.2,0.3,55.5
211,인제,06/04/2019 03:15,2.5,0,160.1,0.4,55.6
211,인제,06/04/2019 03:16,2.6,0,173.9,0.2,56.2
211,인제,06/04/2019 03:17,2.6,0,136,0.1,57.1
211,인제,06/04/2019 03:18,2.6,0,0,0,56.3
211,인제,06/04/2019 03:19,2.6,0,0,0,56.8
211,인제,06/04/2019 03:20,2.7,0,0,0,57.5
211,인제,06/04/2019 03:21,2.7,0,68.7,0.1,58.9
211,인제,06/04/2019 03:22,2.7,0,79,0.3,60.4
211,인제,06/04/2019 03:23,2.8,0,90.6,0.3,61.5
211,인제,06/04/2019 03:24,2.8,0,92.8,0.3,62.1
211,인제,06/04/2019 03:25,2.8,0,0,0.1,62.7
211,인제,06/04/2019 03:26,2.7,0,0,0,61.8
211,인제,06/04/2019 03:27,2.7,0,0,0,62.8
211,인제,06/04/2019 03:28,2.7,0,351.1,0.1,63.8
211,인제,06/04/2019 03:29,2.7,0,341.4,0.1,63.5
211,인제,06/04/2019 03:30,2.7,0,321.6,0.1,63.1
211,인제,06/04/2019 03:31,2.7,0,326.4,0.5,61.1
211,인제,06/04/2019 03:32,2.7,0,346.6,0.6,60
211,인제,06/04/2019 03:33,2.7,0,10.1,0.3,59.3
211,인제,06/04/2019 03:34,2.7,0,39.2,0.3,59.4
211,인제,06/04/2019 03:35,2.8,0,11.9,0.4,59.4
211,인제,06/04/2019 03:36,2.8,0,355.3,0.5,57.7
211,인제,06/04/2019 03:37,2.9,0,349.3,0.7,57.1
211,인제,06/04/2019 03:38,2.9,0,346.6,0.6,56
211,인제,06/04/2019 03:39,3,0,6,0.6,55.5
211,인제,06/04/2019 03:40,3,0,2.6,0.6,55.1
211,인제,06/04/2019 03:41,3,0,353.7,0.4,55.6
211,인제,06/04/2019 03:42,3,0,353.3,0.7,55.9
211,인제,06/04/2019 03:43,2.9,0,359.6,0.2,56.5
211,인제,06/04/2019 03:44,2.9,0,319.1,0.2,55.9
211,인제,06/04/2019 03:45,2.9,0,0,0,54.3
211,인제,06/04/2019 03:46,3,0,0,0,54.4
211,인제,06/04/2019 03:47,2.9,0,0,0,55.4
211,인제,06/04/2019 03:48,2.9,0,0,0,54.4
211,인제,06/04/2019 03:49,2.9,0,0,0,53.9
211,인제,06/04/2019 03:50,3,0,0,0,53.6
211,인제,06/04/2019 03:51,3,0,0,0.1,53.2
211,인제,06/04/2019 03:52,3,0,0,0,53
211,인제,06/04/2019 03:53,3.1,0,0,0,52.6
211,인제,06/04/2019 03:54,3.1,0,0,0,52.2
211,인제,06/04/2019 03:55,3.1,0,0,0,52.5
211,인제,06/04/2019 03:56,3.1,0,122.2,0.1,53.1
211,인제,06/04/2019 03:57,3.1,0,109.6,0.3,52.8
211,인제,06/04/2019 03:58,3.1,0,90.8,0.1,51.6
211,인제,06/04/2019 03:59,3.2,0,0,0,51.9
211,인제,06/04/2019 04:00,3.1,0,0,0,52.2
211,인제,06/04/2019 04:01,3.1,0,0,0,53.8
211,인제,06/04/2019 04:02,3.1,0,0,0,55.3
211,인제,06/04/2019 04:03,3.1,0,0,0,55.1
211,인제,06/04/2019 04:04,3.1,0,0,0.1,53.9
211,인제,06/04/2019 04:05,3,0,296.9,0.4,55
211,인제,06/04/2019 04:06,3,0,291.2,0.5,54.5
211,인제,06/04/2019 04:07,3.1,0,279.7,0.6,54.9
211,인제,06/04/2019 04:08,3.1,0,259.5,0.4,55.5
211,인제,06/04/2019 04:09,3.2,0,260.2,0.3,55.4
211,인제,06/04/2019 04:10,3.2,0,0,0,54.9
211,인제,06/04/2019 04:11,3.2,0,0,0,54.8
211,인제,06/04/2019 04:12,3.2,0,0,0,54.8
211,인제,06/04/2019 04:13,3.2,0,0,0,54.4
211,인제,06/04/2019 04:14,3.2,0,0,0,54
211,인제,06/04/2019 04:15,3.2,0,0,0,54
211,인제,06/04/2019 04:16,3.3,0,0,0,54
211,인제,06/04/2019 04:17,3.2,0,0,0,55.8
211,인제,06/04/2019 04:18,3.2,0,0,0,55.8
211,인제,06/04/2019 04:19,3.1,0,45.3,0.2,56
211,인제,06/04/2019 04:20,3.1,0,59.6,0.5,55.4
211,인제,06/04/2019 04:21,3.1,0,47.3,0.5,55.3
211,인제,06/04/2019 04:22,3.1,0,33,0.7,55.1
211,인제,06/04/2019 04:23,3.1,0,34.6,0.5,55
211,인제,06/04/2019 04:24,3.1,0,37.2,0.5,55
211,인제,06/04/2019 04:25,3.1,0,46.1,0.4,54.8
211,인제,06/04/2019 04:26,3.1,0,42.4,0.5,54.8
211,인제,06/04/2019 04:27,3.2,0,10.6,0.6,55.3
211,인제,06/04/2019 04:28,3.2,0,7,0.9,55.2
211,인제,06/04/2019 04:29,3.2,0,9.3,0.8,52.9
211,인제,06/04/2019 04:30,3.2,0,15.4,0.9,52.7
211,인제,06/04/2019 04:31,3.3,0,9.2,0.6,52.4
211,인제,06/04/2019 04:32,3.3,0,357.3,0.4,52.8
211,인제,06/04/2019 04:33,3.3,0,5.5,0.5,53.2
211,인제,06/04/2019 04:34,3.3,0,5.9,0.3,54.6
211,인제,06/04/2019 04:35,3.2,0,0,0.1,54.8
211,인제,06/04/2019 04:36,3.1,0,9,0.3,55.4
211,인제,06/04/2019 04:37,3.1,0,354.9,0.5,54
211,인제,06/04/2019 04:38,3.2,0,307.4,0.5,53.6
211,인제,06/04/2019 04:39,3.2,0,333.3,0.2,53.5
211,인제,06/04/2019 04:40,3.2,0,47.2,0.7,53.8
211,인제,06/04/2019 04:41,3.2,0,16.3,0.6,54.4
211,인제,06/04/2019 04:42,3.2,0,22.1,0.6,52.7
211,인제,06/04/2019 04:43,3.3,0,15.1,0.5,53.2
211,인제,06/04/2019 04:44,3.3,0,2.8,0.4,53.5
211,인제,06/04/2019 04:45,3.3,0,353.6,0.6,52.6
211,인제,06/04/2019 04:46,3.3,0,354.6,0.4,52.9
211,인제,06/04/2019 04:47,3.3,0,9,0.3,52.3
211,인제,06/04/2019 04:48,3.3,0,3.9,0.3,52.2
211,인제,06/04/2019 04:49,3.3,0,358.6,0.2,51.9
211,인제,06/04/2019 04:50,3.3,0,4.7,0.3,51.9
211,인제,06/04/2019 04:51,3.2,0,10.4,0.2,53.1
211,인제,06/04/2019 04:52,3.2,0,0,0,53.2
211,인제,06/04/2019 04:53,3.1,0,0,0.1,54.6
211,인제,06/04/2019 04:54,3,0,256.3,0.5,55.5
211,인제,06/04/2019 04:55,2.9,0,189.7,0.3,56.2
211,인제,06/04/2019 04:56,3,0,127.7,0.2,56.1
211,인제,06/04/2019 04:57,3,0,0,0,55.8
211,인제,06/04/2019 04:58,3,0,47.8,0.3,55.4
211,인제,06/04/2019 04:59,3,0,61.3,0.5,55.5
211,인제,06/04/2019 05:00,3,0,83.5,0.6,56.1
211,인제,06/04/2019 05:01,2.9,0,116.5,0.4,56.3
211,인제,06/04/2019 05:02,2.9,0,130.7,0.2,57.1
211,인제,06/04/2019 05:03,2.9,0,100.7,0.2,57.5
211,인제,06/04/2019 05:04,2.9,0,86.2,0.1,57.1
211,인제,06/04/2019 05:05,2.9,0,0,0.1,57.2
211,인제,06/04/2019 05:06,2.9,0,0,0,57.7
211,인제,06/04/2019 05:07,2.9,0,0,0,57.5
211,인제,06/04/2019 05:08,2.9,0,315.3,0.3,57.3
211,인제,06/04/2019 05:09,2.9,0,15.1,0.4,58
211,인제,06/04/2019 05:10,2.9,0,37.4,0.8,58.6
211,인제,06/04/2019 05:11,3,0,21.5,0.9,60.2
211,인제,06/04/2019 05:12,2.9,0,1.3,0.7,60.4
211,인제,06/04/2019 05:13,2.9,0,353.9,0.9,58.3
211,인제,06/04/2019 05:14,2.9,0,357.5,0.8,56
211,인제,06/04/2019 05:15,2.9,0,322.1,0.4,55.5
211,인제,06/04/2019 05:16,2.9,0,311.4,0.1,55.6
211,인제,06/04/2019 05:17,2.9,0,0,0,55.7
211,인제,06/04/2019 05:18,2.9,0,0,0,55.9
211,인제,06/04/2019 05:19,2.9,0,0,0,56.8
211,인제,06/04/2019 05:20,2.9,0,0,0,56.8
211,인제,06/04/2019 05:21,2.9,0,0,0,56.5
211,인제,06/04/2019 05:22,2.9,0,92.9,0.1,55.9
211,인제,06/04/2019 05:23,2.9,0,57.3,0.2,55.9
211,인제,06/04/2019 05:24,2.9,0,40.3,0.6,56.1
211,인제,06/04/2019 05:25,2.8,0,34.2,0.8,56.5
211,인제,06/04/2019 05:26,2.8,0,65.5,0.5,56.7
211,인제,06/04/2019 05:27,2.7,0,0,0,57.2
211,인제,06/04/2019 05:28,2.7,0,257.6,0.3,57.7
211,인제,06/04/2019 05:29,2.7,0,250.3,0.8,56.5
211,인제,06/04/2019 05:30,2.8,0,259.7,0.7,55.4
211,인제,06/04/2019 05:31,2.8,0,262.8,0.4,55.5
211,인제,06/04/2019 05:32,2.8,0,240.3,0.2,56.1
211,인제,06/04/2019 05:33,2.7,0,0,0,56.2
211,인제,06/04/2019 05:34,2.7,0,134.8,0.1,56.3
211,인제,06/04/2019 05:35,2.7,0,148.7,0.2,56.6
211,인제,06/04/2019 05:36,2.7,0,181.4,0.3,57.5
211,인제,06/04/2019 05:37,2.7,0,182.9,0.4,57.9
211,인제,06/04/2019 05:38,2.7,0,150,0.4,57.8
211,인제,06/04/2019 05:39,2.7,0,135.7,0.4,58.3
211,인제,06/04/2019 05:40,2.7,0,129.8,0.3,58
211,인제,06/04/2019 05:41,2.7,0,137.8,0.2,58.8
211,인제,06/04/2019 05:42,2.7,0,0,0,59
211,인제,06/04/2019 05:43,2.7,0,0,0,60
211,인제,06/04/2019 05:44,2.6,0,228.4,0.3,60.1
211,인제,06/04/2019 05:45,2.7,0,228.5,0.5,60.4
211,인제,06/04/2019 05:46,2.7,0,244.6,0.5,60.1
211,인제,06/04/2019 05:47,2.6,0,267.8,0.6,59.3
211,인제,06/04/2019 05:48,2.5,0,267.5,0.8,59
211,인제,06/04/2019 05:49,2.5,0,267,0.9,58.6
211,인제,06/04/2019 05:50,2.5,0,213,0.6,58.6
211,인제,06/04/2019 05:51,2.5,0,140.9,0.3,58.4
211,인제,06/04/2019 05:52,2.6,0,122.9,0.5,59.2
211,인제,06/04/2019 05:53,2.6,0,137.9,0.7,60.1
211,인제,06/04/2019 05:54,2.6,0,147.3,0.4,60.4
211,인제,06/04/2019 05:55,2.6,0,158.1,0.5,59.8
211,인제,06/04/2019 05:56,2.6,0,151,0.7,59.7
211,인제,06/04/2019 05:57,2.6,0,127,0.6,60.9
211,인제,06/04/2019 05:58,2.5,0,133.7,0.6,61.9
211,인제,06/04/2019 05:59,2.5,0,155.8,0.6,62.3
211,인제,06/04/2019 06:00,2.4,0,173.7,0.7,62.5
211,인제,06/04/2019 06:01,2.4,0,221.4,0.4,62.6
211,인제,06/04/2019 06:02,2.4,0,225.8,0.2,62.8
211,인제,06/04/2019 06:03,2.4,0,0,0,62.7
211,인제,06/04/2019 06:04,2.3,0,290.2,0.3,62.7
211,인제,06/04/2019 06:05,2.3,0,291.1,0.9,62
211,인제,06/04/2019 06:06,2.3,0,292.9,1.2,60.3
211,인제,06/04/2019 06:07,2.3,0,283.7,1.1,59.6
211,인제,06/04/2019 06:08,2.4,0,304.1,1,59.5
211,인제,06/04/2019 06:09,2.4,0,317.3,0.7,59.2
211,인제,06/04/2019 06:10,2.3,0,11.4,0.5,59.5
211,인제,06/04/2019 06:11,2.3,0,17.1,0.7,59.8
211,인제,06/04/2019 06:12,2.3,0,26.2,0.7,60
211,인제,06/04/2019 06:13,2.3,0,23.9,1.5,59.4
211,인제,06/04/2019 06:14,2.3,0,21.5,1.5,58.4
211,인제,06/04/2019 06:15,2.3,0,20,1.3,58.8
211,인제,06/04/2019 06:16,2.2,0,355.4,0.9,59.6
211,인제,06/04/2019 06:17,2.2,0,1.7,0.9,60.1
211,인제,06/04/2019 06:18,2.1,0,5.6,0.6,59.7
211,인제,06/04/2019 06:19,2.1,0,355.4,0.6,59.2
211,인제,06/04/2019 06:20,2.1,0,0,0.1,59.7
211,인제,06/04/2019 06:21,2.1,0,0,0,60.1
211,인제,06/04/2019 06:22,2,0,0,0,59.9
211,인제,06/04/2019 06:23,2.1,0,93.7,0.2,59.3
211,인제,06/04/2019 06:24,2.1,0,0,0.1,59.1
211,인제,06/04/2019 06:25,2.1,0,0,0,58.7
211,인제,06/04/2019 06:26,2.1,0,3.2,0.4,58.7
211,인제,06/04/2019 06:27,2.1,0,359.3,0.7,59.3
211,인제,06/04/2019 06:28,2.1,0,302.5,0.7,59.6
211,인제,06/04/2019 06:29,2.1,0,306.7,0.8,59.7
211,인제,06/04/2019 06:30,2,0,293.3,0.8,59.7
211,인제,06/04/2019 06:31,2.1,0,278.6,0.7,59.6
211,인제,06/04/2019 06:32,2.1,0,258.5,0.3,58.9
211,인제,06/04/2019 06:33,2.1,0,212.6,0.5,59
211,인제,06/04/2019 06:34,2.1,0,200.7,0.4,59.4
211,인제,06/04/2019 06:35,2.1,0,186.8,0.5,59.6
211,인제,06/04/2019 06:36,2.1,0,289.2,0.4,59.2
211,인제,06/04/2019 06:37,2.2,0,320.6,0.3,58.1
211,인제,06/04/2019 06:38,2.2,0,345.1,0.6,59.4
211,인제,06/04/2019 06:39,2.1,0,326.3,1,59.6
211,인제,06/04/2019 06:40,2.1,0,336.7,0.7,59.7
211,인제,06/04/2019 06:41,2.1,0,323.4,0.3,59.8
211,인제,06/04/2019 06:42,2.1,0,0,0.1,59.1
211,인제,06/04/2019 06:43,2.2,0,88.3,0.2,58.8
211,인제,06/04/2019 06:44,2.2,0,88.2,0.5,58.9
211,인제,06/04/2019 06:45,2.2,0,93.9,0.3,58.6
211,인제,06/04/2019 06:46,2.3,0,0,0,58
211,인제,06/04/2019 06:47,2.3,0,0,0,58.2
211,인제,06/04/2019 06:48,2.3,0,214.7,0.4,58.4
211,인제,06/04/2019 06:49,2.3,0,230.3,0.7,58.2
211,인제,06/04/2019 06:50,2.3,0,236.6,0.7,57.8
211,인제,06/04/2019 06:51,2.4,0,225.8,0.7,58.2
211,인제,06/04/2019 06:52,2.4,0,221.2,0.7,58.3
211,인제,06/04/2019 06:53,2.4,0,207.3,0.6,58.2
211,인제,06/04/2019 06:54,2.5,0,196.4,0.5,59
211,인제,06/04/2019 06:55,2.5,0,167.6,0.5,58.8
211,인제,06/04/2019 06:56,2.5,0,148,0.5,58.7
211,인제,06/04/2019 06:57,2.5,0,122.7,0.4,58.2
211,인제,06/04/2019 06:58,2.5,0,131.8,0.3,58.3
211,인제,06/04/2019 06:59,2.6,0,104.8,0.2,57.9
211,인제,06/04/2019 07:00,2.6,0,104.2,0.3,58.3
211,인제,06/04/2019 07:01,2.6,0,97.7,0.5,58.6
211,인제,06/04/2019 07:02,2.6,0,82.2,0.7,60.3
211,인제,06/04/2019 07:03,2.6,0,57.5,0.5,61.1
211,인제,06/04/2019 07:04,2.6,0,61.4,0.3,61.6
211,인제,06/04/2019 07:05,2.7,0,58.3,0.3,61.7
211,인제,06/04/2019 07:06,2.7,0,69,0.3,61.4
211,인제,06/04/2019 07:07,2.7,0,73.6,0.2,60.8
211,인제,06/04/2019 07:08,2.8,0,94.6,0.2,61.6
211,인제,06/04/2019 07:09,2.8,0,104.5,0.1,61.2
211,인제,06/04/2019 07:10,2.8,0,106.4,0.2,60.1
211,인제,06/04/2019 07:11,2.8,0,94.5,0.3,58.5
211,인제,06/04/2019 07:12,2.9,0,93.5,0.4,58.1
211,인제,06/04/2019 07:13,2.9,0,82,0.7,58.1
211,인제,06/04/2019 07:14,3,0,77.6,0.6,57.6
211,인제,06/04/2019 07:15,3,0,57.5,0.6,57.3
211,인제,06/04/2019 07:16,3,0,28.5,0.5,56.6
211,인제,06/04/2019 07:17,3.1,0,46.3,0.2,56.2
211,인제,06/04/2019 07:18,3.2,0,0,0.1,56.2
211,인제,06/04/2019 07:19,3.2,0,0,0,55.7
211,인제,06/04/2019 07:20,3.3,0,99.6,0.1,56.9
211,인제,06/04/2019 07:21,3.3,0,105.3,0.2,56.8
211,인제,06/04/2019 07:22,3.3,0,77.3,0.4,56.6
211,인제,06/04/2019 07:23,3.3,0,78.6,0.3,56.2
211,인제,06/04/2019 07:24,3.3,0,77.9,0.4,55.2
211,인제,06/04/2019 07:25,3.3,0,72.9,0.8,55.3
211,인제,06/04/2019 07:26,3.4,0,63.9,0.6,55.8
211,인제,06/04/2019 07:27,3.4,0,47.8,0.4,56.1
211,인제,06/04/2019 07:28,3.5,0,0,0.1,56
211,인제,06/04/2019 07:29,3.5,0,0,0,55.8
211,인제,06/04/2019 07:30,3.5,0,0,0.1,56.6
211,인제,06/04/2019 07:31,3.5,0,340.9,0.2,56.2
211,인제,06/04/2019 07:32,3.5,0,328.8,0.3,56.8
211,인제,06/04/2019 07:33,3.6,0,0,0,56.4
211,인제,06/04/2019 07:34,3.6,0,0,0,55.3
211,인제,06/04/2019 07:35,3.5,0,0,0.1,54.1
211,인제,06/04/2019 07:36,3.5,0,327.8,0.2,54.8
211,인제,06/04/2019 07:37,3.6,0,0,0,55.3
211,인제,06/04/2019 07:38,3.7,0,42.9,0.1,54.3
211,인제,06/04/2019 07:39,3.7,0,36.6,0.5,55.1
211,인제,06/04/2019 07:40,3.8,0,53.4,0.5,54.2
211,인제,06/04/2019 07:41,3.8,0,0,0,54.1
211,인제,06/04/2019 07:42,3.8,0,73.4,0.1,55.1
211,인제,06/04/2019 07:43,3.8,0,49.7,0.2,55.4
211,인제,06/04/2019 07:44,3.8,0,24.9,0.2,55.1
211,인제,06/04/2019 07:45,3.9,0,12,0.2,54
211,인제,06/04/2019 07:46,3.9,0,23.9,0.1,54.3
211,인제,06/04/2019 07:47,4,0,0,0,53
211,인제,06/04/2019 07:48,4,0,0,0,53
211,인제,06/04/2019 07:49,3.9,0,0,0,52.9
211,인제,06/04/2019 07:50,4,0,0,0,53.7
211,인제,06/04/2019 07:51,4,0,49.1,0.5,53.2
211,인제,06/04/2019 07:52,3.9,0,23.6,0.4,53.7
211,인제,06/04/2019 07:53,3.9,0,51.3,0.6,54.7
211,인제,06/04/2019 07:54,3.9,0,27.1,0.4,53.7
211,인제,06/04/2019 07:55,4,0,26.5,0.2,54
211,인제,06/04/2019 07:56,4,0,32.2,0.2,53.9
211,인제,06/04/2019 07:57,4,0,0,0,54.4
211,인제,06/04/2019 07:58,4.1,0,359.6,0.3,54.2
211,인제,06/04/2019 07:59,4.1,0,351.2,0.1,53.6
211,인제,06/04/2019 08:00,4.1,0,0,0,52.8
211,인제,06/04/2019 08:01,4,0,0,0,52.9
211,인제,06/04/2019 08:02,4,0,0,0,53.7
211,인제,06/04/2019 08:03,4,0,0,0,53.6
211,인제,06/04/2019 08:04,4,0,182.9,0.1,54.3
211,인제,06/04/2019 08:05,4,0,178.7,0.1,54.5
211,인제,06/04/2019 08:06,4,0,113.6,0.3,53.3
211,인제,06/04/2019 08:07,4,0,61.4,0.4,52.3
211,인제,06/04/2019 08:08,4.1,0,105.5,0.3,52.7
211,인제,06/04/2019 08:09,4.1,0,155.6,0.2,52.7
211,인제,06/04/2019 08:10,4.2,0,68.1,0.2,53.1
211,인제,06/04/2019 08:11,4.2,0,49.5,0.2,52.5
211,인제,06/04/2019 08:12,4.3,0,0,0.1,55
211,인제,06/04/2019 08:13,4.3,0,104.5,0.1,55.6
211,인제,06/04/2019 08:14,4.2,0,119.3,0.4,55.3
211,인제,06/04/2019 08:15,4.2,0,162,0.2,55.4
211,인제,06/04/2019 08:16,4.2,0,132.7,0.3,55.8
211,인제,06/04/2019 08:17,4.2,0,120.1,0.2,55.6
211,인제,06/04/2019 08:18,4.2,0,0,0.1,54.3
211,인제,06/04/2019 08:19,4.3,0,0,0.1,53.3
211,인제,06/04/2019 08:20,4.3,0,0,0,51.5
211,인제,06/04/2019 08:21,4.5,0,0,0,50.8
211,인제,06/04/2019 08:22,4.6,0,0,0,50.7
211,인제,06/04/2019 08:23,4.6,0,0,0,50.5
211,인제,06/04/2019 08:24,4.6,0,0,0,51.1
211,인제,06/04/2019 08:25,4.6,0,37,0.1,51
211,인제,06/04/2019 08:26,4.6,0,39.8,0.5,52
211,인제,06/04/2019 08:27,4.7,0,63,0.2,50.8
211,인제,06/04/2019 08:28,4.7,0,0,0.1,49
211,인제,06/04/2019 08:29,4.7,0,147.5,0.3,49.8
211,인제,06/04/2019 08:30,4.7,0,136,0.5,50
211,인제,06/04/2019 08:31,4.8,0,126.1,0.4,50.8
211,인제,06/04/2019 08:32,4.9,0,80.8,0.5,50.5
211,인제,06/04/2019 08:33,4.9,0,55.7,0.4,49
211,인제,06/04/2019 08:34,4.9,0,96.5,0.4,49.2
211,인제,06/04/2019 08:35,5,0,105.3,0.2,50.5
211,인제,06/04/2019 08:36,5,0,113.6,0.5,49.2
211,인제,06/04/2019 08:37,5,0,116,0.6,49.9
211,인제,06/04/2019 08:38,5,0,135.6,0.7,51.3
211,인제,06/04/2019 08:39,4.9,0,143.8,0.7,50.7
211,인제,06/04/2019 08:40,4.9,0,147.5,0.7,50.8
211,인제,06/04/2019 08:41,4.9,0,148.5,0.9,50.2
211,인제,06/04/2019 08:42,5,0,141.6,0.7,50.3
211,인제,06/04/2019 08:43,4.9,0,0,0.1,49.1
211,인제,06/04/2019 08:44,5,0,220.7,0.1,48.7
211,인제,06/04/2019 08:45,5,0,243.2,0.2,48.9
211,인제,06/04/2019 08:46,5.2,0,159.9,0.4,51.1
211,인제,06/04/2019 08:47,5.4,0,144,0.3,49.4
211,인제,06/04/2019 08:48,5.4,0,83.1,0.4,50.2
211,인제,06/04/2019 08:49,5.6,0,56.5,0.4,49.4
211,인제,06/04/2019 08:50,5.8,0,99.9,0.3,48.9
211,인제,06/04/2019 08:51,5.8,0,129.8,0.4,47.1
211,인제,06/04/2019 08:52,5.7,0,140.5,0.5,47.7
211,인제,06/04/2019 08:53,5.7,0,169.7,0.9,47.9
211,인제,06/04/2019 08:54,5.6,0,168,0.6,47
211,인제,06/04/2019 08:55,5.6,0,155.5,0.9,48.3
211,인제,06/04/2019 08:56,5.7,0,121.7,0.6,48.6
211,인제,06/04/2019 08:57,5.8,0,154.1,0.6,48.1
211,인제,06/04/2019 08:58,6,0,178,0.9,49.5
211,인제,06/04/2019 08:59,6,0,181,1,47.7
211,인제,06/04/2019 09:00,5.9,0,187.4,1,47.4
211,인제,06/04/2019 09:01,5.8,0,207.1,0.9,47.1
211,인제,06/04/2019 09:02,5.9,0,165.7,0.7,46.6
211,인제,06/04/2019 09:03,5.9,0,205,0.7,46.1
211,인제,06/04/2019 09:04,5.9,0,185.1,0.9,46.4
211,인제,06/04/2019 09:05,6.1,0,161.1,0.5,45.5
211,인제,06/04/2019 09:06,6.1,0,191.8,1,44.8
211,인제,06/04/2019 09:07,6.3,0,191.4,0.9,45.5
211,인제,06/04/2019 09:08,6.3,0,149.3,0.8,46.5
211,인제,06/04/2019 09:09,6.5,0,129,0.5,43.7
211,인제,06/04/2019 09:10,6.6,0,145.1,0.8,44.5
211,인제,06/04/2019 09:11,6.7,0,154.7,0.6,44.1
211,인제,06/04/2019 09:12,6.8,0,142.8,0.6,44.8
211,인제,06/04/2019 09:13,6.8,0,177.9,0.6,43.6
211,인제,06/04/2019 09:14,6.7,0,144.9,0.8,43.2
211,인제,06/04/2019 09:15,6.8,0,146.5,0.6,42.8
211,인제,06/04/2019 09:16,6.7,0,0,0.1,41.4
211,인제,06/04/2019 09:17,6.6,0,19.8,0.1,41.6
211,인제,06/04/2019 09:18,6.8,0,26.9,0.6,40.4
211,인제,06/04/2019 09:19,6.9,0,23.1,0.6,39.8
211,인제,06/04/2019 09:20,7,0,15,0.4,41.1
211,인제,06/04/2019 09:21,7.1,0,322.2,0.4,39.2
211,인제,06/04/2019 09:22,7.2,0,307.1,0.5,38.8
211,인제,06/04/2019 09:23,7.1,0,330,0.7,39.3
211,인제,06/04/2019 09:24,7.2,0,3.2,0.7,40
211,인제,06/04/2019 09:25,7.5,0,33.8,0.7,41.1
211,인제,06/04/2019 09:26,7.7,0,41.7,0.5,40.4
211,인제,06/04/2019 09:27,8,0,307.4,0.3,40.4
211,인제,06/04/2019 09:28,8.2,0,152.2,0.2,38.9
211,인제,06/04/2019 09:29,8.1,0,191.9,0.9,37.5
211,인제,06/04/2019 09:30,7.7,0,172.8,0.9,37
211,인제,06/04/2019 09:31,7.5,0,174.6,0.8,37.9
211,인제,06/04/2019 09:32,7.7,0,263.5,0.3,38.3
211,인제,06/04/2019 09:33,7.8,0,32.5,0.1,37.4
211,인제,06/04/2019 09:34,7.9,0,38.6,0.3,38
211,인제,06/04/2019 09:35,8.2,0,247.9,0.2,38.7
211,인제,06/04/2019 09:36,8,0,262.5,0.4,37
211,인제,06/04/2019 09:37,7.8,0,211.4,0.5,36.9
211,인제,06/04/2019 09:38,8,0,0,0,37.1
211,인제,06/04/2019 09:39,8.4,0,153.1,0.3,37.9
211,인제,06/04/2019 09:40,8.4,0,166.3,0.8,36.4
211,인제,06/04/2019 09:41,8.2,0,182.8,0.8,36.3
211,인제,06/04/2019 09:42,8.2,0,88.5,0.5,36.8
211,인제,06/04/2019 09:43,8.3,0,119,0.4,37.1
211,인제,06/04/2019 09:44,8.5,0,149,0.4,38.7
211,인제,06/04/2019 09:45,8.8,0,183.3,0.8,38.3
211,인제,06/04/2019 09:46,8.8,0,138.3,1.3,34.9
211,인제,06/04/2019 09:47,8.8,0,179.6,0.7,34.3
211,인제,06/04/2019 09:48,9,0,196.2,0.9,35
211,인제,06/04/2019 09:49,8.9,0,173.2,1.1,35.2
211,인제,06/04/2019 09:50,9,0,186.1,0.9,34.4
211,인제,06/04/2019 09:51,9.1,0,152.5,0.7,34.2
211,인제,06/04/2019 09:52,9.1,0,142.7,1.3,34.4
211,인제,06/04/2019 09:53,9.1,0,119.4,1.2,34.9
211,인제,06/04/2019 09:54,9.2,0,126.5,1.6,34.4
211,인제,06/04/2019 09:55,9,0,163.7,1.4,34.8
211,인제,06/04/2019 09:56,9,0,133.3,1,33.2
211,인제,06/04/2019 09:57,9,0,135.6,1.3,33.5
211,인제,06/04/2019 09:58,9.2,0,206.6,1.1,32.5
211,인제,06/04/2019 09:59,9.4,0,139.7,0.5,33.2
211,인제,06/04/2019 10:00,9.8,0,179.5,0.5,32.6
211,인제,06/04/2019 10:01,9.9,0,137.4,0.9,31.4
211,인제,06/04/2019 10:02,9.9,0,166,1,31.1
211,인제,06/04/2019 10:03,9.9,0,126.9,1.8,29.8
211,인제,06/04/2019 10:04,9.8,0,115.6,1.5,28.8
211,인제,06/04/2019 10:05,9.8,0,122.4,1.4,28.8
211,인제,06/04/2019 10:06,9.9,0,141.7,1.7,29
211,인제,06/04/2019 10:07,10,0,145.7,2,28.4
211,인제,06/04/2019 10:08,10,0,129.4,2.4,27.5
211,인제,06/04/2019 10:09,9.9,0,119.5,1.6,26.8
211,인제,06/04/2019 10:10,9.8,0,157.4,1.4,27.7
211,인제,06/04/2019 10:11,10,0,135.1,1.8,28.7
211,인제,06/04/2019 10:12,10.1,0,152,2.5,28.3
211,인제,06/04/2019 10:13,10,0,176.2,2.9,28.1
211,인제,06/04/2019 10:14,10.1,0,164.2,2.4,28.5
211,인제,06/04/2019 10:15,10,0,170.7,2.8,27.8
211,인제,06/04/2019 10:16,9.9,0,154.9,3.7,27.7
211,인제,06/04/2019 10:17,10,0,139.1,3.3,27.7
211,인제,06/04/2019 10:18,10.2,0,153.7,2.1,28.7
211,인제,06/04/2019 10:19,10.4,0,163.8,1.5,28.6
211,인제,06/04/2019 10:20,10.6,0,156.8,1.8,28.9
211,인제,06/04/2019 10:21,10.5,0,153.9,2.7,28.2
211,인제,06/04/2019 10:22,10.4,0,171,2.5,28.4
211,인제,06/04/2019 10:23,10.3,0,170.2,2.2,29.1
211,인제,06/04/2019 10:24,10.5,0,158.6,2.5,28.9
211,인제,06/04/2019 10:25,10.4,0,175.2,3.2,28.3
211,인제,06/04/2019 10:26,10.3,0,174.2,3.8,28.1
211,인제,06/04/2019 10:27,10.1,0,176.8,3.2,28.2
211,인제,06/04/2019 10:28,10,0,193.3,3.7,28.3
211,인제,06/04/2019 10:29,10.2,0,201.3,2.8,28.8
211,인제,06/04/2019 10:30,10.3,0,186.2,2.4,28.7
211,인제,06/04/2019 10:31,10.4,0,204.5,2.7,29.1
211,인제,06/04/2019 10:32,10.6,0,177.1,2.4,28.7
211,인제,06/04/2019 10:33,10.6,0,192.1,2.4,28.6
211,인제,06/04/2019 10:34,10.5,0,183.9,2.8,28.4
211,인제,06/04/2019 10:35,10.4,0,186.3,3.1,28.2
211,인제,06/04/2019 10:36,10.3,0,177.8,3.3,28
211,인제,06/04/2019 10:37,10.3,0,190.5,3.2,28.3
211,인제,06/04/2019 10:38,10.4,0,175.6,2.8,28.6
211,인제,06/04/2019 10:39,10.4,0,169.9,3.2,28.5
211,인제,06/04/2019 10:40,10.3,0,174.9,3.3,28.5
211,인제,06/04/2019 10:41,10.3,0,179.9,3.1,28.7
211,인제,06/04/2019 10:42,10.3,0,175.1,2.8,29
211,인제,06/04/2019 10:43,10.2,0,172.9,2.5,28.2
211,인제,06/04/2019 10:44,10.2,0,179.8,2.8,28.4
211,인제,06/04/2019 10:45,10.2,0,182.3,3,28.8
211,인제,06/04/2019 10:46,10.3,0,163.9,3.3,28.6
211,인제,06/04/2019 10:47,10.3,0,189.2,2.2,28.7
211,인제,06/04/2019 10:48,10.3,0,169.7,3.4,28.6
211,인제,06/04/2019 10:49,10.2,0,175.7,3.6,28.7
211,인제,06/04/2019 10:50,10.2,0,176,3.1,28.5
211,인제,06/04/2019 10:51,10.1,0,158.4,3.1,28.4
211,인제,06/04/2019 10:52,10.1,0,169,2.6,28.3
211,인제,06/04/2019 10:53,10.1,0,165.4,3.1,28.2
211,인제,06/04/2019 10:54,10.1,0,169.5,4,28
211,인제,06/04/2019 10:55,10.1,0,171.5,3.9,28.4
211,인제,06/04/2019 10:56,10.1,0,177.4,3.7,28.3
211,인제,06/04/2019 10:57,10.1,0,172.7,3.7,28.4
211,인제,06/04/2019 10:58,10.2,0,157.2,3.9,28.2
211,인제,06/04/2019 10:59,10.2,0,179.3,2.3,28.2
211,인제,06/04/2019 11:00,10.3,0,186.7,2.4,28.9
211,인제,06/04/2019 11:01,10.4,0,180,2.9,28.9
211,인제,06/04/2019 11:02,10.4,0,184.8,3.5,28.3
211,인제,06/04/2019 11:03,10.4,0,168.2,3,28
211,인제,06/04/2019 11:04,10.4,0,151.1,2.4,28.1
211,인제,06/04/2019 11:05,10.4,0,148.5,1.8,27.7
211,인제,06/04/2019 11:06,10.6,0,128.4,1.8,28.5
211,인제,06/04/2019 11:07,10.7,0,134.4,2.8,27.7
211,인제,06/04/2019 11:08,10.7,0,114.1,2.2,27.8
211,인제,06/04/2019 11:09,10.7,0,143.1,3.3,27.4
211,인제,06/04/2019 11:10,10.6,0,172.7,2.8,27.7
211,인제,06/04/2019 11:11,10.6,0,147.6,2.3,28
211,인제,06/04/2019 11:12,10.8,0,145.7,1.7,28.2
211,인제,06/04/2019 11:13,11,0,123.8,1.7,28.5
211,인제,06/04/2019 11:14,11,0,132.1,2.4,27.2
211,인제,06/04/2019 11:15,11,0,168.3,2.6,27.1
211,인제,06/04/2019 11:16,10.9,0,146.6,3,27
211,인제,06/04/2019 11:17,11.1,0,127.5,2,27.1
211,인제,06/04/2019 11:18,11.1,0,133.9,1.3,27.4
211,인제,06/04/2019 11:19,11.3,0,118.2,2.1,27.4
211,인제,06/04/2019 11:20,11.3,0,99.3,1.9,25.6
211,인제,06/04/2019 11:21,11.3,0,126.6,1.8,26.5
211,인제,06/04/2019 11:22,11.4,0,138,2.8,26.2
211,인제,06/04/2019 11:23,11.3,0,123.3,2.3,25.7
211,인제,06/04/2019 11:24,11.4,0,139.7,2,26.3
211,인제,06/04/2019 11:25,11.6,0,134.6,2.5,26.2
211,인제,06/04/2019 11:26,11.6,0,126.5,2.5,25.4
211,인제,06/04/2019 11:27,11.6,0,110.6,1.6,25.6
211,인제,06/04/2019 11:28,11.8,0,137.5,3.2,26
211,인제,06/04/2019 11:29,11.8,0,122.9,2.7,25.6
211,인제,06/04/2019 11:30,11.9,0,123.7,1.9,26.2
211,인제,06/04/2019 11:31,12.3,0,130.4,1.8,26.2
211,인제,06/04/2019 11:32,12.3,0,121.8,2.4,25.1
211,인제,06/04/2019 11:33,12.3,0,144.3,2.9,25.4
211,인제,06/04/2019 11:34,12.4,0,119.2,2.4,24.8
211,인제,06/04/2019 11:35,12.3,0,120.1,2.2,24.6
211,인제,06/04/2019 11:36,12.3,0,145.8,2.9,24.2
211,인제,06/04/2019 11:37,12.2,0,149.1,2.5,23.6
211,인제,06/04/2019 11:38,12.2,0,168.3,2.8,24.2
211,인제,06/04/2019 11:39,12.2,0,172.6,2.5,24.5
211,인제,06/04/2019 11:40,12.3,0,187,4.1,23.8
211,인제,06/04/2019 11:41,12.2,0,174.9,3.4,23.7
211,인제,06/04/2019 11:42,12.1,0,159.1,4.4,23.8
211,인제,06/04/2019 11:43,12.3,0,126.3,3.7,23.8
211,인제,06/04/2019 11:44,12.4,0,165.8,3.7,23.5
211,인제,06/04/2019 11:45,12.6,0,145.7,2.2,23.6
211,인제,06/04/2019 11:46,12.4,0,122.9,2.3,21.9
211,인제,06/04/2019 11:47,12.3,0,149.1,1.8,22.8
211,인제,06/04/2019 11:48,12.3,0,139.8,2,23.1
211,인제,06/04/2019 11:49,12.4,0,143.1,2.8,23.5
211,인제,06/04/2019 11:50,12.4,0,132,3.8,22
211,인제,06/04/2019 11:51,12.1,0,121.9,3.4,21.9
211,인제,06/04/2019 11:52,12,0,169.4,3.5,22.5
211,인제,06/04/2019 11:53,12.2,0,174.9,3.2,22.8
211,인제,06/04/2019 11:54,12.1,0,190.9,3.1,22.4
211,인제,06/04/2019 11:55,12.1,0,174.9,3,22.9
211,인제,06/04/2019 11:56,12.2,0,190,4.1,22.1
211,인제,06/04/2019 11:57,12.2,0,188.5,3.5,22
211,인제,06/04/2019 11:58,12.1,0,160,2.9,22
211,인제,06/04/2019 11:59,12.2,0,172.6,3.7,22.4
211,인제,06/04/2019 12:00,12.1,0,166.3,4.5,21.7
211,인제,06/04/2019 12:01,12.1,0,160.5,4,21.1
211,인제,06/04/2019 12:02,12.1,0,180.4,3.8,21.2
211,인제,06/04/2019 12:03,12,0,184.2,3.6,21.5
211,인제,06/04/2019 12:04,12.1,0,181.2,3.4,22
211,인제,06/04/2019 12:05,12,0,177.4,3.9,21.4
211,인제,06/04/2019 12:06,12.1,0,159,3.4,21.7
211,인제,06/04/2019 12:07,12.1,0,175.5,3.8,21.8
211,인제,06/04/2019 12:08,12,0,173.2,3.8,21.9
211,인제,06/04/2019 12:09,12,0,175,3.3,22.1
211,인제,06/04/2019 12:10,12,0,163.7,2.7,22
211,인제,06/04/2019 12:11,12,0,186.3,3.8,21.9
211,인제,06/04/2019 12:12,12,0,169.6,2.8,22.3
211,인제,06/04/2019 12:13,12,0,162.6,3.5,21.9
211,인제,06/04/2019 12:14,11.9,0,154.7,2.9,21.9
211,인제,06/04/2019 12:15,12,0,182.3,4,22.2
211,인제,06/04/2019 12:16,12.1,0,148.3,2.2,21.7
211,인제,06/04/2019 12:17,12.1,0,137.7,2,21.3
211,인제,06/04/2019 12:18,12.1,0,169.4,3.6,21.7
211,인제,06/04/2019 12:19,12.3,0,182.5,3.7,22.2
211,인제,06/04/2019 12:20,12.3,0,185.6,3.3,21.5
211,인제,06/04/2019 12:21,12.3,0,152.1,3.3,21.6
211,인제,06/04/2019 12:22,12.3,0,107.7,2.1,21
211,인제,06/04/2019 12:23,12.3,0,125.7,1.9,21.3
211,인제,06/04/2019 12:24,12.5,0,146.9,2.8,21.5
211,인제,06/04/2019 12:25,12.7,0,198,1.7,20.9
211,인제,06/04/2019 12:26,12.7,0,149.3,1.7,20.7
211,인제,06/04/2019 12:27,12.6,0,143,2.7,20.9
211,인제,06/04/2019 12:28,12.5,0,143,1.8,21
211,인제,06/04/2019 12:29,12.6,0,168.1,2.3,20.9
211,인제,06/04/2019 12:30,12.6,0,148.9,2,21
211,인제,06/04/2019 12:31,12.6,0,120.7,2,20.6
211,인제,06/04/2019 12:32,12.5,0,136,1.9,20.8
211,인제,06/04/2019 12:33,12.7,0,92.3,1.6,22
211,인제,06/04/2019 12:34,13,0,143.6,3.2,21.4
211,인제,06/04/2019 12:35,13,0,120.5,3.2,20
211,인제,06/04/2019 12:36,12.9,0,152,2.7,20.2
211,인제,06/04/2019 12:37,12.9,0,132.5,2.8,20.2
211,인제,06/04/2019 12:38,12.8,0,134.2,1.4,19.7
211,인제,06/04/2019 12:39,12.9,0,125.4,1.3,20.3
211,인제,06/04/2019 12:40,12.9,0,145.1,2,19.8
211,인제,06/04/2019 12:41,12.8,0,125.9,2.4,20
211,인제,06/04/2019 12:42,12.9,0,143.2,2.5,20.6
211,인제,06/04/2019 12:43,12.8,0,140.1,2.6,20
211,인제,06/04/2019 12:44,12.8,0,153.7,2.8,20
211,인제,06/04/2019 12:45,12.8,0,145.5,2.7,20.5
211,인제,06/04/2019 12:46,12.9,0,144.3,1.4,21.2
211,인제,06/04/2019 12:47,13.1,0,139.6,1.9,21.1
211,인제,06/04/2019 12:48,13.2,0,180.3,1.5,20.8
211,인제,06/04/2019 12:49,13.3,0,199.2,1.6,20.7
211,인제,06/04/2019 12:50,13.1,0,168,1.6,20
211,인제,06/04/2019 12:51,13.1,0,159.2,1.5,19.8
211,인제,06/04/2019 12:52,13.2,0,173.5,1.6,20.2
211,인제,06/04/2019 12:53,13.1,0,160.9,2.4,19.7
211,인제,06/04/2019 12:54,12.9,0,152.9,2.3,20.2
211,인제,06/04/2019 12:55,13.1,0,177,1.3,20.4
211,인제,06/04/2019 12:56,13.2,0,137,2.7,20.7
211,인제,06/04/2019 12:57,13.5,0,142.6,2.2,20.7
211,인제,06/04/2019 12:58,13.6,0,148.9,2.3,20.7
211,인제,06/04/2019 12:59,13.7,0,167.7,2,20.4
211,인제,06/04/2019 13:00,13.6,0,135.4,1.7,20.4
211,인제,06/04/2019 13:01,13.6,0,159.8,1.3,20.1
211,인제,06/04/2019 13:02,13.3,0,171.8,2,19.6
211,인제,06/04/2019 13:03,13.1,0,138.9,1.6,20.3
211,인제,06/04/2019 13:04,13.1,0,168.3,1.8,20.3
211,인제,06/04/2019 13:05,13,0,239.8,2.2,20.9
211,인제,06/04/2019 13:06,13,0,160.5,0.9,20.2
211,인제,06/04/2019 13:07,13,0,164.3,1.8,20.6
211,인제,06/04/2019 13:08,13,0,184,1.6,20.8
211,인제,06/04/2019 13:09,13,0,179,2,21.4
211,인제,06/04/2019 13:10,13.1,0,159.9,2.3,21.2
211,인제,06/04/2019 13:11,13.1,0,170.1,2.8,21.3
211,인제,06/04/2019 13:12,13.2,0,156.9,2.6,21.5
211,인제,06/04/2019 13:13,13.4,0,173.3,3.5,21.4
211,인제,06/04/2019 13:14,13.5,0,167.9,3.2,21
211,인제,06/04/2019 13:15,13.7,0,213.6,3.1,21.2
211,인제,06/04/2019 13:16,13.6,0,248.5,2.5,20.6
211,인제,06/04/2019 13:17,13.4,0,241.3,1.8,20.4
211,인제,06/04/2019 13:18,13.3,0,212.7,1.6,20.7
211,인제,06/04/2019 13:19,13.5,0,203.1,3.2,21.1
211,인제,06/04/2019 13:20,13.2,0,207.2,3.4,21.1
211,인제,06/04/2019 13:21,13.1,0,219.9,2.8,21.3
211,인제,06/04/2019 13:22,13,0,182.4,1.7,21.3
211,인제,06/04/2019 13:23,13,0,181.9,2.3,21.5
211,인제,06/04/2019 13:24,12.9,0,183.8,1.8,21.1
211,인제,06/04/2019 13:25,12.8,0,200.1,1.4,21.3
211,인제,06/04/2019 13:26,12.9,0,199.4,1.4,21.4
211,인제,06/04/2019 13:27,13,0,170.6,0.9,21.6
211,인제,06/04/2019 13:28,13.1,0,159.5,1.2,21.5
211,인제,06/04/2019 13:29,13.1,0,203.3,1.1,21.1
211,인제,06/04/2019 13:30,13.1,0,251.9,1.2,21.3
211,인제,06/04/2019 13:31,13.1,0,5.8,0.8,21
211,인제,06/04/2019 13:32,13.1,0,60.6,1,21.4
211,인제,06/04/2019 13:33,13.2,0,134.6,0.7,21.5
211,인제,06/04/2019 13:34,13.3,0,338.2,0.7,21
211,인제,06/04/2019 13:35,13.4,0,348,0.6,22.1
211,인제,06/04/2019 13:36,13.5,0,302.2,1,20.9
211,인제,06/04/2019 13:37,13.5,0,323.5,2.6,22.2
211,인제,06/04/2019 13:38,13.2,0,344.1,2.3,21.5
211,인제,06/04/2019 13:39,13.1,0,75.2,1,21.8
211,인제,06/04/2019 13:40,13.1,0,310,1.1,22
211,인제,06/04/2019 13:41,13,0,17.5,1.3,22.4
211,인제,06/04/2019 13:42,13,0,25.2,2.1,22.4
211,인제,06/04/2019 13:43,13,0,336.6,2.7,22.3
211,인제,06/04/2019 13:44,13,0,319,4.9,22.5
211,인제,06/04/2019 13:45,12.9,0,305.6,3.7,22.5
211,인제,06/04/2019 13:46,12.9,0,250,1.9,22.1
211,인제,06/04/2019 13:47,12.8,0,327.3,2.2,22.4
211,인제,06/04/2019 13:48,12.8,0,323.5,2.6,22.5
211,인제,06/04/2019 13:49,12.8,0,335.2,1.9,22.8
211,인제,06/04/2019 13:50,12.8,0,326.2,4,23.2
211,인제,06/04/2019 13:51,12.7,0,315,4.4,23.7
211,인제,06/04/2019 13:52,12.6,0,316.6,3.8,24.2
211,인제,06/04/2019 13:53,12.6,0,309.8,5,24.2
211,인제,06/04/2019 13:54,12.6,0,319.5,4.6,24.2
211,인제,06/04/2019 13:55,12.6,0,305.7,5.3,24
211,인제,06/04/2019 13:56,12.5,0,328.4,4.5,24.7
211,인제,06/04/2019 13:57,12.6,0,306,4.3,23
211,인제,06/04/2019 13:58,12.5,0,285.2,2.9,20.9
211,인제,06/04/2019 13:59,12.4,0,302.9,2,22.3
211,인제,06/04/2019 14:00,12.6,0,217,0.9,25.5
211,인제,06/04/2019 14:01,12.5,0,300.1,2.4,24.6
211,인제,06/04/2019 14:02,12.6,0,8.5,3.2,25.1
211,인제,06/04/2019 14:03,12.6,0,328.3,1.9,25.2
211,인제,06/04/2019 14:04,12.6,0,358.8,1.4,23.9
211,인제,06/04/2019 14:05,12.6,0,19.9,2,24.3
211,인제,06/04/2019 14:06,12.6,0,40.6,1,24.3
211,인제,06/04/2019 14:07,12.7,0,322.6,0.6,24.6
211,인제,06/04/2019 14:08,12.7,0,340.5,1.6,24.6
211,인제,06/04/2019 14:09,12.7,0,325.5,2.5,24.8
211,인제,06/04/2019 14:10,12.7,0,337.1,1.9,24.4
211,인제,06/04/2019 14:11,12.7,0,312.9,1.7,24.8
211,인제,06/04/2019 14:12,12.6,0,316.1,2.4,25.6
211,인제,06/04/2019 14:13,12.7,0,319.8,1.6,26.5
211,인제,06/04/2019 14:14,12.9,0,25.5,1.2,26.5
211,인제,06/04/2019 14:15,12.9,0,10.6,0.8,25.8
211,인제,06/04/2019 14:16,12.9,0,45.5,0.9,26.4
211,인제,06/04/2019 14:17,12.9,0,297.6,0.9,26.7
211,인제,06/04/2019 14:18,12.9,0,317.2,1.6,26.2
211,인제,06/04/2019 14:19,13,0,328.5,1.1,26.4
211,인제,06/04/2019 14:20,13,0,8.6,0.9,26.3
211,인제,06/04/2019 14:21,13,0,328.4,1.9,25.7
211,인제,06/04/2019 14:22,12.9,0,324.6,1.7,25.8
211,인제,06/04/2019 14:23,12.8,0,25.2,1.2,25.7
211,인제,06/04/2019 14:24,12.8,0,105.5,0.3,26.5
211,인제,06/04/2019 14:25,12.9,0,119.2,0.4,26
211,인제,06/04/2019 14:26,12.9,0,86.7,0.9,24.4
211,인제,06/04/2019 14:27,12.9,0,14.8,1.1,25.1
211,인제,06/04/2019 14:28,12.9,0,317.4,0.8,25.5
211,인제,06/04/2019 14:29,12.8,0,314.7,1.9,25.8
211,인제,06/04/2019 14:30,12.6,0,252.6,1,26
211,인제,06/04/2019 14:31,12.6,0,29.8,1.5,26.8
211,인제,06/04/2019 14:32,12.5,0,321.4,3.4,27.1
211,인제,06/04/2019 14:33,12.4,0,321.5,3.6,27.4
211,인제,06/04/2019 14:34,12.3,0,302.5,2.4,27.6
211,인제,06/04/2019 14:35,12.3,0,232.4,2.8,27.2
211,인제,06/04/2019 14:36,12.3,0,252.9,1.4,26.6
211,인제,06/04/2019 14:37,12.3,0,195.3,0.8,26.5
211,인제,06/04/2019 14:38,12.3,0,179.3,1.7,26.8
211,인제,06/04/2019 14:39,12.3,0,153.7,1.6,26.9
211,인제,06/04/2019 14:40,12.3,0,60.8,0.6,27.4
211,인제,06/04/2019 14:41,12.3,0,32.8,1.1,27.6
211,인제,06/04/2019 14:42,12.3,0,29.3,1.2,27.3
211,인제,06/04/2019 14:43,12.3,0,22,1.1,27.6
211,인제,06/04/2019 14:44,12.3,0,346.4,1.6,28
211,인제,06/04/2019 14:45,12.3,0,346.4,1.9,28.4
211,인제,06/04/2019 14:46,12.3,0,334.4,3.5,29.2
211,인제,06/04/2019 14:47,12.2,0,315.3,3.1,30.5
211,인제,06/04/2019 14:48,12.2,0,55.9,1.3,28.6
211,인제,06/04/2019 14:49,12.2,0,4.1,1,27.3
211,인제,06/04/2019 14:50,12.2,0,112,0.7,19.6
211,인제,06/04/2019 14:51,12.3,0,175.3,0.7,20.7
211,인제,06/04/2019 14:52,12.4,0,139.1,0.6,23.8
211,인제,06/04/2019 14:53,12.4,0,94.5,1,21.6
211,인제,06/04/2019 14:54,12.4,0,253.9,2,25.1
211,인제,06/04/2019 14:55,12.2,0,268.6,3.2,29.1
211,인제,06/04/2019 14:56,12.1,0,218.9,2,29.5
211,인제,06/04/2019 14:57,11.9,0,213.2,3.1,36.7
211,인제,06/04/2019 14:58,11.6,0,220.8,2.2,36.6
211,인제,06/04/2019 14:59,11.4,0,157.4,1.3,35.8
211,인제,06/04/2019 15:00,11.4,0,236,0.9,39.9
211,인제,06/04/2019 15:01,11.5,0,215.3,1.3,40.4
211,인제,06/04/2019 15:02,11.5,0,202.3,1.3,39.6
211,인제,06/04/2019 15:03,11.5,0,204,2.9,40.2
211,인제,06/04/2019 15:04,11.5,0,181.8,2.2,39.6
211,인제,06/04/2019 15:05,11.4,0,173.3,2.3,39.2
211,인제,06/04/2019 15:06,11.3,0,309,1.2,39.4
211,인제,06/04/2019 15:07,11.3,0,30.2,2.2,39.6
211,인제,06/04/2019 15:08,11.3,0,271.9,1.9,39.3
211,인제,06/04/2019 15:09,11.2,0,200.4,1.3,38.8
211,인제,06/04/2019 15:10,11.2,0,12.3,0.4,39.3
211,인제,06/04/2019 15:11,11.2,0,318.3,0.6,39.4
211,인제,06/04/2019 15:12,11.2,0,212.5,0.8,38.4
211,인제,06/04/2019 15:13,11.3,0,100.6,0.8,39.4
211,인제,06/04/2019 15:14,11.3,0,65.9,1.3,36.4
211,인제,06/04/2019 15:15,11.3,0,70.2,1.7,38.5
211,인제,06/04/2019 15:16,11.4,0,60.5,1.7,41.4
211,인제,06/04/2019 15:17,11.4,0,31.4,1.2,41.3
211,인제,06/04/2019 15:18,11.5,0,49.6,1.2,41.4
211,인제,06/04/2019 15:19,11.6,0,13.3,1,41.1
211,인제,06/04/2019 15:20,11.5,0,62.1,1.4,40.3
211,인제,06/04/2019 15:21,11.6,0,45,1.6,40.8
211,인제,06/04/2019 15:22,11.7,0,35.4,1.5,40.9
211,인제,06/04/2019 15:23,11.7,0,59.2,1.2,41
211,인제,06/04/2019 15:24,11.7,0,58.9,1.1,40.1
211,인제,06/04/2019 15:25,11.8,0,9.5,0.8,40.5
211,인제,06/04/2019 15:26,11.9,0,302.8,0.6,40.4
211,인제,06/04/2019 15:27,11.9,0,284.7,1,39.4
211,인제,06/04/2019 15:28,11.8,0,348.7,0.6,38.9
211,인제,06/04/2019 15:29,11.8,0,348.1,0.9,39.3
211,인제,06/04/2019 15:30,11.7,0,16,1,38.6
211,인제,06/04/2019 15:31,11.7,0,7.7,1.4,38.1
211,인제,06/04/2019 15:32,11.5,0,335.6,0.9,37.4
211,인제,06/04/2019 15:33,11.5,0,356.6,0.4,37.5
211,인제,06/04/2019 15:34,11.5,0,11,1.3,38.1
211,인제,06/04/2019 15:35,11.5,0,352.2,1.9,38.2
211,인제,06/04/2019 15:36,11.5,0,13.9,1.5,38.2
211,인제,06/04/2019 15:37,11.5,0,36.3,1.1,38.8
211,인제,06/04/2019 15:38,11.5,0,19.4,1.6,38.6
211,인제,06/04/2019 15:39,11.5,0,32.2,2.1,37.9
211,인제,06/04/2019 15:40,11.4,0,333.2,1.7,36.5
211,인제,06/04/2019 15:41,11.4,0,336.3,2.9,38.2
211,인제,06/04/2019 15:42,11.5,0,340.4,1.8,38.6
211,인제,06/04/2019 15:43,11.4,0,315.4,1.5,38.1
211,인제,06/04/2019 15:44,11.4,0,256.1,1.8,38
211,인제,06/04/2019 15:45,11.4,0,332.7,0.9,33.5
211,인제,06/04/2019 15:46,11.3,0,340,0.8,29.9
211,인제,06/04/2019 15:47,11.4,0,324.8,1.6,30.5
211,인제,06/04/2019 15:48,11.4,0,277.9,2.1,34
211,인제,06/04/2019 15:49,11.3,0,259.7,2.1,38.2
211,인제,06/04/2019 15:50,11.3,0,337.9,1.8,36.9
211,인제,06/04/2019 15:51,11.2,0,309.6,1.7,38.9
211,인제,06/04/2019 15:52,11.2,0,255.5,2.4,40.6
211,인제,06/04/2019 15:53,11.2,0,308.9,2.6,40.3
211,인제,06/04/2019 15:54,11.2,0,333.9,2,39.7
211,인제,06/04/2019 15:55,11.2,0,316.5,1.8,40.3
211,인제,06/04/2019 15:56,11.2,0,320.5,1.9,40.4
211,인제,06/04/2019 15:57,11.2,0,305.2,1.6,40.4
211,인제,06/04/2019 15:58,11.1,0,283.7,1.4,40.2
211,인제,06/04/2019 15:59,11.1,0,327.2,1.3,40.5
211,인제,06/04/2019 16:00,11.1,0,325.5,2.5,40.4
211,인제,06/04/2019 16:01,11.1,0,313.7,2.7,40.3
211,인제,06/04/2019 16:02,11,0,321.6,1.7,40.4
211,인제,06/04/2019 16:03,11,0,316.1,1.9,40.4
211,인제,06/04/2019 16:04,11,0,322.7,2.9,40.5
211,인제,06/04/2019 16:05,11,0,294.1,3,40.1
211,인제,06/04/2019 16:06,11,0,296.6,2.2,40.1
211,인제,06/04/2019 16:07,10.9,0,312.2,2.2,40.1
211,인제,06/04/2019 16:08,10.9,0,349.2,1.3,40.4
211,인제,06/04/2019 16:09,11,0,249.5,1.2,40.3
211,인제,06/04/2019 16:10,11,0,195.4,0.7,40.4
211,인제,06/04/2019 16:11,11,0,59.2,0.8,40.2
211,인제,06/04/2019 16:12,11,0,12.4,1.3,40.2
211,인제,06/04/2019 16:13,11,0,292.7,2,40.7
211,인제,06/04/2019 16:14,11,0,265.8,2.1,39.6
211,인제,06/04/2019 16:15,10.9,0,287.9,1.8,39.5
211,인제,06/04/2019 16:16,10.9,0,245.8,2.1,39.6
211,인제,06/04/2019 16:17,10.9,0,240.5,1.3,39.8
211,인제,06/04/2019 16:18,10.9,0,275.8,2,40
211,인제,06/04/2019 16:19,10.9,0,265.7,1.2,39.5
211,인제,06/04/2019 16:20,10.9,0,199.5,0.7,39.5
211,인제,06/04/2019 16:21,10.9,0,202.7,0.2,39.3
211,인제,06/04/2019 16:22,10.9,0,203.1,1.5,39.7
211,인제,06/04/2019 16:23,10.9,0,176.3,1.3,39.5
211,인제,06/04/2019 16:24,10.9,0,99.6,0.7,39.8
211,인제,06/04/2019 16:25,11,0,15.4,1.5,40.1
211,인제,06/04/2019 16:26,11,0,155.1,0.7,40.3
211,인제,06/04/2019 16:27,11.1,0,357.9,0.3,40.2
211,인제,06/04/2019 16:28,11.1,0,331.5,1.5,39.2
211,인제,06/04/2019 16:29,11,0,345.9,2,38.8
211,인제,06/04/2019 16:30,10.9,0,310.2,1.7,38.9
211,인제,06/04/2019 16:31,10.9,0,311,1.1,38.6
211,인제,06/04/2019 16:32,10.9,0,307.8,3.3,38.7
211,인제,06/04/2019 16:33,10.8,0,268.7,2.4,39
211,인제,06/04/2019 16:34,10.8,0,305.2,1.9,39
211,인제,06/04/2019 16:35,10.8,0,319.3,1.6,39.1
211,인제,06/04/2019 16:36,10.8,0,350.7,1.1,39.7
211,인제,06/04/2019 16:37,10.8,0,307.7,1.4,39.4
211,인제,06/04/2019 16:38,10.8,0,197.2,1.3,39.1
211,인제,06/04/2019 16:39,10.8,0,178,0.7,39.2
211,인제,06/04/2019 16:40,10.7,0,140.6,0.6,38.8
211,인제,06/04/2019 16:41,10.7,0,74.4,0.6,38.1
211,인제,06/04/2019 16:42,10.8,0,27.8,1.1,39.6
211,인제,06/04/2019 16:43,10.8,0,18,0.9,40.3
211,인제,06/04/2019 16:44,10.8,0,330.3,0.9,40.4
211,인제,06/04/2019 16:45,10.9,0,323.5,1.2,40.7
211,인제,06/04/2019 16:46,10.8,0,305.1,1.9,39.9
211,인제,06/04/2019 16:47,10.8,0,341.7,2.2,39.8
211,인제,06/04/2019 16:48,10.8,0,329.2,1.9,40
211,인제,06/04/2019 16:49,10.7,0,18.3,1.6,39.5
211,인제,06/04/2019 16:50,10.7,0,345,1.6,39.8
211,인제,06/04/2019 16:51,10.7,0,328.7,3.1,40
211,인제,06/04/2019 16:52,10.6,0,298.3,2.2,40.4
211,인제,06/04/2019 16:53,10.6,0,265.6,1.9,40.3
211,인제,06/04/2019 16:54,10.5,0,329.2,2.2,41
211,인제,06/04/2019 16:55,10.5,0,316.6,3.4,41.4
211,인제,06/04/2019 16:56,10.5,0,317.7,2.7,41.9
211,인제,06/04/2019 16:57,10.5,0,351.7,2.7,41.9
211,인제,06/04/2019 16:58,10.5,0,341.5,1.3,42.2
211,인제,06/04/2019 16:59,10.5,0,281.1,1.5,42.4
211,인제,06/04/2019 17:00,10.5,0,315.9,2.3,43
211,인제,06/04/2019 17:01,10.5,0,311.7,2.9,43.4
211,인제,06/04/2019 17:02,10.4,0,290.6,2.8,43.8
211,인제,06/04/2019 17:03,10.4,0,289.5,2.3,44
211,인제,06/04/2019 17:04,10.4,0,297.4,2.4,44.2
211,인제,06/04/2019 17:05,10.4,0,281.1,2.4,44.7
211,인제,06/04/2019 17:06,10.3,0,321.9,1.5,44.5
211,인제,06/04/2019 17:07,10.3,0,344.2,1.6,42.1
211,인제,06/04/2019 17:08,10.3,0,338.3,1,44.7
211,인제,06/04/2019 17:09,10.3,0,71,0.7,44.6
211,인제,06/04/2019 17:10,10.3,0,22,1,42.5
211,인제,06/04/2019 17:11,10.3,0,285.6,2.3,43.5
211,인제,06/04/2019 17:12,10.3,0,338.3,1.7,44.5
211,인제,06/04/2019 17:13,10.3,0,331.1,1.1,45.6
211,인제,06/04/2019 17:14,10.3,0,3.1,1.6,41.7
211,인제,06/04/2019 17:15,10.3,0,10.4,2.5,40.8
211,인제,06/04/2019 17:16,10.2,0,2.8,2.7,44.1
211,인제,06/04/2019 17:17,10.2,0,336.6,2.6,45.6
211,인제,06/04/2019 17:18,10.1,0,316.5,3.3,47.5
211,인제,06/04/2019 17:19,10,0,329.2,2.6,46.2
211,인제,06/04/2019 17:20,9.9,0,10.3,2.7,47.8
211,인제,06/04/2019 17:21,9.9,0,348.7,1.5,49.8
211,인제,06/04/2019 17:22,9.9,0,307.9,1.6,52.2
211,인제,06/04/2019 17:23,9.9,0,15.8,1,50.2
211,인제,06/04/2019 17:24,9.9,0,26.3,0.8,51
211,인제,06/04/2019 17:25,9.9,0,340,1.2,52.1
211,인제,06/04/2019 17:26,9.9,0,339.4,1.4,53.4
211,인제,06/04/2019 17:27,9.8,0,344.5,1.7,54.8
211,인제,06/04/2019 17:28,9.8,0,343,3.1,53.9
211,인제,06/04/2019 17:29,9.8,0,320.5,2.9,53.9
211,인제,06/04/2019 17:30,9.8,0,358.8,1.7,52.4
211,인제,06/04/2019 17:31,9.8,0,26.4,2.1,53.6
211,인제,06/04/2019 17:32,9.8,0,29.9,1.9,54
211,인제,06/04/2019 17:33,9.8,0,347.6,2.1,54.6
211,인제,06/04/2019 17:34,9.8,0,304.9,2.8,55
211,인제,06/04/2019 17:35,9.8,0,300.1,0.8,53.8
211,인제,06/04/2019 17:36,9.8,0,335.1,0.5,54.6
211,인제,06/04/2019 17:37,9.7,0,251.5,1.4,54.4
211,인제,06/04/2019 17:38,9.7,0,327.3,1.3,54.9
211,인제,06/04/2019 17:39,9.7,0,20,1,54.9
211,인제,06/04/2019 17:40,9.7,0,24,1.3,54.7
211,인제,06/04/2019 17:41,9.7,0,325.2,1.4,53.6
211,인제,06/04/2019 17:42,9.7,0,317.6,1.9,50.9
211,인제,06/04/2019 17:43,9.6,0,301.5,2.2,52.4
211,인제,06/04/2019 17:44,9.6,0,320.6,2.8,53.2
211,인제,06/04/2019 17:45,9.5,0,285.1,2.1,53.5
211,인제,06/04/2019 17:46,9.4,0,315.2,1.5,55.5
211,인제,06/04/2019 17:47,9.3,0,305,0.9,58
211,인제,06/04/2019 17:48,9.2,0,312.1,1.5,58.2
211,인제,06/04/2019 17:49,9.2,0,328.8,1,58.2
211,인제,06/04/2019 17:50,9.1,0,332.7,2,59.6
211,인제,06/04/2019 17:51,9.1,0,337.2,2.8,60.7
211,인제,06/04/2019 17:52,9.1,0,331.3,2,61.9
211,인제,06/04/2019 17:53,9.1,0,265.7,1.4,61.5
211,인제,06/04/2019 17:54,9.1,0,303,0.6,61.6
211,인제,06/04/2019 17:55,9.1,0,316.2,0.9,57.6
211,인제,06/04/2019 17:56,9.1,0,13.8,0.7,59
211,인제,06/04/2019 17:57,9.1,0,352.5,1.1,59.9
211,인제,06/04/2019 17:58,9.1,0,287.7,1.2,62.7
211,인제,06/04/2019 17:59,9.1,0,291,1.2,61.5
211,인제,06/04/2019 18:00,9.1,0,303.8,1.7,61.1
211,인제,06/04/2019 18:01,9,0,341.3,2.2,58.8
211,인제,06/04/2019 18:02,9,0,334.1,1.2,59
211,인제,06/04/2019 18:03,9,0,326.3,1.4,60.3
211,인제,06/04/2019 18:04,9,0,303.8,1.5,60.3
211,인제,06/04/2019 18:05,9,0,336.3,1.4,59.3
211,인제,06/04/2019 18:06,9,0,302.7,1.1,61
211,인제,06/04/2019 18:07,9,0,328,3.1,59.7
211,인제,06/04/2019 18:08,8.9,0,330.5,3.3,59.5
211,인제,06/04/2019 18:09,8.8,0,346,1.9,60.8
211,인제,06/04/2019 18:10,8.8,0,348.3,2.4,61.1
211,인제,06/04/2019 18:11,8.8,0,298.5,1.7,60.8
211,인제,06/04/2019 18:12,8.7,0,294.5,2.5,61.7
211,인제,06/04/2019 18:13,8.7,0,306.1,2.3,63
211,인제,06/04/2019 18:14,8.6,0,319.7,2.2,64
211,인제,06/04/2019 18:15,8.5,0,284.5,1.7,64.8
211,인제,06/04/2019 18:16,8.4,0,280.7,1.6,65.6
211,인제,06/04/2019 18:17,8.3,0,295.3,1.6,66
211,인제,06/04/2019 18:18,8.1,0,315.8,1.5,67.9
211,인제,06/04/2019 18:19,8,0,315.5,1.4,68.5
211,인제,06/04/2019 18:20,8,0,347.6,1.2,68.4
211,인제,06/04/2019 18:21,7.9,0,347.1,1.3,69.8
211,인제,06/04/2019 18:22,7.9,0,21,1.3,71.2
211,인제,06/04/2019 18:23,7.9,0,40.4,1.8,72.3
211,인제,06/04/2019 18:24,7.8,0,335.9,1.9,72.6
211,인제,06/04/2019 18:25,7.8,0,330,1.9,70.9
211,인제,06/04/2019 18:26,7.8,0,317.4,1.9,71
211,인제,06/04/2019 18:27,7.8,0,321.4,2.3,70.1
211,인제,06/04/2019 18:28,7.8,0,330.4,2,71
211,인제,06/04/2019 18:29,7.7,0,309.8,1.6,72.3
211,인제,06/04/2019 18:30,7.7,0,0.3,1.3,72.8
211,인제,06/04/2019 18:31,7.6,0,21.8,1.3,73.3
211,인제,06/04/2019 18:32,7.6,0,1.5,2.2,73.9
211,인제,06/04/2019 18:33,7.6,0,43.2,1.5,74
211,인제,06/04/2019 18:34,7.6,0,28.3,1.6,73.5
211,인제,06/04/2019 18:35,7.6,0,344,2.3,75.8
211,인제,06/04/2019 18:36,7.6,0,314.1,2.1,76.3
211,인제,06/04/2019 18:37,7.6,0,330.6,2,75.3
211,인제,06/04/2019 18:38,7.6,0,315.7,2,75.6
211,인제,06/04/2019 18:39,7.6,0,331.7,2,76.7
211,인제,06/04/2019 18:40,7.6,0,335.8,1.9,76.5
211,인제,06/04/2019 18:41,7.6,0,7.7,1.8,76.6
211,인제,06/04/2019 18:42,7.5,0,358.4,2.2,76
211,인제,06/04/2019 18:43,7.6,0,38.1,1.4,76.3
211,인제,06/04/2019 18:44,7.6,0,18.4,1.7,75.9
211,인제,06/04/2019 18:45,7.6,0,17.8,2.4,75.6
211,인제,06/04/2019 18:46,7.5,0,44.4,2,75.4
211,인제,06/04/2019 18:47,7.5,0,30.3,1.7,75.7
211,인제,06/04/2019 18:48,7.5,0,27.3,1.8,75.8
211,인제,06/04/2019 18:49,7.5,0,33.9,3.2,74.3
211,인제,06/04/2019 18:50,7.6,0,19.2,1.8,72.6
211,인제,06/04/2019 18:51,7.6,0,26.5,1.5,72.1
211,인제,06/04/2019 18:52,7.5,0,45.3,1.4,71.7
211,인제,06/04/2019 18:53,7.5,0,27,2.4,73.2
211,인제,06/04/2019 18:54,7.4,0,353.3,3.4,75.3
211,인제,06/04/2019 18:55,7.3,0,356.9,2.9,75.8
211,인제,06/04/2019 18:56,7.2,0,356.5,2.1,77.7
211,인제,06/04/2019 18:57,7.2,0,16.4,2.5,78.3
211,인제,06/04/2019 18:58,7.1,0,11.9,2.8,79.3
211,인제,06/04/2019 18:59,7.1,0,17.2,2.1,80.4
211,인제,06/04/2019 19:00,7,0,35.8,3,80.8
211,인제,06/04/2019 19:01,7,0,38.4,3.3,81.1
211,인제,06/04/2019 19:02,7,0,41.4,3.2,81
211,인제,06/04/2019 19:03,6.9,1,25.6,4,81.2
211,인제,06/04/2019 19:04,6.8,1,12.3,3,81.9
211,인제,06/04/2019 19:05,6.8,1,7.8,2.7,82.3
211,인제,06/04/2019 19:06,6.7,1,5.2,2.5,82.7
211,인제,06/04/2019 19:07,6.6,2,358.1,3.5,82.3
211,인제,06/04/2019 19:08,6.5,2,11.5,2.7,81.8
211,인제,06/04/2019 19:09,6.5,2,47.7,2.7,82.4
211,인제,06/04/2019 19:10,6.4,2,43.2,3.2,83.1
211,인제,06/04/2019 19:11,6.3,2,48.8,2.7,83.7
211,인제,06/04/2019 19:12,6.3,2,33.3,2.5,84.6
211,인제,06/04/2019 19:13,6.3,2,17.1,2.1,85.6
211,인제,06/04/2019 19:14,6.3,2,26.6,2.2,85.6
211,인제,06/04/2019 19:15,6.3,2,12.3,1.7,85.8
211,인제,06/04/2019 19:16,6.3,2,340.5,1.6,86
211,인제,06/04/2019 19:17,6.3,2,18.2,0.7,86.1
211,인제,06/04/2019 19:18,6.2,2,27.6,0.6,86.5
211,인제,06/04/2019 19:19,6.2,2,68.7,0.4,86.9
211,인제,06/04/2019 19:20,6.1,2,91.9,0.8,87
211,인제,06/04/2019 19:21,6.1,2,118.6,1,87.2
211,인제,06/04/2019 19:22,6,2,136.5,1.1,87.2
211,인제,06/04/2019 19:23,6,2,146,1.4,87.4
211,인제,06/04/2019 19:24,5.9,2,113.2,0.8,87.8
211,인제,06/04/2019 19:25,5.9,2,108.1,1.1,88
211,인제,06/04/2019 19:26,5.8,2,98.4,1.3,88.2
211,인제,06/04/2019 19:27,5.8,2,78.2,1,88.5
211,인제,06/04/2019 19:28,5.8,2,24,0.6,88.6
211,인제,06/04/2019 19:29,5.8,2,348.7,0.5,88.9
211,인제,06/04/2019 19:30,5.8,2,309.3,0.3,89.3
211,인제,06/04/2019 19:31,5.7,3,254.5,0.2,89.3
211,인제,06/04/2019 19:32,5.7,3,241.7,0.7,89.1
211,인제,06/04/2019 19:33,5.8,3,197.2,1,89.3
211,인제,06/04/2019 19:34,5.8,3,177.1,0.9,89.5
211,인제,06/04/2019 19:35,5.8,3,195,0.9,89.2
211,인제,06/04/2019 19:36,5.8,3,182.9,0.9,89.1
211,인제,06/04/2019 19:37,5.8,3,178.4,0.6,89.3
211,인제,06/04/2019 19:38,5.8,3,198.2,0.5,89.4
211,인제,06/04/2019 19:39,5.8,4,182.5,0.7,89.6
211,인제,06/04/2019 19:40,5.8,4,176.4,1,89.7
211,인제,06/04/2019 19:41,5.8,4,174.4,1.1,89.7
211,인제,06/04/2019 19:42,5.7,4,169.4,1.5,89.7
211,인제,06/04/2019 19:43,5.7,4,154.6,1.1,89.8
211,인제,06/04/2019 19:44,5.8,4,163.9,0.7,90.1
211,인제,06/04/2019 19:45,5.8,4,151.3,0.5,90.3
211,인제,06/04/2019 19:46,5.8,4,174.9,1.2,90.4
211,인제,06/04/2019 19:47,5.7,4,181.6,1.4,90.4
211,인제,06/04/2019 19:48,5.7,4,192.9,0.9,90.6
211,인제,06/04/2019 19:49,5.7,4,195.8,1.3,90.8
211,인제,06/04/2019 19:50,5.7,4,208,1.4,91
211,인제,06/04/2019 19:51,5.7,4,212.6,1.3,91.1
211,인제,06/04/2019 19:52,5.7,4,202.3,1.4,91.2
211,인제,06/04/2019 19:53,5.7,4,186.8,1.1,91.3
211,인제,06/04/2019 19:54,5.7,4,213,0.9,91.5
211,인제,06/04/2019 19:55,5.7,4,200.5,0.7,91.7
211,인제,06/04/2019 19:56,5.7,4,216.3,1.1,91.6
211,인제,06/04/2019 19:57,5.7,4,213.8,1.9,91.6
211,인제,06/04/2019 19:58,5.7,4,210.3,1.1,91.7
211,인제,06/04/2019 19:59,5.7,4,184.2,1.7,92
211,인제,06/04/2019 20:00,5.7,4,206.2,1.4,91.7
211,인제,06/04/2019 20:01,5.7,4,190.2,1.3,91.7
211,인제,06/04/2019 20:02,5.7,4,205.6,1.7,91.8
211,인제,06/04/2019 20:03,5.7,4,211.1,1.7,91.8
211,인제,06/04/2019 20:04,5.7,4,217.3,2,92.9
211,인제,06/04/2019 20:05,5.7,4,248.7,1.2,93.2
211,인제,06/04/2019 20:06,5.7,4,200.5,0.8,93.2
211,인제,06/04/2019 20:07,5.7,4,210.5,1.3,93.2
211,인제,06/04/2019 20:08,5.7,4,209.1,1.6,93.2
211,인제,06/04/2019 20:09,5.7,4,218.8,1.2,93.2
211,인제,06/04/2019 20:10,5.7,4,217.8,0.9,93.2
211,인제,06/04/2019 20:11,5.7,4,253.9,0.3,92.1
211,인제,06/04/2019 20:12,5.7,4,235.2,0.3,92.4
211,인제,06/04/2019 20:13,5.7,4,240.6,0.1,92.3
211,인제,06/04/2019 20:14,5.8,4,220.4,0.3,92.8
211,인제,06/04/2019 20:15,5.7,4,223.6,0.6,92.3
211,인제,06/04/2019 20:16,5.7,4,241.5,1.2,91.4
211,인제,06/04/2019 20:17,5.8,4,221.6,0.8,91.3
211,인제,06/04/2019 20:18,5.8,4,232.1,0.7,91.4
211,인제,06/04/2019 20:19,5.8,4,250.1,0.7,91.2
211,인제,06/04/2019 20:20,5.8,4,282.3,0.2,91.4
211,인제,06/04/2019 20:21,5.8,4,0,0.1,91.3
211,인제,06/04/2019 20:22,5.7,4,245.9,0.8,90.9
211,인제,06/04/2019 20:23,5.7,4,207.2,0.8,91
211,인제,06/04/2019 20:24,5.7,4,186.9,0.2,91.9
211,인제,06/04/2019 20:25,5.7,4,0,0.1,91.9
211,인제,06/04/2019 20:26,5.8,4,175.2,0.2,91.7
211,인제,06/04/2019 20:27,5.8,4,177.4,0.4,91.6
211,인제,06/04/2019 20:28,5.8,4,186.6,1.1,91.6
211,인제,06/04/2019 20:29,5.8,4,189.2,0.9,91.4
211,인제,06/04/2019 20:30,5.8,4,186.9,1.2,91.4
211,인제,06/04/2019 20:31,5.8,4,200.8,1.3,91.6
211,인제,06/04/2019 20:32,5.8,4,238.5,0.8,91.6
211,인제,06/04/2019 20:33,5.8,4,191.9,1,91.2
211,인제,06/04/2019 20:34,5.8,4,185.1,0.7,91.1
211,인제,06/04/2019 20:35,5.8,4,184.4,1,91.1
211,인제,06/04/2019 20:36,5.8,4,182.9,1.6,90.9
211,인제,06/04/2019 20:37,5.8,4,175.7,1.6,90.9
211,인제,06/04/2019 20:38,5.8,4,123,0.7,90.9
211,인제,06/04/2019 20:39,5.8,4,169.7,0.3,91
211,인제,06/04/2019 20:40,5.8,4,156.2,0.9,90.9
211,인제,06/04/2019 20:41,5.8,4,171.1,1,90.8
211,인제,06/04/2019 20:42,5.8,4,261.6,0.6,90.7
211,인제,06/04/2019 20:43,5.7,4,188.5,1.5,90.8
211,인제,06/04/2019 20:44,5.8,4,118.3,0.9,90.9
211,인제,06/04/2019 20:45,5.8,4,156.8,0.8,91.2
211,인제,06/04/2019 20:46,5.7,4,150.6,1.7,91.1
211,인제,06/04/2019 20:47,5.8,4,134.9,1.4,91
211,인제,06/04/2019 20:48,5.8,4,154.9,1.5,91.2
211,인제,06/04/2019 20:49,5.8,4,164.6,1.5,91.3
211,인제,06/04/2019 20:50,5.7,4,168.2,2.3,91.2
211,인제,06/04/2019 20:51,5.8,4,149.6,1.9,91.4
211,인제,06/04/2019 20:52,5.8,4,183.1,1.8,91.4
211,인제,06/04/2019 20:53,5.8,4,214.4,1,91.5
211,인제,06/04/2019 20:54,5.8,4,183.5,1.1,91.7
211,인제,06/04/2019 20:55,5.7,4,172.2,1.9,91.6
211,인제,06/04/2019 20:56,5.7,4,184.2,1.8,91.6
211,인제,06/04/2019 20:57,5.7,4,186.9,1.6,91.6
211,인제,06/04/2019 20:58,5.7,4,178.7,1.6,91.6
211,인제,06/04/2019 20:59,5.8,4,192.2,1.4,91.6
211,인제,06/04/2019 21:00,5.8,4,195.1,1.2,91.5
211,인제,06/04/2019 21:01,5.8,4,186,1.2,91.6
211,인제,06/04/2019 21:02,5.8,4,194,0.9,91.7
211,인제,06/04/2019 21:03,5.8,4,209.8,1,91.6
211,인제,06/04/2019 21:04,5.8,4,226.9,1.1,90.1
211,인제,06/04/2019 21:05,5.8,4,214.4,1.1,91.2
211,인제,06/04/2019 21:06,5.8,4,207.3,1.2,91.4
211,인제,06/04/2019 21:07,5.8,4,180.7,0.5,91.5
211,인제,06/04/2019 21:08,5.8,4,211,0.7,92
211,인제,06/04/2019 21:09,5.8,4,105.6,0.5,92
211,인제,06/04/2019 21:10,5.8,4,89.8,0.4,92.2
211,인제,06/04/2019 21:11,5.7,4,144.9,0.5,92.2
211,인제,06/04/2019 21:12,5.7,4,178.9,1,92.2
211,인제,06/04/2019 21:13,5.7,4,177.5,1.2,92
211,인제,06/04/2019 21:14,5.7,4,193.2,0.9,91.8
211,인제,06/04/2019 21:15,5.7,4,178.1,1.1,91.9
211,인제,06/04/2019 21:16,5.7,4,168.8,1,91.9
211,인제,06/04/2019 21:17,5.7,4,167.2,1.1,91.8
211,인제,06/04/2019 21:18,5.7,4,176.9,1,91.6
211,인제,06/04/2019 21:19,5.7,4,176.7,0.9,91.6
211,인제,06/04/2019 21:20,5.7,4,192.8,0.9,91.6
211,인제,06/04/2019 21:21,5.7,4,183.4,1.3,91.4
211,인제,06/04/2019 21:22,5.7,4,186.7,1.2,91.2
211,인제,06/04/2019 21:23,5.8,4,182.1,1.2,91.3
211,인제,06/04/2019 21:24,5.7,4,186.9,0.8,91.1
211,인제,06/04/2019 21:25,5.7,4,195.7,1.2,90.9
211,인제,06/04/2019 21:26,5.8,4,193.7,1.1,91.1
211,인제,06/04/2019 21:27,5.8,4,206.2,1.2,91.1
211,인제,06/04/2019 21:28,5.8,4,211.1,1.7,91.1
211,인제,06/04/2019 21:29,5.8,4,213.6,2,90.9
211,인제,06/04/2019 21:30,5.8,4,232.5,1.4,90.9
211,인제,06/04/2019 21:31,5.8,4,215.3,1,90.9
211,인제,06/04/2019 21:32,5.8,4,255.5,0.9,90.6
211,인제,06/04/2019 21:33,5.8,4,254.5,1.2,90.6
211,인제,06/04/2019 21:34,5.8,4,252.6,1.1,90.8
211,인제,06/04/2019 21:35,5.8,4,251.5,1.9,91
211,인제,06/04/2019 21:36,5.7,4,243.2,2.4,90.6
211,인제,06/04/2019 21:37,5.8,4,251.9,1.8,90
211,인제,06/04/2019 21:38,5.8,4,223.5,1.1,89.7
211,인제,06/04/2019 21:39,5.8,4,163.6,0.5,89.5
211,인제,06/04/2019 21:40,5.8,4,157.6,0.5,89.4
211,인제,06/04/2019 21:41,5.8,4,119.1,0.7,89.7
211,인제,06/04/2019 21:42,5.8,4,137.5,1.3,89.9
211,인제,06/04/2019 21:43,5.7,4,145.7,1.6,90
211,인제,06/04/2019 21:44,5.7,4,153.8,0.9,90.2
211,인제,06/04/2019 21:45,5.7,4,134.7,0.8,90.4
211,인제,06/04/2019 21:46,5.6,4,281.4,0.3,90.6
211,인제,06/04/2019 21:47,5.6,4,184.2,0.2,90.7
211,인제,06/04/2019 21:48,5.5,4,113.6,0.2,91
211,인제,06/04/2019 21:49,5.5,4,164,0.7,91.1
211,인제,06/04/2019 21:50,5.5,4,155.7,0.8,91.4
211,인제,06/04/2019 21:51,5.5,4,96.8,0.3,91.6
211,인제,06/04/2019 21:52,5.5,4,121.3,0.4,91.8
211,인제,06/04/2019 21:53,5.5,4,215.2,0.2,91.9
211,인제,06/04/2019 21:54,5.4,4,224.9,0.5,92
211,인제,06/04/2019 21:55,5.4,4,183.3,0.6,92.1
211,인제,06/04/2019 21:56,5.4,4,212.4,0.7,92.3
211,인제,06/04/2019 21:57,5.4,4,190.1,0.4,92.4
211,인제,06/04/2019 21:58,5.4,4,188.7,0.7,92.5
211,인제,06/04/2019 21:59,5.4,4,185.6,1.2,92.5
211,인제,06/04/2019 22:00,5.4,4,178.7,1.4,92.6
211,인제,06/04/2019 22:01,5.4,4,174.6,1.4,92.6
211,인제,06/04/2019 22:02,5.3,4,167.1,1.9,92.5
211,인제,06/04/2019 22:03,5.3,4,176,2.1,92.5
211,인제,06/04/2019 22:04,5.3,4,174.8,1.7,92.6
211,인제,06/04/2019 22:05,5.3,4,196.9,1.7,92.6
211,인제,06/04/2019 22:06,5.3,4,177.6,1,92.7
211,인제,06/04/2019 22:07,5.3,4,201.9,0.7,92.7
211,인제,06/04/2019 22:08,5.3,4,200.5,0.7,92.7
211,인제,06/04/2019 22:09,5.2,4,189.8,0.6,92.7
211,인제,06/04/2019 22:10,5.2,4,171.6,0.8,92.9
211,인제,06/04/2019 22:11,5.2,4,154.2,1.4,93
211,인제,06/04/2019 22:12,5.2,4,138.6,1.2,93
211,인제,06/04/2019 22:13,5.2,4,139.4,1.5,93.1
211,인제,06/04/2019 22:14,5.2,4,137.2,1.3,93.1
211,인제,06/04/2019 22:15,5.2,4,137.5,1.9,93.2
211,인제,06/04/2019 22:16,5.2,4,144.8,1.5,93.3
211,인제,06/04/2019 22:17,5.2,4,149.2,1,93.4
211,인제,06/04/2019 22:18,5.1,4,155.6,0.8,93.4
211,인제,06/04/2019 22:19,5.1,4,212.4,0.6,93.4
211,인제,06/04/2019 22:20,5,4,250.4,0.4,93.4
211,인제,06/04/2019 22:21,5,4,321.1,0.4,93.4
211,인제,06/04/2019 22:22,5,4,317.5,1,93.7
211,인제,06/04/2019 22:23,5,4,319.5,1.6,93.7
211,인제,06/04/2019 22:24,4.9,4,310.7,0.9,93.8
211,인제,06/04/2019 22:25,4.9,4,300.5,0.6,93.8
211,인제,06/04/2019 22:26,4.9,4,293.9,1,93.8
211,인제,06/04/2019 22:27,4.9,4,291.4,0.9,93.9
211,인제,06/04/2019 22:28,4.9,4,252.9,0.7,94
211,인제,06/04/2019 22:29,4.9,4,254.2,1,94
211,인제,06/04/2019 22:30,4.8,4,264.5,0.9,94
211,인제,06/04/2019 22:31,4.8,4,278.8,0.8,94
211,인제,06/04/2019 22:32,4.8,4,257.9,0.8,94.1
211,인제,06/04/2019 22:33,4.8,4,285,0.4,94.1
211,인제,06/04/2019 22:34,4.8,4,0,0.1,94
211,인제,06/04/2019 22:35,4.8,4,199,0.4,94
211,인제,06/04/2019 22:36,4.7,4,201.7,0.7,94
211,인제,06/04/2019 22:37,4.7,4,215.4,0.6,94
211,인제,06/04/2019 22:38,4.7,4,230.3,0.2,94.1
211,인제,06/04/2019 22:39,4.7,4,0,0,94.2
211,인제,06/04/2019 22:40,4.7,4,11.3,0.2,94.4
211,인제,06/04/2019 22:41,4.7,4,16.5,0.8,94.5
211,인제,06/04/2019 22:42,4.7,4,345.3,0.9,94.5
211,인제,06/04/2019 22:43,4.7,4,345,0.5,94.5
211,인제,06/04/2019 22:44,4.6,4,329.1,0.5,94.5
211,인제,06/04/2019 22:45,4.6,4,316.5,0.2,94.5
211,인제,06/04/2019 22:46,4.6,4,0,0,94.5
211,인제,06/04/2019 22:47,4.5,4,0,0,94.5
211,인제,06/04/2019 22:48,4.5,4,310.3,0.2,94.5
211,인제,06/04/2019 22:49,4.5,4,336.6,0.6,94.5
211,인제,06/04/2019 22:50,4.5,4,337.3,0.6,94.6
211,인제,06/04/2019 22:51,4.5,4,321.5,0.7,94.7
211,인제,06/04/2019 22:52,4.5,4,302.7,0.6,94.8
211,인제,06/04/2019 22:53,4.5,4,303.1,0.3,94.7
211,인제,06/04/2019 22:54,4.5,4,270.5,0.2,94.7
211,인제,06/04/2019 22:55,4.5,4,0,0,94.7
211,인제,06/04/2019 22:56,4.4,4,0,0,94.7
211,인제,06/04/2019 22:57,4.5,4,0,0,94.8
211,인제,06/04/2019 22:58,4.5,4,178.3,0.2,94.9
211,인제,06/04/2019 22:59,4.5,4,170.3,0.4,94.9
211,인제,06/04/2019 23:00,4.5,4,159.7,0.7,95
211,인제,06/04/2019 23:01,4.6,4,157.5,0.5,95.1
211,인제,06/04/2019 23:02,4.6,4,163.1,0.5,95.1
211,인제,06/04/2019 23:03,4.6,4,0,0.1,95.1
211,인제,06/04/2019 23:04,4.5,4,0,0,95
211,인제,06/04/2019 23:05,4.5,4,0,0,95
211,인제,06/04/2019 23:06,4.5,4,0,0,95
211,인제,06/04/2019 23:07,4.5,4,0,0,95.1
211,인제,06/04/2019 23:08,4.5,4,0,0,95.1
211,인제,06/04/2019 23:09,4.5,4,0,0,95.2
211,인제,06/04/2019 23:10,4.5,4,0,0,95.2
211,인제,06/04/2019 23:11,4.5,4,0,0,95.2
211,인제,06/04/2019 23:12,4.5,4,0,0,95.2
211,인제,06/04/2019 23:13,4.5,4,0,0,95.3
211,인제,06/04/2019 23:14,4.5,4,0,0,95.3
211,인제,06/04/2019 23:15,4.5,4,0,0,95.3
211,인제,06/04/2019 23:16,4.4,4,0,0,95.3
211,인제,06/04/2019 23:17,4.4,4,0,0,95.3
211,인제,06/04/2019 23:18,4.4,4,0,0,95.4
211,인제,06/04/2019 23:19,4.5,4,0,0,95.5
211,인제,06/04/2019 23:20,4.5,4,0,0,95.5
211,인제,06/04/2019 23:21,4.5,4,0,0,95.6
211,인제,06/04/2019 23:22,4.5,4,1.3,0.4,95.6
211,인제,06/04/2019 23:23,4.5,4,1.3,0.5,95.6
211,인제,06/04/2019 23:24,4.6,4,351.9,1,95.6
211,인제,06/04/2019 23:25,4.5,4,345.8,1,95.6
211,인제,06/04/2019 23:26,4.5,4,327.5,1.1,95.5
211,인제,06/04/2019 23:27,4.4,4,320.8,1.1,95.5
211,인제,06/04/2019 23:28,4.4,4,330.8,0.6,95.4
211,인제,06/04/2019 23:29,4.4,4,313.4,0.5,95.4
211,인제,06/04/2019 23:30,4.3,4,312.4,0.8,95.4
211,인제,06/04/2019 23:31,4.3,4,312.8,1.2,95.4
211,인제,06/04/2019 23:32,4.3,4,293.2,1,95.4
211,인제,06/04/2019 23:33,4.3,4,293.8,0.8,95.4
211,인제,06/04/2019 23:34,4.3,4,291.1,0.4,95.4
211,인제,06/04/2019 23:35,4.3,4,0,0,95.4
211,인제,06/04/2019 23:36,4.3,4,0,0,95.4
211,인제,06/04/2019 23:37,4.3,4,0,0,95.5
211,인제,06/04/2019 23:38,4.2,4,48.8,0.3,95.5
211,인제,06/04/2019 23:39,4.2,4,58.7,0.7,95.5
211,인제,06/04/2019 23:40,4.2,4,69,0.9,95.5
211,인제,06/04/2019 23:41,4.2,4,71.2,1,95.5
211,인제,06/04/2019 23:42,4.2,4,66.6,0.7,95.4
211,인제,06/04/2019 23:43,4.1,4,82.3,0.3,95.4
211,인제,06/04/2019 23:44,4.2,4,53.2,0.1,95.5
211,인제,06/04/2019 23:45,4.2,4,0,0.1,95.5
211,인제,06/04/2019 23:46,4.2,4,0,0.1,95.6
211,인제,06/04/2019 23:47,4.2,4,337.2,0.2,95.5
211,인제,06/04/2019 23:48,4.1,4,0,0,95.5
211,인제,06/04/2019 23:49,4.1,4,0,0,95.5
211,인제,06/04/2019 23:50,4.1,4,290.1,0.1,95.6
211,인제,06/04/2019 23:51,4.2,4,280.7,0.1,95.6
211,인제,06/04/2019 23:52,4.2,4,286.7,0.1,95.7
211,인제,06/04/2019 23:53,4.2,4,321.8,0.5,95.6
211,인제,06/04/2019 23:54,4.2,4,299.7,0.7,95.6
211,인제,06/04/2019 23:55,4.2,4,284.9,0.6,95.7
211,인제,06/04/2019 23:56,4.2,4,281.3,0.5,95.7
211,인제,06/04/2019 23:57,4.3,4,261.2,0.5,95.8
211,인제,06/04/2019 23:58,4.3,4,249.6,0.7,95.8
211,인제,06/04/2019 23:59,4.3,4,244,0.6,95.8
211,인제,07/04/2019 00:00,4.3,4,217.1,0.5,95.8
