# ADAIR 도로 표시 메시 — ugv/tools/build_road_mesh.py 로 생성 (C:\Users\수다쟁이고양이들\Documents\GitHub\ADAIR\environment\data\processed\roads_clipped.gpkg)
# 도로 901, 정점 20988, 면 9593. 좌표 = UGV 지역 평면 (m), z = 0
o roads
v 836.73 -9992.71 0
v 837.30 -9985.23 0
v 827.19 -9991.97 0
v 827.15 -9984.47 0
v 814.52 -9992.83 0
v 813.61 -9985.39 0
v 781.79 -9997.49 0
v 780.14 -9990.18 0
v 681.60 -10022.80 0
v 679.90 -10015.50 0
v 662.63 -10025.25 0
v 662.29 -10017.76 0
v 645.66 -10024.36 0
v 647.22 -10017.02 0
v 632.56 -10018.77 0
v 636.41 -10012.33 0
v 620.90 -10009.73 0
v 625.90 -10004.14 0
v 301.30 -9722.81 0
v 306.34 -9717.26 0
v 282.30 -9701.97 0
v 288.14 -9697.26 0
v 263.17 -9675.60 0
v 269.44 -9671.48 0
v 44.71 -9340.66 0
v 51.03 -9336.61 0
v 32.62 -9316.54 0
v 39.50 -9313.54 0
v 27.08 -9300.24 0
v 34.33 -9298.34 0
v 24.91 -9287.00 0
v 32.39 -9286.58 0
v 24.75 -9260.11 0
v 32.25 -9259.92 0
v 23.47 -9229.90 0
v 30.94 -9229.31 0
v 21.11 -9214.48 0
v 28.51 -9213.29 0
v 19.93 -9207.64 0
v 27.06 -9205.31 0
v 16.80 -9201.18 0
v 23.21 -9197.28 0
v 9.68 -9190.97 0
v 15.72 -9186.53 0
v 5.37 -9185.62 0
v 10.69 -9180.33 0
v -34.99 -9146.12 0
v -29.52 -9140.99 0
v -42.79 -9134.02 0
v -36.03 -9130.79 0
v -45.99 -9123.03 0
v -38.54 -9122.14 0
v -47.44 -9096.64 0
v -39.95 -9097.05 0
v -43.58 -9080.43 0
v -36.41 -9082.63 0
v -36.69 -9061.16 0
v -29.66 -9063.78 0
v -31.15 -9047.18 0
v -24.09 -9049.70 0
v -25.03 -9028.58 0
v -17.62 -9029.76 0
v -22.05 -8989.99 0
v -14.56 -8990.43 0
v -21.68 -8970.82 0
v -14.19 -8970.46 0
v -24.40 -8940.94 0
v -16.99 -8939.82 0
v -28.28 -8926.87 0
v -21.15 -8924.55 0
v -32.44 -8916.26 0
v -25.73 -8912.93 0
v -40.29 -8902.67 0
v -34.06 -8898.49 0
v -76.82 -8850.15 0
v -70.60 -8845.97 0
v -90.58 -8827.74 0
v -83.87 -8824.39 0
v -101.36 -8801.08 0
v -94.41 -8798.27 0
v -273.33 -732.05 0
v -283.68 -722.61 0
v -298.35 -759.47 0
v -308.86 -750.23 0
v -323.32 -788.92 0
v -334.15 -780.05 0
v -359.20 -833.76 0
v -370.50 -825.49 0
v -434.90 -941.43 0
v -446.38 -933.41 0
v -488.68 -1019.10 0
v -500.19 -1011.13 0
v -492.89 -1016.57 0
v -495.99 -1013.65 0
v -505.88 -1030.37 0
v -508.98 -1027.45 0
v -488.30 -1018.47 0
v -500.58 -1011.75 0
v -501.41 -1042.45 0
v -513.70 -1035.73 0
v -101.48 -8800.74 0
v -94.29 -8798.60 0
v -116.29 -8750.81 0
v -109.12 -8748.62 0
v -121.58 -8734.85 0
v -114.57 -8732.19 0
v -126.95 -8722.69 0
v -120.26 -8719.29 0
v -140.81 -8697.10 0
v -134.30 -8693.37 0
v -148.87 -8684.47 0
v -142.71 -8680.19 0
v -163.59 -8664.26 0
v -157.71 -8659.60 0
v -175.63 -8650.71 0
v -170.19 -8645.55 0
v -193.57 -8632.66 0
v -188.46 -8627.17 0
v -208.04 -8620.45 0
v -203.66 -8614.36 0
v -231.38 -8605.48 0
v -227.68 -8598.96 0
v -259.24 -8591.36 0
v -256.18 -8584.51 0
v -284.14 -8581.92 0
v -281.84 -8574.78 0
v -300.10 -8578.23 0
v -298.76 -8570.85 0
v -379.34 -8564.59 0
v -378.25 -8557.17 0
v -414.97 -8561.34 0
v -413.55 -8553.98 0
v -461.15 -8548.84 0
v -458.93 -8541.68 0
v -501.03 -8534.65 0
v -498.34 -8527.65 0
v -537.57 -8519.49 0
v -534.54 -8512.64 0
v -554.26 -8511.08 0
v -550.60 -8504.54 0
v -566.35 -8503.39 0
v -562.02 -8497.27 0
v -573.12 -8497.72 0
v -567.86 -8492.37 0
v -578.80 -8491.17 0
v -572.75 -8486.74 0
v -591.62 -8472.59 0
v -585.54 -8468.19 0
v -599.98 -8461.86 0
v -594.06 -8457.25 0
v 121.21 -3628.69 0
v 128.43 -3630.71 0
v 126.44 -3609.99 0
v 133.72 -3611.80 0
v 127.06 -3605.37 0
v 134.56 -3605.72 0
v 126.89 -3598.86 0
v 134.38 -3598.46 0
v 126.44 -3593.61 0
v 133.85 -3592.41 0
v 124.80 -3585.85 0
v 131.95 -3583.58 0
v 120.17 -3573.83 0
v 126.90 -3570.52 0
v 109.24 -3554.30 0
v 115.64 -3550.39 0
v 105.81 -3550.20 0
v 111.35 -3545.14 0
v 100.26 -3544.52 0
v 104.95 -3538.67 0
v 92.26 -3539.27 0
v 95.64 -3532.58 0
v 83.05 -3535.82 0
v 84.86 -3528.54 0
v 65.50 -3532.69 0
v 66.45 -3525.25 0
v 57.39 -3532.49 0
v 57.00 -3525.00 0
v 46.19 -3533.74 0
v 44.98 -3526.34 0
v 32.53 -3536.58 0
v 30.63 -3529.32 0
v 13.63 -3542.28 0
v 11.77 -3535.01 0
v -19.06 -3549.74 0
v -19.97 -3542.30 0
v -63.63 -3551.76 0
v -64.44 -3544.30 0
v -100.05 -3558.49 0
v -101.88 -3551.22 0
v -129.03 -3568.23 0
v -132.17 -3561.42 0
v -165.10 -3588.48 0
v -169.08 -3582.13 0
v -176.00 -3597.59 0
v -181.50 -3592.49 0
v -211.27 -3638.47 0
v -216.79 -3633.39 0
v -227.37 -3653.41 0
v -231.93 -3647.46 0
v -278.33 -3689.88 0
v -282.69 -3683.78 0
v -531.53 -3071.13 0
v -532.69 -3078.54 0
v -518.12 -3073.26 0
v -520.07 -3080.50 0
v -506.96 -3077.82 0
v -510.33 -3084.52 0
v -492.24 -3086.22 0
v -496.32 -3092.51 0
v -480.46 -3095.04 0
v -485.43 -3100.66 0
v -470.31 -3105.59 0
v -475.96 -3110.51 0
v -462.25 -3115.93 0
v -468.40 -3120.22 0
v -455.35 -3127.11 0
v -462.25 -3130.04 0
v -421.17 -3212.60 0
v -428.18 -3215.27 0
v -416.45 -3229.39 0
v -423.74 -3231.14 0
v -412.53 -3248.48 0
v -419.94 -3249.63 0
v -402.08 -3321.75 0
v -409.49 -3322.94 0
v -395.58 -3354.19 0
v -402.87 -3355.94 0
v -379.79 -3414.92 0
v -387.09 -3416.63 0
v -377.10 -3433.06 0
v -384.55 -3433.91 0
v -376.45 -3444.25 0
v -383.95 -3444.47 0
v -376.48 -3454.18 0
v -383.96 -3453.65 0
v -378.24 -3469.53 0
v -385.62 -3468.16 0
v -388.49 -3519.39 0
v -395.80 -3517.71 0
v -393.20 -3534.49 0
v -400.25 -3531.94 0
v -406.62 -3569.77 0
v -413.71 -3567.34 0
v -408.45 -3578.68 0
v -415.91 -3577.86 0
v -408.83 -3590.04 0
v -416.31 -3590.52 0
v -407.16 -3599.09 0
v -414.36 -3601.16 0
v -403.19 -3609.52 0
v -409.96 -3612.74 0
v -397.00 -3620.44 0
v -403.24 -3624.60 0
v -388.93 -3630.86 0
v -394.60 -3635.76 0
v -349.26 -3675.71 0
v -354.67 -3680.90 0
v -337.19 -3684.93 0
v -341.22 -3691.25 0
v -327.23 -3689.73 0
v -329.73 -3696.80 0
v -317.53 -3691.85 0
v -318.64 -3699.27 0
v -309.43 -3692.37 0
v -309.50 -3699.87 0
v -302.83 -3692.00 0
v -301.87 -3699.43 0
v -296.61 -3690.73 0
v -294.44 -3697.91 0
v -288.85 -3687.75 0
v -285.50 -3694.47 0
v -282.53 -3683.67 0
v -278.48 -3689.99 0
v -488.48 583.51 0
v -487.56 576.07 0
v -441.30 589.35 0
v -440.35 581.91 0
v -414.43 592.88 0
v -412.87 585.54 0
v -403.35 597.14 0
v -399.02 591.02 0
v -392.69 608.38 0
v -386.67 603.91 0
v -344.17 677.26 0
v -338.12 672.82 0
v -333.06 689.50 0
v -327.94 684.01 0
v -321.95 697.96 0
v -317.92 691.63 0
v -293.29 714.91 0
v -289.26 708.58 0
v -278.99 725.24 0
v -274.23 719.44 0
v -270.21 733.80 0
v -264.53 728.89 0
v -251.42 757.19 0
v -245.60 752.46 0
v -241.40 769.20 0
v -235.07 765.19 0
v -232.32 787.35 0
v -225.63 783.95 0
v -222.61 806.24 0
v -216.15 802.43 0
v -212.17 821.35 0
v -206.65 816.28 0
v -198.60 832.49 0
v -193.85 826.69 0
v -197.78 833.12 0
v -193.82 826.75 0
v -184.57 841.21 0
v -181.37 834.42 0
v -165.44 848.28 0
v -163.86 840.94 0
v -125.70 853.98 0
v -124.52 846.57 0
v -107.30 857.51 0
v -105.59 850.21 0
v -93.72 861.44 0
v -90.72 854.56 0
v -84.66 867.35 0
v -80.14 861.36 0
v -76.28 874.63 0
v -70.68 869.65 0
v -69.87 883.95 0
v -63.36 880.23 0
v -66.51 891.72 0
v -59.33 889.53 0
v -64.27 902.56 0
v -56.93 901.03 0
v 362.34 9.72 0
v 349.48 15.26 0
v 341.44 -38.80 0
v 328.89 -32.60 0
v 312.10 -91.65 0
v 301.11 -82.98 0
v 53.49 -404.07 0
v 42.67 -395.19 0
v 18.49 -449.55 0
v 7.55 -440.82 0
v 1.67 -468.95 0
v -8.54 -459.37 0
v -86.36 -561.25 0
v -95.97 -551.06 0
v -188.31 -648.05 0
v -197.38 -637.39 0
v -283.43 -722.35 0
v -273.59 -732.31 0
v -197.76 -637.74 0
v -187.92 -647.70 0
v -62.52 902.70 0
v -58.67 900.90 0
v -56.43 915.67 0
v -52.74 913.56 0
v -50.70 923.16 0
v -47.71 920.13 0
v -42.45 929.45 0
v -40.29 925.79 0
v -28.83 936.09 0
v -26.97 932.27 0
v -39.17 931.58 0
v -37.26 935.37 0
v -54.14 939.10 0
v -52.20 942.87 0
v -59.53 942.10 0
v -56.85 945.40 0
v -67.42 949.81 0
v -64.45 952.85 0
v -57.94 932.39 0
v -65.29 930.93 0
v -55.90 922.03 0
v -63.35 921.17 0
v -55.65 912.42 0
v -63.14 912.79 0
v -56.87 901.38 0
v -64.33 902.21 0
v -61.90 935.40 0
v -61.33 927.92 0
v -38.51 937.21 0
v -37.93 929.74 0
v -27.65 930.44 0
v -28.16 937.92 0
v -37.96 929.73 0
v -38.47 937.22 0
v -65.28 930.86 0
v -57.95 932.46 0
v -69.60 950.52 0
v -62.27 952.13 0
v -41.50 1082.45 0
v -48.45 1085.26 0
v -64.82 1024.76 0
v -71.87 1027.33 0
v -68.80 1007.75 0
v -76.20 1009.02 0
v -69.82 995.63 0
v -77.32 995.53 0
v -68.40 979.48 0
v -75.80 978.20 0
v -62.27 952.15 0
v -69.59 950.51 0
v 669.48 977.35 0
v 668.91 984.83 0
v 652.02 976.01 0
v 651.53 983.50 0
v 13.24 933.92 0
v 12.75 941.40 0
v -8.45 932.15 0
v -9.06 939.63 0
v -28.23 937.92 0
v -27.57 930.45 0
v -9.09 939.62 0
v -8.42 932.15 0
v 838.16 -9985.40 0
v 835.87 -9992.54 0
v 854.50 -9990.66 0
v 851.61 -9997.58 0
v 869.58 -9998.57 0
v 865.62 -10004.94 0
v 888.54 -10011.80 0
v 883.84 -10017.65 0
v 960.14 -10071.40 0
v 955.24 -10077.08 0
v 985.38 -10095.28 0
v 979.89 -10100.38 0
v 996.69 -10110.75 0
v 990.38 -10114.80 0
v 1016.67 -10143.86 0
v 1010.15 -10147.57 0
v 1037.75 -10182.98 0
v 1031.24 -10186.71 0
v 1078.61 -10251.80 0
v 1072.13 -10255.59 0
v 1088.30 -10269.33 0
v 1081.58 -10272.68 0
v 1098.46 -10291.70 0
v 1091.49 -10294.47 0
v 1104.26 -10309.64 0
v 1097.02 -10311.57 0
v 1105.30 -10317.30 0
v 1097.86 -10318.28 0
v 7931.06 -7059.79 0
v 7929.04 -7052.57 0
v 7872.88 -7076.08 0
v 7870.74 -7068.89 0
v 7832.84 -7089.03 0
v 7830.78 -7081.82 0
v 7820.25 -7091.03 0
v 7819.65 -7083.56 0
v 7807.11 -7091.14 0
v 7807.59 -7083.66 0
v 7795.15 -7089.28 0
v 7797.91 -7082.31 0
v 7748.05 -7068.02 0
v 7751.06 -7061.15 0
v 7740.24 -7065.16 0
v 7741.67 -7057.80 0
v 7730.62 -7064.61 0
v 7730.39 -7057.11 0
v 7628.35 -7068.62 0
v 7627.91 -7061.14 0
v 7620.11 -7070.98 0
v 7617.51 -7063.94 0
v 7610.58 -7075.29 0
v 7606.77 -7068.83 0
v 7565.91 -7102.97 0
v 7561.96 -7096.60 0
v 7541.93 -7117.90 0
v 7538.22 -7111.37 0
v 7519.31 -7129.42 0
v 7516.23 -7122.58 0
v 7505.95 -7134.00 0
v 7504.43 -7126.66 0
v 7491.80 -7135.08 0
v 7492.22 -7127.60 0
v 7476.02 -7132.36 0
v 7477.95 -7125.11 0
v 7463.16 -7127.40 0
v 7466.93 -7120.91 0
v 7453.05 -7119.10 0
v 7458.03 -7113.49 0
v 7442.43 -7108.99 0
v 7448.32 -7104.35 0
v 7416.68 -7073.06 0
v 7422.47 -7068.30 0
v 7409.14 -7068.11 0
v 7412.66 -7061.49 0
v 7400.04 -7064.38 0
v 7401.73 -7057.07 0
v 7388.89 -7063.46 0
v 7388.84 -7055.96 0
v 7378.46 -7064.50 0
v 7376.38 -7057.29 0
v 7333.77 -7079.55 0
v 7331.63 -7072.36 0
v 7320.96 -7081.57 0
v 7320.38 -7074.09 0
v 7240.26 -7086.90 0
v 7239.67 -7079.42 0
v 7176.67 -7093.11 0
v 7175.81 -7085.66 0
v 7169.75 -7094.92 0
v 7167.36 -7087.81 0
v 7124.89 -7110.65 0
v 7122.47 -7103.55 0
v 7118.11 -7112.42 0
v 7117.16 -7104.98 0
v 7112.18 -7112.21 0
v 7113.17 -7104.78 0
v 7103.76 -7110.62 0
v 7105.16 -7103.25 0
v 680.11 -5447.91 0
v 680.09 -5443.66 0
v 669.23 -5447.94 0
v 669.76 -5443.72 0
v 659.98 -5445.19 0
v 662.20 -5441.57 0
v 651.88 -5437.23 0
v 655.51 -5435.02 0
v 639.42 -5411.82 0
v 643.23 -5409.95 0
v 739.80 -5438.83 0
v 739.16 -5434.62 0
v 680.42 -5447.89 0
v 679.78 -5443.69 0
v 643.41 -5410.49 0
v 639.24 -5411.28 0
v 647.90 -5434.24 0
v 643.78 -5435.29 0
v 650.47 -5438.67 0
v 647.03 -5441.16 0
v 655.67 -5444.78 0
v 652.76 -5447.88 0
v 662.15 -5449.63 0
v 660.10 -5453.35 0
v 670.48 -5453.05 0
v 669.86 -5457.25 0
v 680.23 -5452.22 0
v 680.57 -5456.45 0
v 680.06 -5452.24 0
v 680.74 -5456.43 0
v 740.89 -5442.25 0
v 741.58 -5446.44 0
v 761.62 -5432.03 0
v 759.94 -5428.12 0
v 751.52 -5436.35 0
v 750.26 -5432.30 0
v 739.92 -5438.80 0
v 739.04 -5434.64 0
v 798.29 -5376.15 0
v 794.04 -5375.98 0
v 797.13 -5405.84 0
v 792.88 -5405.68 0
v 797.04 -5406.36 0
v 792.97 -5405.16 0
v 795.81 -5410.20 0
v 792.29 -5407.82 0
v 789.50 -5417.64 0
v 786.44 -5414.68 0
v 785.36 -5420.94 0
v 783.08 -5417.35 0
v 777.92 -5425.03 0
v 776.13 -5421.18 0
v 761.61 -5432.03 0
v 759.94 -5428.12 0
v 799.77 -5408.85 0
v 803.98 -5409.43 0
v 800.04 -5407.16 0
v 804.28 -5406.88 0
v 799.21 -5400.94 0
v 803.40 -5400.26 0
v 798.33 -5396.62 0
v 802.49 -5395.74 0
v 794.09 -5376.50 0
v 798.24 -5375.63 0
v 761.98 -5435.84 0
v 763.62 -5439.76 0
v 788.25 -5424.85 0
v 789.97 -5428.74 0
v 791.70 -5422.84 0
v 794.40 -5426.12 0
v 795.58 -5418.77 0
v 798.81 -5421.53 0
v 798.32 -5415.08 0
v 801.95 -5417.29 0
v 799.39 -5412.64 0
v 803.51 -5413.66 0
v 799.76 -5408.92 0
v 803.98 -5409.36 0
v 740.75 -5442.28 0
v 741.73 -5446.41 0
v 752.11 -5439.58 0
v 753.34 -5443.64 0
v 762.05 -5435.81 0
v 763.55 -5439.79 0
v 1600.68 -6093.63 0
v 1593.89 -6096.83 0
v 1606.14 -6105.28 0
v 1599.82 -6109.33 0
v 1613.45 -6113.75 0
v 1608.45 -6119.34 0
v 1626.86 -6123.69 0
v 1622.85 -6130.03 0
v 1668.91 -6148.81 0
v 1664.99 -6155.21 0
v 1675.66 -6153.65 0
v 1670.82 -6159.38 0
v 1681.73 -6159.63 0
v 1676.16 -6164.66 0
v 1687.59 -6166.89 0
v 1681.25 -6170.90 0
v 1714.36 -6211.00 0
v 1708.00 -6214.98 0
v 1717.18 -6214.17 0
v 1711.81 -6219.41 0
v 1721.41 -6218.15 0
v 1716.84 -6224.09 0
v 1726.95 -6221.69 0
v 1723.31 -6228.25 0
v 1736.03 -6226.24 0
v 1733.25 -6233.21 0
v 1741.72 -6227.64 0
v 1740.51 -6235.04 0
v 1748.28 -6228.19 0
v 1748.05 -6235.68 0
v 1754.59 -6228.04 0
v 1755.46 -6235.49 0
v 1759.20 -6226.93 0
v 1761.40 -6234.10 0
v 1766.15 -6224.53 0
v 1769.94 -6231.00 0
v 1859.63 -6168.08 0
v 1862.71 -6174.92 0
v 2013.85 -6113.14 0
v 2016.31 -6120.23 0
v 2023.74 -6111.49 0
v 2023.73 -6118.99 0
v 2070.98 -6112.97 0
v 2070.43 -6120.45 0
v 2083.29 -6115.92 0
v 2081.20 -6123.13 0
v 2096.65 -6120.36 0
v 2093.96 -6127.36 0
v 2108.94 -6125.80 0
v 2105.40 -6132.42 0
v 2120.43 -6133.07 0
v 2116.18 -6139.25 0
v 2131.55 -6141.30 0
v 2126.85 -6147.14 0
v 2142.84 -6151.14 0
v 2137.60 -6156.51 0
v 2155.22 -6164.40 0
v 2149.35 -6169.08 0
v 2183.93 -6202.59 0
v 2177.85 -6206.98 0
v 2190.81 -6213.71 0
v 2184.22 -6217.29 0
v 2197.11 -6226.77 0
v 2190.21 -6229.70 0
v 2199.91 -6235.16 0
v 2192.68 -6237.17 0
v 2201.79 -6243.69 0
v 2194.34 -6244.55 0
v 2202.17 -6254.72 0
v 2194.67 -6254.62 0
v 2201.54 -6262.57 0
v 2194.12 -6261.46 0
v 2199.49 -6271.41 0
v 2192.90 -6267.82 0
v 2127.87 -6398.04 0
v 2121.32 -6394.39 0
v 2124.92 -6405.27 0
v 2117.89 -6402.66 0
v 2123.29 -6410.43 0
v 2115.99 -6408.70 0
v 2122.05 -6417.37 0
v 2114.64 -6416.27 0
v 2121.45 -6422.71 0
v 2113.96 -6422.30 0
v 2121.44 -6428.60 0
v 2113.95 -6428.85 0
v 2121.84 -6434.44 0
v 2114.38 -6435.21 0
v 2122.76 -6441.60 0
v 2115.41 -6443.11 0
v 2124.77 -6448.80 0
v 2117.80 -6451.57 0
v 2128.94 -6457.11 0
v 2122.42 -6460.82 0
v 2134.38 -6465.68 0
v 2128.39 -6470.18 0
v 2140.96 -6473.24 0
v 2136.31 -6479.13 0
v 2218.01 -6531.42 0
v 2213.29 -6537.25 0
v 2232.67 -6547.58 0
v 2226.89 -6552.36 0
v 2238.56 -6556.17 0
v 2232.20 -6560.15 0
v 2244.26 -6566.08 0
v 2237.59 -6569.51 0
v 2248.91 -6576.27 0
v 2241.96 -6579.09 0
v 2252.95 -6587.48 0
v 2245.78 -6589.68 0
v 2255.94 -6599.09 0
v 2248.59 -6600.58 0
v 2257.29 -6609.18 0
v 2249.79 -6609.10 0
v 2254.24 -6761.71 0
v 2246.74 -6761.61 0
v 2255.03 -6772.90 0
v 2247.58 -6773.70 0
v 2256.09 -6779.03 0
v 2248.76 -6780.63 0
v 2258.04 -6786.66 0
v 2250.88 -6788.90 0
v 2259.54 -6790.22 0
v 2252.89 -6793.69 0
v 2265.19 -6800.33 0
v 2258.89 -6804.40 0
v 2271.73 -6809.08 0
v 2265.86 -6813.74 0
v 2273.95 -6811.48 0
v 2269.36 -6817.41 0
v 2291.18 -6824.05 0
v 2287.55 -6830.61 0
v 2305.29 -6828.89 0
v 2303.25 -6836.11 0
v 2378.86 -6848.67 0
v 2376.89 -6855.91 0
v 2382.52 -6850.07 0
v 2379.20 -6856.80 0
v 2387.79 -6853.02 0
v 2383.81 -6859.38 0
v 2393.23 -6856.77 0
v 2388.63 -6862.69 0
v 2399.81 -6862.37 0
v 2394.49 -6867.66 0
v 2405.72 -6869.30 0
v 2399.87 -6874.00 0
v 2408.09 -6872.81 0
v 2401.29 -6875.95 0
v 2414.65 -6888.38 0
v 2407.69 -6891.16 0
v 2415.93 -6892.46 0
v 2408.68 -6894.36 0
v 2417.46 -6899.07 0
v 2410.07 -6900.33 0
v 2417.99 -6904.68 0
v 2410.50 -6904.92 0
v 2417.91 -6912.50 0
v 2410.44 -6911.77 0
v 2413.71 -6948.82 0
v 2406.24 -6948.12 0
v 2413.21 -6962.51 0
v 2405.71 -6962.44 0
v 2413.47 -6972.78 0
v 2406.00 -6973.50 0
v 2415.27 -6983.64 0
v 2407.90 -6984.99 0
v 2415.89 -6986.24 0
v 2408.84 -6988.79 0
v 2421.76 -7001.42 0
v 2414.88 -7004.42 0
v 2425.03 -7007.25 0
v 2418.71 -7011.29 0
v 2430.19 -7014.54 0
v 2424.38 -7019.28 0
v 2439.71 -7025.25 0
v 2434.36 -7030.51 0
v 2447.65 -7032.34 0
v 2443.15 -7038.34 0
v 2456.74 -7038.02 0
v 2453.14 -7044.60 0
v 2468.44 -7043.66 0
v 2464.67 -7050.15 0
v 2492.81 -7058.99 0
v 2488.53 -7065.15 0
v 2512.23 -7074.11 0
v 2507.25 -7079.71 0
v 2528.08 -7090.36 0
v 2522.46 -7095.33 0
v 2542.51 -7108.30 0
v 2536.41 -7112.66 0
v 2553.54 -7125.98 0
v 2546.94 -7129.54 0
v 2563.88 -7147.89 0
v 2557.01 -7150.89 0
v 2568.94 -7161.20 0
v 2561.82 -7163.55 0
v 2575.94 -7184.34 0
v 2568.69 -7186.27 0
v 2583.61 -7216.33 0
v 2576.39 -7218.34 0
v 2590.67 -7237.52 0
v 2583.64 -7240.11 0
v 2597.00 -7252.65 0
v 2590.28 -7255.98 0
v 2603.94 -7264.36 0
v 2598.05 -7269.01 0
v 2670.05 -7344.87 0
v 2664.19 -7349.55 0
v 2693.00 -7375.73 0
v 2687.14 -7380.41 0
v 2706.92 -7391.02 0
v 2701.67 -7396.38 0
v 2710.88 -7393.49 0
v 2707.79 -7400.32 0
v 2719.74 -7396.62 0
v 2717.69 -7403.83 0
v 2724.35 -7397.35 0
v 2723.73 -7404.82 0
v 2729.60 -7397.42 0
v 2730.31 -7404.89 0
v 2734.28 -7396.44 0
v 2736.52 -7403.60 0
v 2741.16 -7393.81 0
v 2744.96 -7400.28 0
v 2749.84 -7387.39 0
v 2755.39 -7392.43 0
v 2770.61 -7361.09 0
v 2776.38 -7365.88 0
v 2775.47 -7356.57 0
v 2780.18 -7362.41 0
v 2781.62 -7352.19 0
v 2785.30 -7358.72 0
v 2792.80 -7346.81 0
v 2795.58 -7353.77 0
v 2800.76 -7344.63 0
v 2801.95 -7352.03 0
v 2830.92 -7340.61 0
v 2831.56 -7348.08 0
v 2850.06 -7340.45 0
v 2849.79 -7347.94 0
v 2860.64 -7341.70 0
v 2859.27 -7349.07 0
v 2872.62 -7344.65 0
v 2870.21 -7351.75 0
v 2884.66 -7349.90 0
v 2880.85 -7356.36 0
v 2971.47 -7402.79 0
v 2967.64 -7409.24 0
v 2982.71 -7408.04 0
v 2979.80 -7414.95 0
v 2985.57 -7408.75 0
v 2983.94 -7416.07 0
v 2989.16 -7409.45 0
v 2988.56 -7416.93 0
v 2994.92 -7409.52 0
v 2995.67 -7416.98 0
v 3004.28 -7407.92 0
v 3006.22 -7415.17 0
v 3010.03 -7405.56 0
v 3013.72 -7412.09 0
v 3015.08 -7401.99 0
v 3020.95 -7406.67 0
v 3052.67 -7351.67 0
v 3058.49 -7356.40 0
v 3067.25 -7337.69 0
v 3072.07 -7343.44 0
v 3171.33 -7252.05 0
v 3176.21 -7257.74 0
v 3183.65 -7238.05 0
v 3189.91 -7242.18 0
v 3222.51 -7174.41 0
v 3229.29 -7177.60 0
v 3251.35 -7093.94 0
v 3258.37 -7096.57 0
v 3256.81 -7082.81 0
v 3263.31 -7086.55 0
v 3267.09 -7066.50 0
v 3273.24 -7070.79 0
v 3275.46 -7056.18 0
v 3280.89 -7061.36 0
v 3286.98 -7045.65 0
v 3291.62 -7051.55 0
v 3373.41 -6979.15 0
v 3377.88 -6985.17 0
v 3413.49 -6951.78 0
v 3417.24 -6958.28 0
v 3450.24 -6934.83 0
v 3452.99 -6941.81 0
v 3470.15 -6929.49 0
v 3471.75 -6936.82 0
v 3489.50 -6926.27 0
v 3490.31 -6933.73 0
v 3565.90 -6919.09 0
v 3566.86 -6926.53 0
v 3575.20 -6915.37 0
v 3578.39 -6922.16 0
v 3583.00 -6910.95 0
v 3587.38 -6917.04 0
v 3590.50 -6904.37 0
v 3596.03 -6909.43 0
v 3599.98 -6892.36 0
v 3606.25 -6896.49 0
v 3620.27 -6859.07 0
v 3626.82 -6862.73 0
v 3622.67 -6851.99 0
v 3629.93 -6853.89 0
v 3624.04 -6844.33 0
v 3631.45 -6845.47 0
v 3624.19 -6842.25 0
v 3631.69 -6842.43 0
v 3624.25 -6834.48 0
v 3631.74 -6834.20 0
v 3620.60 -6743.27 0
v 3628.09 -6743.16 0
v 3622.59 -6720.99 0
v 3630.02 -6722.00 0
v 3625.42 -6707.85 0
v 3632.63 -6709.89 0
v 3629.63 -6696.07 0
v 3636.53 -6699.02 0
v 3634.77 -6685.92 0
v 3641.31 -6689.58 0
v 3637.75 -6681.62 0
v 3643.70 -6686.19 0
v 3645.16 -6672.39 0
v 3650.44 -6677.72 0
v 3655.08 -6664.47 0
v 3659.25 -6670.71 0
v 3665.45 -6658.82 0
v 3668.60 -6665.63 0
v 3674.65 -6655.41 0
v 3676.78 -6662.60 0
v 3683.63 -6653.42 0
v 3684.92 -6660.81 0
v 3692.60 -6652.27 0
v 3693.28 -6659.74 0
v 3699.72 -6651.98 0
v 3699.36 -6659.47 0
v 3710.07 -6653.10 0
v 3708.88 -6660.50 0
v 3719.94 -6655.30 0
v 3717.19 -6662.28 0
v 3757.54 -6671.71 0
v 3754.13 -6678.39 0
v 3784.14 -6688.09 0
v 3779.82 -6694.22 0
v 3799.79 -6701.50 0
v 3794.39 -6706.70 0
v 3834.19 -6739.88 0
v 3828.71 -6744.99 0
v 3839.61 -6744.46 0
v 3835.90 -6750.98 0
v 3848.17 -6747.76 0
v 3846.13 -6754.98 0
v 3853.04 -6748.25 0
v 3852.77 -6755.74 0
v 3857.38 -6748.06 0
v 3858.67 -6755.45 0
v 3862.76 -6746.56 0
v 3865.55 -6753.52 0
v 3867.62 -6744.12 0
v 3872.69 -6749.65 0
v 3874.41 -6735.66 0
v 3880.39 -6740.18 0
v 3875.33 -6734.06 0
v 3882.30 -6736.82 0
v 3878.91 -6723.96 0
v 3886.17 -6725.84 0
v 3885.42 -6695.10 0
v 3892.77 -6696.58 0
v 3887.44 -6681.66 0
v 3894.90 -6682.36 0
v 3887.93 -6668.11 0
v 3895.43 -6668.11 0
v 3887.43 -6658.22 0
v 3894.88 -6657.36 0
v 3885.72 -6648.54 0
v 3892.93 -6646.47 0
v 3878.10 -6625.92 0
v 3885.11 -6623.26 0
v 3856.96 -6572.80 0
v 3863.88 -6569.92 0
v 3847.86 -6553.16 0
v 3854.57 -6549.81 0
v 3840.95 -6540.80 0
v 3847.27 -6536.76 0
v 3833.91 -6531.34 0
v 3839.54 -6526.38 0
v 3825.09 -6522.82 0
v 3830.00 -6517.15 0
v 3813.92 -6514.11 0
v 3818.82 -6508.43 0
v 3795.39 -6497.18 0
v 3800.68 -6491.87 0
v 3783.90 -6484.12 0
v 3789.97 -6479.72 0
v 3772.94 -6466.22 0
v 3779.52 -6462.62 0
v 3767.21 -6453.59 0
v 3774.19 -6450.86 0
v 3764.47 -6444.55 0
v 3771.79 -6442.93 0
v 3763.31 -6435.87 0
v 3770.81 -6435.66 0
v 3763.36 -6407.23 0
v 3770.86 -6407.41 0
v 3764.27 -6398.44 0
v 3771.62 -6399.94 0
v 3766.26 -6393.70 0
v 3772.74 -6397.48 0
v 3772.10 -6384.64 0
v 3778.26 -6388.92 0
v 3774.62 -6381.87 0
v 3779.47 -6387.59 0
v 3783.12 -6375.14 0
v 3787.49 -6381.23 0
v 3793.58 -6368.31 0
v 3797.20 -6374.88 0
v 3812.52 -6359.00 0
v 3814.82 -6366.13 0
v 3869.17 -6343.82 0
v 3871.08 -6351.07 0
v 3872.88 -6343.19 0
v 3873.60 -6350.65 0
v 3881.45 -6342.64 0
v 3880.99 -6350.12 0
v 3986.01 -6350.06 0
v 3985.40 -6357.54 0
v 3993.77 -6351.94 0
v 3990.94 -6358.88 0
v 4052.29 -6376.98 0
v 4049.48 -6383.93 0
v 4065.37 -6380.89 0
v 4063.73 -6388.21 0
v 4080.63 -6383.29 0
v 4080.06 -6390.77 0
v 4111.62 -6384.36 0
v 4111.53 -6391.86 0
v 4118.39 -6383.79 0
v 4119.85 -6391.15 0
v 4129.02 -6381.01 0
v 4132.70 -6387.55 0
v 4217.08 -6328.02 0
v 4220.94 -6334.44 0
v 3681.21 -528.73 0
v 3674.10 -526.36 0
v 3676.13 -543.95 0
v 3668.87 -542.07 0
v 3671.20 -567.39 0
v 3664.05 -565.11 0
v 3661.02 -591.05 0
v 3654.40 -587.52 0
v 3652.45 -602.55 0
v 3646.68 -597.77 0
v 3645.11 -610.38 0
v 3639.48 -605.43 0
v 3641.93 -614.43 0
v 3635.44 -610.67 0
v 3640.56 -617.33 0
v 3633.06 -617.43 0
v 3642.89 -647.06 0
v 3635.39 -647.36 0
v 3641.85 -655.13 0
v 3634.69 -652.88 0
v 3638.34 -662.22 0
v 3631.43 -659.30 0
v 3623.00 -699.80 0
v 3615.89 -697.41 0
v 3621.85 -711.06 0
v 3614.37 -710.44 0
v 3621.27 -721.63 0
v 3613.78 -721.90 0
v 3622.65 -734.21 0
v 3615.34 -735.91 0
v 3627.85 -750.08 0
v 3621.08 -753.31 0
v 3640.40 -771.39 0
v 3634.32 -775.77 0
v 3656.24 -789.44 0
v 3649.98 -793.58 0
v 3682.95 -835.73 0
v 3676.73 -839.92 0
v 3721.95 -886.91 0
v 3715.93 -891.38 0
v 3728.55 -897.34 0
v 3721.82 -900.64 0
v 3730.34 -905.43 0
v 3722.94 -904.25 0
v 3726.18 -916.51 0
v 3718.96 -914.49 0
v 3722.93 -931.95 0
v 3715.72 -929.88 0
v 3719.97 -938.00 0
v 3713.06 -935.09 0
v 3710.00 -962.74 0
v 3702.94 -960.20 0
v 3707.96 -971.36 0
v 3700.60 -969.92 0
v 3706.22 -982.18 0
v 3698.75 -981.63 0
v 3703.76 -1028.24 0
v 3696.28 -1027.70 0
v 3701.76 -1043.55 0
v 3694.37 -1042.27 0
v 3698.48 -1058.70 0
v 3691.28 -1056.61 0
v 3693.14 -1073.10 0
v 3686.40 -1069.81 0
v 3687.69 -1080.48 0
v 3682.44 -1075.12 0
v 3681.38 -1084.75 0
v 3677.66 -1078.24 0
v 3674.33 -1088.14 0
v 3672.18 -1080.96 0
v 3666.36 -1089.25 0
v 3665.95 -1081.76 0
v 3607.83 -1091.87 0
v 3607.37 -1084.39 0
v 3596.38 -1093.56 0
v 3594.93 -1086.20 0
v 3579.14 -1097.54 0
v 3577.46 -1090.23 0
v 204.91 -4134.87 0
v 198.83 -4139.25 0
v 221.66 -4158.11 0
v 215.57 -4162.50 0
v 4217.36 -6327.86 0
v 4220.66 -6334.60 0
v 4243.03 -6315.31 0
v 4246.32 -6322.05 0
v 12145.63 -7544.11 0
v 12153.13 -7544.21 0
v 12145.72 -7537.91 0
v 12153.21 -7537.52 0
v 12145.06 -7531.04 0
v 12152.24 -7528.88 0
v 12139.35 -7516.84 0
v 12146.02 -7513.40 0
v 12128.52 -7499.09 0
v 12134.85 -7495.06 0
v 12125.90 -7495.64 0
v 12131.52 -7490.68 0
v 12119.30 -7488.67 0
v 12124.34 -7483.12 0
v 12111.78 -7482.75 0
v 12115.71 -7476.36 0
v 12003.06 -7417.19 0
v 12007.06 -7410.85 0
v 11973.83 -7395.63 0
v 11978.46 -7389.73 0
v 11963.40 -7385.93 0
v 11969.10 -7381.07 0
v 11950.00 -7367.78 0
v 11956.16 -7363.49 0
v 11942.80 -7356.40 0
v 11949.38 -7352.79 0
v 11935.02 -7340.55 0
v 11941.53 -7336.83 0
v 11928.47 -7331.21 0
v 11934.16 -7326.33 0
v 11920.97 -7324.18 0
v 11925.79 -7318.44 0
v 11917.97 -7322.31 0
v 11921.36 -7315.62 0
v 11909.01 -7318.20 0
v 11911.49 -7311.12 0
v 11900.86 -7316.28 0
v 11901.97 -7308.86 0
v 11893.87 -7315.96 0
v 11893.81 -7308.46 0
v 11883.71 -7316.45 0
v 11882.96 -7308.99 0
v 11873.78 -7317.95 0
v 11871.77 -7310.72 0
v 11839.75 -7328.74 0
v 11837.69 -7321.53 0
v 11829.37 -7330.57 0
v 11828.69 -7323.10 0
v 11820.50 -7330.36 0
v 11822.25 -7323.06 0
v 11734.38 -7307.99 0
v 11736.10 -7300.70 0
v 11688.65 -7299.17 0
v 11689.73 -7291.75 0
v 11646.17 -7295.03 0
v 11645.75 -7287.54 0
v 11578.32 -7305.47 0
v 11576.98 -7298.09 0
v 11509.12 -7319.85 0
v 11507.51 -7312.53 0
v 11443.38 -7335.14 0
v 11441.58 -7327.86 0
v 11432.91 -7338.66 0
v 11429.83 -7331.82 0
v 11403.91 -7352.96 0
v 11400.65 -7346.20 0
v 11362.47 -7372.57 0
v 11359.50 -7365.68 0
v 11343.42 -7379.00 0
v 11341.34 -7371.80 0
v 11335.47 -7380.32 0
v 11334.57 -7372.87 0
v 11327.20 -7381.00 0
v 11327.06 -7373.50 0
v 11308.41 -7380.82 0
v 11308.81 -7373.33 0
v 11297.29 -7379.37 0
v 11298.81 -7372.02 0
v 11285.92 -7376.18 0
v 11288.46 -7369.12 0
v 11269.10 -7369.23 0
v 11272.40 -7362.50 0
v 11243.40 -7355.39 0
v 11246.60 -7348.61 0
v 11236.29 -7353.50 0
v 11237.07 -7346.04 0
v 11169.90 -7347.85 0
v 11170.33 -7340.36 0
v 11129.58 -7347.38 0
v 11129.08 -7339.89 0
v 11080.83 -7353.78 0
v 11079.94 -7346.33 0
v 11065.32 -7354.98 0
v 11065.26 -7347.48 0
v 10997.91 -7354.45 0
v 10997.72 -7346.95 0
v 10956.12 -7357.67 0
v 10955.54 -7350.19 0
v 7074.40 -7094.47 0
v 7072.35 -7101.68 0
v 7105.49 -7103.32 0
v 7103.44 -7110.54 0
v 637.70 -5411.85 0
v 644.95 -5409.91 0
v 633.91 -5397.69 0
v 641.05 -5395.38 0
v 626.69 -5377.61 0
v 633.51 -5374.50 0
v 618.92 -5364.61 0
v 624.94 -5360.14 0
v 603.45 -5346.43 0
v 608.53 -5340.91 0
v 583.27 -5331.81 0
v 587.28 -5325.47 0
v 564.00 -5321.51 0
v 567.26 -5314.76 0
v 550.67 -5316.05 0
v 553.01 -5308.93 0
v 536.69 -5312.53 0
v 538.13 -5305.17 0
v 524.99 -5311.02 0
v 525.42 -5303.53 0
v 509.37 -5310.98 0
v 509.06 -5303.49 0
v 496.39 -5312.16 0
v 495.16 -5304.77 0
v 482.88 -5315.38 0
v 480.51 -5308.26 0
v 449.65 -5327.76 0
v 446.60 -5320.91 0
v 434.15 -5336.94 0
v 429.56 -5331.00 0
v 379.75 -5381.90 0
v 374.68 -5376.37 0
v 353.65 -5410.74 0
v 347.86 -5405.97 0
v 343.99 -5425.32 0
v 337.43 -5421.68 0
v 332.70 -5448.55 0
v 325.76 -5445.70 0
v 322.63 -5477.27 0
v 315.40 -5475.26 0
v 321.66 -5488.01 0
v 314.18 -5487.48 0
v 317.32 -5553.11 0
v 309.82 -5552.80 0
v 317.85 -5578.42 0
v 310.43 -5579.47 0
v 323.38 -5596.57 0
v 316.66 -5599.91 0
v 335.23 -5613.29 0
v 329.68 -5618.33 0
v 346.89 -5622.45 0
v 342.85 -5628.77 0
v 359.93 -5629.05 0
v 357.45 -5636.13 0
v 376.93 -5632.98 0
v 375.95 -5640.42 0
v 402.66 -5634.62 0
v 402.44 -5642.12 0
v 515.10 -5637.00 0
v 514.85 -5644.49 0
v 527.51 -5638.86 0
v 526.16 -5646.24 0
v 533.18 -5640.28 0
v 530.99 -5647.45 0
v 543.57 -5643.77 0
v 540.40 -5650.57 0
v 577.68 -5660.99 0
v 574.61 -5667.83 0
v 594.98 -5666.98 0
v 593.25 -5674.27 0
v 701.61 -5690.36 0
v 700.03 -5697.70 0
v 704.46 -5690.53 0
v 704.14 -5698.02 0
v 723.91 -5691.25 0
v 723.84 -5698.75 0
v 726.24 -5690.86 0
v 728.26 -5698.08 0
v 730.52 -5689.43 0
v 734.65 -5695.69 0
v 754.05 -5672.29 0
v 758.23 -5678.52 0
v 764.66 -5666.53 0
v 767.85 -5673.32 0
v 768.81 -5665.40 0
v 770.43 -5672.72 0
v 771.99 -5665.10 0
v 770.72 -5672.49 0
v 849.89 -5679.04 0
v 848.39 -5686.39 0
v 868.06 -5684.75 0
v 865.43 -5691.77 0
v 880.42 -5690.50 0
v 876.64 -5696.98 0
v 891.48 -5698.38 0
v 886.65 -5704.12 0
v 903.86 -5710.20 0
v 898.31 -5715.25 0
v 928.01 -5738.44 0
v 922.52 -5743.55 0
v 936.38 -5745.25 0
v 932.08 -5751.40 0
v 946.06 -5751.01 0
v 942.87 -5757.79 0
v 1017.43 -5783.26 0
v 1014.44 -5790.13 0
v 1033.74 -5789.20 0
v 1031.82 -5796.45 0
v 1052.85 -5792.60 0
v 1051.99 -5800.05 0
v 1069.57 -5793.37 0
v 1070.25 -5800.83 0
v 1158.67 -5782.87 0
v 1159.12 -5790.36 0
v 1191.69 -5786.01 0
v 1190.21 -5793.37 0
v 1249.60 -5801.05 0
v 1248.66 -5808.49 0
v 1335.25 -5804.17 0
v 1334.89 -5811.66 0
v 1390.98 -5807.79 0
v 1389.89 -5815.21 0
v 1427.02 -5817.62 0
v 1424.55 -5824.70 0
v 1449.28 -5828.12 0
v 1445.58 -5834.65 0
v 1473.13 -5843.70 0
v 1468.57 -5849.65 0
v 1488.09 -5857.94 0
v 1482.47 -5862.91 0
v 1515.74 -5891.87 0
v 1509.35 -5895.80 0
v 1540.41 -5942.98 0
v 1533.50 -5945.89 0
v 1571.16 -6023.07 0
v 1564.18 -6025.79 0
v 1584.86 -6056.76 0
v 1577.92 -6059.62 0
v 1591.69 -6073.01 0
v 1584.78 -6075.91 0
v 792.50 -5376.86 0
v 799.83 -5375.27 0
v 789.00 -5360.80 0
v 796.25 -5358.85 0
v 748.58 -5213.33 0
v 755.85 -5211.49 0
v 746.01 -5191.29 0
v 753.51 -5190.98 0
v 746.66 -5168.70 0
v 754.15 -5168.43 0
v 744.68 -5153.39 0
v 752.02 -5151.85 0
v 740.26 -5138.35 0
v 747.31 -5135.79 0
v 735.86 -5128.96 0
v 742.34 -5125.19 0
v 729.76 -5120.35 0
v 735.64 -5115.69 0
v 712.08 -5098.93 0
v 718.53 -5095.10 0
v 704.28 -5077.21 0
v 711.56 -5075.42 0
v 704.00 -5066.13 0
v 711.50 -5066.51 0
v 705.72 -5044.86 0
v 713.22 -5045.25 0
v 706.04 -5026.84 0
v 713.54 -5026.81 0
v 705.66 -5021.24 0
v 713.09 -5020.20 0
v 704.20 -5013.58 0
v 711.34 -5011.28 0
v 699.36 -5001.79 0
v 706.18 -4998.66 0
v 696.37 -4996.40 0
v 702.44 -4992.00 0
v 690.84 -4989.88 0
v 695.43 -4983.95 0
v 636.01 -4949.94 0
v 640.30 -4943.79 0
v 617.17 -4938.51 0
v 620.84 -4931.97 0
v 603.75 -4931.83 0
v 606.63 -4924.91 0
v 589.78 -4927.12 0
v 591.85 -4919.91 0
v 575.26 -4923.63 0
v 575.95 -4916.16 0
v 520.41 -4920.71 0
v 520.47 -4913.21 0
v 494.81 -4923.00 0
v 493.70 -4915.59 0
v 471.33 -4928.14 0
v 470.00 -4920.76 0
v 459.13 -4929.38 0
v 459.15 -4921.88 0
v 453.28 -4927.89 0
v 456.07 -4920.93 0
v 449.63 -4925.26 0
v 455.65 -4920.77 0
v 442.95 -4914.91 0
v 449.49 -4911.23 0
v 440.05 -4908.13 0
v 447.22 -4905.91 0
v 438.27 -4899.97 0
v 445.65 -4898.61 0
v 438.13 -4896.54 0
v 445.51 -4897.82 0
v 441.79 -4878.54 0
v 448.96 -4880.75 0
v 468.15 -4799.43 0
v 475.25 -4801.86 0
v 474.55 -4782.85 0
v 481.40 -4785.91 0
v 491.93 -4746.24 0
v 498.50 -4749.86 0
v 528.36 -4685.25 0
v 535.09 -4688.56 0
v 539.36 -4650.08 0
v 546.60 -4652.05 0
v 542.21 -4634.45 0
v 549.70 -4634.87 0
v 541.89 -4604.71 0
v 549.35 -4603.96 0
v 537.14 -4583.88 0
v 544.32 -4581.71 0
v 527.98 -4558.70 0
v 534.80 -4555.58 0
v 519.03 -4544.23 0
v 525.27 -4540.08 0
v 513.22 -4536.57 0
v 518.85 -4531.61 0
v 507.46 -4531.06 0
v 512.14 -4525.21 0
v 499.98 -4525.97 0
v 503.53 -4519.37 0
v 489.38 -4521.31 0
v 491.64 -4514.16 0
v 477.13 -4518.77 0
v 478.20 -4511.35 0
v 465.71 -4517.89 0
v 465.60 -4510.39 0
v 438.80 -4519.35 0
v 438.19 -4511.87 0
v 427.52 -4521.00 0
v 425.74 -4513.71 0
v 416.11 -4524.89 0
v 413.21 -4517.98 0
v 407.91 -4529.22 0
v 403.75 -4522.99 0
v 386.97 -4544.44 0
v 382.54 -4538.39 0
v 375.80 -4552.73 0
v 371.71 -4546.44 0
v 363.71 -4559.58 0
v 359.98 -4553.08 0
v 220.27 -4641.99 0
v 215.82 -4635.95 0
v 135.45 -4727.68 0
v 130.18 -4722.34 0
v 125.05 -4735.96 0
v 120.98 -4729.66 0
v 116.76 -4739.62 0
v 114.84 -4732.37 0
v 105.13 -4741.35 0
v 104.82 -4733.86 0
v 94.18 -4740.56 0
v 95.41 -4733.16 0
v 82.29 -4737.61 0
v 84.56 -4730.46 0
v 71.65 -4733.42 0
v 75.02 -4726.72 0
v 61.97 -4727.33 0
v 66.68 -4721.49 0
v 53.65 -4718.85 0
v 59.66 -4714.36 0
v 44.39 -4703.94 0
v 50.99 -4700.39 0
v 37.91 -4689.60 0
v 44.95 -4687.04 0
v 34.74 -4677.34 0
v 42.14 -4676.13 0
v 34.19 -4666.89 0
v 41.69 -4667.04 0
v 35.14 -4656.71 0
v 42.51 -4658.07 0
v 38.02 -4646.22 0
v 45.04 -4648.87 0
v 42.87 -4636.18 0
v 49.44 -4639.79 0
v 50.40 -4623.67 0
v 56.58 -4627.92 0
v 60.30 -4610.82 0
v 65.87 -4615.85 0
v 115.12 -4551.87 0
v 120.67 -4556.92 0
v 125.64 -4539.05 0
v 131.73 -4543.42 0
v 133.89 -4525.67 0
v 140.34 -4529.48 0
v 145.43 -4505.50 0
v 151.77 -4509.51 0
v 153.21 -4495.26 0
v 158.79 -4500.27 0
v 161.08 -4488.07 0
v 165.69 -4493.98 0
v 168.62 -4483.19 0
v 172.51 -4489.60 0
v 177.91 -4477.84 0
v 181.38 -4484.49 0
v 205.55 -4463.96 0
v 209.17 -4470.53 0
v 216.41 -4456.67 0
v 221.03 -4462.58 0
v 226.14 -4447.84 0
v 231.69 -4452.89 0
v 236.02 -4435.08 0
v 242.17 -4439.36 0
v 243.37 -4423.06 0
v 250.01 -4426.55 0
v 249.09 -4410.26 0
v 256.13 -4412.83 0
v 253.02 -4396.64 0
v 260.35 -4398.24 0
v 254.78 -4384.33 0
v 262.27 -4384.68 0
v 257.23 -4306.37 0
v 264.73 -4306.53 0
v 256.80 -4292.59 0
v 264.28 -4292.10 0
v 255.42 -4278.59 0
v 262.84 -4277.51 0
v 252.13 -4260.76 0
v 259.49 -4259.28 0
v 248.23 -4242.89 0
v 255.52 -4241.14 0
v 244.43 -4228.70 0
v 251.64 -4226.63 0
v 237.92 -4206.89 0
v 245.05 -4204.56 0
v 232.99 -4193.72 0
v 239.93 -4190.87 0
v 227.86 -4182.34 0
v 234.56 -4178.96 0
v 222.66 -4173.20 0
v 229.03 -4169.26 0
v 215.49 -4162.37 0
v 221.74 -4158.23 0
v 10135.10 -688.00 0
v 10131.97 -681.18 0
v 10124.18 -693.00 0
v 10121.26 -686.09 0
v 10113.56 -697.11 0
v 10110.90 -690.10 0
v 10015.35 -734.28 0
v 10012.71 -727.26 0
v 10001.71 -739.18 0
v 9999.67 -731.96 0
v 9989.00 -741.71 0
v 9987.84 -734.30 0
v 9974.32 -743.47 0
v 9973.96 -735.97 0
v 9903.81 -745.78 0
v 9903.18 -738.30 0
v 9862.90 -752.80 0
v 9861.26 -745.48 0
v 9849.02 -757.98 0
v 9846.07 -751.08 0
v 9837.13 -763.85 0
v 9833.27 -757.42 0
v 9826.70 -771.37 0
v 9822.22 -765.35 0
v 9823.12 -774.27 0
v 9818.14 -768.66 0
v 9814.59 -782.12 0
v 9809.05 -777.06 0
v 9809.00 -789.68 0
v 9802.56 -785.82 0
v 9803.77 -800.20 0
v 9796.74 -797.59 0
v 9758.81 -925.27 0
v 9751.76 -922.70 0
v 9755.52 -932.69 0
v 9748.65 -929.68 0
v 9752.78 -939.00 0
v 9746.15 -935.50 0
v 9745.30 -952.04 0
v 9738.86 -948.19 0
v 9743.00 -955.29 0
v 9737.14 -950.61 0
v 9741.32 -957.04 0
v 9735.94 -951.82 0
v 9740.69 -957.57 0
v 9736.58 -951.29 0
v 9737.92 -959.36 0
v 9734.39 -952.74 0
v 9734.77 -960.67 0
v 9732.39 -953.56 0
v 9726.97 -963.07 0
v 9725.20 -955.79 0
v 9717.06 -964.96 0
v 9716.09 -957.52 0
v 9704.78 -965.97 0
v 9704.63 -958.47 0
v 9664.89 -966.03 0
v 9664.77 -958.53 0
v 9652.42 -966.80 0
v 9651.75 -959.32 0
v 9639.21 -968.31 0
v 9637.60 -960.98 0
v 9625.39 -972.74 0
v 9622.65 -965.76 0
v 9581.98 -990.76 0
v 9579.11 -983.83 0
v 9575.07 -993.55 0
v 9573.31 -986.26 0
v 9520.70 -1005.54 0
v 9518.87 -998.27 0
v 9471.48 -1019.53 0
v 9469.81 -1012.22 0
v 9430.40 -1026.22 0
v 9429.25 -1018.81 0
v 9414.13 -1028.34 0
v 9414.36 -1020.84 0
v 9395.41 -1025.08 0
v 9397.65 -1017.93 0
v 9361.28 -1011.96 0
v 9363.68 -1004.85 0
v 9323.36 -1000.74 0
v 9325.08 -993.44 0
v 9293.86 -996.02 0
v 9295.10 -988.62 0
v 9279.75 -993.43 0
v 9281.62 -986.16 0
v 9272.27 -990.46 0
v 9275.06 -983.50 0
v 7073.11 -7101.82 0
v 7073.64 -7094.34 0
v 7022.25 -7098.25 0
v 7022.96 -7090.78 0
v 7015.00 -7096.17 0
v 7017.76 -7089.19 0
v 7006.06 -7091.98 0
v 7009.63 -7085.38 0
v 6998.91 -7087.40 0
v 7003.70 -7081.63 0
v 6937.92 -7035.55 0
v 6942.72 -7029.78 0
v 6924.75 -7025.79 0
v 6928.94 -7019.58 0
v 6914.34 -7019.62 0
v 6917.81 -7012.98 0
v 6899.52 -7012.61 0
v 6902.35 -7005.67 0
v 6878.56 -7005.02 0
v 6880.31 -6997.72 0
v 6834.51 -6997.05 0
v 6836.33 -6989.77 0
v 6701.24 -6960.82 0
v 6703.29 -6953.61 0
v 6687.89 -6955.15 0
v 6691.15 -6948.39 0
v 6676.78 -6949.07 0
v 6680.92 -6942.82 0
v 6653.70 -6932.50 0
v 6658.29 -6926.57 0
v 6646.66 -6925.72 0
v 6652.13 -6920.59 0
v 6638.11 -6915.89 0
v 6644.19 -6911.51 0
v 6605.76 -6868.95 0
v 6611.86 -6864.58 0
v 6595.04 -6855.76 0
v 6600.66 -6850.79 0
v 6583.29 -6843.46 0
v 6588.11 -6837.72 0
v 6540.54 -6809.97 0
v 6544.96 -6803.90 0
v 6531.51 -6805.64 0
v 6534.45 -6798.74 0
v 6518.31 -6800.59 0
v 6520.43 -6793.39 0
v 6499.42 -6796.17 0
v 6500.84 -6788.81 0
v 6490.96 -6795.26 0
v 6490.82 -6787.76 0
v 6454.73 -6797.08 0
v 6453.79 -6789.63 0
v 6428.72 -6803.13 0
v 6426.92 -6795.85 0
v 6399.52 -6810.69 0
v 6397.93 -6803.36 0
v 6370.75 -6815.71 0
v 6369.77 -6808.27 0
v 6344.15 -6817.97 0
v 6343.64 -6810.49 0
v 6337.90 -6817.79 0
v 6339.62 -6810.49 0
v 6277.90 -6802.56 0
v 6279.75 -6795.29 0
v 1593.85 -6096.73 0
v 1600.72 -6093.73 0
v 1584.80 -6075.96 0
v 1591.68 -6072.96 0
v 198.96 -4139.43 0
v 204.77 -4134.69 0
v 108.03 -4028.05 0
v 113.87 -4023.34 0
v 96.80 -4012.77 0
v 103.14 -4008.75 0
v 90.51 -4000.43 0
v 97.36 -3997.38 0
v 83.94 -3983.96 0
v 90.95 -3981.30 0
v 76.24 -3962.93 0
v 83.33 -3960.49 0
v 68.39 -3938.80 0
v 75.55 -3936.58 0
v 66.93 -3932.86 0
v 74.30 -3931.48 0
v 66.01 -3925.98 0
v 73.51 -3925.73 0
v 65.53 -3893.28 0
v 73.03 -3893.35 0
v 66.51 -3872.66 0
v 73.98 -3873.25 0
v 68.60 -3854.21 0
v 76.01 -3855.38 0
v 72.35 -3835.41 0
v 79.66 -3837.11 0
v 121.17 -3628.83 0
v 128.47 -3630.56 0
v 8505.10 -712.09 0
v 8505.08 -719.59 0
v 8593.82 -712.31 0
v 8593.73 -719.81 0
v 8616.92 -713.38 0
v 8616.38 -720.86 0
v 8633.49 -715.18 0
v 8632.74 -722.64 0
v 8659.14 -717.62 0
v 8658.28 -725.07 0
v 8708.20 -723.78 0
v 8707.17 -731.21 0
v 8793.97 -736.37 0
v 8793.52 -743.85 0
v 8882.30 -734.24 0
v 8882.45 -741.74 0
v 8895.36 -734.46 0
v 8895.12 -741.95 0
v 8902.36 -734.97 0
v 8900.46 -742.23 0
v 8926.44 -742.52 0
v 8923.51 -749.43 0
v 8945.01 -753.03 0
v 8941.26 -759.52 0
v 9011.61 -791.60 0
v 9007.86 -798.10 0
v 9024.67 -798.94 0
v 9021.25 -805.61 0
v 9034.51 -803.36 0
v 9031.98 -810.42 0
v 9050.06 -808.05 0
v 9048.30 -815.34 0
v 9071.58 -812.32 0
v 9070.26 -819.70 0
v 9117.10 -820.00 0
v 9115.83 -827.39 0
v 9136.09 -823.41 0
v 9134.54 -830.75 0
v 9149.85 -826.94 0
v 9147.55 -834.07 0
v 9160.76 -831.43 0
v 9157.01 -837.93 0
v 9173.49 -840.51 0
v 9168.89 -846.43 0
v 9187.34 -852.07 0
v 9182.39 -857.70 0
v 9201.98 -865.57 0
v 9196.78 -870.98 0
v 9214.79 -878.49 0
v 9209.31 -883.61 0
v 9227.67 -893.11 0
v 9221.87 -897.87 0
v 9235.60 -903.85 0
v 9229.25 -907.85 0
v 9243.97 -918.92 0
v 9237.30 -922.34 0
v 9249.37 -930.64 0
v 9242.41 -933.45 0
v 9264.68 -970.19 0
v 9257.86 -973.32 0
v 9272.67 -981.72 0
v 9266.85 -986.45 0
v 9275.90 -983.97 0
v 9271.42 -989.99 0
v 6277.25 -6802.33 0
v 6280.40 -6795.53 0
v 6274.30 -6800.96 0
v 6277.89 -6794.37 0
v 6269.05 -6797.84 0
v 6273.43 -6791.75 0
v 6262.34 -6792.33 0
v 6267.53 -6786.92 0
v 6258.54 -6787.77 0
v 6264.33 -6782.99 0
v 6229.83 -6780.06 0
v 6233.31 -6786.70 0
v 6239.86 -6774.80 0
v 6243.34 -6781.44 0
v 6258.66 -6787.90 0
v 6264.21 -6782.86 0
v 6256.14 -6785.09 0
v 6261.00 -6779.38 0
v 6253.42 -6783.39 0
v 6257.01 -6776.81 0
v 6249.64 -6781.60 0
v 6252.34 -6774.60 0
v 6247.66 -6781.11 0
v 6248.72 -6773.68 0
v 6245.47 -6780.98 0
v 6244.64 -6773.53 0
v 6242.51 -6781.76 0
v 6240.69 -6774.48 0
v 4243.87 -6315.01 0
v 4245.48 -6322.34 0
v 4259.57 -6311.58 0
v 4260.89 -6318.97 0
v 4267.19 -6310.90 0
v 4267.32 -6318.40 0
v 4274.44 -6311.56 0
v 4271.74 -6318.55 0
v 4310.31 -6327.25 0
v 4306.89 -6333.92 0
v 4371.26 -6361.19 0
v 4367.99 -6367.94 0
v 4429.60 -6384.97 0
v 4427.01 -6392.01 0
v 4440.08 -6386.59 0
v 4439.21 -6394.03 0
v 4452.30 -6387.57 0
v 4452.42 -6395.06 0
v 4559.68 -6384.68 0
v 4559.92 -6392.18 0
v 4612.88 -6382.53 0
v 4612.99 -6390.03 0
v 4633.32 -6383.59 0
v 4632.42 -6391.04 0
v 4665.85 -6388.95 0
v 4664.13 -6396.25 0
v 4793.76 -6421.19 0
v 4792.03 -6428.49 0
v 4807.36 -6422.50 0
v 4807.35 -6430.00 0
v 4854.53 -6421.17 0
v 4854.85 -6428.66 0
v 4997.15 -6414.47 0
v 4997.32 -6421.97 0
v 5030.98 -6417.32 0
v 5029.86 -6424.74 0
v 5046.89 -6422.05 0
v 5044.08 -6429.00 0
v 5065.78 -6431.29 0
v 5062.69 -6438.12 0
v 5263.68 -6520.11 0
v 5260.35 -6526.83 0
v 5326.79 -6560.41 0
v 5322.92 -6566.83 0
v 5341.09 -6566.79 0
v 5338.69 -6573.89 0
v 5358.30 -6571.04 0
v 5357.34 -6578.48 0
v 5431.16 -6578.34 0
v 5430.71 -6585.83 0
v 5665.25 -6589.49 0
v 5664.82 -6596.98 0
v 5680.98 -6592.78 0
v 5678.98 -6600.01 0
v 5697.57 -6598.43 0
v 5694.13 -6605.10 0
v 5768.27 -6637.68 0
v 5764.54 -6644.18 0
v 5777.73 -6644.52 0
v 5772.61 -6650.00 0
v 5787.32 -6655.47 0
v 5781.12 -6659.69 0
v 5810.55 -6692.65 0
v 5804.33 -6696.85 0
v 5817.53 -6700.25 0
v 5812.20 -6705.53 0
v 5826.53 -6708.78 0
v 5822.27 -6714.96 0
v 5845.94 -6719.78 0
v 5842.55 -6726.47 0
v 5860.65 -6726.07 0
v 5858.26 -6733.18 0
v 5877.53 -6730.39 0
v 5876.03 -6737.74 0
v 5896.98 -6733.46 0
v 5896.55 -6740.95 0
v 5913.29 -6732.49 0
v 5914.26 -6739.93 0
v 5949.32 -6726.57 0
v 5950.59 -6733.96 0
v 6035.01 -6711.44 0
v 6036.04 -6718.87 0
v 6056.98 -6711.88 0
v 6056.16 -6719.33 0
v 6077.22 -6716.16 0
v 6074.03 -6722.95 0
v 6175.64 -6767.31 0
v 6172.27 -6774.01 0
v 6189.20 -6772.63 0
v 6186.81 -6779.74 0
v 6212.35 -6779.64 0
v 6210.27 -6786.85 0
v 6215.77 -6780.33 0
v 6214.54 -6787.73 0
v 6216.93 -6780.46 0
v 6217.22 -6787.95 0
v 6231.36 -6779.64 0
v 6231.78 -6787.13 0
v 5542.71 8028.12 0
v 5535.44 8026.25 0
v 5563.85 7946.12 0
v 5556.58 7944.24 0
v 4342.65 5899.28 0
v 4338.55 5905.56 0
v 4245.46 5835.76 0
v 4241.35 5842.04 0
v 4338.56 5905.56 0
v 4342.65 5899.27 0
v 4433.63 5967.36 0
v 4437.72 5961.07 0
v 4194.38 6324.80 0
v 4200.68 6328.86 0
v 4149.89 6393.98 0
v 4156.20 6398.04 0
v 9034.65 7830.62 0
v 9036.33 7837.93 0
v 8975.91 7844.17 0
v 8977.57 7851.48 0
v 8961.88 7847.06 0
v 8963.86 7854.30 0
v 8948.15 7851.82 0
v 8951.31 7858.62 0
v 8916.72 7867.99 0
v 8920.30 7874.58 0
v 8904.52 7875.51 0
v 8908.67 7881.76 0
v 8892.69 7883.94 0
v 8897.34 7889.83 0
v 8859.18 7911.34 0
v 8863.98 7917.10 0
v 8849.72 7919.82 0
v 8855.13 7925.02 0
v 8842.37 7928.85 0
v 8848.49 7933.19 0
v 8826.87 7951.94 0
v 8832.74 7956.60 0
v 8817.65 7960.24 0
v 8821.87 7966.44 0
v 8804.86 7966.71 0
v 8808.09 7973.48 0
v 8787.17 7974.79 0
v 8789.26 7981.99 0
v 8648.08 8012.08 0
v 8649.95 8019.34 0
v 8640.57 8012.73 0
v 8640.58 8020.23 0
v 8600.96 8012.02 0
v 8600.59 8019.51 0
v 8509.82 8006.16 0
v 8509.49 8013.65 0
v 8483.47 8006.94 0
v 8484.27 8014.40 0
v 8462.12 8011.31 0
v 8464.26 8018.49 0
v 8431.36 8022.45 0
v 8434.41 8029.30 0
v 8365.59 8054.17 0
v 8368.70 8061.00 0
v 8349.69 8059.73 0
v 8351.50 8067.01 0
v 8333.54 8062.17 0
v 8333.85 8069.67 0
v 8303.44 8061.60 0
v 8302.91 8069.08 0
v 8287.96 8059.01 0
v 8285.57 8066.12 0
v 8278.56 8053.33 0
v 8273.95 8059.25 0
v 8269.35 8044.43 0
v 8263.20 8048.73 0
v 8262.81 8030.93 0
v 8255.59 8032.97 0
v 8260.74 8013.47 0
v 8253.25 8013.86 0
v 8260.94 7993.01 0
v 8253.44 7993.22 0
v 8259.64 7976.47 0
v 8252.28 7977.92 0
v 8254.93 7962.72 0
v 8248.13 7965.88 0
v 8243.93 7942.54 0
v 8237.62 7946.60 0
v 8224.29 7915.15 0
v 8218.44 7919.85 0
v 8206.37 7895.73 0
v 8201.26 7901.23 0
v 8192.39 7885.60 0
v 8188.85 7892.22 0
v 8167.94 7875.13 0
v 8165.78 7882.32 0
v 8150.01 7872.98 0
v 8150.15 7880.47 0
v 8133.50 7875.72 0
v 8135.64 7882.91 0
v 8115.66 7883.18 0
v 8119.44 7889.66 0
v 8101.15 7894.64 0
v 8106.47 7899.93 0
v 8046.71 7952.32 0
v 8051.31 7958.25 0
v 7962.59 8001.99 0
v 7966.21 8008.56 0
v 7772.77 8103.06 0
v 7776.24 8109.70 0
v 7748.48 8113.97 0
v 7751.01 8121.04 0
v 7731.95 8117.75 0
v 7732.62 8125.22 0
v 7715.51 8117.12 0
v 7713.19 8124.25 0
v 7694.11 8105.31 0
v 7689.61 8111.31 0
v 7684.17 8093.71 0
v 7677.66 8097.44 0
v 7679.76 8079.97 0
v 7672.44 8081.59 0
v 7677.76 8064.15 0
v 7670.27 8064.64 0
v 7677.43 8043.64 0
v 7669.94 8044.02 0
v 7676.08 8032.11 0
v 7668.75 8033.70 0
v 7671.47 8016.28 0
v 7664.61 8019.30 0
v 7660.40 7996.43 0
v 7654.15 8000.58 0
v 7641.66 7971.32 0
v 7635.84 7976.05 0
v 7611.15 7935.72 0
v 7605.75 7940.93 0
v 7561.85 7888.78 0
v 7556.87 7894.39 0
v 7547.78 7879.55 0
v 7543.99 7886.02 0
v 7529.10 7869.51 0
v 7525.71 7876.20 0
v 7512.85 7861.84 0
v 7510.08 7868.81 0
v 7492.27 7854.92 0
v 7490.58 7862.23 0
v 7471.53 7852.30 0
v 7471.37 7859.80 0
v 7447.95 7853.97 0
v 7449.23 7861.36 0
v 7420.10 7861.13 0
v 7422.22 7868.32 0
v 7395.91 7869.30 0
v 7398.79 7876.23 0
v 7371.22 7881.49 0
v 7374.78 7888.09 0
v 7349.69 7894.28 0
v 7354.01 7900.41 0
v 7337.47 7905.45 0
v 7343.29 7910.19 0
v 7252.08 8013.91 0
v 7257.95 8018.58 0
v 7248.30 8017.84 0
v 7252.29 8024.19 0
v 7234.17 8024.95 0
v 7237.93 8031.44 0
v 7221.88 8033.21 0
v 7226.38 8039.21 0
v 7207.81 8044.71 0
v 7212.78 8050.32 0
v 7198.14 8054.34 0
v 7204.10 8058.88 0
v 7172.88 8090.40 0
v 7179.24 8094.39 0
v 7155.15 8122.85 0
v 7161.78 8126.36 0
v 7141.89 8148.92 0
v 7148.70 8152.04 0
v 7136.55 8163.53 0
v 7143.76 8165.61 0
v 7132.12 8182.76 0
v 7139.56 8183.71 0
v 7130.83 8208.24 0
v 7138.33 8208.38 0
v 7131.12 8234.20 0
v 7138.60 8233.55 0
v 7139.91 8313.51 0
v 7147.34 8312.49 0
v 7153.13 8395.00 0
v 7160.55 8393.92 0
v 7155.44 8420.72 0
v 7162.94 8420.55 0
v 7154.63 8461.00 0
v 7162.13 8461.34 0
v 7151.00 8520.32 0
v 7158.47 8520.95 0
v 7147.48 8546.48 0
v 7154.88 8547.71 0
v 7143.18 8567.63 0
v 7150.40 8569.66 0
v 7139.61 8575.04 0
v 7145.89 8579.15 0
v 7134.88 8580.35 0
v 7139.54 8586.22 0
v 7123.54 8587.60 0
v 7127.59 8593.91 0
v 9111.82 7821.58 0
v 9112.69 7829.03 0
v 9035.06 7830.55 0
v 9035.93 7838.00 0
v 7036.72 3628.83 0
v 7035.78 3636.27 0
v 7005.84 3624.91 0
v 7004.89 3632.35 0
v 2618.52 2947.36 0
v 2624.04 2942.28 0
v 2866.38 3216.84 0
v 2871.90 3211.76 0
v 5799.38 7345.48 0
v 5801.45 7338.27 0
v 5825.73 7353.06 0
v 5827.81 7345.85 0
v 5801.26 7338.22 0
v 5799.57 7345.53 0
v 5647.66 7302.66 0
v 5645.97 7309.96 0
v 3515.24 5079.56 0
v 3528.18 5074.23 0
v 3560.90 5190.28 0
v 3573.67 5184.53 0
v 3583.24 5230.38 0
v 3595.46 5223.57 0
v 3606.87 4992.10 0
v 3610.23 4989.50 0
v 3618.75 5007.46 0
v 3622.04 5004.76 0
v 3655.23 5050.96 0
v 3658.30 5048.02 0
v 3714.85 5107.79 0
v 3717.78 5104.71 0
v 5415.05 7104.06 0
v 5417.39 7100.52 0
v 5442.07 7121.92 0
v 5444.61 7118.52 0
v 5462.60 7139.53 0
v 5465.51 7136.43 0
v 5476.34 7154.13 0
v 5479.45 7151.23 0
v 5523.77 7205.02 0
v 5526.90 7202.14 0
v 5538.53 7221.75 0
v 5541.64 7218.85 0
v 5545.81 7228.69 0
v 5548.74 7225.62 0
v 4343.73 5904.48 0
v 4337.47 5900.35 0
v 4367.85 5867.88 0
v 4361.59 5863.76 0
v 4362.68 5868.97 0
v 4366.76 5862.67 0
v 4458.10 5930.78 0
v 4462.18 5924.48 0
v 5516.00 7403.88 0
v 5511.87 7404.92 0
v 5505.32 7361.32 0
v 5501.17 7362.25 0
v 5502.82 7345.43 0
v 5498.61 7346.02 0
v 5501.32 7332.81 0
v 5497.12 7333.44 0
v 5498.22 7314.61 0
v 5494.05 7315.48 0
v 5493.95 7297.15 0
v 5489.85 7298.28 0
v 5489.12 7281.71 0
v 5485.07 7283.02 0
v 5483.46 7264.72 0
v 5479.47 7266.16 0
v 5476.27 7246.10 0
v 5472.35 7247.74 0
v 5456.38 7199.89 0
v 5452.48 7201.57 0
v 4072.62 5685.15 0
v 4077.77 5679.70 0
v 4164.70 5772.10 0
v 4169.85 5766.64 0
v 4245.93 5836.13 0
v 4240.88 5841.67 0
v 4169.81 5766.60 0
v 4164.75 5772.14 0
v 3153.56 3682.58 0
v 3160.85 3680.85 0
v 3366.86 4580.41 0
v 3374.15 4578.68 0
v 3506.53 4914.43 0
v 3508.41 4910.62 0
v 3528.58 4925.26 0
v 3531.09 4921.83 0
v 3548.97 4945.54 0
v 3551.83 4942.40 0
v 3590.06 4981.24 0
v 3592.73 4977.93 0
v 3607.39 4992.58 0
v 3609.72 4989.02 0
v 4164.79 5766.56 0
v 4169.76 5772.18 0
v 4132.82 5794.84 0
v 4137.79 5800.46 0
v 4438.79 5966.30 0
v 4432.56 5962.13 0
v 4463.26 5929.71 0
v 4457.02 5925.54 0
v 4200.67 6328.88 0
v 4194.39 6324.77 0
v 4281.25 6205.97 0
v 4274.98 6201.86 0
v 4107.56 6266.44 0
v 4100.66 6263.49 0
v 4112.63 6254.46 0
v 4106.31 6250.41 0
v 4185.36 6145.40 0
v 4179.12 6141.24 0
v 4007.92 6205.13 0
v 4001.67 6200.98 0
v 4089.37 6082.35 0
v 4083.12 6078.20 0
v 4088.10 6077.02 0
v 4084.39 6083.54 0
v 4073.68 6068.82 0
v 4069.73 6075.20 0
v 4066.77 6063.82 0
v 4061.99 6069.60 0
v 3982.18 5993.20 0
v 3977.38 5998.95 0
v 4612.25 5971.61 0
v 4623.74 5963.62 0
v 4644.04 6017.32 0
v 4655.53 6009.33 0
v 4077.87 5685.06 0
v 4072.52 5679.80 0
v 4108.00 5654.39 0
v 4102.65 5649.14 0
v 4366.74 5862.66 0
v 4362.70 5868.98 0
v 4268.99 5800.24 0
v 4264.96 5806.56 0
v 4246.53 5840.97 0
v 4240.28 5836.82 0
v 4270.10 5805.47 0
v 4263.85 5801.32 0
v 4102.76 5654.50 0
v 4107.89 5649.02 0
v 4197.07 5742.72 0
v 4202.19 5737.25 0
v 4269.33 5800.48 0
v 4264.62 5806.32 0
v 4264.28 5796.42 0
v 4259.13 5801.88 0
v 4202.21 5737.27 0
v 4197.04 5742.70 0
v 4169.80 5772.14 0
v 4164.76 5766.59 0
v 4202.15 5742.76 0
v 4197.11 5737.21 0
v 4199.60 6323.70 0
v 4195.46 6329.95 0
v 4106.18 6261.84 0
v 4102.04 6268.09 0
v 4001.95 6207.62 0
v 4007.64 6198.50 0
v 4101.27 6269.52 0
v 4106.96 6260.40 0
v 4460.67 6497.57 0
v 4467.08 6501.46 0
v 4439.08 6533.15 0
v 4445.52 6536.98 0
v 4419.63 6566.56 0
v 4426.11 6570.34 0
v 3995.84 5832.09 0
v 3990.13 5836.96 0
v 3948.58 5776.76 0
v 3942.88 5781.63 0
v 4355.67 6256.52 0
v 4362.09 6260.39 0
v 4320.21 6315.38 0
v 4326.64 6319.25 0
v 4151.02 6399.16 0
v 4155.07 6392.86 0
v 4231.50 6450.92 0
v 4235.56 6444.61 0
v 4007.85 6198.63 0
v 4001.74 6207.48 0
v 3981.86 6180.73 0
v 3974.87 6188.90 0
v 3951.14 6150.19 0
v 3943.15 6157.38 0
v 3901.75 6091.60 0
v 3893.53 6098.53 0
v 4195.54 6330.01 0
v 4199.52 6323.65 0
v 4238.81 6357.12 0
v 4242.83 6350.78 0
v 4278.06 6382.34 0
v 4282.11 6376.04 0
v 4332.22 6406.56 0
v 4324.29 6418.09 0
v 4284.05 6373.42 0
v 4276.12 6384.96 0
v 4324.46 6418.21 0
v 4332.04 6406.44 0
v 4371.39 6448.42 0
v 4379.00 6436.67 0
v 4415.16 6476.88 0
v 4422.79 6465.15 0
v 4415.22 6476.92 0
v 4422.72 6465.10 0
v 4460.13 6505.42 0
v 4467.63 6493.60 0
v 4518.69 6539.57 0
v 4524.36 6530.44 0
v 4542.77 6554.53 0
v 4548.45 6545.40 0
v 4588.89 6583.17 0
v 4594.56 6574.04 0
v 4415.81 6469.00 0
v 4422.13 6473.03 0
v 4393.19 6504.42 0
v 4399.53 6508.43 0
v 4389.30 6510.91 0
v 4395.81 6514.63 0
v 4375.46 6535.46 0
v 4381.99 6539.15 0
v 4485.08 6176.89 0
v 4478.77 6172.84 0
v 4507.06 6142.68 0
v 4500.75 6138.63 0
v 4517.28 6126.72 0
v 4510.97 6122.68 0
v 4545.41 6082.78 0
v 4539.09 6078.74 0
v 4478.78 6172.83 0
v 4485.08 6176.90 0
v 4459.80 6202.22 0
v 4466.09 6206.30 0
v 4440.73 6231.61 0
v 4447.02 6235.70 0
v 4231.85 5547.85 0
v 4221.72 5557.52 0
v 4164.42 5477.22 0
v 4154.29 5486.88 0
v 5611.01 7270.20 0
v 5614.12 7267.30 0
v 5614.22 7273.63 0
v 5617.50 7270.93 0
v 5641.11 7306.87 0
v 5644.41 7304.20 0
v 5622.45 7298.90 0
v 5611.71 7298.61 0
v 5622.61 7291.84 0
v 5611.89 7292.57 0
v 5621.44 7283.97 0
v 5610.84 7285.72 0
v 5620.25 7277.42 0
v 5609.75 7279.75 0
v 5617.79 7267.46 0
v 5607.35 7270.04 0
v 5545.36 7233.89 0
v 5549.20 7220.42 0
v 5564.10 7239.23 0
v 5568.18 7225.84 0
v 5571.04 7241.68 0
v 5576.20 7228.67 0
v 5580.85 7245.89 0
v 5586.81 7233.22 0
v 5588.89 7250.02 0
v 5596.41 7238.21 0
v 5592.70 7253.35 0
v 5602.27 7243.14 0
v 5597.41 7258.14 0
v 5607.87 7248.84 0
v 5601.54 7263.30 0
v 5612.65 7254.79 0
v 5604.10 7266.79 0
v 5616.29 7259.91 0
v 5606.16 7271.57 0
v 5618.98 7265.93 0
v 5647.52 7302.62 0
v 5646.11 7309.99 0
v 5643.46 7301.85 0
v 5642.06 7309.22 0
v 5616.12 7302.38 0
v 5618.04 7295.13 0
v 5641.80 7309.16 0
v 5643.72 7301.91 0
v 1312.23 385.03 0
v 1319.31 382.54 0
v 1318.38 402.52 0
v 1325.46 400.03 0
v 1384.59 531.46 0
v 1377.75 534.54 0
v 1325.34 399.73 0
v 1318.50 402.81 0
v 2072.65 2755.51 0
v 2081.22 2744.44 0
v 2167.31 2828.71 0
v 2175.88 2817.64 0
v 2610.86 3172.64 0
v 2619.42 3161.57 0
v 2762.25 3288.89 0
v 2770.75 3277.77 0
v 2877.88 3376.87 0
v 2886.36 3365.73 0
v 3115.00 3668.19 0
v 3108.17 3665.10 0
v 3147.22 3596.91 0
v 3140.39 3593.82 0
v 4276.02 6207.02 0
v 4280.22 6200.81 0
v 4356.78 6261.56 0
v 4360.98 6255.34 0
v 4614.88 6588.53 0
v 4610.93 6594.90 0
v 4593.70 6575.42 0
v 4589.75 6581.80 0
v 4566.13 6045.07 0
v 4562.06 6051.36 0
v 4504.34 6005.13 0
v 4500.27 6011.43 0
v 5829.22 7352.29 0
v 5824.32 7346.61 0
v 5864.99 7321.45 0
v 5860.09 7315.77 0
v 4325.12 6410.27 0
v 4331.39 6414.39 0
v 4301.62 6446.02 0
v 4307.92 6450.09 0
v 4282.05 6476.99 0
v 4288.39 6480.99 0
v 4282.11 6476.90 0
v 4288.33 6481.08 0
v 4242.49 6535.87 0
v 4248.71 6540.06 0
v 4231.59 6450.97 0
v 4235.47 6444.55 0
v 4283.28 6482.20 0
v 4287.16 6475.78 0
v 4334.92 6504.69 0
v 4331.04 6511.10 0
v 4287.16 6475.78 0
v 4283.28 6482.20 0
v 4693.60 6463.39 0
v 4689.52 6469.68 0
v 4602.55 6404.24 0
v 4598.46 6410.53 0
v 4719.77 6654.58 0
v 4713.91 6663.59 0
v 4649.28 6608.74 0
v 4643.44 6617.76 0
v 4615.81 6587.20 0
v 4609.99 6596.23 0
v 4933.48 7042.30 0
v 4929.07 7048.36 0
v 4924.62 7035.85 0
v 4919.88 7041.67 0
v 4924.14 7035.45 0
v 4917.01 7037.76 0
v 4924.36 7034.97 0
v 4917.09 7033.13 0
v 4924.95 7033.72 0
v 4918.71 7029.55 0
v 4940.71 7010.93 0
v 4934.50 7006.72 0
v 4950.95 6995.37 0
v 4944.68 6991.25 0
v 4980.75 6950.06 0
v 4974.51 6945.89 0
v 5020.35 6891.44 0
v 5014.14 6887.24 0
v 3713.34 5112.59 0
v 3719.28 5099.91 0
v 3737.23 5123.79 0
v 3743.07 5111.06 0
v 3786.78 5146.27 0
v 3792.69 5133.58 0
v 3819.08 5161.87 0
v 3825.53 5149.45 0
v 3823.90 5165.47 0
v 3832.13 5154.14 0
v 3849.73 5184.25 0
v 3858.26 5173.15 0
v 3867.38 5198.86 0
v 3876.63 5188.36 0
v 3905.76 5233.59 0
v 3915.60 5223.63 0
v 4011.90 5341.72 0
v 4021.87 5331.89 0
v 4121.33 5452.10 0
v 4131.32 5442.29 0
v 4154.28 5486.86 0
v 4164.44 5477.23 0
v 3629.08 5261.90 0
v 3631.92 5265.06 0
v 3611.13 5277.99 0
v 3613.97 5281.16 0
v 4077.44 5679.42 0
v 4072.95 5685.43 0
v 4062.62 5668.37 0
v 4058.14 5674.38 0
v 4062.97 5668.66 0
v 4057.80 5674.09 0
v 4036.46 5643.42 0
v 4031.29 5648.85 0
v 4015.47 5743.67 0
v 4020.64 5738.23 0
v 4102.45 5826.47 0
v 4107.62 5821.04 0
v 4020.72 5743.59 0
v 4015.39 5738.31 0
v 4048.17 5715.85 0
v 4042.84 5710.58 0
v 4072.50 5679.82 0
v 4077.90 5685.03 0
v 4042.80 5710.61 0
v 4048.20 5715.82 0
v 4137.87 5794.92 0
v 4132.74 5800.38 0
v 4048.07 5710.48 0
v 4042.93 5715.95 0
v 4107.49 5826.60 0
v 4102.59 5820.92 0
v 4137.75 5800.49 0
v 4132.85 5794.81 0
v 4049.34 5895.74 0
v 4043.08 5891.62 0
v 4078.97 5850.73 0
v 4072.71 5846.61 0
v 4078.27 5851.52 0
v 4073.41 5845.82 0
v 4107.47 5826.61 0
v 4102.60 5820.91 0
v 4614.91 5965.49 0
v 4621.08 5969.74 0
v 4597.32 5991.03 0
v 4603.50 5995.28 0
v 4602.54 5993.19 0
v 4598.29 5993.12 0
v 4602.71 5982.57 0
v 4598.48 5982.86 0
v 4601.19 5974.42 0
v 4597.10 5975.60 0
v 4598.19 5966.86 0
v 4594.40 5968.79 0
v 4593.95 5960.17 0
v 4590.47 5962.60 0
v 4588.52 5952.95 0
v 4585.33 5955.77 0
v 4527.04 5884.48 0
v 4523.84 5887.28 0
v 4525.22 5881.03 0
v 4521.19 5882.38 0
v 4514.74 5847.36 0
v 4510.68 5848.62 0
v 4367.90 5867.81 0
v 4361.54 5863.83 0
v 4389.27 5833.58 0
v 4382.91 5829.61 0
v 4451.86 5829.63 0
v 4446.47 5834.84 0
v 4418.32 5794.90 0
v 4413.08 5800.27 0
v 4411.33 5791.98 0
v 4412.17 5799.43 0
v 4404.68 5796.25 0
v 4410.70 5800.72 0
v 4386.49 5823.42 0
v 4392.77 5827.51 0
v 4382.84 5829.72 0
v 4389.34 5833.47 0
v 4446.46 5834.83 0
v 4451.86 5829.63 0
v 4485.22 5875.03 0
v 4490.68 5869.89 0
v 4486.97 5877.58 0
v 4493.94 5874.80 0
v 4486.98 5879.22 0
v 4494.47 5879.62 0
v 4486.84 5880.49 0
v 4493.41 5884.10 0
v 4479.26 5892.54 0
v 4485.61 5896.53 0
v 4463.25 5929.72 0
v 4457.03 5925.53 0
v 4485.54 5896.63 0
v 4479.32 5892.44 0
v 946.84 2447.44 0
v 951.09 2447.57 0
v 946.29 2465.95 0
v 950.54 2465.93 0
v 947.00 2469.24 0
v 951.07 2468.00 0
v 948.07 2472.06 0
v 951.96 2470.34 0
v 949.65 2475.20 0
v 953.19 2472.84 0
v 951.62 2477.36 0
v 954.59 2474.32 0
v 976.77 2501.76 0
v 979.77 2498.75 0
v 980.33 2506.02 0
v 983.63 2503.34 0
v 995.72 2525.18 0
v 999.03 2522.52 0
v 883.56 2452.16 0
v 884.37 2447.99 0
v 912.20 2457.68 0
v 912.92 2453.49 0
v 919.54 2458.33 0
v 919.61 2454.08 0
v 927.13 2457.94 0
v 926.62 2453.73 0
v 933.74 2456.62 0
v 932.76 2452.49 0
v 939.77 2454.94 0
v 938.44 2450.91 0
v 944.25 2453.11 0
v 942.21 2449.39 0
v 950.13 2449.29 0
v 947.81 2445.73 0
v 891.44 2492.90 0
v 889.07 2485.79 0
v 900.81 2489.78 0
v 898.27 2482.72 0
v 927.43 2479.98 0
v 924.75 2472.98 0
v 934.32 2476.87 0
v 930.51 2470.41 0
v 939.61 2472.72 0
v 934.26 2467.46 0
v 943.25 2467.84 0
v 936.91 2463.83 0
v 946.46 2461.99 0
v 939.71 2458.72 0
v 952.38 2449.07 0
v 945.56 2445.95 0
v 1000.47 2517.57 0
v 994.28 2530.13 0
v 979.47 2507.23 0
v 972.93 2519.61 0
v 963.93 2498.26 0
v 956.64 2510.22 0
v 944.74 2486.07 0
v 937.21 2497.87 0
v 927.55 2475.06 0
v 919.73 2486.67 0
v 909.59 2462.42 0
v 901.01 2473.48 0
v 888.46 2444.71 0
v 879.47 2455.44 0
v 997.89 2521.79 0
v 996.86 2525.91 0
v 949.27 2509.67 0
v 948.17 2513.78 0
v 920.05 2500.86 0
v 918.63 2504.87 0
v 904.96 2493.99 0
v 903.17 2497.85 0
v 891.17 2487.43 0
v 889.34 2491.27 0
v 718.03 2217.63 0
v 718.17 2221.87 0
v 697.01 2218.31 0
v 697.15 2222.56 0
v 691.77 2152.72 0
v 705.23 2148.89 0
v 711.37 2221.66 0
v 724.84 2217.83 0
v 699.20 2220.48 0
v 694.95 2220.39 0
v 700.62 2150.85 0
v 696.38 2150.76 0
v 668.29 1898.46 0
v 670.79 1895.02 0
v 681.51 1907.96 0
v 684.85 1905.33 0
v 706.12 1946.65 0
v 709.82 1944.56 0
v 706.74 1952.36 0
v 710.96 1951.79 0
v 706.75 1951.76 0
v 710.95 1952.39 0
v 705.18 1962.34 0
v 709.37 1963.06 0
v 695.24 2019.25 0
v 699.40 2020.09 0
v 690.51 2035.72 0
v 694.42 2037.37 0
v 682.17 2050.16 0
v 685.86 2052.28 0
v 662.57 1897.40 0
v 676.51 1896.09 0
v 677.05 2051.87 0
v 690.99 2050.57 0
v 711.82 2222.82 0
v 724.39 2216.67 0
v 723.70 2247.13 0
v 736.28 2240.98 0
v 888.54 2444.78 0
v 879.39 2455.37 0
v 879.55 2437.01 0
v 870.37 2447.58 0
v 869.71 2428.43 0
v 860.51 2438.99 0
v 723.66 2247.05 0
v 736.31 2241.05 0
v 731.42 2263.38 0
v 744.05 2257.34 0
v 739.14 2279.40 0
v 751.50 2272.82 0
v 747.11 2292.85 0
v 759.18 2285.76 0
v 752.83 2302.75 0
v 764.93 2295.71 0
v 756.13 2308.36 0
v 768.13 2301.15 0
v 766.81 2326.02 0
v 778.61 2318.48 0
v 781.87 2348.66 0
v 793.32 2340.60 0
v 799.54 2372.50 0
v 810.56 2363.86 0
v 818.80 2395.81 0
v 829.37 2386.63 0
v 839.74 2418.83 0
v 849.81 2409.11 0
v 860.23 2438.73 0
v 869.98 2428.68 0
v 676.50 1896.00 0
v 662.58 1897.49 0
v 662.34 1763.75 0
v 648.39 1765.02 0
v 657.81 1690.09 0
v 643.83 1690.90 0
v 655.85 1651.73 0
v 641.85 1652.05 0
v 656.16 1619.14 0
v 642.16 1618.88 0
v 657.54 1558.05 0
v 643.55 1557.60 0
v 659.10 1527.21 0
v 645.13 1526.30 0
v 661.95 1490.18 0
v 647.99 1489.02 0
v 665.44 1450.77 0
v 651.55 1449.07 0
v 676.90 1368.06 0
v 663.06 1365.92 0
v 685.94 1318.62 0
v 672.18 1316.05 0
v 699.86 1245.17 0
v 686.13 1242.42 0
v 708.02 1208.39 0
v 694.25 1205.84 0
v 717.62 1149.15 0
v 703.80 1146.91 0
v 1315.93 380.03 0
v 1315.60 387.53 0
v 1286.58 378.73 0
v 1286.33 386.23 0
v 1204.00 376.29 0
v 1204.04 383.79 0
v 1100.62 379.78 0
v 1101.09 387.27 0
v 1026.24 387.46 0
v 1026.93 394.93 0
v 1014.14 387.80 0
v 1014.35 395.29 0
v 550.77 461.40 0
v 551.73 457.26 0
v 563.02 464.09 0
v 565.37 460.55 0
v 582.25 482.44 0
v 584.98 479.19 0
v 595.95 491.66 0
v 598.08 487.98 0
v 603.00 494.46 0
v 604.28 490.41 0
v 611.71 496.65 0
v 612.13 492.42 0
v 641.40 498.30 0
v 641.40 494.05 0
v 658.96 496.58 0
v 658.14 492.41 0
v 668.81 492.89 0
v 667.05 489.02 0
v 699.73 478.13 0
v 698.02 474.24 0
v 715.29 472.39 0
v 714.02 468.34 0
v 729.37 468.84 0
v 728.77 464.63 0
v 760.90 465.97 0
v 760.26 461.77 0
v 776.83 461.61 0
v 775.46 457.59 0
v 805.45 450.73 0
v 803.83 446.80 0
v 832.81 438.58 0
v 830.93 434.78 0
v 846.56 430.34 0
v 844.17 426.82 0
v 866.26 415.86 0
v 863.93 412.30 0
v 879.66 408.61 0
v 878.00 404.70 0
v 900.15 401.48 0
v 899.21 397.33 0
v 924.57 398.49 0
v 924.27 394.25 0
v 1014.36 393.67 0
v 1014.13 389.42 0
v 1377.70 534.41 0
v 1384.65 531.59 0
v 1379.53 538.87 0
v 1386.74 536.78 0
v 1380.38 543.38 0
v 1387.87 543.00 0
v 1380.01 544.57 0
v 1387.06 547.11 0
v 1379.22 546.17 0
v 1385.30 550.56 0
v 1369.35 559.11 0
v 1374.86 564.21 0
v 1349.26 578.52 0
v 1354.17 584.20 0
v 1330.52 592.70 0
v 1334.84 598.83 0
v 1310.04 606.16 0
v 1313.99 612.53 0
v 1288.01 619.10 0
v 1291.41 625.79 0
v 1260.81 631.23 0
v 1263.45 638.25 0
v 1233.44 639.65 0
v 1235.51 646.86 0
v 1219.77 642.96 0
v 1221.75 650.19 0
v 1202.83 648.05 0
v 1205.26 655.14 0
v 1192.25 652.44 0
v 1195.65 659.13 0
v 1181.00 659.12 0
v 1185.04 665.44 0
v 1164.90 669.96 0
v 1169.33 676.01 0
v 1029.75 769.91 0
v 1034.03 776.06 0
v 999.85 784.82 0
v 1003.06 791.60 0
v 988.86 789.25 0
v 991.25 796.36 0
v 978.22 792.09 0
v 979.85 799.41 0
v 960.86 795.50 0
v 962.12 802.89 0
v 930.24 800.26 0
v 931.38 807.67 0
v 900.58 804.79 0
v 902.28 812.09 0
v 878.78 812.30 0
v 881.51 819.28 0
v 871.86 816.03 0
v 875.93 822.34 0
v 865.55 820.80 0
v 870.55 826.39 0
v 859.06 827.55 0
v 865.09 832.00 0
v 853.18 837.51 0
v 859.89 840.86 0
v 851.47 842.87 0
v 858.78 844.54 0
v 849.89 851.51 0
v 857.32 852.50 0
v 849.44 858.15 0
v 856.94 858.28 0
v 849.66 863.98 0
v 857.13 863.35 0
v 850.79 872.82 0
v 857.86 870.33 0
v 857.25 885.79 0
v 863.79 882.12 0
v 876.45 918.68 0
v 883.36 915.77 0
v 886.62 955.26 0
v 894.04 954.16 0
v 890.92 1016.65 0
v 898.41 1016.33 0
v 891.16 1061.19 0
v 898.66 1061.13 0
v 891.40 1069.12 0
v 898.89 1069.43 0
v 890.53 1076.99 0
v 897.94 1078.18 0
v 889.07 1083.60 0
v 896.26 1085.72 0
v 887.05 1088.87 0
v 893.82 1092.11 0
v 882.56 1097.13 0
v 889.02 1100.95 0
v 878.78 1102.85 0
v 884.85 1107.25 0
v 876.78 1105.19 0
v 882.02 1110.56 0
v 871.18 1110.21 0
v 876.06 1115.91 0
v 868.92 1111.96 0
v 873.01 1118.25 0
v 862.44 1115.88 0
v 866.09 1122.43 0
v 857.12 1118.54 0
v 859.98 1125.48 0
v 853.60 1119.56 0
v 855.10 1126.91 0
v 850.72 1119.84 0
v 850.84 1127.34 0
v 846.83 1119.63 0
v 846.23 1127.11 0
v 841.25 1119.08 0
v 840.04 1126.48 0
v 836.39 1117.94 0
v 834.19 1125.12 0
v 831.44 1116.06 0
v 828.47 1122.95 0
v 827.14 1113.98 0
v 823.17 1120.34 0
v 822.94 1110.77 0
v 818.00 1116.42 0
v 820.06 1107.79 0
v 814.29 1112.58 0
v 818.22 1105.14 0
v 811.60 1108.66 0
v 816.15 1100.38 0
v 809.07 1102.86 0
v 793.67 1035.02 0
v 786.60 1037.52 0
v 791.36 1030.51 0
v 784.94 1034.38 0
v 789.08 1027.30 0
v 783.19 1031.94 0
v 786.61 1024.43 0
v 780.94 1029.34 0
v 544.79 462.03 0
v 557.70 456.62 0
v 575.25 534.69 0
v 588.16 529.28 0
v 666.00 711.43 0
v 653.13 716.93 0
v 588.14 529.24 0
v 575.27 534.74 0
v 755.38 981.30 0
v 759.62 981.15 0
v 755.88 995.45 0
v 760.13 995.46 0
v 755.34 1009.70 0
v 759.59 1009.86 0
v 704.95 990.09 0
v 708.17 983.32 0
v 725.01 999.63 0
v 728.10 992.80 0
v 755.96 1013.21 0
v 758.97 1006.34 0
v 704.28 833.27 0
v 708.01 831.23 0
v 733.56 886.76 0
v 737.32 884.79 0
v 737.10 895.77 0
v 741.12 894.41 0
v 739.74 905.16 0
v 743.90 904.27 0
v 755.42 981.65 0
v 759.58 980.80 0
v 755.59 982.16 0
v 759.41 980.29 0
v 763.98 999.24 0
v 767.70 997.19 0
v 777.86 1022.58 0
v 781.46 1020.32 0
v 782.08 1028.17 0
v 785.47 1025.61 0
v 1316.49 387.46 0
v 1315.05 380.10 0
v 1325.96 385.59 0
v 1323.73 378.43 0
v 1353.61 375.95 0
v 1350.75 369.02 0
v 1367.58 368.32 0
v 1363.55 362.00 0
v 1389.56 353.07 0
v 1385.42 346.82 0
v 1406.15 342.77 0
v 1402.54 336.20 0
v 1422.33 335.07 0
v 1419.59 328.08 0
v 1442.80 328.39 0
v 1440.79 321.16 0
v 1462.61 323.80 0
v 1461.87 316.34 0
v 1496.47 323.14 0
v 1496.64 315.64 0
v 1514.14 325.00 0
v 1515.35 317.60 0
v 1576.06 336.23 0
v 1577.56 328.88 0
v 1605.15 343.58 0
v 1607.13 336.35 0
v 1627.10 350.17 0
v 1629.65 343.12 0
v 1645.57 358.18 0
v 1648.80 351.41 0
v 1673.47 372.34 0
v 1677.14 365.79 0
v 1690.50 383.36 0
v 1694.79 377.21 0
v 1702.95 392.95 0
v 1707.72 387.16 0
v 1712.99 401.82 0
v 1718.57 396.82 0
v 1723.45 415.83 0
v 1729.78 411.81 0
v 1732.05 431.84 0
v 1738.75 428.47 0
v 1736.16 441.02 0
v 1743.18 438.39 0
v 1740.53 454.49 0
v 1747.82 452.72 0
v 1742.64 467.74 0
v 1750.06 466.68 0
v 1744.40 481.61 0
v 1751.77 480.23 0
v 1746.57 488.34 0
v 1753.46 485.39 0
v 1753.23 502.40 0
v 1759.66 498.54 0
v 1762.02 514.06 0
v 1767.83 509.31 0
v 1768.13 520.63 0
v 1773.38 515.26 0
v 1787.08 538.59 0
v 1792.24 533.15 0
v 1820.26 558.01 0
v 1815.28 563.62 0
v 1792.15 533.07 0
v 1787.17 538.68 0
v 3939.66 -469.86 0
v 3940.00 -462.37 0
v 3906.93 -468.38 0
v 3907.18 -460.88 0
v 3879.46 -467.87 0
v 3879.55 -460.37 0
v 3875.04 -467.95 0
v 3873.91 -460.54 0
v 3864.70 -470.15 0
v 3862.82 -462.89 0
v 3861.66 -471.38 0
v 3858.64 -464.52 0
v 3845.70 -478.56 0
v 3842.15 -471.96 0
v 3772.58 -519.34 0
v 3769.03 -512.73 0
v 3758.33 -525.41 0
v 3756.14 -518.24 0
v 3745.48 -527.64 0
v 3744.43 -520.21 0
v 3740.98 -527.89 0
v 3740.78 -520.39 0
v 3728.05 -528.09 0
v 3728.53 -520.61 0
v 3715.44 -526.25 0
v 3716.73 -518.86 0
v 3710.18 -524.91 0
v 3713.08 -517.99 0
v 3698.21 -519.13 0
v 3701.48 -512.38 0
v 3940.03 -462.37 0
v 3939.64 -469.86 0
v 3960.03 -463.41 0
v 3959.64 -470.90 0
v 10418.39 -290.71 0
v 10412.48 -286.09 0
v 10412.00 -298.88 0
v 10406.09 -294.26 0
v 10131.36 -681.53 0
v 10135.71 -687.65 0
v 10139.80 -675.54 0
v 10144.48 -681.40 0
v 10149.65 -666.94 0
v 10154.84 -672.35 0
v 10159.05 -657.03 0
v 10164.70 -661.97 0
v 10166.88 -647.24 0
v 10173.02 -651.55 0
v 10175.92 -632.97 0
v 10182.31 -636.89 0
v 10186.60 -615.07 0
v 10192.92 -619.12 0
v 10269.87 -486.38 0
v 10276.16 -490.47 0
v 10316.70 -414.79 0
v 10322.98 -418.89 0
v 10412.06 -298.80 0
v 10406.04 -294.34 0
v 10322.85 -419.08 0
v 10316.83 -414.61 0
v 4411.25 6000.34 0
v 4415.34 5994.05 0
v 4479.53 6044.66 0
v 4483.61 6038.37 0
v 4499.12 6006.29 0
v 4505.49 6010.26 0
v 4478.39 6039.53 0
v 4484.75 6043.50 0
v 4432.57 5962.11 0
v 4438.78 5966.32 0
v 4410.19 5995.09 0
v 4416.40 5999.30 0
v 4352.14 6100.54 0
v 4345.80 6096.52 0
v 4416.46 5999.20 0
v 4410.13 5995.18 0
v 4479.53 6044.67 0
v 4483.61 6038.37 0
v 4540.22 6083.91 0
v 4544.29 6077.61 0
v 4158.49 5968.78 0
v 4162.60 5962.51 0
v 4255.60 6032.41 0
v 4259.71 6026.13 0
v 4350.89 6095.30 0
v 4347.05 6101.75 0
v 4343.63 6091.01 0
v 4339.10 6096.98 0
v 4259.95 6026.30 0
v 4255.36 6032.24 0
v 4415.34 5994.04 0
v 4411.26 6000.34 0
v 4320.77 5932.81 0
v 4316.69 5939.11 0
v 4337.46 5900.37 0
v 4343.74 5904.47 0
v 4315.59 5933.91 0
v 4321.87 5938.01 0
v 4320.80 5932.83 0
v 4316.67 5939.09 0
v 4223.87 5868.88 0
v 4219.74 5875.13 0
v 4240.27 5836.85 0
v 4246.55 5840.95 0
v 4218.67 5869.96 0
v 4224.95 5874.05 0
v 4260.78 6031.35 0
v 4254.53 6027.19 0
v 4282.64 5998.45 0
v 4276.37 5994.33 0
v 4303.79 5966.09 0
v 4297.50 5962.01 0
v 4321.89 5937.99 0
v 4315.58 5933.93 0
v 4163.71 5967.66 0
v 4157.39 5963.62 0
v 4184.94 5934.47 0
v 4178.66 5930.36 0
v 4206.86 5901.83 0
v 4200.61 5897.69 0
v 4224.95 5874.05 0
v 4218.67 5869.96 0
v 4445.91 6230.51 0
v 4441.83 6236.80 0
v 4392.92 6196.13 0
v 4388.83 6202.43 0
v 4412.30 6289.67 0
v 4406.00 6285.62 0
v 4447.03 6235.68 0
v 4440.72 6231.63 0
v 4461.90 6502.70 0
v 4465.85 6496.32 0
v 4503.50 6528.45 0
v 4507.43 6522.07 0
v 4519.58 6538.21 0
v 4523.47 6531.80 0
v 5140.87 7007.61 0
v 5135.83 7013.16 0
v 5116.80 6985.76 0
v 5111.76 6991.31 0
v 5012.24 6894.23 0
v 5022.25 6884.44 0
v 5109.27 6993.43 0
v 5119.28 6983.64 0
v 3563.84 -109.75 0
v 3556.70 -112.06 0
v 3571.86 -134.55 0
v 3564.72 -136.85 0
v 994.28 2530.13 0
v 1000.47 2517.57 0
v 1021.02 2543.33 0
v 1026.88 2530.62 0
v 1049.42 2555.55 0
v 1054.47 2542.49 0
v 1075.27 2564.33 0
v 1079.58 2551.01 0
v 1109.50 2574.97 0
v 1113.04 2561.42 0
v 1143.52 2582.16 0
v 1146.03 2568.39 0
v 1183.19 2588.44 0
v 1185.04 2574.56 0
v 1204.12 2590.22 0
v 1205.17 2576.26 0
v 1226.52 2591.69 0
v 1226.98 2577.70 0
v 1278.82 2592.69 0
v 1278.80 2578.69 0
v 1309.82 2591.56 0
v 1308.80 2577.60 0
v 1329.84 2588.95 0
v 1327.28 2575.19 0
v 1365.05 2581.36 0
v 1362.08 2567.68 0
v 1598.88 2530.56 0
v 1596.00 2516.86 0
v 1627.32 2526.19 0
v 1625.78 2512.28 0
v 1653.72 2524.48 0
v 1653.47 2510.48 0
v 1682.56 2525.22 0
v 1683.27 2511.24 0
v 1705.40 2527.11 0
v 1707.04 2513.21 0
v 1726.66 2530.36 0
v 1730.40 2516.87 0
v 1776.77 2547.00 0
v 1781.18 2533.71 0
v 717.60 1149.30 0
v 703.83 1146.76 0
v 730.59 1079.04 0
v 716.81 1076.57 0
v 734.46 1054.91 0
v 720.57 1053.12 0
v 737.26 1027.50 0
v 723.32 1026.23 0
v 738.24 1013.50 0
v 724.26 1012.72 0
v 738.88 998.37 0
v 724.88 998.32 0
v 738.41 965.21 0
v 724.42 965.91 0
v 735.78 937.08 0
v 721.86 938.57 0
v 732.59 911.02 0
v 718.72 912.92 0
v 730.12 895.90 0
v 716.38 898.58 0
v 725.27 873.50 0
v 711.60 876.52 0
v 721.80 858.32 0
v 708.35 862.19 0
v 712.82 830.13 0
v 699.48 834.38 0
v 712.72 829.83 0
v 699.58 834.67 0
v 707.92 816.82 0
v 694.79 821.66 0
v 701.18 798.54 0
v 688.05 803.38 0
v 653.08 716.80 0
v 666.06 711.56 0
v 688.12 803.58 0
v 701.10 798.34 0
v 3523.74 5076.27 0
v 3519.68 5077.52 0
v 3519.61 5062.84 0
v 3515.48 5063.84 0
v 3516.69 5047.00 0
v 3512.47 5047.53 0
v 3504.28 4942.69 0
v 3500.06 4943.20 0
v 3500.20 4908.90 0
v 3495.99 4909.45 0
v 3499.13 4903.31 0
v 3495.07 4904.54 0
v 3492.59 4883.64 0
v 3488.56 4884.98 0
v 3513.47 4908.93 0
v 3501.46 4916.12 0
v 3496.58 4880.72 0
v 3484.57 4887.91 0
v 3716.78 5104.18 0
v 3715.84 5108.32 0
v 3680.36 5095.92 0
v 3679.27 5100.03 0
v 3657.57 5088.61 0
v 3656.10 5092.60 0
v 3638.30 5080.39 0
v 3636.56 5084.27 0
v 3590.88 5058.72 0
v 3589.12 5062.59 0
v 3572.06 5050.26 0
v 3570.18 5054.08 0
v 3560.62 5043.80 0
v 3558.53 5047.50 0
v 3524.10 5079.79 0
v 3519.32 5074.00 0
v 3561.96 5048.54 0
v 3557.19 5042.76 0
v 3605.50 4988.62 0
v 3611.60 4992.98 0
v 3592.03 5007.44 0
v 3598.06 5011.91 0
v 3587.81 5012.59 0
v 3593.15 5017.86 0
v 3556.94 5042.98 0
v 3562.21 5048.32 0
v 2877.95 3376.92 0
v 2886.29 3365.68 0
v 2930.30 3415.80 0
v 2938.72 3404.61 0
v 2958.79 3437.78 0
v 2967.42 3426.76 0
v 3004.11 3473.60 0
v 3012.79 3462.61 0
v 3025.31 3490.35 0
v 3034.30 3479.62 0
v 3033.88 3498.51 0
v 3043.52 3488.36 0
v 3440.64 4795.06 0
v 3434.60 4799.50 0
v 3413.60 4758.30 0
v 3407.48 4762.63 0
v 3406.24 4746.45 0
v 3399.68 4750.09 0
v 3390.32 4716.25 0
v 3383.65 4719.69 0
v 3379.98 4695.66 0
v 3373.19 4698.86 0
v 3370.46 4674.16 0
v 3363.51 4676.98 0
v 3363.81 4655.84 0
v 3356.72 4658.28 0
v 3359.43 4642.07 0
v 3352.26 4644.27 0
v 3354.52 4625.51 0
v 3347.27 4627.46 0
v 3342.93 4580.58 0
v 3335.67 4582.46 0
v 3366.85 4580.36 0
v 3374.17 4578.73 0
v 3377.36 4627.34 0
v 3384.66 4625.63 0
v 3385.33 4659.06 0
v 3392.60 4657.21 0
v 3392.45 4686.64 0
v 3399.68 4684.66 0
v 3397.59 4704.01 0
v 3404.76 4701.78 0
v 3401.94 4717.13 0
v 3408.94 4714.43 0
v 3434.13 4798.66 0
v 3441.11 4795.90 0
v 3496.75 4881.02 0
v 3484.40 4887.60 0
v 3491.14 4870.49 0
v 3479.09 4877.63 0
v 3457.44 4814.62 0
v 3445.53 4821.98 0
v 3443.47 4793.42 0
v 3431.78 4801.13 0
v 5520.88 7405.30 0
v 5506.99 7403.50 0
v 5522.85 7390.13 0
v 5508.93 7388.55 0
v 5524.18 7376.10 0
v 5510.23 7374.87 0
v 5524.95 7366.40 0
v 5511.00 7365.28 0
v 5509.85 7285.28 0
v 5523.75 7283.66 0
v 5511.11 7296.05 0
v 5525.05 7294.74 0
v 5511.98 7307.99 0
v 5525.97 7307.29 0
v 5512.28 7319.52 0
v 5526.27 7319.33 0
v 5512.45 7342.43 0
v 5526.45 7342.65 0
v 5511.66 7359.75 0
v 5525.63 7360.63 0
v 5511.03 7365.02 0
v 5524.93 7366.66 0
v 5532.09 7336.59 0
v 5539.44 7335.13 0
v 5534.76 7350.04 0
v 5542.14 7348.70 0
v 5535.44 7355.03 0
v 5542.92 7354.42 0
v 5535.56 7359.74 0
v 5543.05 7359.94 0
v 5535.18 7364.84 0
v 5542.63 7365.71 0
v 5534.14 7371.71 0
v 5541.56 7372.78 0
v 5530.94 7394.17 0
v 5538.39 7395.04 0
v 5530.64 7402.07 0
v 5538.14 7402.02 0
v 5531.03 7407.86 0
v 5538.50 7407.14 0
v 5531.82 7414.24 0
v 5539.13 7412.58 0
v 5533.87 7420.07 0
v 5540.64 7416.84 0
v 5537.13 7425.39 0
v 5543.04 7420.78 0
v 5541.06 7429.38 0
v 5546.38 7424.09 0
v 5533.91 7334.82 0
v 5537.62 7336.89 0
v 5527.84 7345.72 0
v 5531.49 7347.89 0
v 5516.17 7364.73 0
v 5519.79 7366.95 0
v 5515.23 7285.90 0
v 5518.37 7283.04 0
v 5519.26 7290.32 0
v 5522.44 7287.50 0
v 5525.69 7297.64 0
v 5528.99 7294.97 0
v 5532.10 7306.18 0
v 5535.66 7303.87 0
v 5534.27 7310.83 0
v 5538.26 7309.35 0
v 5536.20 7317.35 0
v 5540.31 7316.27 0
v 5536.99 7321.10 0
v 5541.22 7320.79 0
v 5536.85 7326.03 0
v 5541.08 7326.51 0
v 5535.96 7330.13 0
v 5540.00 7331.48 0
v 5533.82 7335.00 0
v 5537.71 7336.71 0
v 5542.64 7424.90 0
v 5544.80 7428.56 0
v 5528.49 7433.23 0
v 5530.75 7436.83 0
v 5519.03 7439.84 0
v 5522.01 7442.86 0
v 5507.16 7454.23 0
v 5510.58 7456.75 0
v 5488.82 7480.81 0
v 5492.32 7483.22 0
v 5506.95 7403.92 0
v 5520.92 7404.89 0
v 5506.13 7415.78 0
v 5520.08 7416.97 0
v 5505.26 7423.86 0
v 5519.11 7425.96 0
v 5503.80 7431.27 0
v 5517.37 7434.69 0
v 5501.91 7437.15 0
v 5515.11 7441.81 0
v 5498.87 7445.17 0
v 5511.81 7450.52 0
v 5491.90 7461.33 0
v 5504.75 7466.88 0
v 5484.14 7479.23 0
v 5496.99 7484.80 0
v 5155.25 8492.27 0
v 5141.72 8488.66 0
v 5202.94 8313.38 0
v 5189.41 8309.79 0
v 5220.99 8244.69 0
v 5207.38 8241.42 0
v 5277.25 8003.56 0
v 5263.62 8000.36 0
v 5279.04 7997.57 0
v 5265.45 7994.22 0
v 5293.40 7938.18 0
v 5279.87 7934.58 0
v 5301.82 7912.05 0
v 5288.63 7907.37 0
v 5314.58 7878.53 0
v 5301.76 7872.91 0
v 5397.32 7694.15 0
v 5384.63 7688.26 0
v 5490.52 7499.53 0
v 5477.88 7493.51 0
v 5496.98 7484.83 0
v 5484.16 7479.20 0
v 5421.12 7097.30 0
v 5411.31 7107.28 0
v 5380.60 7057.46 0
v 5370.79 7067.45 0
v 4407.11 6290.79 0
v 4411.19 6284.50 0
v 4496.04 6348.43 0
v 4500.11 6342.14 0
v 4242.53 6535.81 0
v 4248.67 6540.12 0
v 4236.40 6544.54 0
v 4242.54 6548.85 0
v 4236.50 6561.62 0
v 4233.77 6564.88 0
v 4228.56 6554.97 0
v 4225.58 6558.00 0
v 4227.45 6553.08 0
v 4223.36 6554.25 0
v 4227.41 6550.70 0
v 4223.23 6549.95 0
v 4228.21 6549.17 0
v 4224.63 6546.88 0
v 4229.45 6547.62 0
v 4226.80 6544.29 0
v 4231.92 6546.18 0
v 4230.67 6542.12 0
v 4234.14 6545.94 0
v 4235.40 6541.88 0
v 4238.39 6548.52 0
v 4240.56 6544.87 0
v 4238.14 6548.35 0
v 4240.81 6545.04 0
v 4245.11 6553.97 0
v 4247.78 6550.67 0
v 4245.01 6553.89 0
v 4247.87 6550.75 0
v 4248.22 6556.79 0
v 4251.44 6554.02 0
v 4249.32 6558.71 0
v 4253.33 6557.29 0
v 4249.89 6561.63 0
v 4254.14 6561.52 0
v 4249.49 6564.09 0
v 4253.51 6565.48 0
v 4248.74 6565.37 0
v 4251.54 6568.57 0
v 4246.93 6566.28 0
v 4247.90 6570.42 0
v 4244.42 6566.27 0
v 4243.81 6570.47 0
v 4242.85 6565.69 0
v 4240.74 6569.38 0
v 4236.29 6561.46 0
v 4233.99 6565.04 0
v 4230.24 6445.96 0
v 4236.82 6449.57 0
v 4227.06 6451.76 0
v 4233.63 6455.37 0
v 4478.37 6039.57 0
v 4484.78 6043.47 0
v 4451.00 6084.62 0
v 4457.39 6088.55 0
v 4417.60 6138.22 0
v 4424.14 6141.89 0
v 4387.53 6197.59 0
v 4394.22 6200.98 0
v 3916.25 5883.61 0
v 3912.02 5889.80 0
v 3877.52 5857.15 0
v 3873.33 5863.37 0
v 3845.49 5836.02 0
v 3841.20 5842.17 0
v 3823.13 5819.19 0
v 3818.62 5825.18 0
v 3990.87 5831.43 0
v 3995.10 5837.62 0
v 3953.34 5857.00 0
v 3957.54 5863.22 0
v 3933.02 5870.43 0
v 3937.08 5876.73 0
v 3912.15 5883.53 0
v 3916.13 5889.88 0
v 3944.58 5775.62 0
v 3946.89 5782.76 0
v 3898.48 5790.57 0
v 3900.92 5797.66 0
v 3819.61 5818.65 0
v 3822.13 5825.72 0
v 3946.82 5782.78 0
v 3944.64 5775.60 0
v 3991.52 5769.16 0
v 3989.34 5761.98 0
v 4078.39 5845.92 0
v 4073.29 5851.42 0
v 3999.25 5772.55 0
v 3994.12 5778.02 0
v 3996.73 5769.51 0
v 3990.42 5773.57 0
v 3993.75 5763.82 0
v 3987.11 5767.32 0
v 4015.36 5738.34 0
v 4020.75 5743.56 0
v 3995.80 5758.55 0
v 4001.07 5763.89 0
v 3992.93 5760.72 0
v 3996.51 5767.31 0
v 3989.15 5762.04 0
v 3991.71 5769.09 0
v 4036.50 5643.46 0
v 4031.25 5648.81 0
v 4028.12 5635.24 0
v 4022.87 5640.60 0
v 3980.80 5680.14 0
v 3975.53 5685.48 0
v 3900.23 5600.72 0
v 3894.97 5606.06 0
v 3900.30 5606.00 0
v 3894.91 5600.78 0
v 3926.84 5578.60 0
v 3921.51 5573.33 0
v 3944.51 5561.33 0
v 3939.27 5555.96 0
v 4023.74 5634.60 0
v 4027.25 5641.24 0
v 4014.93 5639.26 0
v 4018.81 5645.68 0
v 4008.11 5644.09 0
v 4012.91 5649.86 0
v 4001.67 5650.31 0
v 4007.24 5655.33 0
v 3975.34 5680.33 0
v 3980.98 5685.28 0
v 3858.09 5478.00 0
v 3862.91 5483.75 0
v 3839.09 5493.93 0
v 3844.12 5499.50 0
v 3812.96 5518.77 0
v 3818.12 5524.21 0
v 4028.07 5635.20 0
v 4022.92 5640.64 0
v 3961.24 5571.91 0
v 3956.08 5577.36 0
v 3939.30 5561.36 0
v 3944.48 5555.93 0
v 3956.07 5577.35 0
v 3961.25 5571.92 0
v 1928.11 2625.02 0
v 1919.70 2636.21 0
v 1869.68 2581.14 0
v 1861.43 2592.44 0
v 1853.99 2570.91 0
v 1846.55 2582.77 0
v 1832.87 2558.00 0
v 1825.96 2570.17 0
v 1807.30 2544.44 0
v 1801.34 2557.11 0
v 1781.64 2533.88 0
v 1776.31 2546.83 0
v 1919.55 2636.10 0
v 1928.25 2625.13 0
v 1972.52 2678.15 0
v 1981.13 2667.12 0
v 1995.42 2695.30 0
v 2003.72 2684.02 0
v 2007.19 2703.67 0
v 2015.30 2692.25 0
v 2081.28 2744.49 0
v 2072.59 2755.46 0
v 2015.59 2692.47 0
v 2006.90 2703.45 0
v 2624.05 2942.28 0
v 2618.52 2947.36 0
v 2457.30 2760.63 0
v 2451.86 2765.79 0
v 2437.84 2745.94 0
v 2433.67 2752.18 0
v 2425.39 2739.26 0
v 2422.14 2746.02 0
v 2419.88 2737.68 0
v 2419.90 2745.18 0
v 2395.99 2739.01 0
v 2397.02 2746.43 0
v 2383.30 2742.95 0
v 2386.61 2749.68 0
v 2352.06 2760.45 0
v 2356.02 2766.81 0
v 2339.44 2770.21 0
v 2343.66 2776.41 0
v 2322.15 2780.90 0
v 2325.31 2787.70 0
v 2303.88 2786.74 0
v 2305.77 2794.00 0
v 2294.70 2788.04 0
v 2295.08 2795.53 0
v 2281.76 2787.81 0
v 2281.29 2795.29 0
v 2274.87 2786.82 0
v 2273.13 2794.12 0
v 2261.95 2783.05 0
v 2259.35 2790.09 0
v 2250.94 2777.98 0
v 2247.37 2784.57 0
v 2198.64 2748.75 0
v 2195.08 2755.35 0
v 2192.05 2746.26 0
v 2189.45 2753.30 0
v 2185.26 2743.75 0
v 2182.66 2750.79 0
v 3342.94 4580.65 0
v 3335.65 4582.39 0
v 3284.52 4335.37 0
v 3277.22 4337.10 0
v 3125.18 3663.71 0
v 3117.89 3665.44 0
v 3719.45 5099.99 0
v 3713.18 5112.51 0
v 3695.48 5087.98 0
v 3689.00 5100.39 0
v 3670.27 5074.33 0
v 3663.36 5086.51 0
v 3658.42 5066.96 0
v 3650.95 5078.80 0
v 3645.32 5058.59 0
v 3637.59 5070.27 0
v 3636.42 5052.40 0
v 3628.25 5063.77 0
v 3626.74 5045.25 0
v 3618.00 5056.18 0
v 3614.71 5035.06 0
v 3605.39 5045.51 0
v 3603.93 5024.88 0
v 3594.15 5034.90 0
v 3579.79 5000.95 0
v 3569.72 5010.68 0
v 3571.26 4991.09 0
v 3560.54 5000.09 0
v 3562.35 4980.18 0
v 3551.28 4988.75 0
v 3552.40 4966.74 0
v 3541.10 4975.00 0
v 3537.65 4946.36 0
v 3526.19 4954.40 0
v 3527.93 4931.86 0
v 3516.19 4939.50 0
v 3520.65 4920.20 0
v 3508.80 4927.67 0
v 3513.37 4908.77 0
v 3501.56 4916.28 0
v 5411.50 7107.47 0
v 5420.93 7097.11 0
v 5429.31 7123.67 0
v 5439.06 7113.63 0
v 5452.90 7147.68 0
v 5462.97 7137.96 0
v 5462.13 7157.61 0
v 5473.16 7148.99 0
v 5467.91 7166.81 0
v 5480.21 7160.12 0
v 5474.79 7181.09 0
v 5487.32 7174.87 0
v 5480.73 7192.63 0
v 5493.44 7186.76 0
v 5488.06 7209.82 0
v 5501.15 7204.85 0
v 5501.75 7248.12 0
v 5515.11 7243.94 0
v 5507.63 7272.23 0
v 5521.31 7269.26 0
v 5509.90 7285.64 0
v 5523.70 7283.30 0
v 7035.76 3636.27 0
v 7036.74 3628.83 0
v 7074.78 3641.40 0
v 7075.76 3633.97 0
v 3912.06 5889.83 0
v 3916.22 5883.59 0
v 4007.52 5953.52 0
v 4011.68 5947.28 0
v 4007.55 5953.54 0
v 4011.65 5947.26 0
v 4111.17 6021.24 0
v 4115.22 6014.93 0
v 4121.34 6026.75 0
v 4124.91 6020.15 0
v 4121.08 6026.60 0
v 4125.16 6020.30 0
v 4218.12 6089.45 0
v 4222.20 6083.15 0
v 4043.06 5891.65 0
v 4049.36 5895.71 0
v 4006.45 5948.37 0
v 4012.75 5952.43 0
v 3982.92 5998.12 0
v 3976.64 5994.02 0
v 4012.74 5952.45 0
v 4006.46 5948.35 0
v 4157.40 5963.60 0
v 4163.69 5967.68 0
v 4119.97 6021.41 0
v 4126.27 6025.49 0
v 4185.36 6145.39 0
v 4179.12 6141.24 0
v 4223.28 6088.38 0
v 4217.04 6084.22 0
v 4254.52 6027.21 0
v 4260.79 6031.33 0
v 4217.03 6084.24 0
v 4223.30 6088.36 0
v 4218.10 6089.43 0
v 4222.23 6083.17 0
v 4313.23 6152.23 0
v 4317.36 6145.97 0
v 4281.22 6206.02 0
v 4275.02 6201.81 0
v 4318.40 6151.20 0
v 4312.19 6146.99 0
v 4345.85 6096.45 0
v 4352.09 6100.60 0
v 4312.17 6147.02 0
v 4318.41 6151.18 0
v 4313.22 6152.22 0
v 4317.37 6145.97 0
v 4388.80 6202.40 0
v 4392.95 6196.16 0
v 2947.52 3447.25 0
v 2942.02 3452.35 0
v 2924.99 3422.96 0
v 2919.79 3428.37 0
v 2885.33 3387.55 0
v 2880.53 3393.31 0
v 2862.18 3370.56 0
v 2857.84 3376.68 0
v 2856.58 3367.22 0
v 2853.36 3373.99 0
v 2848.81 3364.37 0
v 2848.06 3371.83 0
v 2837.10 3365.45 0
v 2839.76 3372.46 0
v 2828.15 3372.73 0
v 2834.71 3376.37 0
v 2813.97 3405.27 0
v 2820.66 3408.66 0
v 2800.14 3428.11 0
v 2806.56 3431.99 0
v 4411.03 6284.40 0
v 4407.27 6290.89 0
v 4360.77 6255.21 0
v 4357.00 6261.69 0
v 4387.58 6197.50 0
v 4394.17 6201.06 0
v 4355.58 6256.67 0
v 4362.18 6260.24 0
v 4422.16 6473.00 0
v 4415.79 6469.03 0
v 4444.59 6436.95 0
v 4438.27 6432.91 0
v 4463.34 6408.71 0
v 4457.09 6404.56 0
v 4331.38 6414.39 0
v 4325.12 6410.26 0
v 4373.85 6350.02 0
v 4367.56 6345.94 0
v 4412.31 6289.66 0
v 4405.99 6285.63 0
v 4597.33 6405.39 0
v 4603.68 6409.39 0
v 4558.96 6466.28 0
v 4565.31 6470.28 0
v 4524.73 6536.96 0
v 4518.32 6533.06 0
v 4565.34 6470.23 0
v 4558.93 6466.33 0
v 4644.02 6017.29 0
v 4655.55 6009.36 0
v 4655.15 6033.48 0
v 4666.83 6025.76 0
v 5119.94 6737.13 0
v 5131.62 6729.41 0
v 5218.25 6885.99 0
v 5229.82 6878.11 0
v 5257.70 6939.44 0
v 5268.65 6930.71 0
v 5315.42 7007.88 0
v 5325.91 6998.61 0
v 5370.57 7067.22 0
v 5380.82 7057.69 0
v 4623.49 5963.28 0
v 4612.50 5971.95 0
v 4600.90 5934.63 0
v 4590.39 5943.88 0
v 4517.89 5843.28 0
v 4507.53 5852.70 0
v 4155.02 6392.82 0
v 4151.07 6399.20 0
v 4079.61 6345.98 0
v 4075.66 6352.35 0
v 4100.43 6264.26 0
v 4107.80 6265.67 0
v 4097.73 6278.54 0
v 4104.88 6280.79 0
v 4074.09 6347.96 0
v 4081.19 6350.38 0
v 4046.84 6415.16 0
v 4040.92 6410.54 0
v 4050.15 6410.91 0
v 4044.08 6406.51 0
v 4062.07 6394.14 0
v 4055.75 6390.11 0
v 4069.63 6380.26 0
v 4062.76 6377.26 0
v 4081.13 6350.52 0
v 4074.14 6347.82 0
v 5395.34 7173.64 0
v 5394.96 7169.40 0
v 5404.25 7172.85 0
v 5403.61 7168.65 0
v 5412.00 7171.08 0
v 5410.70 7167.03 0
v 5418.76 7168.15 0
v 5416.59 7164.50 0
v 5424.43 7163.69 0
v 5421.55 7160.57 0
v 5430.32 7157.53 0
v 5427.25 7154.59 0
v 5457.53 7194.45 0
v 5451.34 7207.01 0
v 5398.24 7165.24 0
v 5392.06 7177.80 0
v 5355.59 7156.87 0
v 5362.56 7144.73 0
v 5391.66 7177.59 0
v 5398.64 7165.45 0
v 5456.27 7199.67 0
v 5452.59 7201.79 0
v 5430.63 7155.00 0
v 5426.94 7157.12 0
v 5430.63 7155.00 0
v 5426.94 7157.12 0
v 5424.41 7144.19 0
v 5420.71 7146.27 0
v 5386.02 7075.63 0
v 5382.32 7077.72 0
v 5377.52 7061.37 0
v 5373.87 7063.54 0
v 5136.09 7013.38 0
v 5140.60 7007.39 0
v 5157.32 7029.35 0
v 5161.59 7023.18 0
v 5183.79 7046.44 0
v 5187.86 7040.13 0
v 4689.48 6469.66 0
v 4693.63 6463.41 0
v 4791.34 6537.30 0
v 4795.48 6531.06 0
v 4720.42 6660.22 0
v 4713.27 6657.95 0
v 4723.19 6651.18 0
v 4716.73 6647.37 0
v 4759.23 6594.44 0
v 4752.89 6590.43 0
v 4776.05 6567.56 0
v 4769.74 6563.51 0
v 4796.55 6536.23 0
v 4790.27 6532.13 0
v 4688.38 6464.54 0
v 4694.73 6468.53 0
v 4651.00 6524.01 0
v 4657.35 6528.00 0
v 4597.23 5991.17 0
v 4603.59 5995.15 0
v 4594.43 5995.65 0
v 4600.78 5999.63 0
v 4517.70 5843.08 0
v 4507.72 5852.90 0
v 4502.01 5827.13 0
v 4491.79 5836.69 0
v 4473.79 5796.13 0
v 4463.65 5805.79 0
v 4394.28 5714.01 0
v 4384.26 5723.78 0
v 4231.79 5547.79 0
v 4221.78 5557.58 0
v 7075.09 3641.43 0
v 7075.44 3633.94 0
v 7123.03 3643.69 0
v 7123.39 3636.20 0
v 7138.95 3644.55 0
v 7139.55 3637.07 0
v 7160.13 3646.65 0
v 7160.96 3639.20 0
v 7168.69 3647.83 0
v 7170.22 3640.49 0
v 7207.43 3656.51 0
v 7208.98 3649.17 0
v 7225.09 3659.69 0
v 7225.88 3652.24 0
v 7243.18 3660.29 0
v 7243.17 3652.79 0
v 7254.42 3659.64 0
v 7253.33 3652.22 0
v 7265.09 3657.03 0
v 7262.40 3650.02 0
v 7274.72 3651.82 0
v 7270.38 3645.70 0
v 7317.10 3620.33 0
v 7312.65 3614.29 0
v 7320.15 3618.33 0
v 7315.78 3612.24 0
v 7378.31 3576.39 0
v 7373.89 3570.33 0
v 7501.50 3486.13 0
v 7496.94 3480.17 0
v 7532.42 3458.44 0
v 7527.72 3452.60 0
v 7552.25 3445.15 0
v 7548.37 3438.73 0
v 7565.93 3438.17 0
v 7562.84 3431.34 0
v 7595.57 3425.59 0
v 7592.37 3418.81 0
v 7640.44 3402.90 0
v 7636.89 3396.29 0
v 7661.97 3389.85 0
v 7657.88 3383.57 0
v 7691.83 3369.49 0
v 7687.96 3363.06 0
v 7754.77 3333.96 0
v 7750.67 3327.68 0
v 7804.60 3295.75 0
v 7799.73 3290.04 0
v 7818.40 3279.64 0
v 7812.62 3274.86 0
v 7831.49 3263.32 0
v 7825.55 3258.74 0
v 7837.32 3255.07 0
v 7831.81 3249.98 0
v 7857.72 3234.91 0
v 7852.59 3229.44 0
v 7880.74 3214.32 0
v 7875.44 3209.02 0
v 7928.33 3164.37 0
v 7922.67 3159.46 0
v 7959.45 3123.50 0
v 7953.24 3119.29 0
v 8022.48 3025.67 0
v 8016.21 3021.55 0
v 8034.94 3008.66 0
v 8029.15 3003.89 0
v 8042.55 3001.35 0
v 8037.04 2996.27 0
v 8066.20 2974.73 0
v 8060.45 2969.91 0
v 8092.60 2941.53 0
v 8086.67 2936.94 0
v 8120.60 2904.44 0
v 8114.44 2900.16 0
v 8129.46 2888.29 0
v 8122.73 2884.99 0
v 8136.07 2872.89 0
v 8128.89 2870.72 0
v 8151.80 2814.69 0
v 8144.52 2812.86 0
v 8155.21 2796.59 0
v 8147.77 2795.58 0
v 8156.54 2779.84 0
v 8149.04 2779.72 0
v 8155.83 2759.06 0
v 8148.39 2760.02 0
v 8150.98 2736.93 0
v 8143.62 2738.34 0
v 8137.08 2661.39 0
v 8129.73 2662.92 0
v 8123.46 2605.08 0
v 8116.26 2607.17 0
v 8091.90 2505.76 0
v 8084.66 2507.71 0
v 8085.69 2465.13 0
v 8078.27 2466.23 0
v 8077.40 2407.65 0
v 8070.12 2409.49 0
v 8033.54 2258.84 0
v 8026.32 2260.87 0
v 8032.50 2248.39 0
v 8025.00 2248.59 0
v 8032.91 2232.49 0
v 8025.46 2231.62 0
v 8043.89 2151.36 0
v 8036.48 2150.21 0
v 8050.28 2121.03 0
v 8042.98 2119.33 0
v 8055.77 2100.33 0
v 8048.68 2097.87 0
v 8067.11 2072.69 0
v 8060.35 2069.45 0
v 8076.40 2057.18 0
v 8070.32 2052.80 0
v 8088.14 2043.58 0
v 8082.75 2038.37 0
v 8104.80 2027.86 0
v 8100.28 2021.88 0
v 8143.44 2001.89 0
v 8139.25 1995.67 0
v 3440.49 4745.21 0
v 3433.71 4748.43 0
v 3417.54 4696.89 0
v 3410.73 4700.01 0
v 3414.48 4688.49 0
v 3407.31 4690.69 0
v 3406.32 4660.24 0
v 3399.05 4662.07 0
v 3399.93 4630.84 0
v 3392.56 4632.24 0
v 3398.17 4617.31 0
v 3390.70 4617.90 0
v 3397.70 4602.77 0
v 3390.21 4602.42 0
v 3399.65 4585.01 0
v 3392.33 4583.39 0
v 3418.37 4509.77 0
v 3411.19 4507.60 0
v 3432.00 4478.02 0
v 3425.25 4474.74 0
v 3509.73 4321.67 0
v 3502.97 4318.43 0
v 3529.94 4273.63 0
v 3523.08 4270.61 0
v 3540.41 4251.91 0
v 3533.88 4248.22 0
v 3549.41 4239.25 0
v 3543.44 4234.70 0
v 3555.42 4232.22 0
v 3550.32 4226.72 0
v 3579.45 4211.46 0
v 3574.76 4205.61 0
v 3603.23 4193.87 0
v 3598.58 4187.99 0
v 3612.57 4185.23 0
v 3607.21 4179.98 0
v 3617.77 4179.04 0
v 3611.86 4174.43 0
v 3624.20 4170.32 0
v 3617.84 4166.36 0
v 3629.06 4160.87 0
v 3622.12 4158.04 0
v 3631.81 4151.71 0
v 3624.50 4150.01 0
v 3633.02 4143.98 0
v 3625.57 4143.13 0
v 3634.03 4132.38 0
v 3626.54 4132.11 0
v 3633.69 4124.79 0
v 3626.21 4125.24 0
v 3633.17 4118.39 0
v 3625.82 4119.84 0
v 3630.00 4106.04 0
v 3622.84 4108.25 0
v 3627.08 4098.67 0
v 3620.22 4101.70 0
v 3600.84 4040.09 0
v 3594.09 4043.37 0
v 3591.04 4024.59 0
v 3584.71 4028.60 0
v 5824.29 7346.64 0
v 5829.25 7352.26 0
v 5806.89 7362.03 0
v 5811.48 7367.96 0
v 5775.97 7384.05 0
v 5780.69 7389.88 0
v 5750.73 7407.50 0
v 5756.14 7412.69 0
v 5733.47 7428.33 0
v 5739.52 7432.76 0
v 5694.76 7483.83 0
v 5700.90 7488.13 0
v 5677.93 7507.60 0
v 5684.21 7511.70 0
v 5643.28 7562.72 0
v 5649.71 7566.57 0
v 5627.76 7591.57 0
v 5634.59 7594.69 0
v 5609.83 7635.88 0
v 5616.91 7638.35 0
v 5596.43 7681.32 0
v 5603.66 7683.32 0
v 5592.28 7699.28 0
v 5599.59 7700.93 0
v 5575.07 7776.35 0
v 5582.41 7777.86 0
v 5572.12 7797.63 0
v 5579.60 7798.20 0
v 5565.61 7900.79 0
v 5573.09 7901.37 0
v 5562.66 7919.24 0
v 5570.01 7920.77 0
v 5556.57 7944.29 0
v 5563.86 7946.07 0
v 5641.23 7304.06 0
v 5644.28 7307.02 0
v 5610.82 7335.38 0
v 5613.89 7338.33 0
v 5607.36 7339.37 0
v 5610.73 7341.95 0
v 5603.60 7344.80 0
v 5607.09 7347.21 0
v 5613.35 7298.31 0
v 5620.80 7299.20 0
v 5612.48 7305.61 0
v 5619.90 7306.74 0
v 5611.43 7310.88 0
v 5618.75 7312.53 0
v 5609.94 7316.86 0
v 5617.15 7318.91 0
v 5601.75 7344.96 0
v 5608.95 7347.05 0
v 5545.87 7429.81 0
v 5541.57 7423.66 0
v 5560.51 7419.59 0
v 5556.09 7413.53 0
v 5565.68 7415.37 0
v 5560.68 7409.78 0
v 5570.12 7411.00 0
v 5564.61 7405.92 0
v 5574.35 7405.99 0
v 5568.44 7401.37 0
v 5578.53 7400.25 0
v 5572.36 7395.99 0
v 5584.68 7391.03 0
v 5578.30 7387.07 0
v 5591.95 7378.60 0
v 5585.38 7374.99 0
v 5605.56 7353.05 0
v 5598.96 7349.47 0
v 5608.58 7347.91 0
v 5602.11 7344.11 0
v 4044.11 5896.79 0
v 4048.31 5890.57 0
v 4118.16 5946.77 0
v 4122.15 5940.42 0
v 4158.75 5968.93 0
v 4162.34 5962.35 0
v 3653.65 5830.80 0
v 3646.54 5833.19 0
v 3650.10 5820.30 0
v 3642.83 5822.16 0
v 3649.02 5812.89 0
v 3641.55 5813.52 0
v 3648.36 5799.23 0
v 3640.86 5799.14 0
v 3650.30 5697.19 0
v 3642.80 5697.05 0
v 3627.97 5266.25 0
v 3633.02 5260.71 0
v 3658.50 5294.04 0
v 3663.55 5288.50 0
v 3857.91 5483.58 0
v 3863.09 5478.16 0
v 3939.30 5561.36 0
v 3944.48 5555.93 0
v 3900.25 5600.73 0
v 3894.95 5606.04 0
v 3818.19 5518.83 0
v 3812.89 5524.14 0
v 705.39 2149.56 0
v 691.61 2152.05 0
v 695.99 2097.56 0
v 682.14 2099.58 0
v 690.98 2050.48 0
v 677.06 2051.96 0
v 3571.83 -134.46 0
v 3564.75 -136.94 0
v 3579.28 -155.76 0
v 3572.10 -157.93 0
v 3583.55 -173.32 0
v 3576.20 -174.82 0
v 3584.41 -181.13 0
v 3576.92 -181.41 0
v 3585.25 -216.94 0
v 3577.76 -217.33 0
v 3587.01 -231.52 0
v 3579.73 -233.32 0
v 3591.56 -242.96 0
v 3585.22 -246.96 0
v 3599.32 -251.34 0
v 3595.31 -257.68 0
v 3616.09 -258.17 0
v 3613.65 -265.27 0
v 3670.99 -275.87 0
v 3668.57 -282.96 0
v 3679.44 -279.94 0
v 3675.43 -286.28 0
v 3686.03 -285.33 0
v 3680.90 -290.80 0
v 3693.37 -293.01 0
v 3687.31 -297.43 0
v 3700.42 -305.04 0
v 3693.71 -308.39 0
v 3703.15 -312.71 0
v 3695.84 -314.37 0
v 3704.52 -322.88 0
v 3697.05 -323.46 0
v 3704.61 -332.90 0
v 3697.25 -331.44 0
v 3698.80 -351.79 0
v 3692.01 -348.61 0
v 3672.46 -401.95 0
v 3665.70 -398.69 0
v 3666.95 -417.70 0
v 3659.72 -415.69 0
v 3664.21 -431.69 0
v 3656.78 -430.73 0
v 3663.75 -442.33 0
v 3656.25 -442.34 0
v 3664.28 -453.09 0
v 3656.81 -453.78 0
v 3665.65 -463.37 0
v 3658.44 -465.42 0
v 3673.63 -485.79 0
v 3666.76 -488.80 0
v 3679.01 -494.26 0
v 3673.32 -499.14 0
v 3691.25 -506.13 0
v 3686.02 -511.51 0
v 4284.06 5781.04 0
v 4279.19 5786.74 0
v 4256.47 5757.43 0
v 4251.60 5763.13 0
v 4269.97 5805.65 0
v 4263.98 5801.14 0
v 4284.63 5786.14 0
v 4278.63 5781.64 0
v 3658.43 5293.97 0
v 3663.62 5288.57 0
v 3697.64 5331.66 0
v 3702.82 5326.24 0
v 3753.89 5385.35 0
v 3759.05 5379.90 0
v 3832.01 5459.04 0
v 3837.15 5453.58 0
v 706.48 1949.17 0
v 711.22 1954.98 0
v 700.94 1953.70 0
v 705.41 1959.72 0
v 656.97 1985.91 0
v 661.44 1991.93 0
v 649.10 1992.29 0
v 654.78 1997.19 0
v 646.24 1998.89 0
v 653.57 2000.48 0
v 646.30 2005.37 0
v 653.45 2003.11 0
v 662.17 2050.81 0
v 669.30 2048.48 0
v 664.27 2060.09 0
v 671.73 2059.31 0
v 678.85 2211.92 0
v 686.25 2210.66 0
v 693.85 2230.41 0
v 699.57 2225.56 0
v 693.33 2220.26 0
v 700.82 2220.62 0
v 692.97 2227.80 0
v 700.46 2228.16 0
v 1017.99 391.36 0
v 1010.50 391.73 0
v 1013.90 309.92 0
v 1006.41 310.30 0
v 5326.13 8596.01 0
v 5327.64 8588.66 0
v 5333.45 8597.48 0
v 5333.95 8589.99 0
v 5339.02 8596.54 0
v 5336.22 8589.58 0
v 5343.75 8593.49 0
v 5338.73 8587.93 0
v 5350.29 8586.58 0
v 5344.32 8582.04 0
v 5357.44 8575.56 0
v 5350.91 8571.87 0
v 5410.65 8479.68 0
v 5404.20 8475.85 0
v 5463.02 8397.82 0
v 5456.56 8394.00 0
v 5483.97 8355.72 0
v 5477.18 8352.51 0
v 5502.78 8313.70 0
v 5495.95 8310.61 0
v 5509.37 8299.47 0
v 5502.79 8295.87 0
v 5516.03 8289.44 0
v 5510.04 8284.92 0
v 5520.56 8284.38 0
v 5516.22 8278.26 0
v 5527.61 8281.16 0
v 5525.67 8273.91 0
v 5538.26 8279.80 0
v 5537.83 8272.31 0
v 5563.84 8279.14 0
v 5563.65 8271.64 0
v 5535.44 8026.27 0
v 5542.71 8028.10 0
v 5523.63 8073.19 0
v 5530.90 8075.02 0
v 5330.33 8593.80 0
v 5323.43 8590.87 0
v 5335.22 8582.20 0
v 5327.97 8580.27 0
v 5343.39 8544.79 0
v 5336.16 8542.77 0
v 5354.42 8513.22 0
v 5347.44 8510.48 0
v 5385.08 8438.78 0
v 5378.27 8435.63 0
v 5410.81 8391.35 0
v 5404.12 8387.96 0
v 5446.28 8317.79 0
v 5439.46 8314.69 0
v 5466.50 8268.68 0
v 5459.43 8266.18 0
v 5525.68 8092.93 0
v 5518.56 8090.56 0
v 5530.87 8075.15 0
v 5523.67 8073.05 0
v 4599.37 5994.33 0
v 4595.84 6000.95 0
v 4583.36 5985.80 0
v 4579.83 5992.42 0
v 4433.61 5967.35 0
v 4437.74 5961.09 0
v 4461.68 5985.85 0
v 4465.81 5979.59 0
v 4500.23 6011.40 0
v 4504.38 6005.15 0
v 4651.54 6010.01 0
v 4648.03 6016.64 0
v 4639.48 6003.62 0
v 4636.29 6010.41 0
v 4631.40 6000.59 0
v 4629.07 6007.72 0
v 4624.94 5998.87 0
v 4623.47 6006.23 0
v 4598.29 5993.95 0
v 4596.92 6001.33 0
v 4545.69 6075.14 0
v 4549.85 6068.89 0
v 4627.84 6129.82 0
v 4632.00 6123.58 0
v 4567.16 6050.38 0
v 4561.04 6046.05 0
v 4583.46 6027.36 0
v 4577.34 6023.03 0
v 4594.42 5995.65 0
v 4600.79 5999.63 0
v 4577.22 6023.21 0
v 4583.58 6027.18 0
v 4561.00 6046.09 0
v 4567.19 6050.34 0
v 4544.68 6069.89 0
v 4550.86 6074.14 0
v 4545.42 6082.76 0
v 4539.08 6078.76 0
v 4550.94 6074.02 0
v 4544.60 6070.01 0
v 5548.99 7220.37 0
v 5545.56 7233.94 0
v 5508.42 7210.14 0
v 5504.59 7223.60 0
v 5456.50 7194.05 0
v 5452.36 7207.42 0
v 4787.16 6709.67 0
v 4791.22 6703.36 0
v 4842.64 6745.34 0
v 4846.70 6739.03 0
v 5022.24 6884.44 0
v 5012.25 6894.24 0
v 4947.95 6808.76 0
v 4938.11 6818.72 0
v 4928.86 6792.16 0
v 4920.03 6803.02 0
v 4902.66 6771.95 0
v 4894.68 6783.45 0
v 4848.51 6736.33 0
v 4840.82 6748.03 0
v 3792.16 5968.74 0
v 3798.04 5964.07 0
v 3845.12 6035.34 0
v 3850.98 6030.66 0
v 3894.71 6097.40 0
v 3900.57 6092.72 0
v 1779.37 2542.44 0
v 1778.58 2538.26 0
v 1803.02 2537.98 0
v 1802.91 2533.73 0
v 1811.35 2541.46 0
v 1813.14 2537.61 0
v 1832.61 2552.03 0
v 1834.74 2548.36 0
v 1873.79 2577.75 0
v 1876.28 2574.31 0
v 1951.04 2637.47 0
v 1953.63 2634.10 0
v 1970.19 2651.91 0
v 1972.62 2648.42 0
v 2004.63 2674.81 0
v 2006.99 2671.27 0
v 3702.40 5889.94 0
v 3710.50 5878.52 0
v 3707.77 5893.74 0
v 3715.87 5882.32 0
v 3733.54 5895.03 0
v 3725.37 5906.39 0
v 3715.91 5882.35 0
v 3707.74 5893.72 0
v 3725.47 5906.46 0
v 3733.45 5894.96 0
v 3732.11 5911.08 0
v 3740.10 5899.58 0
v 3797.15 5969.55 0
v 3793.05 5963.27 0
v 3854.29 5932.33 0
v 3850.12 5926.10 0
v 3916.26 5889.80 0
v 3912.02 5883.62 0
v 3819.07 5818.90 0
v 3822.67 5825.47 0
v 3773.70 5843.79 0
v 3777.54 5850.24 0
v 3767.86 5849.58 0
v 3773.40 5854.64 0
v 3762.47 5855.94 0
v 3768.77 5860.02 0
v 3732.92 5903.34 0
v 3739.29 5907.31 0
v 3798.02 5964.06 0
v 3792.18 5968.76 0
v 3767.90 5926.58 0
v 3762.11 5931.35 0
v 3760.62 5918.69 0
v 3755.54 5924.21 0
v 3750.86 5910.85 0
v 3746.42 5916.90 0
v 3738.22 5902.23 0
v 3733.99 5908.43 0
v 5058.56 6851.17 0
v 5052.30 6847.05 0
v 5087.57 6807.03 0
v 5081.30 6802.91 0
v 4089.39 6082.31 0
v 4083.10 6078.24 0
v 4113.44 6045.16 0
v 4107.15 6041.08 0
v 4126.26 6025.50 0
v 4119.98 6021.40 0
v 4184.30 6140.19 0
v 4180.17 6146.45 0
v 4111.86 6092.42 0
v 4107.74 6098.69 0
v 4088.29 6077.13 0
v 4084.21 6083.42 0
v 4277.26 6376.72 0
v 4282.91 6381.66 0
v 4269.61 6385.48 0
v 4275.71 6389.85 0
v 4250.29 6414.34 0
v 4256.58 6418.43 0
v 4230.37 6445.75 0
v 4236.70 6449.77 0
v 707.81 1002.39 0
v 704.29 1004.77 0
v 702.25 994.20 0
v 698.80 996.68 0
v 699.12 990.35 0
v 696.04 993.27 0
v 694.84 986.38 0
v 692.18 989.70 0
v 687.69 981.14 0
v 685.18 984.57 0
v 687.45 984.72 0
v 685.41 980.99 0
v 696.86 979.59 0
v 694.67 975.94 0
v 700.04 977.09 0
v 696.98 974.13 0
v 708.14 968.01 0
v 704.97 965.18 0
v 712.83 1147.87 0
v 708.59 1148.19 0
v 708.21 1087.29 0
v 703.97 1087.43 0
v 708.17 1003.58 0
v 703.92 1003.58 0
v 708.17 1003.64 0
v 703.92 1003.51 0
v 708.69 986.77 0
v 704.44 986.64 0
v 707.28 983.02 0
v 705.85 990.39 0
v 688.86 979.44 0
v 687.46 986.81 0
v 687.00 979.15 0
v 685.86 986.57 0
v 668.81 984.82 0
v 669.58 977.36 0
v 686.05 986.59 0
v 686.81 979.13 0
v 708.69 986.70 0
v 704.44 986.71 0
v 708.68 966.59 0
v 704.43 966.59 0
v 708.68 966.62 0
v 704.43 966.57 0
v 709.59 882.49 0
v 705.35 882.75 0
v 700.36 827.94 0
v 696.16 828.61 0
v 696.72 800.68 0
v 692.51 801.24 0
v 4442.22 6237.02 0
v 4445.52 6230.29 0
v 4532.71 6281.37 0
v 4536.01 6274.64 0
v 4532.27 6281.12 0
v 4536.44 6274.89 0
v 4636.59 6350.83 0
v 4640.76 6344.59 0
v 4606.88 6162.80 0
v 4611.15 6156.63 0
v 4711.31 6235.07 0
v 4715.58 6228.90 0
v 4480.01 6178.08 0
v 4483.85 6171.64 0
v 4565.12 6228.85 0
v 4568.96 6222.41 0
v 4626.75 6124.70 0
v 4633.09 6128.71 0
v 4605.85 6157.71 0
v 4612.19 6161.72 0
v 4734.25 6193.86 0
v 4740.50 6198.01 0
v 4710.32 6229.91 0
v 4716.57 6234.06 0
v 4531.06 6276.22 0
v 4537.66 6279.78 0
v 4494.77 6343.51 0
v 4501.38 6347.07 0
v 4563.86 6223.64 0
v 4570.22 6227.61 0
v 4531.18 6276.02 0
v 4537.54 6279.99 0
v 4603.67 6409.41 0
v 4597.35 6405.37 0
v 4641.83 6349.73 0
v 4635.52 6345.69 0
v 4673.23 6287.10 0
v 4679.53 6291.16 0
v 4635.52 6345.68 0
v 4641.83 6349.74 0
v 4602.45 6404.18 0
v 4598.56 6410.60 0
v 4500.02 6342.08 0
v 4496.13 6348.49 0
v 8505.07 -719.59 0
v 8505.11 -712.09 0
v 8476.21 -719.47 0
v 8476.12 -711.97 0
v 8450.47 -720.26 0
v 8450.14 -712.77 0
v 8409.34 -722.45 0
v 8408.86 -714.97 0
v 8391.12 -724.03 0
v 8390.34 -716.58 0
v 8344.63 -729.26 0
v 8343.82 -721.80 0
v 8318.30 -731.96 0
v 8317.67 -724.49 0
v 8304.20 -732.67 0
v 8304.00 -725.17 0
v 8299.23 -732.45 0
v 8299.76 -724.97 0
v 8284.20 -731.28 0
v 8285.02 -723.82 0
v 8264.72 -728.64 0
v 8265.98 -721.25 0
v 8249.25 -725.32 0
v 8251.05 -718.04 0
v 8234.94 -721.30 0
v 8237.18 -714.14 0
v 8223.88 -717.41 0
v 8226.49 -710.38 0
v 8218.27 -715.11 0
v 8221.39 -708.29 0
v 8192.27 -702.99 0
v 8195.51 -696.22 0
v 8169.67 -691.88 0
v 8173.05 -685.18 0
v 8062.96 -637.68 0
v 8066.37 -631.00 0
v 8030.61 -620.84 0
v 8034.09 -614.20 0
v 8024.94 -617.71 0
v 8029.00 -611.40 0
v 8014.07 -610.20 0
v 8018.47 -604.13 0
v 8004.84 -603.11 0
v 8009.79 -597.47 0
v 7995.35 -593.82 0
v 8000.73 -588.59 0
v 7983.31 -580.95 0
v 7988.82 -575.86 0
v 7968.92 -565.23 0
v 7974.42 -560.12 0
v 7966.43 -562.75 0
v 7971.21 -556.97 0
v 7959.98 -557.86 0
v 7964.36 -551.77 0
v 7955.22 -554.67 0
v 7959.22 -548.33 0
v 7946.13 -549.14 0
v 7949.77 -542.57 0
v 7938.11 -545.19 0
v 7941.07 -538.29 0
v 7928.61 -541.65 0
v 7931.09 -534.57 0
v 7924.25 -540.32 0
v 7926.01 -533.03 0
v 7911.01 -537.40 0
v 7912.17 -529.99 0
v 7885.26 -534.23 0
v 7885.98 -526.76 0
v 7869.98 -533.43 0
v 7870.29 -525.93 0
v 7865.85 -533.43 0
v 7865.73 -525.93 0
v 7859.71 -533.59 0
v 7859.04 -526.12 0
v 7852.36 -534.64 0
v 7851.15 -527.24 0
v 7842.37 -536.42 0
v 7840.74 -529.10 0
v 7832.75 -539.02 0
v 7831.22 -531.68 0
v 7823.03 -540.44 0
v 7822.25 -532.98 0
v 7809.28 -541.48 0
v 7809.12 -533.98 0
v 7797.94 -540.97 0
v 7798.55 -533.50 0
v 7779.73 -539.06 0
v 7781.06 -531.68 0
v 7762.08 -534.50 0
v 7764.42 -527.37 0
v 7741.95 -526.68 0
v 7744.89 -519.78 0
v 7729.40 -520.57 0
v 7733.17 -514.09 0
v 7718.74 -513.20 0
v 7723.12 -507.12 0
v 7707.27 -504.62 0
v 7711.91 -498.74 0
v 7689.60 -490.19 0
v 7694.25 -484.31 0
v 7680.66 -483.57 0
v 7684.94 -477.41 0
v 7671.66 -477.71 0
v 7675.21 -471.10 0
v 7661.75 -473.41 0
v 7664.39 -466.39 0
v 7649.48 -469.41 0
v 7651.43 -462.17 0
v 7638.91 -467.25 0
v 7639.82 -459.80 0
v 7627.23 -466.70 0
v 7627.50 -459.20 0
v 7621.70 -466.63 0
v 7621.56 -459.13 0
v 7570.35 -467.75 0
v 7570.31 -460.25 0
v 7555.60 -466.90 0
v 7556.17 -459.42 0
v 7539.49 -465.41 0
v 7540.42 -457.97 0
v 7520.83 -462.52 0
v 7522.28 -455.16 0
v 7443.47 -446.42 0
v 7445.07 -439.10 0
v 7423.60 -441.20 0
v 7425.75 -434.01 0
v 7408.34 -435.91 0
v 7411.22 -428.98 0
v 7349.47 -410.44 0
v 7352.37 -403.53 0
v 7337.30 -406.04 0
v 7339.29 -398.81 0
v 7325.29 -403.80 0
v 7326.33 -396.38 0
v 7314.94 -402.90 0
v 7315.09 -395.40 0
v 7292.25 -403.16 0
v 7292.46 -395.66 0
v 7268.51 -401.54 0
v 7269.21 -394.07 0
v 7254.67 -399.63 0
v 7256.04 -392.25 0
v 7233.90 -395.11 0
v 7235.75 -387.84 0
v 7220.69 -390.98 0
v 7223.39 -383.98 0
v 7149.35 -362.48 0
v 7151.66 -355.34 0
v 6981.33 -313.25 0
v 6983.42 -306.05 0
v 6969.04 -310.36 0
v 6970.19 -302.94 0
v 6953.96 -309.03 0
v 6954.11 -301.53 0
v 6901.15 -309.08 0
v 6901.14 -301.58 0
v 6885.00 -309.17 0
v 6885.15 -301.67 0
v 6860.40 -308.24 0
v 6860.90 -300.76 0
v 6795.63 -303.16 0
v 6796.17 -295.68 0
v 6725.08 -298.44 0
v 6725.77 -290.98 0
v 6695.53 -293.90 0
v 6697.25 -286.60 0
v 6507.27 -247.03 0
v 6509.09 -239.75 0
v 6467.96 -236.95 0
v 6469.70 -229.66 0
v 6461.93 -236.11 0
v 6462.48 -228.63 0
v 6454.48 -235.99 0
v 6454.29 -228.49 0
v 6447.30 -236.48 0
v 6446.21 -229.06 0
v 6386.77 -245.95 0
v 6385.65 -238.54 0
v 6380.25 -246.60 0
v 6380.22 -239.10 0
v 6366.29 -246.05 0
v 6366.88 -238.57 0
v 6356.26 -244.66 0
v 6357.91 -237.35 0
v 6344.95 -241.22 0
v 6347.68 -234.24 0
v 6330.36 -234.56 0
v 6334.14 -228.08 0
v 6303.70 -217.14 0
v 6308.14 -211.09 0
v 6294.66 -208.36 0
v 6299.90 -202.99 0
v 5362.36 7152.61 0
v 5355.79 7148.99 0
v 5387.13 7107.63 0
v 5380.38 7104.37 0
v 5387.66 7098.34 0
v 5380.38 7100.11 0
v 5383.20 7089.65 0
v 5377.58 7094.62 0
v 5303.31 7002.23 0
v 5297.68 7007.20 0
v 5253.47 6942.67 0
v 5247.72 6947.49 0
v 5245.49 6933.15 0
v 5239.54 6937.70 0
v 5201.67 6874.95 0
v 5195.46 6879.16 0
v 5121.60 6751.05 0
v 5117.59 6757.39 0
v 5081.35 6802.84 0
v 5087.51 6807.11 0
v 3632.99 5260.68 0
v 3628.01 5266.29 0
v 3591.84 5224.17 0
v 3586.86 5229.78 0
v 3618.96 5276.75 0
v 3606.15 5282.40 0
v 3595.75 5224.15 0
v 3582.94 5229.80 0
v 2048.99 2758.38 0
v 2046.55 2761.86 0
v 2040.07 2752.13 0
v 2037.39 2755.42 0
v 1998.27 2717.03 0
v 1995.39 2720.15 0
v 1974.08 2691.11 0
v 1970.91 2693.94 0
v 1964.58 2679.20 0
v 1961.23 2681.81 0
v 1958.20 2670.69 0
v 1954.85 2673.31 0
v 1925.57 2629.30 0
v 1922.23 2631.93 0
v 2183.21 2743.60 0
v 2184.71 2750.95 0
v 2109.74 2758.58 0
v 2111.04 2765.97 0
v 2082.54 2761.27 0
v 2082.89 2768.76 0
v 2062.24 2760.87 0
v 2061.20 2768.30 0
v 2048.91 2756.55 0
v 2046.62 2763.69 0
v 3899.86 6098.08 0
v 3895.42 6092.04 0
v 3937.66 6070.29 0
v 3932.46 6064.88 0
v 3951.54 6048.36 0
v 3945.19 6044.38 0
v 3982.96 5998.06 0
v 3976.60 5994.09 0
v 5123.07 52.62 0
v 5124.98 45.37 0
v 5148.43 59.30 0
v 5150.18 52.00 0
v 5157.89 60.94 0
v 5158.87 53.50 0
v 5174.53 62.72 0
v 5174.97 55.23 0
v 5185.92 62.52 0
v 5184.77 55.10 0
v 5213.56 56.76 0
v 5212.15 49.40 0
v 5228.82 54.32 0
v 5227.93 46.87 0
v 5234.00 54.27 0
v 5234.22 46.77 0
v 5292.92 56.24 0
v 5293.13 48.75 0
v 5334.78 57.00 0
v 5334.77 49.50 0
v 5342.53 56.13 0
v 5341.31 48.73 0
v 5351.32 54.33 0
v 5349.81 46.99 0
v 5356.00 53.37 0
v 5354.73 45.98 0
v 5361.99 52.49 0
v 5360.42 45.16 0
v 5378.93 48.45 0
v 5377.04 41.19 0
v 5407.27 40.74 0
v 5405.38 33.48 0
v 5424.66 36.57 0
v 5423.12 29.23 0
v 5438.77 34.11 0
v 5437.97 26.66 0
v 5470.81 31.63 0
v 5470.33 24.15 0
v 5500.52 30.19 0
v 5500.09 22.70 0
v 5557.17 26.66 0
v 5556.70 19.17 0
v 5583.73 25.01 0
v 5583.20 17.53 0
v 5634.09 21.20 0
v 5633.26 13.74 0
v 5654.93 17.10 0
v 5653.28 9.79 0
v 5664.45 14.33 0
v 5661.95 7.26 0
v 5670.45 11.61 0
v 5667.04 4.93 0
v 5675.73 8.60 0
v 5671.80 2.21 0
v 5681.16 5.01 0
v 5676.45 -0.83 0
v 5688.26 -1.49 0
v 5683.04 -6.87 0
v 5698.13 -11.42 0
v 5692.98 -16.87 0
v 5700.32 -13.03 0
v 5696.63 -19.55 0
v 5713.04 -19.78 0
v 5710.32 -26.77 0
v 5762.58 -37.21 0
v 5760.18 -44.32 0
v 5792.32 -46.50 0
v 5790.16 -53.69 0
v 5800.69 -48.65 0
v 5799.10 -55.98 0
v 5815.19 -51.46 0
v 5813.92 -58.85 0
v 5822.50 -52.43 0
v 5822.13 -59.92 0
v 5834.75 -52.44 0
v 5835.23 -59.92 0
v 5920.77 -46.09 0
v 5921.36 -53.56 0
v 5999.95 -39.25 0
v 6000.76 -46.71 0
v 6022.55 -35.13 0
v 6024.83 -42.28 0
v 6047.70 -24.01 0
v 6050.51 -30.96 0
v 6062.15 -19.15 0
v 6063.95 -26.43 0
v 6073.52 -17.78 0
v 6073.01 -25.26 0
v 6093.52 -21.13 0
v 6091.92 -28.46 0
v 6106.45 -25.09 0
v 6102.80 -31.65 0
v 6153.62 -54.44 0
v 6149.55 -60.74 0
v 6187.40 -77.29 0
v 6183.15 -83.47 0
v 6199.39 -85.92 0
v 6194.70 -91.78 0
v 6209.26 -94.79 0
v 6204.04 -100.18 0
v 6217.43 -103.38 0
v 6211.76 -108.29 0
v 6224.42 -112.30 0
v 6218.25 -116.57 0
v 6234.51 -128.03 0
v 6228.08 -131.88 0
v 6241.83 -141.32 0
v 6235.34 -145.09 0
v 6250.29 -155.19 0
v 6244.12 -159.44 0
v 6257.47 -164.10 0
v 6252.01 -169.25 0
v 6274.56 -180.90 0
v 6269.51 -186.44 0
v 6293.77 -197.23 0
v 6288.85 -202.88 0
v 6299.85 -202.95 0
v 6294.70 -208.41 0
v 4384.04 5834.73 0
v 4388.14 5828.46 0
v 4480.38 5897.68 0
v 4484.48 5891.40 0
v 3863.18 5483.49 0
v 3857.82 5478.25 0
v 3950.81 5393.87 0
v 3945.45 5388.63 0
v 3988.33 5344.84 0
v 3993.69 5350.09 0
v 3945.45 5388.62 0
v 3950.81 5393.87 0
v 3950.94 5388.76 0
v 3945.32 5393.73 0
v 3940.06 5376.48 0
v 3934.44 5381.45 0
v 2003.73 2673.50 0
v 2007.89 2672.59 0
v 2009.17 2698.41 0
v 2013.32 2697.51 0
v 3649.25 5699.72 0
v 3643.85 5694.52 0
v 3725.23 5620.68 0
v 3719.83 5615.48 0
v 3818.24 5524.09 0
v 3812.84 5518.89 0
v 3653.55 5697.25 0
v 3639.55 5697.00 0
v 3655.33 5597.97 0
v 3641.33 5597.70 0
v 3655.69 5583.77 0
v 3641.72 5582.81 0
v 3657.07 5571.34 0
v 3643.48 5567.98 0
v 3677.59 5495.58 0
v 3664.02 5492.14 0
v 3680.43 5478.75 0
v 3666.51 5477.32 0
v 3681.63 5456.53 0
v 3667.63 5456.71 0
v 3679.85 5430.21 0
v 3665.89 5431.16 0
v 3828.31 5466.03 0
v 3823.67 5460.15 0
v 3836.90 5459.26 0
v 3832.26 5453.37 0
v 3863.08 5478.15 0
v 3857.92 5483.59 0
v 3837.16 5453.59 0
v 3832.00 5459.03 0
v 6602.68 6034.87 0
v 6596.83 6030.17 0
v 6612.90 6022.14 0
v 6607.05 6017.44 0
v 6742.53 5439.66 0
v 6749.75 5441.69 0
v 6727.29 5493.89 0
v 6734.55 5495.77 0
v 6724.57 5508.78 0
v 6731.99 5509.85 0
v 6721.68 5532.45 0
v 6729.13 5533.36 0
v 6721.23 5536.12 0
v 6728.70 5536.78 0
v 6719.73 5554.50 0
v 6727.14 5555.66 0
v 6713.78 5583.29 0
v 6721.17 5584.56 0
v 6707.95 5622.71 0
v 6715.38 5623.73 0
v 6705.60 5642.67 0
v 6713.06 5643.42 0
v 6705.12 5651.15 0
v 6712.60 5650.70 0
v 6708.87 5697.33 0
v 6716.33 5696.50 0
v 6713.84 5729.72 0
v 6721.29 5728.81 0
v 6715.27 5749.93 0
v 6722.77 5749.79 0
v 6714.39 5758.25 0
v 6721.80 5759.42 0
v 6707.13 5800.84 0
v 6714.50 5802.23 0
v 6705.73 5805.35 0
v 6712.30 5808.97 0
v 6677.47 5854.26 0
v 6684.02 5857.90 0
v 6670.50 5868.77 0
v 6677.40 5871.70 0
v 6664.65 5884.44 0
v 6671.68 5887.06 0
v 6749.80 5441.49 0
v 6742.48 5439.85 0
v 6752.65 5428.79 0
v 6745.33 5427.15 0
v 5865.07 7321.38 0
v 5860.01 7315.84 0
v 5873.24 7313.90 0
v 5868.38 7308.19 0
v 5907.98 7284.87 0
v 5903.01 7279.25 0
v 5955.88 7240.74 0
v 5950.59 7235.43 0
v 5978.94 7214.07 0
v 5972.98 7209.52 0
v 6001.79 7180.61 0
v 5995.60 7176.38 0
v 6005.70 7174.82 0
v 6000.00 7169.94 0
v 6020.06 7159.28 0
v 6014.93 7153.81 0
v 6030.64 7151.39 0
v 6026.47 7145.16 0
v 6038.77 7146.79 0
v 6035.60 7139.99 0
v 6050.95 7142.00 0
v 6047.79 7135.19 0
v 6060.55 7136.66 0
v 6056.51 7130.34 0
v 6070.73 7129.29 0
v 6065.42 7123.99 0
v 6107.86 7089.31 0
v 6102.23 7084.35 0
v 6124.59 7068.13 0
v 6118.52 7063.72 0
v 6139.63 7045.53 0
v 6133.28 7041.55 0
v 6146.56 7032.94 0
v 6139.65 7030.04 0
v 6155.98 7006.53 0
v 6148.77 7004.49 0
v 6162.26 6977.46 0
v 6154.93 6975.88 0
v 6162.23 6977.60 0
v 6154.96 6975.74 0
v 6179.24 6911.04 0
v 6171.98 6909.18 0
v 8156.79 1994.66 0
v 8153.22 1988.06 0
v 8185.73 1979.00 0
v 8182.23 1972.37 0
v 8193.01 1975.48 0
v 8190.25 1968.51 0
v 8206.07 1970.95 0
v 8204.01 1963.74 0
v 8229.56 1965.08 0
v 8227.20 1957.96 0
v 8238.59 1959.99 0
v 8234.20 1953.91 0
v 8256.60 1945.75 0
v 8252.38 1939.55 0
v 8266.40 1940.90 0
v 8263.86 1933.85 0
v 8274.17 1939.44 0
v 8273.37 1931.99 0
v 8285.94 1938.90 0
v 8285.94 1931.40 0
v 8308.14 1939.48 0
v 8308.18 1931.98 0
v 8333.66 1939.13 0
v 8333.02 1931.66 0
v 8349.92 1935.85 0
v 8347.84 1928.65 0
v 8381.17 1925.46 0
v 8379.13 1918.25 0
v 8401.93 1921.12 0
v 8400.81 1913.71 0
v 8428.96 1918.22 0
v 8428.64 1910.73 0
v 8444.73 1919.31 0
v 8445.11 1911.82 0
v 8452.00 1919.38 0
v 8451.56 1911.89 0
v 8458.72 1918.45 0
v 8457.04 1911.14 0
v 8524.65 1902.78 0
v 8523.22 1895.41 0
v 8558.45 1898.95 0
v 8557.70 1891.49 0
v 8565.17 1898.71 0
v 8565.41 1891.22 0
v 8578.21 1899.59 0
v 8579.23 1892.16 0
v 8593.53 1902.60 0
v 8595.35 1895.32 0
v 8605.72 1906.44 0
v 8608.48 1899.47 0
v 8656.25 1927.54 0
v 8659.11 1920.61 0
v 8660.90 1929.20 0
v 8663.24 1922.07 0
v 8675.80 1933.95 0
v 8677.96 1926.77 0
v 8680.38 1935.04 0
v 8681.84 1927.68 0
v 8691.26 1937.04 0
v 8692.04 1929.58 0
v 8699.34 1936.79 0
v 8697.51 1929.52 0
v 8706.53 1933.19 0
v 8702.30 1926.99 0
v 8718.82 1923.77 0
v 8714.11 1917.93 0
v 8722.85 1919.97 0
v 8717.20 1915.03 0
v 8726.13 1915.40 0
v 8719.70 1911.53 0
v 8728.11 1911.18 0
v 8721.03 1908.72 0
v 8730.07 1904.18 0
v 8722.71 1902.71 0
v 8736.51 1869.41 0
v 8729.23 1867.60 0
v 8746.08 1839.94 0
v 8739.13 1837.14 0
v 8755.65 1821.81 0
v 8749.31 1817.79 0
v 8764.28 1811.09 0
v 8759.34 1805.45 0
v 8793.96 1788.47 0
v 8788.86 1782.96 0
v 8815.66 1763.36 0
v 8809.44 1759.18 0
v 8916.99 1605.57 0
v 8910.60 1601.65 0
v 8927.13 1581.83 0
v 8920.09 1579.24 0
v 8933.91 1559.81 0
v 8926.81 1557.39 0
v 8942.82 1535.66 0
v 8936.04 1532.46 0
v 8948.87 1527.87 0
v 8943.12 1523.05 0
v 8967.67 1506.15 0
v 8961.59 1501.76 0
v 8979.86 1484.75 0
v 8972.89 1481.99 0
v 8985.07 1462.27 0
v 8977.69 1460.96 0
v 8986.34 1448.54 0
v 8978.87 1447.86 0
v 8143.14 2002.08 0
v 8139.56 1995.49 0
v 8156.79 1994.66 0
v 8153.21 1988.07 0
v 6613.01 6021.99 0
v 6606.95 6017.58 0
v 6616.56 6017.09 0
v 6610.06 6013.33 0
v 6628.99 5994.38 0
v 6622.23 5991.13 0
v 6654.11 5939.11 0
v 6647.22 5936.15 0
v 6660.03 5922.20 0
v 6652.93 5919.81 0
v 6671.72 5886.93 0
v 6664.60 5884.57 0
v 12064.56 -197.07 0
v 12059.14 -191.89 0
v 12060.92 -200.76 0
v 12054.50 -196.87 0
v 12051.37 -218.97 0
v 12044.55 -215.86 0
v 12033.40 -261.27 0
v 12026.41 -258.53 0
v 12027.27 -280.54 0
v 12020.20 -278.04 0
v 12015.65 -311.18 0
v 12008.95 -307.80 0
v 12006.68 -321.03 0
v 12001.38 -315.72 0
v 11995.76 -331.17 0
v 11991.45 -325.03 0
v 11976.08 -342.55 0
v 11972.82 -335.79 0
v 11947.44 -354.43 0
v 11945.45 -347.20 0
v 11906.91 -361.59 0
v 11905.76 -354.18 0
v 11886.17 -363.96 0
v 11886.32 -356.46 0
v 11644.19 -356.22 0
v 11644.44 -348.72 0
v 11634.60 -355.34 0
v 11636.45 -348.07 0
v 11602.83 -345.70 0
v 11606.05 -338.93 0
v 11556.74 -318.38 0
v 11560.35 -311.81 0
v 11542.92 -312.69 0
v 11544.67 -305.40 0
v 11516.54 -308.83 0
v 11517.33 -301.37 0
v 11495.59 -307.72 0
v 11496.36 -300.26 0
v 11474.96 -304.51 0
v 11476.69 -297.22 0
v 11381.05 -280.59 0
v 11382.75 -273.28 0
v 11365.90 -279.11 0
v 11366.03 -271.61 0
v 11320.57 -279.54 0
v 11320.02 -272.06 0
v 11295.33 -284.23 0
v 11293.40 -276.98 0
v 11221.78 -305.97 0
v 11219.77 -298.74 0
v 11204.06 -309.53 0
v 11203.10 -302.10 0
v 11179.86 -311.42 0
v 11179.63 -303.93 0
v 11062.76 -313.77 0
v 11062.52 -306.28 0
v 11037.97 -316.09 0
v 11037.06 -308.64 0
v 11004.35 -321.00 0
v 11003.71 -313.52 0
v 10988.90 -320.02 0
v 10990.98 -312.81 0
v 10872.51 -283.21 0
v 10874.72 -276.04 0
v 10852.93 -278.23 0
v 10854.78 -270.96 0
v 10417.73 -285.43 0
v 10413.14 -291.37 0
v 10421.56 -288.42 0
v 10417.64 -294.82 0
v 10428.79 -292.29 0
v 10426.44 -299.41 0
v 10443.87 -295.74 0
v 10442.65 -303.14 0
v 10453.76 -296.41 0
v 10453.47 -303.91 0
v 10463.45 -296.48 0
v 10463.93 -303.97 0
v 10473.75 -295.17 0
v 10475.44 -302.48 0
v 10486.90 -291.03 0
v 10489.34 -298.12 0
v 10492.89 -288.57 0
v 10495.55 -295.59 0
v 10527.58 -275.61 0
v 10530.00 -282.71 0
v 10544.38 -271.07 0
v 10546.14 -278.36 0
v 10565.26 -266.47 0
v 10566.53 -273.86 0
v 10598.39 -261.78 0
v 10599.17 -269.24 0
v 10709.02 -251.49 0
v 10709.64 -258.97 0
v 10731.13 -250.90 0
v 10731.10 -258.40 0
v 10762.28 -251.67 0
v 10761.31 -259.11 0
v 10817.38 -262.03 0
v 10815.85 -269.37 0
v 10854.72 -270.95 0
v 10852.98 -278.25 0
v 10121.57 45.88 0
v 10121.43 38.38 0
v 10164.19 45.12 0
v 10164.14 37.62 0
v 10187.71 45.41 0
v 10187.49 37.92 0
v 10198.64 44.06 0
v 10197.13 36.71 0
v 10208.18 41.23 0
v 10205.46 34.24 0
v 10217.95 36.55 0
v 10214.16 30.07 0
v 10225.34 31.20 0
v 10220.94 25.13 0
v 10234.80 24.36 0
v 10229.90 18.68 0
v 10245.08 14.13 0
v 10239.42 9.22 0
v 10252.36 4.09 0
v 10246.03 0.07 0
v 10257.96 -6.16 0
v 10251.20 -9.40 0
v 10277.61 -48.68 0
v 10270.81 -51.83 0
v 6752.66 5428.73 0
v 6745.32 5427.20 0
v 6753.67 5423.90 0
v 6746.29 5422.53 0
v 6756.37 5408.46 0
v 6748.88 5408.11 0
v 6763.84 5206.28 0
v 6756.34 5206.22 0
v 6758.25 5143.28 0
v 6750.81 5144.26 0
v 6748.49 5088.76 0
v 6741.04 5089.60 0
v 6749.38 5065.18 0
v 6741.96 5064.11 0
v 6759.40 5014.01 0
v 6751.98 5012.92 0
v 6759.45 4996.22 0
v 6751.96 4996.48 0
v 6757.14 4947.84 0
v 6749.67 4948.51 0
v 6752.35 4916.96 0
v 6744.96 4918.25 0
v 6745.71 4882.09 0
v 6738.33 4883.44 0
v 6743.58 4868.97 0
v 6736.12 4869.78 0
v 6741.13 4840.02 0
v 6733.67 4840.83 0
v 6738.74 4824.54 0
v 6731.31 4825.52 0
v 6736.14 4802.17 0
v 6728.67 4802.86 0
v 6735.26 4786.77 0
v 6727.76 4787.09 0
v 6733.90 4749.50 0
v 6726.40 4749.62 0
v 6734.35 4732.11 0
v 6726.87 4731.48 0
v 6736.35 4720.31 0
v 6728.98 4718.94 0
v 6739.26 4705.78 0
v 6731.87 4704.51 0
v 6741.12 4692.40 0
v 6733.64 4691.77 0
v 6741.57 4678.34 0
v 6734.08 4678.52 0
v 6740.48 4665.44 0
v 6733.05 4666.47 0
v 6732.85 4615.70 0
v 6725.41 4616.69 0
v 6722.13 4527.71 0
v 6714.70 4528.79 0
v 6709.51 4454.88 0
v 6702.14 4456.28 0
v 6698.85 4405.36 0
v 6691.59 4407.24 0
v 6678.07 4333.57 0
v 6670.82 4335.50 0
v 6659.40 4256.76 0
v 6652.20 4258.88 0
v 6647.76 4230.98 0
v 6641.03 4234.28 0
v 6637.80 4212.62 0
v 6630.95 4215.67 0
v 6626.72 4183.89 0
v 6619.60 4186.26 0
v 6624.47 4172.56 0
v 6617.09 4173.90 0
v 6623.18 4164.40 0
v 6615.70 4164.88 0
v 6622.86 4147.41 0
v 6615.37 4147.19 0
v 6624.87 4107.00 0
v 6617.40 4106.36 0
v 6633.99 4017.29 0
v 6626.51 4016.77 0
v 6634.04 3975.43 0
v 6626.55 3975.75 0
v 6630.21 3929.14 0
v 6622.88 3930.73 0
v 6597.67 3807.55 0
v 6590.42 3809.49 0
v 6596.88 3804.29 0
v 6589.49 3805.60 0
v 6595.06 3792.78 0
v 6587.59 3793.45 0
v 6594.82 3782.18 0
v 6587.39 3781.15 0
v 6598.92 3764.94 0
v 6591.87 3762.39 0
v 6613.50 3730.74 0
v 6606.70 3727.58 0
v 6624.75 3709.42 0
v 6618.11 3705.94 0
v 6635.12 3689.46 0
v 6628.58 3685.78 0
v 6648.79 3666.69 0
v 6642.50 3662.60 0
v 6657.74 3654.67 0
v 6652.26 3649.55 0
v 6677.02 3636.47 0
v 6672.15 3630.78 0
v 6685.65 3630.72 0
v 6682.07 3624.13 0
v 6697.91 3625.19 0
v 6695.46 3618.10 0
v 6720.59 3618.69 0
v 6718.96 3611.37 0
v 6782.14 3606.46 0
v 6780.97 3599.06 0
v 6813.54 3604.01 0
v 6813.25 3596.51 0
v 6826.69 3604.62 0
v 6828.36 3597.31 0
v 6864.93 3615.92 0
v 6866.96 3608.70 0
v 6880.26 3619.70 0
v 6881.82 3612.37 0
v 6899.81 3623.36 0
v 6900.97 3615.95 0
v 6906.22 3623.78 0
v 6906.69 3616.29 0
v 6596.72 6030.32 0
v 6602.78 6034.73 0
v 6581.81 6050.90 0
v 6587.09 6056.23 0
v 6508.16 6118.17 0
v 6513.15 6123.76 0
v 6487.07 6135.52 0
v 6491.84 6141.30 0
v 6482.20 6139.62 0
v 6486.42 6145.82 0
v 6476.30 6142.85 0
v 6479.99 6149.38 0
v 6452.18 6156.56 0
v 6455.49 6163.29 0
v 6361.02 6199.45 0
v 6364.07 6206.30 0
v 6292.81 6227.60 0
v 6295.61 6234.56 0
v 6276.91 6233.27 0
v 6278.92 6240.49 0
v 6178.56 6259.32 0
v 6180.30 6266.62 0
v 6105.81 6274.03 0
v 6107.02 6281.43 0
v 6047.97 6280.80 0
v 6048.56 6288.28 0
v 5927.44 6288.09 0
v 5927.82 6295.58 0
v 5914.35 6287.74 0
v 5913.69 6295.21 0
v 5842.00 6280.53 0
v 5841.15 6287.98 0
v 5823.80 6277.41 0
v 5822.54 6284.80 0
v 5823.23 6277.36 0
v 5823.11 6284.85 0
v 5811.65 6277.17 0
v 5811.97 6284.67 0
v 5806.09 6278.16 0
v 5807.94 6285.43 0
v 5802.01 6279.60 0
v 5805.01 6286.47 0
v 5796.21 6282.46 0
v 5800.09 6288.88 0
v 5791.01 6286.27 0
v 5795.91 6291.94 0
v 5786.61 6290.77 0
v 5792.46 6295.46 0
v 5783.62 6295.48 0
v 5790.20 6299.06 0
v 5781.55 6300.02 0
v 5788.58 6302.64 0
v 5779.85 6305.67 0
v 5787.25 6306.92 0
v 5779.37 6312.69 0
v 5786.87 6312.99 0
v 5779.32 6318.37 0
v 5786.81 6317.97 0
v 5780.05 6324.60 0
v 5787.35 6322.88 0
v 5782.10 6330.22 0
v 5789.03 6327.36 0
v 5784.22 6334.73 0
v 5790.69 6330.95 0
v 5787.47 6339.38 0
v 5793.30 6334.67 0
v 5790.22 6342.06 0
v 5794.78 6336.11 0
v 5805.92 6353.66 0
v 5809.90 6347.31 0
v 5896.73 6408.82 0
v 5900.69 6402.45 0
v 5920.74 6424.98 0
v 5924.78 6418.66 0
v 5942.51 6437.99 0
v 5945.73 6431.22 0
v 5961.99 6444.60 0
v 5963.93 6437.36 0
v 5975.88 6446.95 0
v 5976.64 6439.49 0
v 6001.55 6448.64 0
v 6003.47 6441.39 0
v 6047.99 6466.08 0
v 6051.21 6459.31 0
v 6065.01 6478.80 0
v 6070.11 6473.30 0
v 6096.08 6510.76 0
v 6101.57 6505.65 0
v 6118.69 6536.41 0
v 6124.64 6531.85 0
v 6136.00 6562.88 0
v 6142.54 6559.20 0
v 6145.34 6583.65 0
v 6152.23 6580.70 0
v 6151.82 6599.85 0
v 6158.78 6597.07 0
v 10121.95 38.40 0
v 10121.05 45.85 0
v 10095.34 35.24 0
v 10095.37 42.74 0
v 10079.16 38.72 0
v 10081.67 45.79 0
v 10049.05 51.49 0
v 10052.57 58.12 0
v 9983.52 89.52 0
v 9987.38 95.95 0
v 9963.55 102.90 0
v 9968.09 108.87 0
v 9953.44 112.42 0
v 9958.95 117.50 0
v 9940.95 127.34 0
v 9946.87 131.93 0
v 9931.27 141.01 0
v 9937.42 145.30 0
v 9916.95 161.68 0
v 9923.02 166.09 0
v 9877.10 215.55 0
v 9883.06 220.11 0
v 9862.78 232.58 0
v 9868.32 237.64 0
v 9846.98 248.50 0
v 9852.52 253.55 0
v 9838.35 259.40 0
v 9844.45 263.76 0
v 9834.96 265.35 0
v 9841.64 268.76 0
v 9831.86 272.06 0
v 9838.84 274.79 0
v 9828.54 281.78 0
v 9835.76 283.79 0
v 9818.31 320.79 0
v 9825.50 322.90 0
v 9807.53 353.47 0
v 9814.56 356.09 0
v 9802.22 364.16 0
v 9808.67 368.00 0
v 9760.51 432.31 0
v 9766.86 436.30 0
v 9751.02 445.70 0
v 9756.68 450.61 0
v 9675.59 530.22 0
v 9681.20 535.21 0
v 9665.51 541.70 0
v 9670.86 546.96 0
v 9655.96 550.22 0
v 9660.84 555.92 0
v 9628.19 573.68 0
v 9633.00 579.44 0
v 9620.00 580.21 0
v 9625.22 585.59 0
v 9607.63 593.66 0
v 9613.45 598.39 0
v 9562.44 651.12 0
v 9568.41 655.66 0
v 9538.74 684.13 0
v 9544.67 688.73 0
v 9514.34 713.07 0
v 9519.76 718.25 0
v 9492.70 732.37 0
v 9497.63 738.02 0
v 9456.62 763.49 0
v 9461.72 768.99 0
v 9446.20 775.67 0
v 9452.43 779.85 0
v 9440.64 787.23 0
v 9447.51 790.23 0
v 9436.65 797.41 0
v 9443.48 800.51 0
v 9432.06 806.25 0
v 9438.38 810.30 0
v 9412.48 835.11 0
v 9418.56 839.51 0
v 9389.95 864.45 0
v 9395.75 869.19 0
v 9366.98 890.80 0
v 9372.32 896.06 0
v 9345.25 909.75 0
v 9350.32 915.28 0
v 9294.91 956.98 0
v 9300.21 962.29 0
v 9266.55 988.31 0
v 9272.39 993.02 0
v 9114.99 1179.85 0
v 9120.81 1184.58 0
v 9090.26 1205.52 0
v 9095.89 1210.49 0
v 9080.63 1218.90 0
v 9087.13 1222.62 0
v 9042.36 1289.05 0
v 9048.92 1292.68 0
v 9030.74 1309.28 0
v 9036.87 1313.60 0
v 9011.87 1332.36 0
v 9017.88 1336.85 0
v 9008.51 1339.22 0
v 9015.35 1342.28 0
v 8994.15 1371.72 0
v 9001.08 1374.59 0
v 8989.69 1384.76 0
v 8996.88 1386.87 0
v 8985.54 1400.97 0
v 8992.89 1402.45 0
v 8982.27 1421.65 0
v 8989.69 1422.71 0
v 8978.88 1447.72 0
v 8986.32 1448.69 0
v 6433.01 8670.73 0
v 6430.89 8677.93 0
v 6331.31 8640.82 0
v 6329.43 8648.08 0
v 6276.42 8630.12 0
v 6274.01 8637.22 0
v 6205.17 8598.01 0
v 6201.73 8604.68 0
v 6137.73 8558.61 0
v 6134.16 8565.21 0
v 6055.90 8517.10 0
v 6052.47 8523.77 0
v 6047.98 8512.50 0
v 6043.30 8518.37 0
v 6027.15 8494.10 0
v 6022.41 8499.90 0
v 5945.66 8428.88 0
v 5940.58 8434.40 0
v 5912.38 8388.49 0
v 5906.25 8392.80 0
v 5885.10 8342.51 0
v 5878.86 8346.68 0
v 5870.82 8326.48 0
v 5866.00 8332.22 0
v 5860.84 8322.48 0
v 5859.14 8329.78 0
v 5798.96 8309.40 0
v 5797.47 8316.75 0
v 5727.64 8295.42 0
v 5726.20 8302.78 0
v 5563.34 8279.12 0
v 5564.14 8271.66 0
v 5596.08 8282.63 0
v 5597.16 8275.21 0
v 5726.35 8302.80 0
v 5727.49 8295.39 0
v 7005.95 3624.93 0
v 7004.78 3632.33 0
v 6988.09 3622.12 0
v 6987.02 3629.54 0
v 6957.29 3617.95 0
v 6956.75 3625.44 0
v 6906.58 3616.29 0
v 6906.33 3623.78 0
v 5362.71 7144.82 0
v 5355.44 7156.78 0
v 5256.19 7080.15 0
v 5248.93 7092.12 0
v 1815.41 563.73 0
v 1820.13 557.90 0
v 1828.65 574.44 0
v 1833.26 568.53 0
v 1832.10 576.71 0
v 1835.79 570.19 0
v 1835.86 578.51 0
v 1838.38 571.44 0
v 1839.56 579.33 0
v 1840.37 571.87 0
v 1863.61 581.62 0
v 1864.15 574.14 0
v 1885.10 582.62 0
v 1885.32 575.12 0
v 1900.54 582.62 0
v 1899.41 575.21 0
v 1948.70 573.02 0
v 1947.08 565.70 0
v 1984.44 563.98 0
v 1982.31 556.79 0
v 2002.71 556.97 0
v 1999.82 550.04 0
v 2020.06 549.10 0
v 2016.03 542.77 0
v 2036.45 535.52 0
v 2031.58 529.83 0
v 2039.42 532.54 0
v 2033.96 527.39 0
v 2058.26 512.47 0
v 2052.61 507.54 0
v 2071.55 495.68 0
v 2065.53 491.21 0
v 2092.67 466.13 0
v 2086.37 462.06 0
v 2103.86 445.61 0
v 2097.05 442.48 0
v 2112.08 423.87 0
v 2105.04 421.30 0
v 2122.70 394.02 0
v 2115.57 391.69 0
v 2128.48 373.83 0
v 2121.42 371.29 0
v 2131.99 367.95 0
v 2125.72 363.82 0
v 2141.09 354.88 0
v 2135.01 350.47 0
v 2151.85 340.52 0
v 2146.19 335.61 0
v 2158.07 335.23 0
v 2153.28 329.46 0
v 2165.51 329.20 0
v 2161.62 322.79 0
v 2176.90 323.75 0
v 2174.50 316.64 0
v 2195.48 319.12 0
v 2193.86 311.80 0
v 2203.37 317.87 0
v 2203.05 310.37 0
v 2213.23 318.28 0
v 2214.88 310.96 0
v 2224.12 322.50 0
v 2227.89 316.02 0
v 2232.07 329.23 0
v 2237.62 324.19 0
v 2239.42 339.64 0
v 2245.35 335.05 0
v 2249.96 352.28 0
v 2255.21 346.93 0
v 2258.47 358.14 0
v 2261.88 351.46 0
v 2269.61 362.44 0
v 2271.73 355.25 0
v 2302.68 371.25 0
v 2304.20 363.90 0
v 2329.80 374.89 0
v 2330.23 367.40 0
v 2366.03 374.92 0
v 2365.72 367.43 0
v 2387.94 372.42 0
v 2386.66 365.03 0
v 2422.12 365.22 0
v 2420.23 357.96 0
v 2495.31 344.36 0
v 2492.96 337.24 0
v 2515.94 334.13 0
v 2512.27 327.59 0
v 2544.27 316.96 0
v 2540.56 310.44 0
v 2562.78 307.42 0
v 2559.89 300.51 0
v 2577.76 302.91 0
v 2576.06 295.60 0
v 2584.02 302.41 0
v 2584.25 294.91 0
v 2727.59 307.54 0
v 2728.04 300.05 0
v 2753.47 312.55 0
v 2755.39 305.29 0
v 2766.19 317.74 0
v 2769.48 311.01 0
v 2803.31 336.96 0
v 2806.41 330.13 0
v 2827.63 345.62 0
v 2829.93 338.48 0
v 2845.61 350.62 0
v 2847.13 343.28 0
v 2864.05 353.15 0
v 2864.51 345.66 0
v 2913.18 354.74 0
v 2912.91 347.25 0
v 3009.29 347.98 0
v 3008.89 340.49 0
v 3024.93 348.84 0
v 3025.51 341.36 0
v 3031.16 349.63 0
v 3033.47 342.49 0
v 3084.59 368.24 0
v 3086.76 361.06 0
v 3098.05 369.72 0
v 3098.60 362.24 0
v 3107.07 369.93 0
v 3106.41 362.46 0
v 3159.73 364.29 0
v 3159.11 356.81 0
v 3179.30 363.92 0
v 3179.51 356.43 0
v 3193.31 365.13 0
v 3195.64 358.00 0
v 3254.53 388.67 0
v 3257.05 381.61 0
v 3279.31 395.79 0
v 3280.54 388.40 0
v 3427.04 417.28 0
v 3428.00 409.84 0
v 3450.26 418.01 0
v 3450.07 410.51 0
v 3462.90 416.34 0
v 3461.31 409.01 0
v 3479.25 411.74 0
v 3476.80 404.65 0
v 3493.12 405.86 0
v 3489.62 399.22 0
v 3506.49 397.40 0
v 3502.21 391.24 0
v 3517.58 388.82 0
v 3512.55 383.26 0
v 3530.11 376.05 0
v 3524.47 371.11 0
v 3537.60 365.93 0
v 3531.19 362.03 0
v 3545.90 350.15 0
v 3539.14 346.90 0
v 3550.45 339.19 0
v 3543.29 336.97 0
v 3553.56 325.23 0
v 3546.08 324.64 0
v 3553.46 301.01 0
v 3546.00 301.75 0
v 3549.05 279.47 0
v 3541.77 281.28 0
v 3541.20 251.42 0
v 3534.03 253.60 0
v 3533.11 226.92 0
v 3526.34 230.14 0
v 3483.73 130.37 0
v 3477.00 133.70 0
v 3479.18 117.87 0
v 3471.98 119.95 0
v 3478.21 111.77 0
v 3470.71 111.55 0
v 3479.82 100.70 0
v 3472.48 99.16 0
v 3481.93 93.88 0
v 3475.11 90.76 0
v 3486.87 85.18 0
v 3481.26 80.19 0
v 3494.57 79.37 0
v 3491.63 72.47 0
v 3560.88 54.00 0
v 3558.10 47.04 0
v 3569.59 49.35 0
v 3565.60 42.99 0
v 3574.35 45.47 0
v 3568.82 40.41 0
v 3577.93 40.33 0
v 3571.56 36.38 0
v 3582.39 32.57 0
v 3575.46 29.69 0
v 3584.65 24.00 0
v 3577.25 22.81 0
v 3585.16 15.74 0
v 3577.66 15.54 0
v 3584.94 10.96 0
v 3577.56 12.31 0
v 3581.78 -2.55 0
v 3574.95 0.56 0
v 3565.97 -30.86 0
v 3559.38 -27.27 0
v 3559.61 -43.10 0
v 3552.67 -40.26 0
v 3556.77 -53.28 0
v 3549.46 -51.57 0
v 3555.66 -60.06 0
v 3548.18 -59.51 0
v 3555.22 -73.80 0
v 3547.80 -74.91 0
v 3562.39 -104.74 0
v 3555.09 -106.49 0
v 3563.87 -109.87 0
v 3556.66 -111.94 0
v 3959.79 -463.41 0
v 3959.88 -470.90 0
v 3976.42 -463.20 0
v 3976.76 -470.69 0
v 3987.97 -462.14 0
v 3988.95 -469.58 0
v 4003.30 -459.65 0
v 4004.58 -467.04 0
v 4017.95 -456.95 0
v 4019.32 -464.32 0
v 4104.75 -440.82 0
v 4106.09 -448.20 0
v 4114.55 -439.42 0
v 4115.32 -446.88 0
v 4122.80 -438.98 0
v 4122.68 -446.47 0
v 4131.76 -439.71 0
v 4130.44 -447.09 0
v 4141.50 -442.35 0
v 4138.71 -449.31 0
v 4203.72 -468.40 0
v 4200.99 -475.38 0
v 4209.90 -469.31 0
v 4209.11 -476.77 0
v 4218.69 -469.84 0
v 4218.24 -477.33 0
v 4248.82 -446.27 0
v 4254.06 -451.64 0
v 4257.29 -438.03 0
v 4262.70 -443.21 0
v 4270.07 -424.08 0
v 4275.77 -428.94 0
v 4289.40 -400.37 0
v 4295.33 -404.97 0
v 4314.13 -367.36 0
v 4320.46 -371.37 0
v 4320.44 -351.52 0
v 4327.53 -353.96 0
v 4322.29 -343.62 0
v 4329.75 -344.43 0
v 4322.55 -331.46 0
v 4330.05 -331.24 0
v 4321.56 -318.27 0
v 4328.94 -316.93 0
v 4302.35 -220.23 0
v 4309.73 -218.85 0
v 4301.97 -213.70 0
v 4309.47 -213.84 0
v 4302.73 -195.43 0
v 4310.20 -196.07 0
v 4304.30 -186.94 0
v 4311.53 -188.93 0
v 4307.72 -177.23 0
v 4314.58 -180.26 0
v 4311.25 -171.28 0
v 4317.38 -175.60 0
v 4315.09 -166.79 0
v 4320.11 -172.36 0
v 4321.03 -162.39 0
v 4325.08 -168.70 0
v 4326.98 -159.18 0
v 4329.92 -166.08 0
v 4335.90 -156.04 0
v 4338.04 -163.22 0
v 4340.24 -155.25 0
v 4341.14 -162.70 0
v 4350.84 -154.19 0
v 4351.15 -161.68 0
v 4371.39 -154.00 0
v 4370.88 -161.49 0
v 4384.87 -156.53 0
v 4383.24 -163.85 0
v 4390.36 -158.21 0
v 4388.43 -165.45 0
v 4416.77 -165.05 0
v 4415.01 -172.34 0
v 4436.16 -169.29 0
v 4434.74 -176.65 0
v 4450.32 -171.55 0
v 4449.36 -178.98 0
v 4453.98 -171.63 0
v 4454.04 -179.13 0
v 4461.73 -171.44 0
v 4462.61 -178.89 0
v 4468.42 -169.97 0
v 4470.78 -177.09 0
v 4478.27 -165.93 0
v 4481.73 -172.59 0
v 4485.20 -161.29 0
v 4489.98 -167.07 0
v 4493.32 -153.49 0
v 4499.16 -158.19 0
v 4495.67 -148.65 0
v 4502.90 -150.65 0
v 4497.33 -138.33 0
v 4504.83 -138.21 0
v 4494.27 -70.40 0
v 4501.77 -70.30 0
v 4496.03 -40.09 0
v 4503.50 -40.74 0
v 4498.47 -22.34 0
v 4505.88 -23.48 0
v 4500.55 -10.77 0
v 4507.90 -12.27 0
v 4503.13 0.41 0
v 4510.31 -1.77 0
v 4506.55 8.58 0
v 4512.94 4.66 0
v 4512.20 15.25 0
v 4517.58 10.03 0
v 4516.15 18.41 0
v 4519.92 11.93 0
v 4526.52 23.69 0
v 4529.26 16.71 0
v 4542.20 28.67 0
v 4544.07 21.41 0
v 4596.24 41.65 0
v 4597.92 34.34 0
v 4620.87 46.66 0
v 4622.02 39.25 0
v 4664.78 52.27 0
v 4665.53 44.80 0
v 4692.14 53.87 0
v 4692.62 46.39 0
v 4696.88 54.32 0
v 4697.76 46.87 0
v 4776.04 63.69 0
v 4777.04 56.26 0
v 4790.30 66.88 0
v 4792.13 59.61 0
v 4802.89 70.47 0
v 4805.24 63.35 0
v 4817.60 75.91 0
v 4820.29 68.91 0
v 4840.96 85.09 0
v 4843.53 78.05 0
v 4848.16 86.99 0
v 4849.44 79.60 0
v 4855.61 87.67 0
v 4856.02 80.18 0
v 4860.45 87.67 0
v 4860.04 80.18 0
v 4866.10 87.09 0
v 4864.83 79.70 0
v 4872.55 85.59 0
v 4870.44 78.40 0
v 4878.81 83.35 0
v 4875.76 76.50 0
v 4884.12 80.45 0
v 4880.13 74.10 0
v 4888.21 77.46 0
v 4883.66 71.50 0
v 4892.11 74.34 0
v 4887.03 68.82 0
v 4898.49 68.03 0
v 4893.13 62.78 0
v 4904.32 61.88 0
v 4899.26 56.35 0
v 4912.11 55.55 0
v 4907.63 49.54 0
v 4916.05 53.14 0
v 4912.33 46.62 0
v 4924.96 48.24 0
v 4921.56 41.55 0
v 4927.79 47.07 0
v 4925.94 39.80 0
v 4939.72 44.56 0
v 4938.45 37.16 0
v 4954.82 42.42 0
v 4953.86 34.98 0
v 4966.72 41.08 0
v 4966.00 33.61 0
v 4986.59 39.39 0
v 4986.17 31.90 0
v 4998.31 39.26 0
v 4998.42 31.76 0
v 5014.65 39.79 0
v 5015.23 32.31 0
v 5053.69 43.57 0
v 5054.50 36.12 0
v 5088.36 47.80 0
v 5089.27 40.36 0
v 4217.46 -469.97 0
v 4219.47 -477.20 0
v 4221.90 -468.76 0
v 4224.69 -475.72 0
v 4227.87 -465.85 0
v 4232.09 -472.05 0
v 4233.97 -460.49 0
v 4239.08 -465.97 0
v 4248.85 -446.24 0
v 4254.03 -451.66 0
v 3990.14 5836.96 0
v 3995.83 5832.09 0
v 4029.73 5883.21 0
v 4035.42 5878.33 0
v 4037.41 5892.13 0
v 4042.56 5886.69 0
v 4044.09 5896.77 0
v 4048.33 5890.59 0
v 3606.12 5282.33 0
v 3618.98 5276.81 0
v 3623.29 5322.36 0
v 3636.03 5316.57 0
v 3656.18 5392.56 0
v 3669.10 5387.18 0
v 3663.97 5419.89 0
v 3677.55 5416.49 0
v 3665.97 5431.85 0
v 3679.77 5429.53 0
v 11261.02 7304.49 0
v 11266.18 7309.93 0
v 11251.23 7313.81 0
v 11255.67 7319.85 0
v 11234.40 7324.05 0
v 11237.92 7330.67 0
v 11216.61 7332.24 0
v 11219.15 7339.29 0
v 11188.99 7340.38 0
v 11190.80 7347.65 0
v 11175.82 7342.46 0
v 11176.26 7349.94 0
v 11162.06 7341.99 0
v 11160.89 7349.40 0
v 11117.30 7333.12 0
v 11116.23 7340.54 0
v 11102.39 7333.52 0
v 11103.36 7340.96 0
v 11089.47 7336.68 0
v 11091.82 7343.80 0
v 11058.57 7347.96 0
v 11060.86 7355.10 0
v 11026.91 7356.79 0
v 11028.52 7364.11 0
v 10978.51 7365.46 0
v 10979.79 7372.85 0
v 10963.90 7367.69 0
v 10964.61 7375.15 0
v 10876.83 7375.13 0
v 10877.56 7382.60 0
v 10852.08 7378.54 0
v 10853.54 7385.89 0
v 10830.47 7384.32 0
v 10832.85 7391.43 0
v 10803.51 7394.83 0
v 10806.50 7401.71 0
v 10788.94 7402.44 0
v 10792.74 7408.90 0
v 10777.47 7410.14 0
v 10781.94 7416.16 0
v 10769.13 7417.20 0
v 10774.48 7422.46 0
v 10740.57 7447.64 0
v 10745.87 7452.94 0
v 10730.90 7455.48 0
v 10735.15 7461.66 0
v 10718.40 7462.86 0
v 10721.72 7469.59 0
v 10703.76 7468.88 0
v 10705.83 7476.09 0
v 10614.76 7492.46 0
v 10616.56 7499.75 0
v 10544.72 7508.00 0
v 10546.25 7515.35 0
v 10534.12 7509.30 0
v 10534.56 7516.79 0
v 10526.51 7509.10 0
v 10525.52 7516.54 0
v 10397.98 7491.23 0
v 10396.95 7498.66 0
v 9112.34 7829.06 0
v 9112.17 7821.56 0
v 9130.22 7828.63 0
v 9131.09 7821.18 0
v 9143.83 7832.56 0
v 9147.11 7825.82 0
v 9155.79 7841.02 0
v 9161.21 7835.83 0
v 9192.76 7884.05 0
v 9198.30 7879.00 0
v 9203.31 7893.09 0
v 9207.60 7886.93 0
v 9263.01 7933.13 0
v 9266.90 7926.72 0
v 9287.72 7944.34 0
v 9290.72 7937.47 0
v 9292.59 7946.07 0
v 9294.62 7938.85 0
v 9306.29 7949.59 0
v 9307.98 7942.28 0
v 9312.13 7950.58 0
v 9313.02 7943.13 0
v 9318.09 7950.96 0
v 9317.62 7943.48 0
v 9329.54 7949.51 0
v 9327.94 7942.18 0
v 9492.51 7913.05 0
v 9490.88 7905.73 0
v 9598.71 7889.30 0
v 9596.95 7882.01 0
v 9614.03 7883.70 0
v 9610.54 7877.06 0
v 9625.37 7875.34 0
v 9620.62 7869.54 0
v 9630.69 7869.96 0
v 9624.58 7865.61 0
v 9641.58 7852.67 0
v 9634.70 7849.67 0
v 9682.63 7750.97 0
v 9675.75 7747.99 0
v 9688.55 7743.29 0
v 9683.68 7737.59 0
v 9710.67 7727.44 0
v 9706.67 7721.09 0
v 9754.60 7701.80 0
v 9750.88 7695.29 0
v 9773.61 7691.53 0
v 9769.90 7685.02 0
v 9783.53 7685.33 0
v 9779.74 7678.86 0
v 9844.34 7650.05 0
v 9840.54 7643.59 0
v 9907.72 7612.36 0
v 9903.77 7605.99 0
v 9926.71 7598.84 0
v 9922.10 7592.93 0
v 9949.52 7579.74 0
v 9944.55 7574.13 0
v 9969.92 7560.60 0
v 9964.92 7555.02 0
v 9988.48 7544.87 0
v 9983.99 7538.86 0
v 10004.73 7534.47 0
v 10001.46 7527.72 0
v 10025.88 7526.80 0
v 10023.60 7519.65 0
v 10039.47 7523.38 0
v 10037.95 7516.04 0
v 10058.96 7519.96 0
v 10058.04 7512.51 0
v 10078.08 7518.61 0
v 10077.87 7511.12 0
v 10229.43 7515.09 0
v 10229.18 7507.60 0
v 10246.03 7512.99 0
v 10244.45 7505.66 0
v 10259.55 7508.61 0
v 10256.83 7501.62 0
v 10292.58 7494.92 0
v 10289.79 7487.96 0
v 10305.59 7490.16 0
v 10303.41 7482.98 0
v 10313.75 7488.43 0
v 10313.06 7480.96 0
v 10325.75 7488.33 0
v 10326.22 7480.85 0
v 10348.90 7490.70 0
v 10349.97 7483.28 0
v 10396.86 7498.64 0
v 10398.08 7491.24 0
v 692.96 2227.89 0
v 700.46 2228.08 0
v 692.73 2237.25 0
v 700.23 2237.14 0
v 693.76 2282.43 0
v 701.25 2282.02 0
v 695.95 2293.35 0
v 702.90 2290.53 0
v 701.78 2301.74 0
v 706.79 2296.16 0
v 711.30 2306.65 0
v 711.99 2299.18 0
v 729.83 2304.94 0
v 728.45 2297.56 0
v 747.63 2299.98 0
v 745.63 2292.75 0
v 769.60 2293.97 0
v 767.55 2286.76 0
v 789.68 2288.02 0
v 787.52 2280.84 0
v 818.38 2279.31 0
v 816.22 2272.12 0
v 880.97 2260.69 0
v 878.90 2253.48 0
v 975.37 2234.11 0
v 973.38 2226.88 0
v 987.66 2231.31 0
v 986.59 2223.88 0
v 991.80 2231.68 0
v 992.33 2224.20 0
v 951.63 2450.15 0
v 946.31 2444.86 0
v 975.17 2426.46 0
v 970.17 2420.87 0
v 1026.18 2383.44 0
v 1021.19 2377.83 0
v 1036.42 2371.79 0
v 1030.25 2367.53 0
v 1044.34 2357.23 0
v 1037.45 2354.25 0
v 1046.99 2347.27 0
v 1039.62 2345.88 0
v 1049.46 2330.10 0
v 1041.97 2330.30 0
v 1045.60 2292.33 0
v 1038.18 2293.43 0
v 1038.92 2258.84 0
v 1031.62 2260.58 0
v 1035.51 2250.65 0
v 1029.14 2254.62 0
v 1027.12 2239.72 0
v 1021.73 2244.93 0
v 1017.43 2232.00 0
v 1013.56 2238.42 0
v 1005.70 2226.74 0
v 1003.13 2233.78 0
v 997.52 2224.71 0
v 996.14 2232.08 0
v 992.42 2224.21 0
v 991.71 2231.68 0
v 3108.08 3665.32 0
v 3115.09 3667.98 0
v 3102.47 3680.21 0
v 3109.71 3682.14 0
v 3101.22 3691.97 0
v 3108.68 3691.20 0
v 3106.13 3717.99 0
v 3113.56 3716.99 0
v 3107.77 3740.27 0
v 3115.26 3740.14 0
v 3106.91 3760.68 0
v 3114.34 3761.68 0
v 3102.01 3782.91 0
v 3109.22 3784.97 0
v 3089.01 3823.07 0
v 3096.19 3825.25 0
v 3082.53 3847.11 0
v 3089.81 3848.88 0
v 3081.18 3855.55 0
v 3088.68 3855.70 0
v 3082.24 3864.16 0
v 3089.49 3862.26 0
v 3085.12 3870.33 0
v 3091.39 3866.21 0
v 3089.60 3875.39 0
v 3094.32 3869.56 0
v 3094.86 3878.26 0
v 3097.80 3871.36 0
v 3099.71 3879.80 0
v 3101.39 3872.49 0
v 3104.38 3880.44 0
v 3104.68 3872.94 0
v 3108.66 3880.17 0
v 3107.70 3872.73 0
v 3113.30 3879.30 0
v 3111.43 3872.04 0
v 3118.29 3877.68 0
v 3115.37 3870.78 0
v 3123.66 3874.92 0
v 3119.85 3868.46 0
v 3129.90 3870.86 0
v 3125.44 3864.83 0
v 3143.78 3860.06 0
v 3139.20 3854.11 0
v 3159.66 3847.96 0
v 3155.20 3841.93 0
v 3172.54 3838.80 0
v 3167.96 3832.86 0
v 3199.37 3817.36 0
v 3194.48 3811.67 0
v 3216.25 3801.24 0
v 3210.70 3796.20 0
v 3232.52 3780.83 0
v 3226.37 3776.53 0
v 3239.33 3768.25 0
v 3232.68 3764.79 0
v 3253.28 3740.90 0
v 3246.70 3737.30 0
v 3262.24 3726.32 0
v 3255.87 3722.35 0
v 3264.27 3723.24 0
v 3258.17 3718.88 0
v 3267.15 3719.44 0
v 3261.41 3714.61 0
v 3268.33 3718.35 0
v 3263.43 3712.67 0
v 3273.92 3713.64 0
v 3269.37 3707.68 0
v 3276.86 3711.77 0
v 3273.49 3705.07 0
v 3285.36 3707.97 0
v 3282.37 3701.09 0
v 3286.68 3707.45 0
v 3284.92 3700.16 0
v 3297.83 3705.01 0
v 3296.47 3697.63 0
v 3305.29 3704.01 0
v 3304.34 3696.57 0
v 3314.05 3702.93 0
v 3313.52 3695.45 0
v 3320.83 3702.90 0
v 3320.97 3695.40 0
v 3329.91 3703.14 0
v 3331.83 3695.90 0
v 3372.51 3716.69 0
v 3375.16 3709.67 0
v 3396.70 3728.36 0
v 3400.18 3721.72 0
v 3408.43 3735.48 0
v 3412.56 3729.22 0
v 3418.33 3742.61 0
v 3423.11 3736.84 0
v 3431.79 3754.82 0
v 3437.13 3749.56 0
v 3437.26 3761.81 0
v 3443.42 3757.54 0
v 3442.33 3770.10 0
v 3448.85 3766.41 0
v 3448.84 3782.28 0
v 3455.59 3779.02 0
v 3452.71 3791.50 0
v 3459.89 3789.34 0
v 3465.81 3838.94 0
v 3473.00 3836.80 0
v 3474.72 3865.54 0
v 3481.65 3862.66 0
v 3496.92 3913.79 0
v 3503.51 3910.21 0
v 3529.63 3966.74 0
v 3535.95 3962.71 0
v 3539.22 3980.17 0
v 3545.13 3975.55 0
v 3551.85 3995.13 0
v 3557.43 3990.12 0
v 3563.06 4006.76 0
v 3568.19 4001.28 0
v 3574.51 4016.39 0
v 3579.85 4011.13 0
v 3584.99 4028.99 0
v 3590.76 4024.19 0
v 4202.18 5742.73 0
v 4197.07 5737.24 0
v 4225.12 5721.35 0
v 4219.84 5716.02 0
v 4228.99 5715.69 0
v 4221.92 5713.17 0
v 4228.03 5707.88 0
v 4222.74 5713.20 0
v 4140.11 5624.41 0
v 4134.99 5629.90 0
v 4135.68 5621.96 0
v 4132.22 5628.61 0
v 4107.97 5654.42 0
v 4102.68 5649.10 0
v 4132.72 5629.83 0
v 4127.63 5624.32 0
v 4135.56 5628.67 0
v 4132.35 5621.89 0
v 4388.09 5828.43 0
v 4384.08 5834.76 0
v 4298.17 5771.53 0
v 4294.20 5777.89 0
v 4292.86 5769.06 0
v 4289.73 5775.88 0
v 4284.71 5786.02 0
v 4278.54 5781.76 0
v 4290.89 5777.03 0
v 4285.17 5772.18 0
v 4293.35 5775.61 0
v 4289.24 5769.33 0
v 4376.57 6547.92 0
v 4370.19 6543.97 0
v 4381.92 6539.28 0
v 4375.54 6535.33 0
v 4093.11 4840.60 0
v 4087.45 4835.69 0
v 4143.12 4782.89 0
v 4137.46 4777.98 0
v 3821.56 5140.71 0
v 3819.15 5133.61 0
v 3834.56 5136.30 0
v 3831.71 5129.36 0
v 3841.72 5132.22 0
v 3836.71 5126.64 0
v 3872.97 5102.15 0
v 3867.76 5096.76 0
v 3877.66 5097.44 0
v 3872.34 5092.15 0
v 4087.41 4835.73 0
v 4093.15 4840.55 0
v 3872.12 5092.39 0
v 3877.87 5097.21 0
v 778.60 1020.52 0
v 778.23 1024.76 0
v 774.76 1020.20 0
v 774.79 1024.45 0
v 771.07 1020.58 0
v 771.69 1024.79 0
v 767.89 1021.22 0
v 768.94 1025.34 0
v 765.34 1022.07 0
v 767.11 1025.93 0
v 761.77 1023.99 0
v 763.99 1027.61 0
v 758.64 1026.18 0
v 761.29 1029.50 0
v 755.63 1028.90 0
v 758.79 1031.75 0
v 752.89 1032.62 0
v 756.67 1034.57 0
v 750.74 1038.23 0
v 754.72 1039.74 0
v 750.68 1038.45 0
v 754.79 1039.53 0
v 744.05 1063.59 0
v 748.15 1064.72 0
v 737.32 1086.88 0
v 741.36 1088.20 0
v 730.19 1106.01 0
v 734.14 1107.59 0
v 727.46 1111.49 0
v 731.20 1113.52 0
v 724.32 1116.80 0
v 727.99 1118.93 0
v 716.36 1130.59 0
v 720.14 1132.52 0
v 708.78 1147.14 0
v 712.64 1148.91 0
v 755.37 1009.44 0
v 759.57 1010.12 0
v 750.63 1038.65 0
v 754.83 1039.33 0
v 786.24 1024.06 0
v 781.31 1029.72 0
v 783.22 1021.43 0
v 778.56 1027.31 0
v 780.56 1019.57 0
v 776.27 1025.72 0
v 755.50 1012.97 0
v 759.43 1006.58 0
v 776.45 1025.84 0
v 780.38 1019.45 0
v 4349.32 6475.97 0
v 4355.68 6479.94 0
v 4344.61 6483.51 0
v 4350.97 6487.49 0
v 4333.08 6501.91 0
v 4339.33 6506.05 0
v 4330.08 6505.51 0
v 4335.87 6510.28 0
v 4330.97 6511.06 0
v 4334.99 6504.73 0
v 4359.63 6529.24 0
v 4363.69 6522.93 0
v 4376.67 6540.44 0
v 4380.79 6534.17 0
v 5088.29 47.79 0
v 5089.33 40.37 0
v 5123.51 52.71 0
v 5124.55 45.28 0
v 4565.17 6228.88 0
v 4568.91 6222.38 0
v 4623.55 6262.50 0
v 4627.32 6256.01 0
v 4674.48 6292.37 0
v 4678.28 6285.90 0
v 4570.20 6227.66 0
v 4563.89 6223.60 0
v 4590.73 6195.73 0
v 4584.41 6191.70 0
v 4612.19 6161.72 0
v 4605.85 6157.72 0
v 4710.30 6229.94 0
v 4716.59 6234.03 0
v 4691.59 6258.79 0
v 4697.88 6262.87 0
v 4673.23 6287.09 0
v 4679.53 6291.17 0
v 3663.82 5293.77 0
v 3658.23 5288.77 0
v 3675.79 5280.42 0
v 3670.21 5275.41 0
v 2964.65 3371.27 0
v 2971.39 3367.97 0
v 2982.66 3408.13 0
v 2989.33 3404.70 0
v 2989.82 3420.17 0
v 2996.14 3416.13 0
v 2995.76 3428.66 0
v 3001.76 3424.16 0
v 3002.73 3437.29 0
v 3007.92 3431.87 0
v 3078.46 3508.05 0
v 3083.58 3502.57 0
v 3070.39 3538.93 0
v 3067.95 3542.41 0
v 2953.53 3456.83 0
v 2951.02 3460.26 0
v 2946.39 3448.42 0
v 2943.16 3451.18 0
v 3072.40 3538.76 0
v 3065.94 3542.58 0
v 3065.32 3526.78 0
v 3058.88 3530.63 0
v 3059.11 3516.55 0
v 3052.76 3520.54 0
v 3053.77 3508.40 0
v 3047.58 3512.65 0
v 3041.77 3491.29 0
v 3035.63 3495.59 0
v 3125.14 3663.52 0
v 3117.93 3665.62 0
v 3116.34 3633.33 0
v 3109.18 3635.58 0
v 3110.44 3616.76 0
v 3103.43 3619.41 0
v 3104.75 3602.69 0
v 3097.85 3605.63 0
v 3098.72 3589.23 0
v 3091.90 3592.34 0
v 3091.94 3574.64 0
v 3085.19 3577.91 0
v 3084.59 3560.08 0
v 3078.00 3563.66 0
v 3072.43 3538.81 0
v 3065.92 3542.53 0
v 3147.27 3596.80 0
v 3140.34 3593.93 0
v 3150.08 3589.96 0
v 3142.90 3587.80 0
v 3152.65 3578.86 0
v 3145.21 3577.91 0
v 3152.62 3569.71 0
v 3145.15 3570.39 0
v 3151.10 3561.72 0
v 3143.91 3563.87 0
v 3147.55 3552.64 0
v 3140.79 3555.89 0
v 3144.29 3547.55 0
v 3138.20 3551.94 0
v 3140.43 3542.73 0
v 3135.00 3547.91 0
v 3133.57 3536.36 0
v 3129.14 3542.40 0
v 3124.66 3531.12 0
v 3120.95 3537.64 0
v 3104.18 3519.62 0
v 3100.02 3525.86 0
v 3093.96 3510.69 0
v 3089.18 3516.47 0
v 3083.33 3502.35 0
v 3078.70 3508.26 0
v 3077.78 3503.42 0
v 3084.26 3507.19 0
v 3070.15 3516.56 0
v 3076.63 3520.33 0
v 3071.01 3521.34 0
v 3075.77 3515.55 0
v 3082.49 3530.76 0
v 3087.75 3525.40 0
v 3089.73 3539.69 0
v 3095.65 3535.08 0
v 3096.50 3548.82 0
v 3102.64 3544.52 0
v 3104.24 3560.40 0
v 3110.62 3556.46 0
v 3110.82 3571.99 0
v 3117.49 3568.55 0
v 3117.32 3585.77 0
v 3124.15 3582.67 0
v 3136.26 3628.09 0
v 3143.14 3625.10 0
v 3140.98 3639.99 0
v 3148.04 3637.44 0
v 3146.57 3656.64 0
v 3153.73 3654.42 0
v 3152.27 3676.43 0
v 3159.51 3674.48 0
v 3153.53 3682.48 0
v 3160.87 3680.94 0
v 3036.60 3496.54 0
v 3040.80 3490.33 0
v 3061.25 3513.23 0
v 3065.64 3507.15 0
v 3070.99 3521.33 0
v 3075.78 3515.56 0
v 2004.61 2674.80 0
v 2007.00 2671.29 0
v 2021.42 2686.23 0
v 2023.81 2682.72 0
v 2065.74 2716.38 0
v 2068.07 2712.83 0
v 2074.12 2720.88 0
v 2075.79 2716.97 0
v 2104.66 2733.07 0
v 2105.91 2729.00 0
v 2150.75 2744.40 0
v 2151.61 2740.24 0
v 2183.64 2749.37 0
v 2184.28 2745.17 0
v 4280.15 6200.76 0
v 4276.09 6207.07 0
v 4259.65 6187.55 0
v 4255.62 6193.88 0
v 4211.05 6156.73 0
v 4207.06 6163.08 0
v 4184.21 6140.13 0
v 4180.27 6146.51 0
v 4713.89 6663.57 0
v 4719.79 6654.59 0
v 4732.75 6675.96 0
v 4738.64 6666.97 0
v 4786.25 6711.01 0
v 4792.14 6702.02 0
v 10274.07 -69.71 0
v 10272.71 -73.74 0
v 10295.45 -76.92 0
v 10294.10 -80.95 0
v 10276.33 -50.34 0
v 10272.09 -50.18 0
v 10275.51 -71.81 0
v 10271.27 -71.64 0
v 10267.36 -71.45 0
v 10271.75 -77.53 0
v 10271.20 -68.69 0
v 10275.59 -74.77 0
v 10285.79 -67.51 0
v 10281.45 -61.40 0
v 10275.56 -74.78 0
v 10271.22 -68.67 0
v 10280.49 -66.52 0
v 10286.75 -62.38 0
v 10271.08 -52.33 0
v 10277.33 -48.19 0
v 10412.64 -290.90 0
v 10418.23 -285.90 0
v 10404.66 -282.00 0
v 10410.45 -277.22 0
v 10397.68 -272.78 0
v 10403.74 -268.36 0
v 10391.67 -264.17 0
v 10398.01 -260.17 0
v 10380.08 -244.89 0
v 10386.71 -241.39 0
v 10374.44 -231.42 0
v 10381.59 -229.15 0
v 10356.96 -172.28 0
v 10364.13 -170.10 0
v 10353.05 -161.08 0
v 10359.96 -158.18 0
v 10348.28 -151.60 0
v 10354.82 -147.92 0
v 10342.64 -142.49 0
v 10348.49 -137.80 0
v 10291.89 -81.33 0
v 10297.66 -76.54 0
v 10286.59 -62.16 0
v 10280.65 -66.74 0
v 10297.75 -76.65 0
v 10291.80 -81.22 0
v 557.53 456.25 0
v 544.96 462.41 0
v 501.20 341.27 0
v 488.52 347.19 0
v 466.81 261.83 0
v 453.84 267.11 0
v 422.59 148.03 0
v 409.54 153.10 0
v 422.48 147.77 0
v 409.65 153.36 0
v 362.33 9.70 0
v 349.50 15.29 0
v 5290.40 7170.21 0
v 5293.13 7163.22 0
v 5308.89 7177.44 0
v 5311.74 7170.51 0
v 5314.23 7180.00 0
v 5317.71 7173.36 0
v 5320.22 7183.40 0
v 5324.03 7176.94 0
v 5332.15 7190.59 0
v 5336.02 7184.16 0
v 5355.98 7148.69 0
v 5362.17 7152.92 0
v 5330.99 7185.26 0
v 5337.18 7189.49 0
v 5323.29 7209.69 0
v 5317.11 7205.44 0
v 5337.18 7189.50 0
v 5331.00 7185.25 0
v 3643.50 5834.34 0
v 3656.69 5829.65 0
v 3647.01 5843.87 0
v 3659.17 5836.94 0
v 3655.82 5855.77 0
v 3665.95 5846.11 0
v 3666.97 5865.06 0
v 3675.87 5854.25 0
v 3678.02 5874.11 0
v 3686.06 5862.64 0
v 3702.64 5890.10 0
v 3710.27 5878.36 0
v 4463.40 6408.61 0
v 4457.02 6404.67 0
v 4501.27 6347.26 0
v 4494.88 6343.32 0
v 5254.59 7082.98 0
v 5250.53 7089.29 0
v 5187.85 7040.13 0
v 5183.80 7046.44 0
v 2964.49 3368.34 0
v 2971.54 3370.90 0
v 2956.27 3391.02 0
v 2963.32 3393.58 0
v 2948.44 3450.59 0
v 2941.11 3449.01 0
v 2956.78 3411.74 0
v 2949.53 3409.85 0
v 2963.32 3393.56 0
v 2956.26 3391.03 0
v 3822.23 5133.92 0
v 3818.48 5140.41 0
v 3722.27 5076.22 0
v 3718.51 5082.72 0
v 3714.00 5071.41 0
v 3710.02 5077.76 0
v 3703.59 5064.53 0
v 3699.10 5070.54 0
v 3685.70 5050.28 0
v 3680.93 5056.07 0
v 3677.87 5043.39 0
v 3672.64 5048.77 0
v 3670.29 5035.28 0
v 3664.68 5040.26 0
v 3619.11 4977.30 0
v 3613.49 4982.26 0
v 3611.62 4992.96 0
v 3605.48 4988.65 0
v 3619.37 4981.94 0
v 3613.23 4977.62 0
v 3618.78 4976.97 0
v 3613.82 4982.59 0
v 3566.35 4930.62 0
v 3561.37 4936.23 0
v 3558.03 4923.11 0
v 3552.73 4928.41 0
v 3550.69 4914.98 0
v 3544.88 4919.71 0
v 3543.40 4905.13 0
v 3537.24 4909.40 0
v 3460.35 4784.57 0
v 3454.15 4788.78 0
v 3454.12 4773.78 0
v 3447.58 4777.46 0
v 3449.60 4765.44 0
v 3442.83 4768.67 0
v 3440.52 4745.28 0
v 3433.68 4748.36 0
v 2961.92 3392.28 0
v 2957.67 3392.31 0
v 2961.63 3352.94 0
v 2957.38 3352.97 0
v 2866.25 3216.68 0
v 2872.04 3211.92 0
v 2902.65 3261.00 0
v 2908.54 3256.36 0
v 2916.86 3280.87 0
v 2923.15 3276.79 0
v 2925.91 3296.94 0
v 2932.53 3293.41 0
v 2956.18 3354.70 0
v 2962.83 3351.22 0
v 2971.36 3367.91 0
v 2964.68 3371.33 0
v 2962.84 3351.25 0
v 2956.16 3354.66 0
v 3676.43 -525.81 0
v 3678.88 -529.28 0
v 3687.14 -518.28 0
v 3689.50 -521.82 0
v 3690.23 -516.66 0
v 3691.72 -520.64 0
v 3699.19 -513.73 0
v 3700.51 -517.77 0
v 3691.87 -510.72 0
v 3685.40 -506.92 0
v 3680.89 -529.44 0
v 3674.42 -525.65 0
v 3690.61 -505.63 0
v 3686.66 -512.01 0
v 3701.82 -512.56 0
v 3697.87 -518.94 0
v 3961.39 5577.20 0
v 3955.93 5572.07 0
v 4027.07 5507.24 0
v 4021.61 5502.10 0
v 4062.76 5469.49 0
v 4057.30 5464.35 0
v 4081.88 5448.97 0
v 4076.39 5443.86 0
v 6179.28 6910.89 0
v 6171.94 6909.34 0
v 6189.00 6864.76 0
v 6181.64 6863.30 0
v 6197.40 6819.82 0
v 6189.99 6818.68 0
v 6203.06 6773.37 0
v 6195.59 6772.76 0
v 6203.57 6743.88 0
v 6196.08 6744.26 0
v 6200.43 6721.72 0
v 6193.06 6723.15 0
v 6191.76 6682.98 0
v 6184.48 6684.78 0
v 6185.91 6662.90 0
v 6178.71 6665.00 0
v 6151.85 6599.92 0
v 6158.75 6597.00 0
v 6167.60 6637.19 0
v 6174.54 6634.33 0
v 6178.83 6665.34 0
v 6185.79 6662.56 0
v 4791.38 6537.33 0
v 4795.44 6531.02 0
v 4859.49 6581.10 0
v 4863.55 6574.80 0
v 5087.04 6802.28 0
v 5081.82 6807.67 0
v 5030.50 6747.45 0
v 5025.12 6752.66 0
v 4872.07 6580.33 0
v 4866.67 6585.54 0
v 4863.53 6574.78 0
v 4859.51 6581.12 0
v 6343.63 -137.97 0
v 6337.26 -134.02 0
v 6300.46 -207.65 0
v 6294.09 -203.70 0
v 3644.14 5699.99 0
v 3648.96 5694.25 0
v 3761.27 5798.36 0
v 3766.09 5792.61 0
v 3975.76 5679.93 0
v 3980.57 5685.68 0
v 3967.71 5686.67 0
v 3972.12 5692.74 0
v 3960.80 5690.83 0
v 3964.58 5697.31 0
v 3952.24 5695.68 0
v 3955.87 5702.24 0
v 3936.89 5704.09 0
v 3940.24 5710.80 0
v 3922.30 5710.64 0
v 3925.32 5717.50 0
v 3907.22 5717.16 0
v 3909.86 5724.18 0
v 3889.84 5722.83 0
v 3891.88 5730.05 0
v 3815.95 5742.93 0
v 3818.08 5750.12 0
v 3805.90 5747.82 0
v 3809.66 5754.31 0
v 3797.50 5753.52 0
v 3801.99 5759.53 0
v 3787.10 5761.87 0
v 3792.00 5767.55 0
v 3777.08 5771.16 0
v 3782.64 5776.20 0
v 3769.21 5781.58 0
v 3775.24 5786.05 0
v 3760.65 5793.27 0
v 3766.70 5797.70 0
v 3709.62 5886.24 0
v 3703.29 5882.22 0
v 3747.78 5826.02 0
v 3741.48 5821.96 0
v 3766.80 5797.57 0
v 3760.56 5793.40 0
v 4792.46 6708.36 0
v 4785.92 6704.68 0
v 4830.22 6641.22 0
v 4823.68 6637.55 0
v 4864.79 6579.79 0
v 4858.25 6576.11 0
v 4740.45 6193.79 0
v 4734.30 6198.09 0
v 4661.04 6080.28 0
v 4654.90 6084.58 0
v 4578.30 6028.30 0
v 4582.50 6022.09 0
v 4649.39 6076.35 0
v 4653.66 6070.18 0
v 4651.41 6078.61 0
v 4657.55 6074.29 0
v 4654.73 6084.32 0
v 4661.21 6080.54 0
v 4633.09 6128.71 0
v 4626.75 6124.70 0
v 4661.14 6084.44 0
v 4654.80 6080.42 0
v 4734.21 6197.95 0
v 4740.54 6193.93 0
v 4797.48 6297.81 0
v 4803.81 6293.80 0
v 4867.81 6396.26 0
v 4861.45 6400.24 0
v 4803.83 6293.82 0
v 4797.46 6297.79 0
v 4636.56 6350.81 0
v 4640.79 6344.61 0
v 4726.26 6411.92 0
v 4730.49 6405.72 0
v 4694.72 6468.55 0
v 4688.40 6464.52 0
v 4731.54 6410.84 0
v 4725.21 6406.80 0
v 4797.49 6293.79 0
v 4803.80 6297.83 0
v 4725.22 6406.80 0
v 4731.53 6410.84 0
v 4619.99 6548.39 0
v 4624.19 6542.18 0
v 4633.97 6557.86 0
v 4638.18 6551.66 0
v 4636.83 6494.76 0
v 4643.56 6498.08 0
v 4628.77 6511.11 0
v 4635.50 6514.43 0
v 4616.08 6593.71 0
v 4609.73 6589.72 0
v 4639.25 6556.75 0
v 4632.90 6552.77 0
v 4651.00 6524.01 0
v 4657.35 6528.00 0
v 4632.90 6552.76 0
v 4639.25 6556.76 0
v 4560.12 6471.45 0
v 4564.14 6465.12 0
v 4630.12 6515.93 0
v 4634.14 6509.60 0
v 4655.62 6522.55 0
v 4652.73 6529.47 0
v 4652.42 6521.25 0
v 4648.56 6527.68 0
v 4634.15 6509.61 0
v 4630.12 6515.93 0
v 5162.60 8531.09 0
v 5160.53 8538.30 0
v 5138.74 8524.24 0
v 5136.67 8531.45 0
v 6684.57 10851.92 0
v 6682.10 10855.38 0
v 6684.03 10851.56 0
v 6682.09 10855.34 0
v 6676.72 10847.87 0
v 6675.02 10851.77 0
v 6668.20 10844.67 0
v 6667.05 10848.76 0
v 6655.13 10841.83 0
v 6654.60 10846.04 0
v 6646.42 10841.92 0
v 6646.48 10846.17 0
v 6779.21 10700.76 0
v 6779.73 10704.97 0
v 6768.06 10702.15 0
v 6768.78 10706.34 0
v 6761.00 10703.89 0
v 6762.04 10708.01 0
v 6754.09 10705.66 0
v 6755.51 10709.67 0
v 6749.09 10708.14 0
v 6751.19 10711.83 0
v 6744.76 10710.92 0
v 6747.22 10714.39 0
v 6741.46 10713.56 0
v 6744.33 10716.70 0
v 6739.02 10716.16 0
v 6742.30 10718.87 0
v 6736.87 10719.14 0
v 6740.50 10721.34 0
v 6735.00 10722.79 0
v 6738.89 10724.49 0
v 6732.59 10728.95 0
v 6736.65 10730.21 0
v 6730.87 10736.08 0
v 6735.06 10736.77 0
v 6729.82 10745.76 0
v 6734.05 10746.14 0
v 6728.16 10765.96 0
v 6732.40 10766.31 0
v 6725.65 10795.64 0
v 6729.88 10796.05 0
v 6723.40 10815.30 0
v 6727.62 10815.83 0
v 6721.72 10826.65 0
v 6725.93 10827.28 0
v 6647.58 10847.62 0
v 6645.32 10840.47 0
v 6661.23 10843.31 0
v 6658.95 10836.16 0
v 6668.85 10840.84 0
v 6666.56 10833.70 0
v 6678.19 10837.87 0
v 6675.93 10830.72 0
v 6696.48 10832.12 0
v 6694.19 10824.98 0
v 6713.71 10826.46 0
v 6711.43 10819.32 0
v 6741.18 10817.82 0
v 6738.71 10810.74 0
v 6762.12 10809.59 0
v 6759.13 10802.72 0
v 6773.51 10803.73 0
v 6769.89 10797.16 0
v 6782.19 10798.54 0
v 6777.96 10792.34 0
v 6793.48 10790.10 0
v 6788.78 10784.25 0
v 6802.10 10782.52 0
v 6796.86 10777.16 0
v 6808.15 10775.74 0
v 6802.24 10771.13 0
v 6810.88 10771.22 0
v 6804.23 10767.77 0
v 6813.08 10766.35 0
v 6806.08 10763.64 0
v 6814.80 10761.13 0
v 6807.56 10759.16 0
v 6815.60 10757.02 0
v 6808.17 10755.98 0
v 6816.63 10748.21 0
v 6809.15 10747.73 0
v 6816.65 10740.14 0
v 6809.17 10740.68 0
v 6815.61 10733.95 0
v 6808.27 10735.49 0
v 6814.15 10728.14 0
v 6807.05 10730.56 0
v 6812.22 10724.06 0
v 6805.53 10727.44 0
v 6808.11 10716.13 0
v 6801.72 10720.05 0
v 6803.69 10710.26 0
v 6798.10 10715.26 0
v 6799.78 10706.86 0
v 6795.39 10712.94 0
v 6795.95 10704.62 0
v 6792.39 10711.22 0
v 6791.64 10702.45 0
v 6788.82 10709.40 0
v 6785.50 10700.39 0
v 6783.44 10707.60 0
v 6780.30 10699.21 0
v 6778.64 10706.52 0
v 6705.71 10621.51 0
v 6709.59 10619.78 0
v 6721.34 10656.46 0
v 6725.24 10654.77 0
v 6727.39 10671.56 0
v 6731.24 10669.76 0
v 6733.88 10683.27 0
v 6737.51 10681.05 0
v 6736.82 10686.89 0
v 6739.95 10684.02 0
v 6739.58 10689.50 0
v 6742.26 10686.20 0
v 6743.99 10692.73 0
v 6746.36 10689.20 0
v 6748.92 10695.73 0
v 6750.48 10691.77 0
v 6761.72 10699.78 0
v 6762.97 10695.72 0
v 6778.86 10704.90 0
v 6780.08 10700.83 0
v 5276.14 8578.81 0
v 5278.58 8571.72 0
v 5325.66 8595.88 0
v 5328.10 8588.79 0
v 6714.45 10618.98 0
v 6700.85 10622.30 0
v 6711.47 10606.77 0
v 6697.88 10610.13 0
v 6708.33 10594.24 0
v 6694.74 10597.61 0
v 6704.27 10577.77 0
v 6690.96 10582.09 0
v 6692.10 10544.23 0
v 6679.19 10549.67 0
v 6679.68 10519.47 0
v 6667.55 10526.46 0
v 6662.91 10493.50 0
v 6651.47 10501.57 0
v 6646.92 10473.03 0
v 6636.08 10481.88 0
v 6630.19 10453.45 0
v 6619.99 10463.04 0
v 6592.91 10415.65 0
v 6583.77 10426.25 0
v 6507.58 10347.68 0
v 6498.85 10358.63 0
v 6496.63 10338.84 0
v 6487.89 10349.78 0
v 6486.40 10330.77 0
v 6477.73 10341.76 0
v 6486.41 10330.78 0
v 6477.71 10341.75 0
v 6254.11 10146.46 0
v 6245.41 10157.43 0
v 6254.00 10146.38 0
v 6245.52 10157.51 0
v 6088.43 10020.15 0
v 6079.95 10031.29 0
v 5790.11 9871.48 0
v 5795.30 9858.48 0
v 5873.19 9904.65 0
v 5878.93 9891.89 0
v 5935.72 9936.97 0
v 5942.38 9924.65 0
v 5994.25 9970.08 0
v 6001.62 9958.17 0
v 6037.66 10000.08 0
v 6045.80 9988.69 0
v 6080.03 10031.35 0
v 6088.35 10020.09 0
v 5086.28 9304.04 0
v 5072.79 9307.78 0
v 5029.44 9098.92 0
v 5015.93 9102.60 0
v 5022.72 9070.89 0
v 5009.03 9073.83 0
v 5019.29 9051.59 0
v 5005.50 9054.05 0
v 5160.63 8532.78 0
v 5162.49 8536.60 0
v 5129.44 8547.97 0
v 5131.30 8551.79 0
v 5144.26 8500.24 0
v 5148.25 8498.79 0
v 5151.72 8520.68 0
v 5155.69 8519.18 0
v 5154.28 8526.77 0
v 5158.03 8524.78 0
v 5159.74 8535.79 0
v 5163.38 8533.59 0
v 5144.41 8529.87 0
v 5131.01 8525.83 0
v 5152.96 8501.54 0
v 5139.55 8497.49 0
v 5141.69 8488.79 0
v 5155.28 8492.14 0
v 5139.46 8497.84 0
v 5153.05 8501.19 0
v 5131.07 8525.64 0
v 5144.35 8530.06 0
v 5123.73 8547.67 0
v 5137.01 8552.09 0
v 5278.62 8571.74 0
v 5276.09 8578.80 0
v 5178.32 8535.79 0
v 5175.79 8542.85 0
v 5160.49 8538.29 0
v 5162.63 8531.10 0
v 5175.98 8542.91 0
v 5178.13 8535.73 0
v 5323.21 8591.57 0
v 5330.55 8593.10 0
v 5314.19 8634.80 0
v 5321.54 8636.29 0
v 5312.12 8646.39 0
v 5319.54 8647.48 0
v 5310.43 8660.46 0
v 5317.90 8661.11 0
v 5304.55 8733.19 0
v 5312.02 8733.85 0
v 5303.09 8744.13 0
v 5310.46 8745.50 0
v 5300.11 8757.11 0
v 5307.36 8759.03 0
v 5278.90 8835.87 0
v 5286.13 8837.84 0
v 5275.82 8846.26 0
v 5282.93 8848.62 0
v 5272.66 8854.68 0
v 5279.57 8857.58 0
v 5268.04 8864.83 0
v 5274.44 8868.74 0
v 5197.54 8977.51 0
v 5203.90 8981.49 0
v 5794.74 9858.28 0
v 5790.67 9871.68 0
v 5759.76 9847.64 0
v 5756.13 9861.16 0
v 5734.30 9842.05 0
v 5731.05 9855.66 0
v 5654.91 9822.58 0
v 5651.16 9836.07 0
v 5438.03 9759.51 0
v 5434.00 9772.92 0
v 5404.12 9747.12 0
v 5398.49 9759.94 0
v 5361.27 9725.82 0
v 5354.52 9738.09 0
v 5317.43 9699.41 0
v 5309.71 9711.08 0
v 5289.15 9678.11 0
v 5280.48 9689.10 0
v 5261.68 9655.45 0
v 5252.08 9665.64 0
v 5221.85 9614.68 0
v 5211.48 9624.08 0
v 5199.45 9586.86 0
v 5188.17 9595.15 0
v 5180.29 9558.11 0
v 5168.43 9565.55 0
v 5164.34 9530.86 0
v 5152.16 9537.75 0
v 5151.38 9507.00 0
v 5138.80 9513.13 0
v 5137.46 9475.66 0
v 5124.37 9480.63 0
v 5121.00 9426.95 0
v 5107.64 9431.14 0
v 5104.33 9369.92 0
v 5090.86 9373.73 0
v 5100.66 9354.99 0
v 5087.16 9358.69 0
v 5086.27 9304.01 0
v 5072.80 9307.81 0
v 4949.26 9115.95 0
v 4956.09 9119.04 0
v 4938.03 9140.77 0
v 4944.87 9143.86 0
v 6647.47 10845.91 0
v 6645.43 10842.18 0
v 6654.38 10842.12 0
v 6652.07 10838.55 0
v 6663.30 10835.67 0
v 6660.65 10832.34 0
v 6668.85 10830.61 0
v 6665.77 10827.69 0
v 6673.16 10825.24 0
v 6669.52 10823.04 0
v 6677.58 10816.26 0
v 6673.72 10814.47 0
v 6685.34 10798.96 0
v 6681.43 10797.29 0
v 6692.44 10781.35 0
v 6688.43 10779.94 0
v 6701.20 10753.82 0
v 6697.07 10752.81 0
v 6705.25 10729.12 0
v 6701.07 10728.39 0
v 6707.01 10720.55 0
v 6702.89 10719.50 0
v 6713.15 10698.16 0
v 6709.03 10697.09 0
v 6714.87 10690.32 0
v 6710.66 10689.69 0
v 6715.73 10680.88 0
v 6711.50 10680.50 0
v 6700.68 10621.34 0
v 6714.61 10619.95 0
v 6706.65 10681.38 0
v 6720.58 10680.00 0
v 5123.64 8547.94 0
v 5137.09 8551.82 0
v 5122.31 8552.57 0
v 5135.76 8556.45 0
v 6369.99 10854.31 0
v 6365.92 10860.61 0
v 6292.23 10804.13 0
v 6288.47 10810.62 0
v 6265.14 10793.69 0
v 6262.67 10800.77 0
v 6242.44 10786.74 0
v 6241.14 10794.12 0
v 6217.02 10785.26 0
v 6217.20 10792.76 0
v 6183.81 10788.09 0
v 6184.70 10795.54 0
v 6162.40 10791.76 0
v 6163.42 10799.19 0
v 6145.22 10793.39 0
v 6145.65 10800.87 0
v 6094.57 10795.61 0
v 6094.71 10803.10 0
v 6085.75 10794.55 0
v 6084.16 10801.88 0
v 6077.92 10791.95 0
v 6075.14 10798.92 0
v 6070.09 10788.30 0
v 6066.35 10794.80 0
v 6062.52 10783.04 0
v 6058.25 10789.21 0
v 6595.25 10833.96 0
v 6599.47 10834.44 0
v 6594.33 10842.18 0
v 6598.58 10842.18 0
v 6595.40 10848.13 0
v 6599.32 10846.50 0
v 6598.75 10852.67 0
v 6601.51 10849.44 0
v 6604.76 10856.40 0
v 6606.99 10852.77 0
v 6581.04 10854.83 0
v 6573.54 10855.03 0
v 6580.83 10846.68 0
v 6573.33 10846.88 0
v 6645.34 10840.46 0
v 6647.56 10847.63 0
v 6639.06 10842.41 0
v 6641.25 10849.58 0
v 6627.94 10845.79 0
v 6630.16 10852.95 0
v 6617.95 10848.97 0
v 6620.20 10856.13 0
v 6611.61 10850.92 0
v 6613.81 10858.09 0
v 6595.38 10831.01 0
v 6599.34 10837.39 0
v 6575.10 10843.59 0
v 6579.06 10849.97 0
v 6062.70 10783.18 0
v 6058.06 10789.07 0
v 5997.16 10731.60 0
v 5992.74 10737.66 0
v 5961.50 10709.56 0
v 5958.25 10716.32 0
v 5913.21 10691.23 0
v 5910.87 10698.36 0
v 5882.02 10683.54 0
v 5880.53 10690.89 0
v 5849.58 10678.31 0
v 5848.71 10685.76 0
v 5769.52 10670.32 0
v 5768.91 10677.80 0
v 5755.06 10670.64 0
v 5755.95 10678.09 0
v 5718.80 10676.27 0
v 5719.94 10683.69 0
v 5673.16 10683.28 0
v 5673.97 10690.73 0
v 5619.18 10687.18 0
v 5619.51 10694.67 0
v 5579.70 10687.49 0
v 5578.66 10694.92 0
v 5549.82 10677.49 0
v 5546.97 10684.43 0
v 5521.86 10663.64 0
v 5518.08 10670.12 0
v 5504.02 10650.74 0
v 5499.83 10656.97 0
v 5440.05 10608.56 0
v 5436.08 10614.92 0
v 5382.74 10575.20 0
v 5379.08 10581.74 0
v 5368.01 10568.34 0
v 5366.39 10575.66 0
v 5351.78 10568.49 0
v 5353.13 10575.86 0
v 5341.19 10573.36 0
v 5345.63 10579.41 0
v 5320.49 10590.99 0
v 5325.35 10596.70 0
v 5306.55 10602.90 0
v 5311.97 10608.08 0
v 5298.56 10614.12 0
v 5305.20 10617.59 0
v 5291.92 10630.84 0
v 5299.22 10632.55 0
v 5288.49 10656.74 0
v 5295.94 10657.58 0
v 5285.41 10688.99 0
v 5292.83 10690.06 0
v 5279.52 10718.76 0
v 5286.72 10720.87 0
v 5268.34 10747.19 0
v 5275.06 10750.51 0
v 5251.87 10774.57 0
v 5257.98 10778.93 0
v 5236.14 10792.28 0
v 5241.73 10797.28 0
v 5215.61 10815.11 0
v 5220.63 10820.69 0
v 5185.74 10837.60 0
v 5190.34 10843.52 0
v 5147.19 10868.29 0
v 5151.85 10874.16 0
v 5145.95 10869.15 0
v 5150.27 10875.28 0
v 6567.78 10856.74 0
v 6565.16 10853.39 0
v 6578.39 10848.46 0
v 6575.77 10845.11 0
v 5017.02 8966.90 0
v 5003.07 8965.73 0
v 5017.28 8963.85 0
v 5003.32 8962.79 0
v 5017.91 8955.04 0
v 5004.03 8953.19 0
v 5020.43 8939.89 0
v 5006.85 8936.48 0
v 5028.29 8913.85 0
v 5014.76 8910.26 0
v 5042.47 8856.89 0
v 5029.06 8852.85 0
v 5135.72 8556.59 0
v 5122.35 8552.44 0
v 5003.52 9035.93 0
v 5017.49 9034.95 0
v 5004.37 9047.88 0
v 5018.29 9046.37 0
v 5005.51 9054.11 0
v 5019.27 9051.53 0
v 4937.85 9141.25 0
v 4945.05 9143.37 0
v 4934.81 9151.70 0
v 4942.19 9152.99 0
v 4934.14 9162.78 0
v 4941.63 9162.55 0
v 4935.53 9177.41 0
v 4942.97 9176.44 0
v 4939.01 9200.25 0
v 4946.45 9199.33 0
v 4941.81 9227.78 0
v 4949.31 9227.51 0
v 4942.63 9303.26 0
v 4950.12 9302.96 0
v 4945.59 9320.23 0
v 4952.90 9318.59 0
v 4984.15 9488.49 0
v 4991.46 9486.79 0
v 4990.74 9513.37 0
v 4997.82 9510.91 0
v 5002.54 9541.49 0
v 5009.21 9538.07 0
v 5014.54 9559.87 0
v 5020.57 9555.41 0
v 5022.78 9568.88 0
v 5029.36 9565.29 0
v 5056.15 9636.25 0
v 5062.91 9633.00 0
v 5099.06 9727.49 0
v 5105.30 9723.32 0
v 5146.09 9770.68 0
v 5151.46 9765.44 0
v 5157.55 9787.60 0
v 5163.40 9782.91 0
v 5176.47 9808.41 0
v 5181.24 9802.62 0
v 5248.58 9862.68 0
v 5252.55 9856.31 0
v 5421.85 9961.55 0
v 5425.76 9955.15 0
v 5535.56 10038.08 0
v 5539.80 10031.90 0
v 5577.97 10068.52 0
v 5582.54 10062.57 0
v 5589.38 10079.25 0
v 5595.17 10074.47 0
v 5628.94 10130.34 0
v 5634.82 10125.68 0
v 5643.69 10147.72 0
v 5649.18 10142.62 0
v 5661.04 10164.90 0
v 5665.64 10158.98 0
v 5752.09 10231.96 0
v 5756.36 10225.79 0
v 5811.87 10269.43 0
v 5815.71 10262.99 0
v 5837.09 10282.66 0
v 5839.95 10275.72 0
v 5883.32 10298.87 0
v 5885.50 10291.69 0
v 5910.01 10304.78 0
v 5911.25 10297.38 0
v 5964.23 10312.45 0
v 5964.87 10304.97 0
v 6127.08 10323.49 0
v 6127.73 10316.01 0
v 6161.03 10329.53 0
v 6162.67 10322.22 0
v 6214.99 10343.22 0
v 6217.11 10336.03 0
v 6234.54 10351.22 0
v 6237.71 10344.42 0
v 6261.56 10364.98 0
v 6264.96 10358.30 0
v 6430.78 8677.89 0
v 6433.12 8670.77 0
v 6477.91 8693.38 0
v 6480.08 8686.20 0
v 6504.32 8700.12 0
v 6506.08 8692.83 0
v 6518.69 8703.22 0
v 6519.82 8695.80 0
v 6534.88 8704.78 0
v 6535.30 8697.29 0
v 6553.44 8705.15 0
v 6553.16 8697.66 0
v 6578.57 8703.12 0
v 6577.76 8695.66 0
v 6601.11 8700.03 0
v 6600.14 8692.59 0
v 6639.49 8695.13 0
v 6638.36 8687.72 0
v 6652.14 8692.28 0
v 6650.32 8685.00 0
v 6663.60 8689.12 0
v 6661.05 8682.07 0
v 6674.82 8684.09 0
v 6671.79 8677.23 0
v 6699.38 8673.34 0
v 6696.55 8666.39 0
v 6724.78 8663.74 0
v 6722.32 8656.66 0
v 6739.99 8659.25 0
v 6738.23 8651.96 0
v 6756.34 8656.10 0
v 6755.36 8648.66 0
v 6768.60 8655.47 0
v 6768.64 8647.97 0
v 6788.23 8656.30 0
v 6789.05 8648.85 0
v 6909.72 8671.05 0
v 6910.56 8663.60 0
v 6922.92 8671.51 0
v 6922.67 8664.02 0
v 6934.86 8670.22 0
v 6933.69 8662.81 0
v 6948.44 8667.47 0
v 6946.46 8660.24 0
v 6959.13 8663.55 0
v 6956.09 8656.69 0
v 6970.25 8657.78 0
v 6965.90 8651.68 0
v 7024.73 8616.84 0
v 7020.27 8610.81 0
v 7031.48 8612.45 0
v 7028.00 8605.81 0
v 7038.86 8609.43 0
v 7036.40 8602.35 0
v 7050.59 8605.85 0
v 7048.81 8598.56 0
v 7064.10 8603.28 0
v 7063.03 8595.86 0
v 7079.50 8601.71 0
v 7078.77 8594.25 0
v 7095.35 8600.24 0
v 7094.57 8592.78 0
v 7106.87 8598.84 0
v 7105.68 8591.44 0
v 7122.10 8595.97 0
v 7120.44 8588.65 0
v 7126.84 8594.28 0
v 7124.29 8587.23 0
v 6730.82 10826.72 0
v 6716.83 10827.22 0
v 6730.57 10819.68 0
v 6716.58 10820.23 0
v 6730.20 10810.79 0
v 6716.21 10811.32 0
v 6728.57 10766.98 0
v 6714.58 10767.50 0
v 6706.67 10681.53 0
v 6720.57 10679.85 0
v 6710.01 10709.25 0
v 6723.92 10707.64 0
v 6713.63 10741.76 0
v 6727.59 10740.66 0
v 6714.58 10767.50 0
v 6728.57 10766.98 0
v 6730.61 10853.22 0
v 6716.61 10853.10 0
v 6730.72 10840.91 0
v 6716.72 10840.79 0
v 6716.83 10826.91 0
v 6730.82 10827.02 0
v 6716.72 10840.80 0
v 6730.72 10840.91 0
v 6599.45 10837.31 0
v 6595.26 10831.09 0
v 6615.47 10826.50 0
v 6610.68 10820.73 0
v 6637.20 10805.89 0
v 6631.81 10800.68 0
v 6647.57 10793.31 0
v 6641.51 10788.90 0
v 6673.19 10756.59 0
v 6666.90 10752.51 0
v 6682.36 10739.74 0
v 6675.60 10736.49 0
v 6686.85 10728.20 0
v 6679.67 10726.03 0
v 6690.29 10713.47 0
v 6682.86 10712.49 0
v 6690.34 10701.19 0
v 6682.89 10702.10 0
v 6687.10 10687.18 0
v 6680.05 10689.74 0
v 6680.48 10674.06 0
v 6674.14 10678.08 0
v 6669.10 10658.66 0
v 6663.24 10663.34 0
v 6659.15 10647.48 0
v 6654.49 10653.36 0
v 6372.89 10423.27 0
v 6368.29 10429.20 0
v 6340.85 10400.46 0
v 6336.82 10406.79 0
v 6293.93 10373.01 0
v 6290.29 10379.57 0
v 6264.96 10358.30 0
v 6261.56 10364.99 0
v 7133.66 10445.75 0
v 7127.17 10449.52 0
v 7079.79 10353.00 0
v 7073.18 10356.54 0
v 7023.02 10239.33 0
v 7016.24 10242.54 0
v 6966.42 10112.75 0
v 6959.62 10115.91 0
v 6955.47 10094.14 0
v 6949.15 10098.18 0
v 6936.40 10065.68 0
v 6930.33 10070.09 0
v 6919.77 10045.10 0
v 6914.54 10050.48 0
v 6899.59 10029.93 0
v 6895.42 10036.17 0
v 6875.78 10015.63 0
v 6872.44 10022.35 0
v 6850.34 10005.64 0
v 6849.29 10013.06 0
v 6628.97 9980.72 0
v 6627.87 9988.13 0
v 6386.09 9937.14 0
v 6384.70 9944.51 0
v 6357.84 9929.66 0
v 6355.24 9936.70 0
v 6338.04 9919.56 0
v 6333.45 9925.49 0
v 6296.81 9882.20 0
v 6291.81 9887.79 0
v 6286.84 9873.81 0
v 6282.44 9879.89 0
v 6272.81 9864.84 0
v 6269.33 9871.48 0
v 6248.93 9853.93 0
v 6246.25 9860.94 0
v 6235.50 9850.63 0
v 6234.16 9858.01 0
v 6224.66 9849.53 0
v 6224.76 9857.03 0
v 6157.48 9851.66 0
v 6157.56 9859.16 0
v 6129.92 9850.60 0
v 6129.49 9858.09 0
v 6100.86 9848.40 0
v 6100.20 9855.88 0
v 6070.53 9845.39 0
v 6069.80 9852.85 0
v 6018.13 9840.24 0
v 6017.52 9847.71 0
v 6004.68 9839.99 0
v 6004.78 9847.49 0
v 5992.33 9840.61 0
v 5993.33 9848.04 0
v 5928.12 9850.27 0
v 5929.19 9857.69 0
v 5922.57 9850.74 0
v 5922.91 9858.23 0
v 5916.54 9850.80 0
v 5916.10 9858.29 0
v 5842.37 9845.97 0
v 5841.86 9853.45 0
v 5835.64 9845.27 0
v 5834.41 9852.67 0
v 5829.77 9843.90 0
v 5827.51 9851.05 0
v 5796.45 9832.82 0
v 5794.10 9839.94 0
v 5694.31 9799.33 0
v 5692.25 9806.54 0
v 5432.17 9728.38 0
v 5430.03 9735.57 0
v 5393.50 9709.91 0
v 5390.22 9716.66 0
v 5379.19 9702.50 0
v 5375.60 9709.09 0
v 5363.43 9693.50 0
v 5359.57 9699.93 0
v 5349.80 9684.88 0
v 5345.72 9691.17 0
v 5318.81 9664.49 0
v 5314.46 9670.60 0
v 5301.02 9650.19 0
v 5296.23 9655.96 0
v 5284.26 9635.86 0
v 5279.22 9641.41 0
v 5270.31 9622.33 0
v 5264.91 9627.53 0
v 5254.79 9605.23 0
v 5249.23 9610.27 0
v 5239.17 9588.00 0
v 5233.49 9592.90 0
v 5226.85 9572.82 0
v 5220.93 9577.43 0
v 5212.01 9553.21 0
v 5205.92 9557.59 0
v 5197.50 9531.99 0
v 5191.18 9536.04 0
v 5185.50 9511.91 0
v 5178.92 9515.50 0
v 5174.25 9489.42 0
v 5167.41 9492.50 0
v 5164.95 9466.35 0
v 5157.97 9469.08 0
v 5156.89 9445.06 0
v 5149.80 9447.50 0
v 5150.61 9424.69 0
v 5143.44 9426.88 0
v 5145.69 9408.32 0
v 5138.46 9410.32 0
v 5117.50 9305.40 0
v 5110.25 9307.32 0
v 5103.95 9250.46 0
v 5096.66 9252.22 0
v 5101.28 9238.26 0
v 5093.90 9239.61 0
v 5099.64 9227.04 0
v 5092.16 9227.63 0
v 5099.38 9214.31 0
v 5091.88 9214.12 0
v 5100.35 9199.90 0
v 5092.90 9199.03 0
v 5102.78 9185.23 0
v 5095.41 9183.82 0
v 5106.09 9169.93 0
v 5098.80 9168.19 0
v 5109.53 9156.82 0
v 5102.30 9154.81 0
v 5118.96 9123.69 0
v 5111.77 9121.54 0
v 5123.23 9110.97 0
v 5116.15 9108.48 0
v 5126.71 9101.67 0
v 5119.76 9098.86 0
v 5131.21 9091.17 0
v 5124.50 9087.82 0
v 5137.62 9079.74 0
v 5131.37 9075.60 0
v 5203.83 8981.60 0
v 5197.61 8977.41 0
v 7371.95 10843.54 0
v 7365.39 10847.18 0
v 7364.11 10829.48 0
v 7357.20 10832.40 0
v 7326.15 10735.18 0
v 7319.30 10738.24 0
v 7305.54 10698.77 0
v 7299.29 10702.92 0
v 7150.63 10470.76 0
v 7144.43 10474.97 0
v 7150.64 10470.76 0
v 7144.43 10474.97 0
v 7133.52 10445.53 0
v 7127.31 10449.74 0
v 5003.68 9047.70 0
v 4999.54 9046.72 0
v 5005.53 9039.84 0
v 5001.39 9038.89 0
v 5006.15 9036.97 0
v 5001.96 9036.24 0
v 5006.50 9034.17 0
v 5002.26 9033.94 0
v 5007.34 9015.43 0
v 5003.10 9015.17 0
v 5007.78 9012.68 0
v 5003.69 9011.50 0
v 5008.92 9009.98 0
v 5005.13 9008.05 0
v 5010.86 9006.70 0
v 5007.19 9004.54 0
v 5017.50 9035.09 0
v 5003.51 9035.79 0
v 5016.02 9005.28 0
v 5002.03 9005.97 0
v 5003.05 8966.13 0
v 5017.05 8966.50 0
v 5002.03 9005.44 0
v 5016.02 9005.80 0
v 5008.81 9034.16 0
v 5012.20 9036.72 0
v 4999.92 9045.93 0
v 5003.31 9048.49 0
v 4956.05 9119.14 0
v 4949.31 9115.85 0
v 4962.25 9106.42 0
v 4955.75 9102.67 0
v 4969.40 9095.97 0
v 4963.39 9091.50 0
v 5004.60 9049.47 0
v 4998.62 9044.95 0
v 14853.40 -10483.97 0
v 14860.83 -10482.93 0
v 14836.20 -10361.13 0
v 14843.63 -10360.12 0
v 14827.50 -10293.92 0
v 14834.96 -10293.13 0
v 14827.77 -10281.56 0
v 14835.26 -10281.92 0
v 14828.62 -10269.90 0
v 14836.06 -10270.86 0
v 14831.91 -10249.26 0
v 14839.31 -10250.44 0
v 14850.96 -9851.90 0
v 14843.60 -9853.33 0
v 14853.69 -9865.94 0
v 14846.33 -9867.35 0
v 14872.56 -9964.75 0
v 14865.16 -9965.99 0
v 14876.68 -10003.34 0
v 14869.20 -10003.85 0
v 14876.95 -10029.23 0
v 14869.45 -10029.06 0
v 14875.58 -10051.44 0
v 14868.17 -10050.25 0
v 14860.45 -10132.12 0
v 14853.06 -10130.86 0
v 14854.86 -10172.97 0
v 14847.47 -10171.65 0
v 14839.29 -10250.58 0
v 14831.93 -10249.11 0
v 14351.07 -10368.93 0
v 14355.04 -10370.46 0
v 14354.55 -10359.91 0
v 14358.38 -10361.75 0
v 14361.20 -10347.88 0
v 14364.84 -10350.08 0
v 14368.32 -10337.10 0
v 14371.76 -10339.60 0
v 14382.79 -10318.11 0
v 14386.17 -10320.69 0
v 14631.45 -10176.81 0
v 14638.92 -10177.51 0
v 14631.86 -10172.40 0
v 14639.32 -10173.23 0
v 14633.34 -10159.69 0
v 14640.80 -10160.52 0
v 14634.43 -10149.48 0
v 14641.92 -10149.78 0
v 14638.35 -10034.06 0
v 14645.84 -10034.31 0
v 14639.23 -10008.70 0
v 14646.72 -10008.96 0
v 14316.29 -10476.84 0
v 14320.53 -10477.07 0
v 14319.18 -10423.63 0
v 14323.41 -10423.94 0
v 14321.37 -10407.14 0
v 14325.56 -10407.86 0
v 14324.42 -10392.99 0
v 14328.53 -10394.07 0
v 14328.66 -10379.43 0
v 14332.62 -10380.96 0
v 14334.54 -10366.90 0
v 14338.26 -10368.95 0
v 14342.03 -10355.24 0
v 14345.45 -10357.77 0
v 14351.53 -10344.04 0
v 14354.67 -10346.90 0
v 14359.42 -10336.17 0
v 14362.35 -10339.25 0
v 14366.46 -10329.84 0
v 14369.07 -10333.20 0
v 14383.23 -10317.68 0
v 14385.73 -10321.12 0
v 14383.49 -10317.52 0
v 14385.48 -10321.28 0
v 14396.57 -10310.59 0
v 14398.46 -10314.39 0
v 14405.97 -10306.36 0
v 14407.44 -10310.35 0
v 14425.40 -10300.00 0
v 14426.46 -10304.11 0
v 14440.87 -10297.32 0
v 14441.46 -10301.53 0
v 14455.87 -10295.79 0
v 14456.13 -10300.03 0
v 14493.10 -10294.11 0
v 14493.42 -10298.35 0
v 14518.11 -10291.01 0
v 14518.85 -10295.20 0
v 14532.91 -10287.11 0
v 14534.11 -10291.18 0
v 14542.52 -10283.80 0
v 14544.14 -10287.73 0
v 14556.56 -10277.37 0
v 14558.45 -10281.17 0
v 14565.37 -10272.45 0
v 14567.63 -10276.05 0
v 14578.11 -10263.76 0
v 14580.68 -10267.15 0
v 14589.76 -10253.92 0
v 14592.66 -10257.02 0
v 14600.44 -10242.88 0
v 14603.64 -10245.68 0
v 14608.09 -10233.00 0
v 14611.62 -10235.37 0
v 14612.96 -10224.26 0
v 14616.70 -10226.28 0
v 14614.99 -10220.27 0
v 14618.80 -10222.16 0
v 14617.50 -10215.09 0
v 14621.40 -10216.76 0
v 14629.98 -10185.23 0
v 14633.91 -10186.83 0
v 14633.19 -10176.43 0
v 14637.18 -10177.89 0
v 14374.48 -10477.60 0
v 14378.73 -10477.72 0
v 14374.95 -10460.43 0
v 14379.19 -10460.13 0
v 14372.75 -10452.47 0
v 14376.77 -10451.09 0
v 14369.47 -10444.63 0
v 14373.35 -10442.89 0
v 14351.90 -10406.20 0
v 14355.79 -10404.49 0
v 14348.96 -10397.82 0
v 14353.08 -10396.80 0
v 14347.33 -10387.78 0
v 14351.58 -10387.59 0
v 14348.09 -10378.58 0
v 14352.26 -10379.42 0
v 14351.02 -10369.07 0
v 14355.08 -10370.33 0
v 14351.38 -10368.38 0
v 14354.72 -10371.01 0
v 14357.23 -10360.97 0
v 14360.31 -10363.90 0
v 14369.63 -10349.24 0
v 14372.33 -10352.52 0
v 14378.20 -10343.77 0
v 14380.18 -10347.54 0
v 14387.09 -10340.06 0
v 14388.32 -10344.13 0
v 14396.77 -10338.17 0
v 14397.15 -10342.40 0
v 14406.98 -10338.24 0
v 14406.60 -10342.47 0
v 14415.36 -10339.88 0
v 14414.13 -10343.95 0
v 14424.88 -10343.68 0
v 14422.90 -10347.44 0
v 14433.31 -10349.37 0
v 14430.60 -10352.64 0
v 14440.49 -10356.60 0
v 14437.18 -10359.27 0
v 14445.53 -10364.48 0
v 14441.77 -10366.46 0
v 14449.38 -10373.48 0
v 14445.34 -10374.82 0
v 14451.99 -10383.92 0
v 14447.81 -10384.69 0
v 14453.45 -10395.53 0
v 14449.22 -10395.88 0
v 14454.34 -10411.95 0
v 14450.09 -10412.09 0
v 14456.19 -10477.14 0
v 14451.94 -10477.25 0
v 14456.19 -10478.60 0
v 14451.94 -10478.59 0
v 14478.44 -10444.51 0
v 14474.19 -10444.45 0
v 14477.97 -10478.88 0
v 14473.72 -10478.83 0
v 14597.63 -10386.84 0
v 14601.84 -10387.44 0
v 14599.59 -10373.12 0
v 14603.82 -10373.49 0
v 14599.61 -10364.79 0
v 14603.85 -10364.48 0
v 14598.23 -10355.08 0
v 14602.44 -10354.49 0
v 14597.39 -10348.82 0
v 14601.54 -10347.91 0
v 14595.34 -10341.66 0
v 14599.18 -10339.85 0
v 14590.71 -10334.66 0
v 14594.02 -10332.00 0
v 14584.75 -10328.51 0
v 14587.63 -10325.38 0
v 14579.43 -10324.32 0
v 14581.76 -10320.76 0
v 14571.95 -10320.13 0
v 14573.69 -10316.25 0
v 14563.95 -10317.36 0
v 14565.01 -10313.25 0
v 14555.50 -10315.89 0
v 14555.81 -10311.65 0
v 14545.46 -10316.05 0
v 14544.99 -10311.83 0
v 14535.56 -10318.14 0
v 14534.31 -10314.08 0
v 14527.93 -10321.43 0
v 14525.95 -10317.67 0
v 14520.90 -10325.86 0
v 14518.27 -10322.52 0
v 14513.55 -10332.79 0
v 14510.35 -10330.00 0
v 14508.01 -10340.62 0
v 14504.34 -10338.48 0
v 14503.80 -10349.53 0
v 14499.82 -10348.03 0
v 14500.62 -10360.23 0
v 14496.47 -10359.29 0
v 14498.49 -10373.03 0
v 14494.26 -10372.62 0
v 14489.12 -10479.18 0
v 14484.88 -10478.80 0
v 14478.42 -10444.77 0
v 14474.21 -10444.19 0
v 14473.75 -10479.09 0
v 14469.54 -10478.52 0
v 14634.72 -10008.70 0
v 14627.22 -10008.49 0
v 14634.00 -10033.71 0
v 14626.50 -10033.52 0
v 14631.14 -10149.46 0
v 14623.64 -10149.28 0
v 14630.87 -10159.47 0
v 14623.39 -10158.84 0
v 14629.14 -10173.33 0
v 14621.69 -10172.41 0
v 14628.16 -10181.19 0
v 14620.81 -10179.71 0
v 14625.23 -10192.56 0
v 14618.08 -10190.27 0
v 14621.08 -10203.32 0
v 14614.27 -10200.17 0
v 14615.46 -10213.68 0
v 14609.12 -10209.67 0
v 14608.55 -10223.13 0
v 14602.78 -10218.35 0
v 14599.70 -10232.71 0
v 14594.56 -10227.24 0
v 14590.81 -10239.80 0
v 14586.43 -10233.71 0
v 14579.80 -10247.01 0
v 14576.24 -10240.41 0
v 14539.49 -10267.55 0
v 14535.91 -10260.95 0
v 14525.10 -10276.70 0
v 14520.73 -10270.61 0
v 14515.19 -10285.00 0
v 14510.06 -10279.53 0
v 14509.74 -10291.08 0
v 14503.85 -10286.43 0
v 14505.01 -10297.91 0
v 14498.55 -10294.10 0
v 14500.26 -10307.18 0
v 14493.38 -10304.21 0
v 14495.32 -10320.40 0
v 14488.10 -10318.37 0
v 14490.79 -10340.84 0
v 14483.34 -10339.96 0
v 14483.41 -10421.44 0
v 14475.95 -10420.67 0
v 14480.02 -10445.01 0
v 14472.60 -10443.95 0
v 15232.71 -10484.67 0
v 15236.19 -10491.32 0
v 15255.64 -10472.70 0
v 15259.28 -10479.25 0
v 15316.53 -10438.09 0
v 15320.35 -10444.55 0
v 15376.22 -10401.53 0
v 15380.25 -10407.85 0
v 15434.54 -10362.79 0
v 15438.80 -10368.96 0
v 15491.42 -10322.09 0
v 15495.89 -10328.11 0
v 15546.94 -10279.32 0
v 15551.62 -10285.18 0
v 15600.85 -10234.71 0
v 15605.73 -10240.40 0
v 15653.17 -10188.24 0
v 15658.20 -10193.80 0
v 15674.30 -10168.16 0
v 15679.46 -10173.60 0
v 15703.90 -10140.08 0
v 15709.19 -10145.40 0
v 15752.81 -10090.05 0
v 15758.27 -10095.20 0
v 15800.02 -10038.30 0
v 15805.64 -10043.26 0
v 15845.35 -9985.04 0
v 15851.15 -9989.80 0
v 15888.82 -9930.18 0
v 15894.78 -9934.73 0
v 15930.34 -9873.81 0
v 15936.45 -9878.16 0
v 16439.91 -9156.08 0
v 16446.03 -9160.41 0
v 16538.07 -9014.12 0
v 16544.29 -9018.30 0
v 16636.28 -8864.01 0
v 16642.56 -8868.12 0
v 16607.03 -8875.54 0
v 16600.91 -8871.20 0
v 16515.76 -9004.27 0
v 16509.65 -8999.93 0
v 16418.46 -9141.27 0
v 16412.35 -9136.93 0
v 15922.05 -9841.10 0
v 15915.94 -9836.75 0
v 15876.43 -9902.90 0
v 15870.48 -9898.34 0
v 15828.76 -9962.97 0
v 15822.97 -9958.21 0
v 15778.96 -10021.43 0
v 15773.33 -10016.46 0
v 15727.18 -10078.05 0
v 15721.74 -10072.89 0
v 15673.36 -10132.83 0
v 15668.09 -10127.49 0
v 15630.06 -10173.73 0
v 15624.91 -10168.28 0
v 15609.38 -10193.25 0
v 15604.38 -10187.66 0
v 15552.89 -10242.64 0
v 15548.05 -10236.91 0
v 15494.77 -10290.07 0
v 15490.13 -10284.19 0
v 15435.11 -10335.55 0
v 15430.67 -10329.51 0
v 15373.92 -10378.96 0
v 15369.68 -10372.77 0
v 15311.26 -10420.18 0
v 15307.25 -10413.84 0
v 15247.17 -10459.31 0
v 15243.36 -10452.85 0
v 15191.67 -10490.72 0
v 15187.98 -10484.19 0
v 14610.47 -10480.40 0
v 14614.72 -10480.60 0
v 14612.26 -10443.12 0
v 14616.51 -10443.25 0
v 14612.98 -10399.17 0
v 14617.23 -10399.16 0
v 14612.23 -10383.96 0
v 14616.45 -10383.52 0
v 14609.14 -10362.80 0
v 14613.35 -10362.18 0
v 14597.93 -10386.01 0
v 14601.53 -10388.27 0
v 14604.55 -10375.47 0
v 14608.26 -10377.55 0
v 14607.85 -10368.39 0
v 14611.86 -10369.78 0
v 14609.16 -10362.05 0
v 14613.32 -10362.93 0
v 14609.12 -10362.52 0
v 14613.37 -10362.46 0
v 14609.01 -10355.46 0
v 14613.26 -10355.30 0
v 14606.84 -10304.21 0
v 14611.09 -10304.22 0
v 14609.12 -10278.34 0
v 14613.34 -10278.85 0
v 14612.10 -10261.26 0
v 14616.24 -10262.21 0
v 14619.52 -10232.77 0
v 14623.63 -10233.85 0
v 14622.06 -10223.31 0
v 14626.14 -10224.51 0
v 14630.91 -10194.10 0
v 14635.01 -10195.23 0
v 14632.05 -10187.14 0
v 14636.26 -10187.68 0
v 14633.07 -10176.95 0
v 14637.30 -10177.37 0
v 14550.45 -10479.71 0
v 14554.69 -10479.85 0
v 14550.65 -10473.70 0
v 14554.89 -10474.01 0
v 14552.38 -10453.05 0
v 14556.58 -10453.68 0
v 14554.56 -10448.65 0
v 14558.19 -10450.86 0
v 14557.06 -10445.04 0
v 14560.55 -10447.46 0
v 14597.99 -10385.93 0
v 14601.48 -10388.35 0
v 16434.85 -3710.66 0
v 16431.02 -3704.21 0
v 16306.76 -3786.72 0
v 16302.93 -3780.27 0
v 13856.70 -1125.28 0
v 13850.80 -1129.91 0
v 13902.31 -1183.38 0
v 13896.41 -1188.02 0
v 17150.55 -6918.66 0
v 17143.64 -6915.73 0
v 17100.41 -7036.72 0
v 17093.50 -7033.78 0
v 13827.88 -1106.30 0
v 13824.61 -1113.05 0
v 13844.14 -1114.21 0
v 13840.04 -1120.50 0
v 13856.22 -1124.78 0
v 13851.27 -1130.41 0
v 17154.71 -6908.88 0
v 17147.81 -6905.94 0
v 17150.55 -6918.66 0
v 17143.65 -6915.73 0
v 17549.20 -4804.17 0
v 17554.51 -4798.87 0
v 17542.29 -4797.22 0
v 17546.95 -4791.34 0
v 17517.50 -4779.11 0
v 17521.89 -4773.03 0
v 17513.65 -4776.49 0
v 17517.59 -4770.10 0
v 17497.11 -4766.53 0
v 17500.56 -4759.87 0
v 17479.90 -4758.95 0
v 17482.04 -4751.76 0
v 17469.96 -4758.40 0
v 17470.22 -4750.91 0
v 17465.15 -4758.54 0
v 17464.61 -4751.06 0
v 17460.78 -4759.05 0
v 17459.28 -4751.70 0
v 17449.61 -4761.71 0
v 17447.31 -4754.57 0
v 17440.88 -4765.44 0
v 17437.65 -4758.67 0
v 17415.73 -4777.93 0
v 17412.56 -4771.13 0
v 17402.93 -4783.07 0
v 17400.43 -4776.00 0
v 17392.19 -4786.18 0
v 17391.00 -4778.78 0
v 17380.65 -4786.64 0
v 17380.83 -4779.14 0
v 17361.18 -4785.51 0
v 17361.30 -4778.01 0
v 17313.28 -4785.60 0
v 17313.43 -4778.10 0
v 17296.08 -4784.26 0
v 17297.01 -4776.82 0
v 17278.51 -4781.28 0
v 17279.65 -4773.87 0
v 17272.52 -4780.60 0
v 17272.91 -4773.11 0
v 17266.91 -4780.65 0
v 17266.19 -4773.18 0
v 17259.27 -4781.90 0
v 17257.56 -4774.60 0
v 17214.59 -4792.95 0
v 17213.33 -4785.55 0
v 17167.02 -4797.62 0
v 17166.60 -4790.13 0
v 17102.94 -4799.27 0
v 17103.01 -4791.77 0
v 17060.75 -4796.61 0
v 17061.62 -4789.16 0
v 16971.82 -4784.05 0
v 16972.74 -4776.60 0
v 16944.65 -4782.36 0
v 16945.41 -4774.90 0
v 16851.62 -4771.79 0
v 16852.40 -4764.33 0
v 16840.32 -4771.47 0
v 16840.21 -4763.97 0
v 16835.41 -4772.01 0
v 16834.20 -4764.61 0
v 16831.27 -4772.97 0
v 16829.53 -4765.68 0
v 16815.95 -4776.67 0
v 16813.77 -4769.50 0
v 16776.51 -4789.64 0
v 16774.31 -4782.47 0
v 16763.31 -4792.74 0
v 16761.78 -4785.40 0
v 16751.16 -4794.90 0
v 16750.40 -4787.44 0
v 16696.65 -4799.51 0
v 16696.01 -4792.04 0
v 16691.13 -4800.08 0
v 16689.91 -4792.68 0
v 16454.78 -4839.55 0
v 16453.55 -4832.15 0
v 16450.14 -4840.31 0
v 16448.50 -4832.99 0
v 16196.45 -4897.59 0
v 16194.81 -4890.27 0
v 16183.92 -4900.18 0
v 16182.62 -4892.79 0
v 16168.56 -4902.50 0
v 16167.35 -4895.09 0
v 16149.66 -4905.77 0
v 16148.18 -4898.42 0
v 16131.90 -4909.86 0
v 16129.85 -4902.65 0
v 16114.10 -4915.90 0
v 16112.00 -4908.70 0
v 15830.62 -4997.76 0
v 15828.59 -4990.54 0
v 15780.50 -5010.05 0
v 15778.73 -5002.76 0
v 15730.06 -5022.11 0
v 15728.49 -5014.78 0
v 15694.98 -5028.30 0
v 15693.51 -5020.94 0
v 15659.51 -5036.26 0
v 15657.97 -5028.92 0
v 15572.50 -5054.09 0
v 15571.09 -5046.72 0
v 15559.49 -5055.49 0
v 15559.14 -5048.00 0
v 15526.32 -5056.28 0
v 15526.30 -5048.78 0
v 15507.18 -5055.68 0
v 15507.69 -5048.19 0
v 15473.45 -5052.67 0
v 15474.51 -5045.25 0
v 15434.92 -5045.33 0
v 15436.51 -5038.00 0
v 15427.37 -5042.66 0
v 15430.20 -5035.71 0
v 15422.54 -5040.30 0
v 15426.39 -5033.86 0
v 15415.21 -5035.44 0
v 15419.56 -5029.33 0
v 15403.73 -5026.92 0
v 15408.51 -5021.13 0
v 15397.02 -5020.41 0
v 15402.54 -5015.32 0
v 15388.57 -5010.51 0
v 15394.65 -5006.11 0
v 15382.52 -5000.27 0
v 15389.41 -4997.31 0
v 15379.58 -4989.56 0
v 15386.94 -4988.17 0
v 15377.96 -4976.46 0
v 15385.44 -4976.02 0
v 15377.90 -4961.28 0
v 15385.39 -4961.65 0
v 15379.66 -4941.31 0
v 15387.08 -4942.41 0
v 15382.81 -4928.42 0
v 15390.03 -4930.46 0
v 15387.14 -4914.82 0
v 15394.19 -4917.39 0
v 15391.21 -4905.36 0
v 15397.97 -4908.63 0
v 15394.98 -4898.58 0
v 15401.49 -4902.32 0
v 15399.77 -4890.46 0
v 15406.00 -4894.63 0
v 15418.30 -4863.77 0
v 15424.27 -4868.32 0
v 15552.75 -4689.82 0
v 15558.63 -4694.47 0
v 15582.43 -4656.50 0
v 15587.81 -4661.73 0
v 15595.67 -4645.64 0
v 15600.42 -4651.44 0
v 15615.76 -4629.29 0
v 15619.43 -4635.84 0
v 15688.86 -4593.46 0
v 15692.30 -4600.13 0
v 15742.45 -4564.00 0
v 15745.91 -4570.66 0
v 15777.87 -4547.26 0
v 15781.35 -4553.90 0
v 15903.46 -4479.59 0
v 15906.89 -4486.26 0
v 16017.63 -4423.87 0
v 16020.85 -4430.64 0
v 16141.12 -4366.67 0
v 16144.17 -4373.53 0
v 16175.22 -4353.86 0
v 16177.68 -4360.94 0
v 16197.92 -4346.93 0
v 16199.79 -4354.19 0
v 16259.33 -4332.21 0
v 16261.68 -4339.33 0
v 16326.16 -4304.54 0
v 16329.41 -4311.30 0
v 16439.24 -4245.72 0
v 16442.72 -4252.37 0
v 16446.29 -4241.76 0
v 16450.22 -4248.15 0
v 16476.19 -4222.99 0
v 16480.29 -4229.28 0
v 16483.08 -4217.87 0
v 16488.22 -4223.32 0
v 16488.56 -4211.28 0
v 16494.35 -4216.04 0
v 16494.43 -4204.01 0
v 16500.42 -4208.53 0
v 16502.94 -4192.27 0
v 16509.16 -4196.47 0
v 16509.39 -4181.84 0
v 16515.86 -4185.64 0
v 16515.95 -4170.17 0
v 16522.72 -4173.39 0
v 16522.59 -4154.04 0
v 16529.61 -4156.70 0
v 16526.34 -4142.83 0
v 16533.57 -4144.82 0
v 16532.67 -4117.37 0
v 16539.93 -4119.25 0
v 16535.52 -4107.40 0
v 16542.78 -4109.29 0
v 16540.82 -4086.03 0
v 16548.13 -4087.69 0
v 16542.42 -4077.05 0
v 16549.84 -4078.13 0
v 16543.80 -4065.56 0
v 16551.29 -4065.99 0
v 16543.48 -4059.78 0
v 16550.90 -4058.68 0
v 16541.14 -4048.08 0
v 16548.42 -4046.28 0
v 16538.18 -4038.29 0
v 16545.25 -4035.79 0
v 16524.37 -4000.74 0
v 16531.47 -3998.31 0
v 16521.68 -3989.91 0
v 16529.07 -3988.62 0
v 16520.97 -3981.10 0
v 16528.47 -3981.24 0
v 16522.03 -3967.83 0
v 16529.48 -3968.68 0
v 16524.87 -3946.83 0
v 16532.28 -3947.95 0
v 16527.78 -3929.67 0
v 16535.21 -3930.73 0
v 16528.41 -3922.33 0
v 16535.90 -3922.70 0
v 16528.42 -3916.66 0
v 16535.90 -3916.15 0
v 16527.46 -3908.59 0
v 16534.82 -3907.16 0
v 16524.53 -3896.72 0
v 16531.70 -3894.52 0
v 16517.72 -3876.92 0
v 16524.73 -3874.25 0
v 16499.89 -3831.98 0
v 16506.89 -3829.28 0
v 16481.73 -3783.64 0
v 16488.69 -3780.82 0
v 16470.44 -3759.10 0
v 16477.25 -3755.98 0
v 16443.72 -3700.71 0
v 16450.54 -3697.59 0
v 13902.47 -1183.61 0
v 13896.25 -1187.79 0
v 13932.74 -1228.60 0
v 13926.63 -1232.95 0
v 13951.96 -1253.14 0
v 13946.09 -1257.80 0
v 13956.19 -1258.17 0
v 13950.84 -1263.42 0
v 13986.11 -1287.97 0
v 13981.09 -1293.55 0
v 14016.01 -1312.03 0
v 14011.05 -1317.66 0
v 14024.36 -1321.74 0
v 14018.48 -1326.41 0
v 14051.41 -1356.52 0
v 14045.61 -1361.27 0
v 14062.09 -1367.87 0
v 14056.94 -1373.33 0
v 14091.92 -1394.69 0
v 14087.11 -1400.45 0
v 14117.96 -1414.59 0
v 14113.59 -1420.68 0
v 14140.73 -1429.66 0
v 14136.29 -1435.71 0
v 14153.23 -1440.54 0
v 14147.63 -1445.53 0
v 14160.58 -1451.98 0
v 14154.08 -1455.72 0
v 14168.28 -1466.60 0
v 14161.40 -1469.58 0
v 14210.87 -1567.73 0
v 14203.85 -1570.38 0
v 14271.35 -1739.91 0
v 14264.24 -1742.29 0
v 14286.95 -1794.42 0
v 14279.74 -1796.50 0
v 14290.92 -1807.85 0
v 14283.61 -1809.53 0
v 14295.31 -1830.74 0
v 14287.91 -1831.97 0
v 14297.92 -1849.94 0
v 14290.51 -1851.07 0
v 14305.47 -1897.35 0
v 14298.04 -1898.37 0
v 14311.01 -1944.44 0
v 14303.57 -1945.44 0
v 14313.18 -1955.68 0
v 14306.23 -1958.51 0
v 14324.85 -1978.09 0
v 14318.39 -1981.91 0
v 14348.16 -2014.71 0
v 14342.09 -2019.12 0
v 14382.67 -2057.75 0
v 14376.81 -2062.44 0
v 16306.98 -3786.58 0
v 16302.71 -3780.41 0
v 16298.37 -3792.53 0
v 16293.92 -3786.50 0
v 16290.16 -3799.00 0
v 16285.46 -3793.15 0
v 16285.29 -3803.05 0
v 16280.13 -3797.60 0
v 16280.69 -3807.97 0
v 16275.11 -3802.95 0
v 16215.48 -3880.79 0
v 16209.95 -3875.71 0
v 16174.60 -3923.42 0
v 16169.21 -3918.21 0
v 16168.58 -3929.35 0
v 16163.39 -3923.94 0
v 16162.64 -3934.89 0
v 16157.80 -3929.16 0
v 16035.64 -4041.70 0
v 16030.81 -4035.97 0
v 16012.05 -4061.58 0
v 16006.99 -4056.05 0
v 15999.86 -4074.39 0
v 15994.18 -4069.49 0
v 15992.26 -4084.41 0
v 15985.68 -4080.80 0
v 15980.91 -4109.03 0
v 15973.89 -4106.37 0
v 15973.99 -4132.64 0
v 15966.81 -4130.48 0
v 15970.49 -4143.57 0
v 15963.60 -4140.62 0
v 15962.19 -4160.20 0
v 15955.58 -4156.66 0
v 15955.28 -4171.92 0
v 15949.04 -4167.76 0
v 15946.59 -4183.56 0
v 15940.79 -4178.81 0
v 15938.26 -4192.67 0
v 15933.09 -4187.24 0
v 15911.40 -4217.13 0
v 15906.35 -4211.58 0
v 15840.54 -4281.56 0
v 15835.60 -4275.92 0
v 15824.59 -4293.13 0
v 15821.04 -4286.52 0
v 15776.65 -4316.03 0
v 15773.25 -4309.35 0
v 15712.66 -4350.07 0
v 15709.09 -4343.48 0
v 15707.72 -4353.37 0
v 15702.94 -4347.59 0
v 15705.09 -4356.30 0
v 15699.15 -4351.72 0
v 15675.45 -4395.49 0
v 15669.58 -4390.82 0
v 15666.47 -4404.75 0
v 15661.48 -4399.14 0
v 15655.31 -4413.43 0
v 15651.02 -4407.27 0
v 15644.79 -4419.85 0
v 15641.37 -4413.18 0
v 15518.16 -4483.64 0
v 15514.75 -4476.96 0
v 15512.98 -4487.00 0
v 15508.15 -4481.27 0
v 15487.86 -4509.32 0
v 15482.70 -4503.88 0
v 15472.71 -4525.21 0
v 15467.61 -4519.71 0
v 15452.03 -4542.56 0
v 15447.50 -4536.58 0
v 15444.92 -4546.18 0
v 15441.92 -4539.31 0
v 15434.25 -4550.42 0
v 15430.58 -4543.89 0
v 15257.06 -4651.80 0
v 15253.33 -4645.29 0
v 15251.35 -4655.23 0
v 15246.21 -4649.76 0
v 15159.01 -4744.14 0
v 15153.77 -4738.78 0
v 15153.36 -4750.94 0
v 15147.13 -4746.76 0
v 15004.41 -4974.17 0
v 14997.96 -4970.34 0
v 14952.72 -5088.17 0
v 14945.84 -5085.18 0
v 14944.88 -5110.79 0
v 14937.72 -5108.56 0
v 14943.40 -5118.03 0
v 14935.98 -5116.96 0
v 14942.86 -5125.00 0
v 14935.36 -5124.91 0
v 14942.99 -5152.32 0
v 14935.50 -5152.47 0
v 14943.62 -5163.09 0
v 14936.17 -5163.89 0
v 14945.09 -5172.20 0
v 14937.82 -5174.04 0
v 14948.22 -5181.25 0
v 14941.30 -5184.14 0
v 14952.69 -5190.35 0
v 14946.21 -5194.12 0
v 14959.42 -5200.46 0
v 14953.26 -5204.75 0
v 14963.01 -5205.23 0
v 14957.42 -5210.22 0
v 14967.21 -5209.24 0
v 14962.50 -5215.07 0
v 15026.43 -5256.45 0
v 15021.62 -5262.20 0
v 15033.82 -5265.08 0
v 15027.87 -5269.65 0
v 15041.74 -5276.23 0
v 15035.31 -5280.09 0
v 15056.23 -5302.36 0
v 15049.71 -5306.06 0
v 15074.14 -5333.31 0
v 15067.90 -5337.47 0
v 15095.20 -5360.78 0
v 15089.56 -5365.73 0
v 15124.81 -5391.02 0
v 15119.30 -5396.11 0
v 15139.95 -5409.21 0
v 15134.17 -5413.99 0
v 15145.55 -5416.08 0
v 15139.73 -5420.82 0
v 17596.39 -4823.88 0
v 17598.14 -4820.01 0
v 17550.99 -4803.46 0
v 17552.73 -4799.59 0
v 14954.88 -9370.93 0
v 14947.76 -9368.57 0
v 14950.32 -9384.66 0
v 14943.32 -9381.98 0
v 14945.84 -9394.46 0
v 14939.26 -9390.86 0
v 14941.93 -9400.03 0
v 14935.80 -9395.70 0
v 14834.59 -9521.48 0
v 14840.40 -9526.22 0
v 14927.99 -9406.85 0
v 14933.83 -9411.55 0
v 14935.80 -9395.72 0
v 14941.93 -9400.02 0
v 17147.82 -6905.93 0
v 17154.70 -6908.90 0
v 17160.43 -6876.73 0
v 17167.44 -6879.40 0
v 17162.63 -6867.26 0
v 17170.06 -6868.29 0
v 17162.96 -6858.49 0
v 17170.42 -6857.70 0
v 17161.06 -6851.51 0
v 17167.87 -6848.36 0
v 17156.35 -6844.40 0
v 17162.24 -6839.75 0
v 17148.77 -6836.08 0
v 17154.22 -6830.94 0
v 17142.40 -6829.55 0
v 17147.00 -6823.62 0
v 17045.65 -6756.10 0
v 17050.20 -6750.14 0
v 17005.13 -6724.75 0
v 17009.72 -6718.82 0
v 17594.29 -4819.66 0
v 17600.24 -4824.23 0
v 17628.25 -4775.41 0
v 17634.24 -4779.93 0
v 17634.67 -4766.17 0
v 17641.03 -4770.14 0
v 17646.56 -4746.03 0
v 17652.73 -4750.29 0
v 17655.81 -4735.70 0
v 17660.84 -4741.26 0
v 17665.74 -4728.71 0
v 17669.33 -4735.30 0
v 17708.46 -4706.96 0
v 17711.97 -4713.58 0
v 17718.51 -4700.80 0
v 17723.13 -4706.71 0
v 17777.15 -4653.15 0
v 17781.96 -4658.90 0
v 17786.00 -4644.39 0
v 17791.39 -4649.60 0
v 17816.17 -4612.74 0
v 17821.70 -4617.80 0
v 17828.65 -4597.76 0
v 17834.62 -4602.30 0
v 17952.98 -4432.77 0
v 17958.97 -4437.28 0
v 17961.60 -4421.24 0
v 17967.29 -4426.12 0
v 17970.93 -4411.88 0
v 17975.72 -4417.66 0
v 17981.99 -4404.30 0
v 17985.98 -4410.65 0
v 17993.39 -4397.79 0
v 17996.65 -4404.55 0
v 18008.06 -4391.71 0
v 18010.68 -4398.73 0
v 18024.87 -4386.05 0
v 18026.95 -4393.25 0
v 18061.10 -4376.38 0
v 18063.18 -4383.59 0
v 18072.59 -4372.34 0
v 18075.62 -4379.20 0
v 18087.06 -4364.88 0
v 18090.80 -4371.39 0
v 18096.26 -4358.74 0
v 18100.71 -4364.78 0
v 18103.42 -4352.88 0
v 18108.68 -4358.22 0
v 18108.51 -4346.72 0
v 18114.69 -4350.96 0
v 18113.88 -4337.53 0
v 18120.44 -4341.17 0
v 18117.21 -4331.04 0
v 18124.04 -4334.14 0
v 18166.83 -4220.65 0
v 18173.66 -4223.77 0
v 18184.37 -4184.10 0
v 18191.13 -4187.35 0
v 18193.23 -4165.67 0
v 18200.02 -4168.84 0
v 18200.28 -4150.01 0
v 18207.06 -4153.22 0
v 18207.57 -4135.46 0
v 18214.10 -4139.14 0
v 18218.31 -4117.99 0
v 18224.48 -4122.25 0
v 18248.34 -4076.52 0
v 18254.39 -4080.95 0
v 18254.89 -4068.03 0
v 18260.43 -4073.09 0
v 18269.32 -4053.49 0
v 18274.58 -4058.84 0
v 18277.24 -4046.04 0
v 18282.24 -4051.63 0
v 18295.38 -4030.23 0
v 18300.43 -4035.77 0
v 18321.94 -4005.38 0
v 18327.23 -4010.70 0
v 18330.44 -3995.43 0
v 18336.25 -4000.16 0
v 18342.34 -3980.34 0
v 18348.52 -3984.58 0
v 18352.78 -3962.91 0
v 18359.35 -3966.53 0
v 18377.71 -3916.16 0
v 18384.33 -3919.67 0
v 18381.68 -3908.36 0
v 18388.60 -3911.24 0
v 18385.87 -3896.55 0
v 18392.96 -3899.03 0
v 18388.77 -3888.06 0
v 18396.01 -3890.02 0
v 18391.39 -3876.28 0
v 18398.80 -3877.43 0
v 18392.92 -3861.22 0
v 18400.41 -3861.51 0
v 18393.72 -3815.10 0
v 18401.22 -3815.12 0
v 18393.05 -3809.66 0
v 18400.54 -3809.27 0
v 18392.98 -3800.46 0
v 18400.47 -3800.92 0
v 18395.69 -3766.44 0
v 18403.18 -3766.78 0
v 18396.37 -3725.14 0
v 18403.87 -3725.36 0
v 18397.41 -3708.16 0
v 18404.86 -3708.95 0
v 18398.83 -3702.71 0
v 18405.97 -3705.00 0
v 18400.41 -3698.87 0
v 18406.82 -3702.77 0
v 18407.87 -3687.73 0
v 18413.55 -3692.63 0
v 18421.04 -3674.88 0
v 18426.44 -3680.08 0
v 18431.88 -3662.75 0
v 18437.18 -3668.06 0
v 18448.13 -3647.92 0
v 18452.80 -3653.78 0
v 18486.94 -3618.79 0
v 18491.46 -3624.77 0
v 18491.10 -3615.52 0
v 18496.32 -3620.90 0
v 18499.26 -3606.81 0
v 18505.04 -3611.58 0
v 18509.46 -3593.23 0
v 18515.29 -3597.94 0
v 18551.70 -3541.78 0
v 18557.46 -3546.59 0
v 18557.53 -3535.72 0
v 18562.61 -3541.24 0
v 18577.20 -3518.30 0
v 18581.44 -3524.48 0
v 18607.40 -3501.54 0
v 18611.15 -3508.03 0
v 18623.42 -3491.56 0
v 18627.26 -3498.00 0
v 18640.59 -3481.76 0
v 18644.47 -3488.18 0
v 18651.03 -3474.90 0
v 18655.54 -3480.89 0
v 18659.26 -3467.77 0
v 18664.96 -3472.64 0
v 18691.00 -3427.87 0
v 18697.04 -3432.32 0
v 18732.73 -3367.90 0
v 18738.89 -3372.19 0
v 17600.02 -4824.48 0
v 17594.51 -4819.40 0
v 17578.93 -4847.40 0
v 17573.41 -4842.32 0
v 17554.72 -4799.10 0
v 17548.99 -4803.94 0
v 17563.36 -4809.33 0
v 17557.43 -4813.92 0
v 17566.91 -4814.88 0
v 17560.41 -4818.63 0
v 17569.52 -4819.94 0
v 17562.77 -4823.21 0
v 17575.40 -4832.38 0
v 17568.51 -4835.35 0
v 17579.67 -4843.52 0
v 17572.67 -4846.20 0
v 17106.40 -6096.70 0
v 17104.04 -6103.82 0
v 17170.44 -6117.95 0
v 17168.07 -6125.06 0
v 17170.46 -6117.96 0
v 17168.05 -6125.06 0
v 17212.45 -6132.23 0
v 17210.12 -6139.36 0
v 17249.13 -6143.66 0
v 17246.91 -6150.82 0
v 17172.67 -6123.06 0
v 17165.84 -6119.95 0
v 17149.55 -6173.81 0
v 17142.72 -6170.70 0
v 17152.89 -6904.03 0
v 17149.64 -6910.79 0
v 17260.25 -6955.64 0
v 17257.05 -6962.42 0
v 17265.54 -6957.40 0
v 17263.34 -6964.57 0
v 17271.35 -6959.01 0
v 17269.97 -6966.39 0
v 17278.75 -6959.86 0
v 17278.10 -6967.33 0
v 17311.73 -6962.49 0
v 17311.50 -6969.99 0
v 17515.71 -6967.12 0
v 17515.49 -6974.61 0
v 17648.56 -6972.36 0
v 17648.26 -6979.85 0
v 17654.19 -6972.81 0
v 17653.09 -6980.23 0
v 17679.16 -6976.90 0
v 17678.07 -6984.32 0
v 17685.60 -6977.45 0
v 17685.22 -6984.94 0
v 17699.97 -6977.94 0
v 17700.09 -6985.44 0
v 17711.56 -6977.08 0
v 17712.44 -6984.53 0
v 17718.72 -6975.73 0
v 17720.50 -6983.01 0
v 17734.72 -6971.39 0
v 17736.44 -6978.69 0
v 17741.11 -6970.48 0
v 17741.83 -6977.95 0
v 17761.20 -6968.81 0
v 17761.63 -6976.30 0
v 17774.00 -6968.58 0
v 17773.68 -6976.07 0
v 17803.40 -6970.56 0
v 17802.81 -6978.03 0
v 17809.09 -6971.35 0
v 17807.77 -6978.73 0
v 17822.80 -6974.01 0
v 17821.15 -6981.32 0
v 17835.88 -6977.43 0
v 17833.47 -6984.53 0
v 17874.25 -6991.45 0
v 17871.50 -6998.42 0
v 17891.23 -6999.25 0
v 17887.80 -7005.92 0
v 17947.75 -7029.18 0
v 17944.20 -7035.79 0
v 17953.15 -7032.53 0
v 17949.06 -7038.82 0
v 17960.44 -7037.40 0
v 17956.47 -7043.76 0
v 17973.68 -7045.36 0
v 17969.76 -7051.75 0
v 17978.64 -7048.57 0
v 17974.35 -7054.72 0
v 17985.38 -7053.52 0
v 17980.74 -7059.41 0
v 17991.73 -7058.86 0
v 17986.67 -7064.40 0
v 17997.83 -7064.89 0
v 17992.37 -7070.04 0
v 18008.09 -7076.20 0
v 18002.38 -7081.06 0
v 18011.24 -7080.71 0
v 18004.84 -7084.62 0
v 18017.54 -7091.59 0
v 18010.95 -7095.19 0
v 18022.16 -7100.69 0
v 18015.34 -7103.83 0
v 18026.34 -7110.69 0
v 18019.35 -7113.39 0
v 18028.70 -7117.65 0
v 18021.53 -7119.87 0
v 18030.58 -7124.34 0
v 18023.31 -7126.18 0
v 18032.59 -7133.01 0
v 18025.25 -7134.53 0
v 18039.25 -7166.20 0
v 18031.89 -7167.63 0
v 18040.10 -7171.67 0
v 18032.72 -7173.01 0
v 18042.30 -7183.11 0
v 18034.99 -7184.78 0
v 18045.51 -7195.63 0
v 18038.59 -7198.52 0
v 18056.14 -7216.21 0
v 18049.82 -7220.24 0
v 18064.98 -7226.24 0
v 18059.83 -7231.69 0
v 18076.47 -7235.29 0
v 18072.33 -7241.54 0
v 18088.70 -7241.93 0
v 18085.35 -7248.64 0
v 18100.12 -7247.05 0
v 18096.81 -7253.79 0
v 18140.90 -7267.51 0
v 18137.49 -7274.20 0
v 18267.35 -7332.26 0
v 18263.94 -7338.94 0
v 18270.72 -7333.76 0
v 18267.62 -7340.58 0
v 18292.70 -7343.76 0
v 18289.84 -7350.70 0
v 18307.31 -7348.88 0
v 18305.24 -7356.09 0
v 18319.39 -7351.44 0
v 18318.18 -7358.84 0
v 18332.66 -7353.01 0
v 18332.48 -7360.51 0
v 18424.24 -7353.93 0
v 18424.21 -7361.42 0
v 18449.10 -7353.57 0
v 18449.41 -7361.06 0
v 18486.66 -7351.33 0
v 18487.53 -7358.78 0
v 18531.13 -7344.04 0
v 18532.73 -7351.37 0
v 18556.35 -7336.10 0
v 18558.71 -7343.22 0
v 18565.42 -7332.68 0
v 18568.05 -7339.70 0
v 18574.54 -7329.26 0
v 18577.52 -7336.15 0
v 18648.51 -7296.69 0
v 18651.63 -7303.51 0
v 18666.34 -7287.19 0
v 18670.30 -7293.56 0
v 18739.06 -7240.32 0
v 18743.13 -7246.62 0
v 18746.21 -7235.65 0
v 18750.16 -7242.02 0
v 18763.42 -7225.20 0
v 18767.83 -7231.27 0
v 18776.39 -7213.76 0
v 18781.68 -7219.08 0
v 18786.61 -7202.16 0
v 18792.53 -7206.76 0
v 18794.79 -7190.12 0
v 18801.40 -7193.67 0
v 18811.31 -7156.06 0
v 18818.10 -7159.24 0
v 18815.66 -7145.62 0
v 18822.56 -7148.55 0
v 18819.37 -7137.08 0
v 18826.37 -7139.77 0
v 18831.64 -7104.03 0
v 18838.70 -7106.57 0
v 18838.28 -7084.50 0
v 18845.41 -7086.84 0
v 18841.01 -7075.50 0
v 18848.25 -7077.47 0
v 18843.54 -7065.18 0
v 18850.88 -7066.74 0
v 18848.27 -7041.40 0
v 18855.61 -7042.93 0
v 18852.89 -7020.20 0
v 18860.25 -7021.64 0
v 18869.73 -6931.31 0
v 18877.10 -6932.69 0
v 18870.67 -6925.13 0
v 18878.07 -6926.37 0
v 18874.34 -6903.82 0
v 18881.74 -6905.03 0
v 18874.86 -6899.55 0
v 18882.35 -6899.94 0
v 18875.77 -6875.86 0
v 18883.26 -6876.01 0
v 18877.71 -6760.85 0
v 18885.21 -6760.89 0
v 18876.96 -6661.48 0
v 18884.46 -6661.39 0
v 18876.46 -6649.45 0
v 18883.94 -6649.00 0
v 18875.37 -6634.76 0
v 18882.82 -6633.97 0
v 18870.84 -6596.84 0
v 18878.30 -6596.14 0
v 18866.97 -6545.04 0
v 18874.45 -6544.58 0
v 18866.91 -6533.27 0
v 18874.40 -6533.68 0
v 18868.49 -6517.10 0
v 18875.94 -6517.98 0
v 18869.81 -6508.92 0
v 18877.14 -6510.53 0
v 18871.79 -6502.14 0
v 18878.81 -6504.77 0
v 18875.20 -6494.51 0
v 18881.95 -6497.77 0
v 18878.27 -6488.68 0
v 18884.83 -6492.32 0
v 18881.34 -6483.45 0
v 18887.57 -6487.62 0
v 18905.01 -6448.64 0
v 18911.19 -6452.89 0
v 18906.90 -6446.33 0
v 18912.49 -6451.33 0
v 18944.51 -6404.39 0
v 18950.10 -6409.40 0
v 18974.34 -6371.04 0
v 18979.97 -6375.99 0
v 19007.71 -6332.43 0
v 19013.31 -6337.41 0
v 19032.04 -6306.17 0
v 19037.60 -6311.20 0
v 19038.74 -6298.11 0
v 19044.70 -6302.66 0
v 19047.25 -6286.26 0
v 19053.60 -6290.25 0
v 19072.26 -6244.80 0
v 19078.63 -6248.75 0
v 19102.71 -6196.87 0
v 19108.98 -6200.99 0
v 19146.08 -6132.16 0
v 19152.27 -6136.40 0
v 19156.92 -6117.73 0
v 19162.55 -6122.68 0
v 19219.45 -6048.50 0
v 19225.01 -6053.54 0
v 19284.50 -5977.13 0
v 19290.05 -5982.18 0
v 19298.05 -5962.12 0
v 19303.66 -5967.10 0
v 19305.12 -5953.92 0
v 19310.90 -5958.69 0
v 19315.14 -5941.39 0
v 19320.88 -5946.22 0
v 19318.12 -5938.54 0
v 19322.98 -5944.25 0
v 19327.51 -5930.78 0
v 19331.94 -5936.83 0
v 19333.63 -5927.22 0
v 19337.11 -5933.86 0
v 19338.34 -5925.11 0
v 19340.82 -5932.19 0
v 19352.87 -5920.44 0
v 19355.07 -5927.61 0
v 19355.98 -5919.70 0
v 19357.31 -5927.09 0
v 19373.86 -5916.63 0
v 19374.90 -5924.06 0
v 19404.94 -5912.87 0
v 19405.68 -5920.33 0
v 19444.91 -5909.53 0
v 19445.32 -5917.02 0
v 19506.78 -5907.26 0
v 19506.94 -5914.76 0
v 19514.05 -5908.10 0
v 19513.10 -5915.54 0
v 19521.01 -5909.05 0
v 19519.75 -5916.44 0
v 19529.29 -5910.73 0
v 19527.03 -5917.88 0
v 19605.36 -5935.63 0
v 19603.07 -5942.77 0
v 19619.21 -5939.50 0
v 19617.43 -5946.78 0
v 19651.41 -5946.90 0
v 19649.96 -5954.26 0
v 19685.67 -5952.60 0
v 19684.34 -5959.98 0
v 19705.58 -5956.66 0
v 19703.77 -5963.94 0
v 19719.29 -5960.97 0
v 19716.72 -5968.01 0
v 19728.40 -5965.05 0
v 19724.51 -5971.46 0
v 19740.83 -5974.01 0
v 19735.86 -5979.62 0
v 19779.17 -6009.89 0
v 19774.09 -6015.41 0
v 19798.44 -6026.99 0
v 19793.67 -6032.78 0
v 19809.11 -6034.56 0
v 19805.34 -6041.04 0
v 19829.66 -6045.10 0
v 19825.89 -6051.58 0
v 19864.74 -6066.88 0
v 19860.69 -6073.20 0
v 19888.04 -6082.52 0
v 19883.81 -6088.72 0
v 19891.75 -6085.36 0
v 19886.84 -6091.03 0
v 19896.53 -6089.88 0
v 19890.99 -6094.93 0
v 19898.50 -6093.06 0
v 19891.56 -6095.90 0
v 19907.40 -6115.83 0
v 19900.45 -6118.64 0
v 19910.62 -6123.13 0
v 19903.91 -6126.49 0
v 19922.96 -6146.90 0
v 19916.37 -6150.48 0
v 19927.82 -6154.86 0
v 19921.52 -6158.92 0
v 19935.45 -6166.30 0
v 19929.31 -6170.61 0
v 19951.87 -6189.11 0
v 19945.99 -6193.77 0
v 19981.86 -6224.80 0
v 19976.41 -6229.96 0
v 20026.79 -6268.24 0
v 20021.53 -6273.59 0
v 20029.65 -6271.90 0
v 20023.54 -6276.24 0
v 20032.33 -6275.97 0
v 20025.76 -6279.59 0
v 20035.86 -6283.14 0
v 20029.04 -6286.24 0
v 20046.72 -6307.62 0
v 20039.89 -6310.71 0
v 20049.15 -6312.49 0
v 20042.60 -6316.14 0
v 20052.94 -6318.81 0
v 20046.84 -6323.16 0
v 20060.79 -6328.80 0
v 20055.03 -6333.61 0
v 20064.75 -6332.98 0
v 20059.49 -6338.32 0
v 20077.44 -6345.21 0
v 20072.34 -6350.71 0
v 20079.24 -6346.59 0
v 20075.69 -6353.19 0
v 20091.20 -6352.48 0
v 20088.06 -6359.29 0
v 20181.50 -6393.84 0
v 20178.44 -6400.69 0
v 20216.00 -6408.30 0
v 20213.08 -6415.21 0
v 20225.15 -6412.24 0
v 20221.88 -6418.99 0
v 20233.66 -6416.92 0
v 20229.25 -6422.98 0
v 20267.85 -6443.21 0
v 20263.11 -6449.02 0
v 20283.52 -6457.49 0
v 20278.66 -6463.21 0
v 20309.15 -6478.32 0
v 20304.61 -6484.29 0
v 20316.18 -6482.41 0
v 20312.79 -6489.10 0
v 20331.68 -6489.67 0
v 20328.64 -6496.53 0
v 20374.28 -6508.23 0
v 20371.40 -6515.16 0
v 20391.63 -6514.60 0
v 20389.53 -6521.80 0
v 20421.90 -6522.12 0
v 20420.37 -6529.47 0
v 20440.58 -6524.85 0
v 20440.10 -6532.34 0
v 20493.75 -6526.69 0
v 20493.78 -6534.19 0
v 20553.09 -6524.37 0
v 20553.41 -6531.86 0
v 20564.26 -6523.74 0
v 20565.15 -6531.19 0
v 20579.34 -6521.27 0
v 20581.06 -6528.57 0
v 20613.24 -6512.20 0
v 20615.67 -6519.29 0
v 20705.21 -6478.10 0
v 20707.83 -6485.13 0
v 20709.60 -6476.34 0
v 20711.69 -6483.55 0
v 20751.64 -6464.65 0
v 20752.98 -6472.03 0
v 20798.68 -6460.10 0
v 20799.75 -6467.52 0
v 20879.54 -6446.31 0
v 20881.03 -6453.67 0
v 20895.38 -6440.65 0
v 20898.42 -6447.51 0
v 20911.59 -6432.13 0
v 20916.30 -6437.97 0
v 20925.20 -6416.60 0
v 20931.17 -6421.14 0
v 20933.68 -6402.96 0
v 20940.16 -6406.73 0
v 20945.64 -6381.41 0
v 20952.37 -6384.71 0
v 20963.37 -6342.41 0
v 20970.35 -6345.16 0
v 20973.15 -6311.63 0
v 20980.39 -6313.60 0
v 20976.51 -6294.13 0
v 20983.87 -6295.56 0
v 20978.76 -6282.76 0
v 20986.03 -6284.58 0
v 20983.52 -6266.09 0
v 20990.61 -6268.54 0
v 20988.64 -6254.17 0
v 20995.45 -6257.30 0
v 20995.68 -6239.64 0
v 21002.39 -6242.99 0
v 20998.76 -6233.91 0
v 21005.26 -6237.66 0
v 21009.92 -6214.97 0
v 21016.34 -6218.86 0
v 21016.05 -6205.42 0
v 21022.54 -6209.18 0
v 21024.95 -6189.12 0
v 21031.50 -6192.76 0
v 21028.37 -6183.25 0
v 21035.05 -6186.65 0
v 21040.62 -6158.24 0
v 21047.31 -6161.64 0
v 21054.57 -6131.70 0
v 21061.09 -6135.40 0
v 21072.11 -6102.72 0
v 21078.45 -6106.72 0
v 21086.66 -6080.80 0
v 21092.76 -6085.16 0
v 21122.78 -6031.76 0
v 21128.84 -6036.17 0
v 21137.75 -6010.44 0
v 21143.80 -6014.87 0
v 21144.71 -6001.83 0
v 21150.45 -6006.66 0
v 21149.19 -5996.87 0
v 21154.40 -6002.27 0
v 21154.44 -5992.45 0
v 21159.00 -5998.41 0
v 21161.54 -5987.56 0
v 21164.35 -5994.51 0
v 21201.22 -5973.42 0
v 21203.86 -5980.44 0
v 21213.94 -5967.90 0
v 21217.42 -5974.55 0
v 21235.14 -5955.63 0
v 21238.99 -5962.07 0
v 21240.43 -5952.09 0
v 21244.79 -5958.19 0
v 21247.36 -5946.88 0
v 21251.99 -5952.78 0
v 21256.36 -5939.59 0
v 21261.19 -5945.33 0
v 21264.85 -5932.16 0
v 21270.01 -5937.61 0
v 21274.91 -5921.99 0
v 21280.07 -5927.44 0
v 21294.36 -5904.23 0
v 21299.27 -5909.89 0
v 21301.77 -5898.77 0
v 21305.66 -5905.18 0
v 21313.02 -5892.86 0
v 21316.34 -5899.59 0
v 21317.67 -5890.96 0
v 21319.77 -5898.16 0
v 21327.74 -5888.51 0
v 21329.38 -5895.83 0
v 21330.57 -5888.14 0
v 21330.71 -5895.64 0
v 21352.81 -5887.97 0
v 21352.62 -5895.47 0
v 21375.35 -5889.24 0
v 21374.83 -5896.72 0
v 21397.22 -5891.07 0
v 21396.87 -5898.56 0
v 21432.48 -5891.85 0
v 21432.41 -5899.35 0
v 21437.81 -5891.48 0
v 21438.54 -5898.95 0
v 21444.67 -5890.65 0
v 21445.88 -5898.05 0
v 21453.00 -5889.01 0
v 21454.67 -5896.32 0
v 21457.86 -5887.65 0
v 21460.33 -5894.73 0
v 21464.12 -5885.13 0
v 21467.14 -5891.99 0
v 21484.24 -5875.99 0
v 21487.20 -5882.89 0
v 21494.29 -5872.18 0
v 21496.76 -5879.26 0
v 21514.36 -5865.48 0
v 21516.64 -5872.62 0
v 21521.91 -5863.40 0
v 21523.41 -5870.74 0
v 21529.71 -5862.35 0
v 21530.16 -5869.83 0
v 21536.34 -5862.52 0
v 21535.71 -5869.99 0
v 21540.70 -5863.29 0
v 21538.86 -5870.56 0
v 21561.14 -5868.76 0
v 21559.06 -5875.96 0
v 21574.71 -5873.16 0
v 21571.98 -5880.15 0
v 21647.92 -5902.70 0
v 21645.07 -5909.64 0
v 21654.33 -5905.84 0
v 21650.65 -5912.38 0
v 21699.62 -5931.73 0
v 21695.82 -5938.19 0
v 21706.73 -5936.67 0
v 21702.19 -5942.65 0
v 21713.70 -5942.41 0
v 21708.56 -5947.87 0
v 21717.95 -5947.28 0
v 21712.04 -5951.89 0
v 21732.12 -5965.99 0
v 21726.21 -5970.62 0
v 21737.97 -5972.85 0
v 21732.59 -5978.08 0
v 21745.89 -5980.18 0
v 21741.26 -5986.07 0
v 21782.04 -6007.44 0
v 21777.57 -6013.46 0
v 21814.06 -6030.75 0
v 21809.63 -6036.80 0
v 21848.12 -6055.72 0
v 21843.91 -6061.93 0
v 21856.03 -6059.32 0
v 21853.26 -6066.29 0
v 21863.64 -6061.88 0
v 21862.33 -6069.26 0
v 21891.92 -6065.61 0
v 21890.93 -6073.05 0
v 21892.07 -6065.63 0
v 21890.78 -6073.02 0
v 21922.55 -6070.93 0
v 21920.92 -6078.25 0
v 21937.31 -6075.74 0
v 21934.41 -6082.65 0
v 21957.86 -6085.70 0
v 21954.58 -6092.44 0
v 21964.86 -6099.34 0
v 21969.02 -6093.10 0
v 21954.14 -6092.19 0
v 21958.30 -6085.95 0
v 16599.18 -7573.65 0
v 16600.30 -7581.07 0
v 16739.36 -7552.48 0
v 16740.48 -7559.90 0
v 16807.32 -7557.32 0
v 16807.13 -7549.82 0
v 16747.68 -7558.84 0
v 16747.39 -7551.35 0
v 16740.45 -7559.90 0
v 16739.38 -7552.48 0
v 18743.64 -3351.21 0
v 18750.15 -3354.93 0
v 18749.68 -3340.67 0
v 18756.39 -3344.02 0
v 18752.79 -3333.02 0
v 18759.95 -3335.26 0
v 18765.81 -3288.78 0
v 18772.98 -3290.99 0
v 18799.76 -3181.16 0
v 18806.93 -3183.37 0
v 18806.85 -3155.23 0
v 18814.21 -3156.67 0
v 18809.20 -3133.15 0
v 18816.69 -3133.50 0
v 18808.53 -3118.75 0
v 18816.03 -3118.83 0
v 18809.77 -3081.53 0
v 18817.26 -3081.97 0
v 18811.92 -3062.43 0
v 18819.29 -3063.83 0
v 18816.99 -3043.42 0
v 18824.14 -3045.68 0
v 18820.56 -3035.18 0
v 18827.44 -3038.17 0
v 18823.37 -3028.71 0
v 18829.85 -3032.49 0
v 18836.51 -3007.82 0
v 18843.01 -3011.54 0
v 18842.84 -2994.80 0
v 18849.83 -2997.53 0
v 18845.41 -2985.01 0
v 18852.77 -2986.49 0
v 18846.31 -2977.32 0
v 18853.70 -2978.58 0
v 18860.66 -2895.85 0
v 18868.03 -2897.23 0
v 18865.26 -2876.70 0
v 18872.31 -2879.25 0
v 18873.18 -2861.56 0
v 18879.24 -2865.97 0
v 18888.17 -2844.93 0
v 18894.26 -2849.32 0
v 18899.50 -2825.12 0
v 18906.31 -2828.26 0
v 18905.02 -2808.36 0
v 18912.33 -2810.02 0
v 18907.76 -2788.49 0
v 18915.24 -2789.06 0
v 18910.10 -2741.11 0
v 18917.58 -2741.64 0
v 18913.05 -2712.62 0
v 18920.52 -2713.29 0
v 18919.44 -2638.15 0
v 18926.87 -2639.16 0
v 18928.73 -2597.85 0
v 18935.73 -2600.52 0
v 18948.40 -2562.20 0
v 18954.45 -2566.64 0
v 18976.29 -2533.04 0
v 18981.45 -2538.50 0
v 19010.43 -2503.52 0
v 19015.53 -2509.02 0
v 19032.52 -2480.99 0
v 19038.23 -2485.85 0
v 19064.54 -2439.90 0
v 19070.64 -2444.26 0
v 19078.30 -2416.97 0
v 19084.96 -2420.41 0
v 19090.01 -2390.42 0
v 19096.79 -2393.63 0
v 19104.38 -2362.10 0
v 19110.76 -2366.04 0
v 19126.62 -2331.16 0
v 19132.36 -2335.98 0
v 19172.96 -2280.26 0
v 19178.60 -2285.19 0
v 19198.36 -2249.05 0
v 19204.29 -2253.64 0
v 19204.88 -2239.16 0
v 19211.60 -2242.49 0
v 19210.71 -2224.10 0
v 19217.94 -2226.09 0
v 19211.91 -2213.94 0
v 19219.41 -2213.73 0
v 19208.34 -2147.72 0
v 19215.83 -2147.24 0
v 19203.39 -2081.86 0
v 19210.87 -2081.36 0
v 19202.77 -2062.49 0
v 19210.26 -2062.76 0
v 19204.66 -2048.71 0
v 19211.83 -2050.89 0
v 19211.05 -2035.22 0
v 19217.43 -2039.15 0
v 19217.92 -2027.30 0
v 19222.85 -2032.95 0
v 19231.61 -2017.06 0
v 19235.72 -2023.33 0
v 19246.27 -2008.71 0
v 19249.29 -2015.57 0
v 19316.30 -1979.75 0
v 19319.27 -1986.64 0
v 19325.03 -1974.82 0
v 19329.52 -1980.82 0
v 19333.16 -1967.13 0
v 19338.84 -1972.03 0
v 19337.97 -1959.88 0
v 19344.70 -1963.20 0
v 19343.11 -1946.85 0
v 19350.28 -1949.04 0
v 19351.55 -1915.40 0
v 19358.84 -1917.12 0
v 19380.51 -1788.85 0
v 19387.84 -1790.48 0
v 19383.47 -1772.14 0
v 19390.89 -1773.24 0
v 19384.08 -1764.98 0
v 19391.58 -1765.02 0
v 19383.56 -1751.97 0
v 19391.02 -1751.17 0
v 19379.98 -1726.89 0
v 19387.27 -1725.11 0
v 19365.54 -1678.18 0
v 19372.76 -1676.17 0
v 19363.01 -1665.94 0
v 19370.48 -1665.21 0
v 19363.66 -1657.68 0
v 19371.00 -1659.20 0
v 19367.00 -1646.27 0
v 19373.85 -1649.33 0
v 19374.17 -1634.22 0
v 19379.95 -1639.01 0
v 19386.10 -1623.12 0
v 19390.72 -1629.03 0
v 19395.44 -1617.68 0
v 19398.14 -1624.68 0
v 19422.54 -1608.90 0
v 19424.25 -1616.20 0
v 19520.26 -1588.40 0
v 19521.91 -1595.71 0
v 19549.92 -1580.10 0
v 19552.25 -1587.23 0
v 19565.47 -1573.60 0
v 19568.64 -1580.40 0
v 19607.32 -1553.29 0
v 19610.80 -1559.93 0
v 19638.68 -1535.32 0
v 19642.22 -1541.93 0
v 19648.92 -1531.09 0
v 19651.04 -1538.29 0
v 19661.26 -1528.64 0
v 19662.20 -1536.08 0
v 19675.66 -1527.67 0
v 19675.55 -1535.17 0
v 19776.69 -1530.43 0
v 19776.40 -1537.92 0
v 19800.92 -1532.64 0
v 19800.77 -1540.14 0
v 19825.38 -1531.41 0
v 19826.11 -1538.87 0
v 19841.28 -1528.66 0
v 19842.55 -1536.05 0
v 18732.67 -3367.99 0
v 18738.95 -3372.10 0
v 18743.76 -3351.02 0
v 18750.04 -3355.12 0
v 14377.12 -2057.41 0
v 14382.36 -2062.78 0
v 14394.73 -2040.26 0
v 14399.96 -2045.63 0
v 13824.82 -1113.14 0
v 13827.67 -1106.20 0
v 13758.23 -1085.86 0
v 13760.92 -1078.86 0
v 13711.06 -1069.27 0
v 13713.02 -1062.03 0
v 13641.47 -1054.24 0
v 13642.64 -1046.83 0
v 13610.31 -1053.25 0
v 13610.68 -1045.76 0
v 13580.08 -1051.24 0
v 13581.21 -1043.82 0
v 13544.38 -1043.16 0
v 13545.94 -1035.82 0
v 13531.84 -1040.92 0
v 13532.30 -1033.43 0
v 13493.41 -1040.08 0
v 13493.20 -1032.58 0
v 13422.60 -1043.99 0
v 13421.93 -1036.52 0
v 13376.07 -1050.67 0
v 13375.01 -1043.25 0
v 13376.22 -1050.65 0
v 13374.87 -1043.27 0
v 13329.23 -1059.24 0
v 13327.81 -1051.88 0
v 13303.99 -1064.58 0
v 13302.44 -1057.24 0
v 13303.93 -1064.59 0
v 13302.49 -1057.23 0
v 13293.99 -1066.53 0
v 13292.56 -1059.17 0
v 13294.45 -1066.41 0
v 13292.09 -1059.29 0
v 13234.62 -1086.25 0
v 13232.26 -1079.13 0
v 16484.83 -8673.90 0
v 16483.89 -8681.34 0
v 16498.72 -8675.65 0
v 16497.57 -8683.06 0
v 16503.41 -8676.80 0
v 16503.21 -8684.30 0
v 16512.24 -8676.01 0
v 16513.11 -8683.46 0
v 16515.33 -8675.60 0
v 16518.68 -8682.31 0
v 16563.20 -8650.35 0
v 16566.81 -8656.93 0
v 16571.52 -8644.87 0
v 16576.09 -8650.81 0
v 16582.54 -8635.46 0
v 16587.67 -8640.93 0
v 16599.89 -8618.17 0
v 16605.19 -8623.49 0
v 16964.51 -6499.80 0
v 16971.65 -6502.10 0
v 16972.12 -6476.15 0
v 16979.26 -6478.44 0
v 17100.39 -7036.75 0
v 17093.52 -7033.75 0
v 17097.69 -7042.93 0
v 17090.82 -7039.94 0
v 16996.46 -7174.04 0
v 17002.12 -7178.95 0
v 17047.48 -7115.24 0
v 17053.24 -7120.05 0
v 17070.13 -7085.85 0
v 17076.25 -7090.18 0
v 17075.90 -7075.19 0
v 17082.73 -7078.28 0
v 17090.80 -7039.97 0
v 17097.71 -7042.90 0
v 17203.51 -5972.03 0
v 17203.15 -5979.52 0
v 17271.48 -5975.27 0
v 17271.31 -5982.77 0
v 17273.73 -5974.37 0
v 17278.01 -5980.54 0
v 17276.41 -5971.12 0
v 17282.07 -5976.05 0
v 15157.50 -5444.13 0
v 15163.47 -5439.58 0
v 15139.66 -5420.72 0
v 15145.62 -5416.18 0
v 15163.48 -5439.60 0
v 15157.49 -5444.11 0
v 15169.63 -5447.79 0
v 15163.96 -5452.69 0
v 15225.35 -5511.09 0
v 15219.82 -5516.15 0
v 15232.35 -5516.44 0
v 15228.09 -5522.61 0
v 15240.45 -5521.41 0
v 15236.61 -5527.85 0
v 15242.02 -5522.21 0
v 15238.74 -5528.95 0
v 15252.75 -5527.38 0
v 15249.85 -5534.30 0
v 15265.18 -5531.92 0
v 15262.87 -5539.06 0
v 15275.22 -5534.65 0
v 15273.68 -5541.99 0
v 15297.86 -5538.78 0
v 15296.63 -5546.18 0
v 15310.37 -5540.51 0
v 15309.60 -5547.97 0
v 15313.72 -5540.53 0
v 15314.76 -5547.95 0
v 15325.95 -5538.24 0
v 15327.61 -5545.55 0
v 15331.27 -5536.55 0
v 15333.84 -5543.60 0
v 15337.43 -5534.05 0
v 15340.57 -5540.86 0
v 15442.56 -5485.30 0
v 15445.73 -5492.10 0
v 15639.59 -5392.93 0
v 15642.79 -5399.72 0
v 15831.37 -5302.14 0
v 15834.57 -5308.92 0
v 15943.79 -5249.51 0
v 15946.99 -5256.30 0
v 16030.90 -5208.24 0
v 16034.07 -5215.03 0
v 16181.59 -5138.79 0
v 16184.82 -5145.57 0
v 16327.96 -5066.91 0
v 16331.25 -5073.65 0
v 16409.21 -5027.68 0
v 16412.46 -5034.44 0
v 16423.52 -5021.05 0
v 16426.13 -5028.08 0
v 16476.60 -5002.64 0
v 16478.77 -5009.82 0
v 16670.49 -4946.25 0
v 16672.04 -4953.59 0
v 16830.65 -4927.92 0
v 16831.05 -4935.41 0
v 17083.22 -4924.44 0
v 17083.25 -4931.94 0
v 17104.85 -4927.08 0
v 17103.13 -4934.38 0
v 17121.75 -4933.49 0
v 17118.38 -4940.19 0
v 17134.15 -4941.79 0
v 17129.53 -4947.70 0
v 17143.71 -4950.64 0
v 17138.16 -4955.68 0
v 17151.90 -4961.35 0
v 17145.47 -4965.22 0
v 17157.50 -4973.45 0
v 17150.60 -4976.38 0
v 17161.33 -4983.56 0
v 17154.06 -4985.40 0
v 17164.22 -4999.97 0
v 17156.74 -5000.62 0
v 17163.86 -5012.66 0
v 17156.37 -5012.17 0
v 17162.52 -5026.32 0
v 17155.13 -5025.03 0
v 17159.40 -5038.15 0
v 17152.27 -5035.81 0
v 17149.19 -5067.02 0
v 17142.16 -5064.40 0
v 17145.78 -5074.49 0
v 17139.34 -5070.65 0
v 17083.62 -5177.27 0
v 17077.12 -5173.53 0
v 17080.20 -5188.37 0
v 17073.02 -5186.20 0
v 17079.92 -5189.69 0
v 17072.53 -5188.45 0
v 17079.68 -5191.55 0
v 17072.20 -5191.06 0
v 17079.48 -5196.62 0
v 17071.99 -5196.44 0
v 17079.46 -5199.32 0
v 17072.01 -5200.19 0
v 17079.73 -5200.64 0
v 17073.11 -5204.17 0
v 17082.86 -5205.20 0
v 17076.67 -5209.42 0
v 17368.54 -5486.00 0
v 17373.35 -5480.24 0
v 17342.75 -5464.49 0
v 17347.55 -5458.73 0
v 17342.53 -5464.29 0
v 17347.77 -5458.92 0
v 17216.52 -5341.52 0
v 17221.76 -5336.15 0
v 17216.55 -5341.54 0
v 17221.73 -5336.12 0
v 17130.26 -5259.04 0
v 17135.39 -5253.57 0
v 17115.31 -5246.60 0
v 17120.10 -5240.84 0
v 17115.11 -5246.42 0
v 17120.30 -5241.01 0
v 17077.17 -5210.02 0
v 17082.36 -5204.60 0
v 17162.97 -5931.71 0
v 17161.15 -5938.99 0
v 17177.20 -5935.27 0
v 17175.81 -5942.64 0
v 17183.51 -5935.68 0
v 17183.78 -5943.17 0
v 17189.03 -5934.82 0
v 17190.72 -5942.13 0
v 17193.73 -5933.30 0
v 17196.54 -5940.25 0
v 17198.06 -5931.22 0
v 17202.32 -5937.39 0
v 17202.52 -5927.16 0
v 17207.54 -5932.74 0
v 17238.39 -5747.50 0
v 17231.62 -5744.27 0
v 17213.60 -5799.25 0
v 17206.60 -5796.56 0
v 17165.60 -5936.59 0
v 17158.52 -5934.11 0
v 17199.58 -5975.64 0
v 17207.08 -5975.92 0
v 17201.28 -5929.81 0
v 17208.77 -5930.09 0
v 17060.98 -6227.05 0
v 17057.68 -6233.79 0
v 17112.78 -6252.41 0
v 17109.49 -6259.15 0
v 17108.76 -6101.49 0
v 17101.67 -6099.03 0
v 17070.73 -6211.12 0
v 17063.66 -6208.62 0
v 17062.83 -6231.76 0
v 17055.82 -6229.08 0
v 16973.37 -6474.35 0
v 16978.01 -6480.24 0
v 16998.14 -6454.84 0
v 17003.44 -6460.15 0
v 17040.55 -6407.20 0
v 17046.21 -6412.11 0
v 17044.41 -6401.50 0
v 17050.70 -6405.58 0
v 17046.87 -6397.40 0
v 17053.40 -6401.09 0
v 17053.42 -6385.53 0
v 17060.27 -6388.59 0
v 17066.98 -6352.36 0
v 17073.91 -6355.23 0
v 17107.67 -6254.34 0
v 17114.60 -6257.22 0
v 16972.13 -6476.13 0
v 16979.25 -6478.46 0
v 16997.95 -6397.19 0
v 17005.08 -6399.52 0
v 17020.03 -6329.86 0
v 17027.12 -6332.30 0
v 17055.79 -6229.17 0
v 17062.86 -6231.68 0
v 17149.59 -6173.72 0
v 17142.68 -6170.79 0
v 17131.39 -6216.65 0
v 17124.47 -6213.76 0
v 17114.60 -6257.21 0
v 17107.67 -6254.35 0
v 17148.17 -6169.10 0
v 17144.10 -6175.41 0
v 17157.28 -6175.01 0
v 17152.51 -6180.80 0
v 17181.48 -6196.59 0
v 17176.42 -6202.13 0
v 17201.99 -6215.88 0
v 17196.78 -6221.28 0
v 17232.11 -6245.43 0
v 17227.05 -6250.97 0
v 17241.60 -6252.09 0
v 17237.59 -6258.42 0
v 17249.60 -6256.49 0
v 17246.54 -6263.34 0
v 17283.04 -6270.58 0
v 17279.93 -6277.41 0
v 17299.98 -6279.44 0
v 17296.51 -6286.08 0
v 17312.73 -5869.54 0
v 17305.24 -5869.97 0
v 17312.87 -5873.23 0
v 17305.44 -5872.27 0
v 17311.12 -5877.77 0
v 17305.42 -5872.90 0
v 17288.57 -5902.63 0
v 17282.91 -5897.72 0
v 17285.43 -5907.16 0
v 17278.70 -5903.84 0
v 17283.95 -5911.78 0
v 17276.50 -5910.88 0
v 17284.05 -5920.21 0
v 17276.55 -5920.22 0
v 17284.04 -5967.52 0
v 17276.54 -5967.37 0
v 17282.94 -5974.21 0
v 17275.54 -5972.95 0
v 19840.99 -1528.72 0
v 19842.84 -1535.99 0
v 19855.04 -1525.15 0
v 19857.25 -1532.32 0
v 19865.56 -1521.15 0
v 19868.22 -1528.17 0
v 19427.02 -366.78 0
v 19421.79 -372.15 0
v 19463.19 -401.99 0
v 19457.77 -407.17 0
v 19477.78 -419.84 0
v 19471.77 -424.31 0
v 19486.18 -432.98 0
v 19479.35 -436.06 0
v 19492.72 -452.85 0
v 19485.52 -454.95 0
v 19497.26 -471.12 0
v 19489.77 -471.56 0
v 19496.87 -522.91 0
v 19489.37 -522.91 0
v 19497.15 -524.32 0
v 19489.93 -526.38 0
v 19558.42 -737.68 0
v 19551.18 -739.66 0
v 19559.65 -753.77 0
v 19552.17 -753.30 0
v 19555.83 -782.00 0
v 19548.35 -781.51 0
v 19556.59 -800.01 0
v 19549.15 -801.01 0
v 19560.13 -813.97 0
v 19553.03 -816.41 0
v 19565.24 -825.31 0
v 19558.84 -829.21 0
v 19572.23 -833.94 0
v 19566.96 -839.28 0
v 19589.38 -849.01 0
v 19584.89 -855.02 0
v 19624.15 -872.69 0
v 19619.72 -878.74 0
v 19628.41 -877.91 0
v 19622.12 -882.00 0
v 19631.36 -883.67 0
v 19624.13 -885.66 0
v 19631.91 -890.73 0
v 19624.42 -890.35 0
v 19630.79 -896.71 0
v 19623.58 -894.65 0
v 19628.47 -903.07 0
v 19621.54 -900.20 0
v 19626.87 -905.88 0
v 19620.98 -901.23 0
v 19623.69 -908.45 0
v 19621.11 -901.41 0
v 19603.37 -915.07 0
v 19601.15 -907.91 0
v 19594.42 -917.51 0
v 19592.85 -910.17 0
v 19589.18 -918.05 0
v 19589.08 -910.55 0
v 19585.05 -917.62 0
v 19586.59 -910.28 0
v 19571.17 -914.35 0
v 19573.36 -907.18 0
v 19547.25 -906.14 0
v 19549.39 -898.95 0
v 19541.62 -905.47 0
v 19541.94 -897.98 0
v 19537.97 -905.75 0
v 19536.58 -898.39 0
v 19532.81 -907.19 0
v 19530.19 -900.16 0
v 19526.87 -909.92 0
v 19523.26 -903.35 0
v 19523.11 -912.46 0
v 19518.16 -906.83 0
v 19519.86 -916.09 0
v 19513.82 -911.64 0
v 19507.81 -933.32 0
v 19501.47 -929.31 0
v 19504.64 -940.01 0
v 19497.58 -937.48 0
v 19502.89 -946.96 0
v 19495.43 -946.19 0
v 19503.30 -952.67 0
v 19495.92 -954.02 0
v 19504.70 -957.16 0
v 19498.13 -960.77 0
v 19507.39 -960.30 0
v 19502.63 -966.10 0
v 19512.84 -963.59 0
v 19509.37 -970.24 0
v 19517.41 -965.63 0
v 19516.05 -973.00 0
v 19563.51 -972.77 0
v 19562.43 -980.19 0
v 19581.93 -975.05 0
v 19580.62 -982.44 0
v 19590.57 -977.69 0
v 19587.41 -984.49 0
v 19598.39 -982.66 0
v 19593.91 -988.68 0
v 19617.97 -997.97 0
v 19613.04 -1003.63 0
v 19625.38 -1006.32 0
v 19619.27 -1010.68 0
v 19634.21 -1020.54 0
v 19628.08 -1024.86 0
v 19640.57 -1028.03 0
v 19635.38 -1033.44 0
v 19646.72 -1032.66 0
v 19643.25 -1039.31 0
v 19653.13 -1034.63 0
v 19651.90 -1042.03 0
v 19659.33 -1034.75 0
v 19660.48 -1042.16 0
v 19665.89 -1032.56 0
v 19668.73 -1039.50 0
v 19681.76 -1025.45 0
v 19684.61 -1032.39 0
v 19693.88 -1021.09 0
v 19695.88 -1028.32 0
v 19705.83 -1018.79 0
v 19706.91 -1026.21 0
v 19727.39 -1016.18 0
v 19728.29 -1023.62 0
v 19864.73 -1521.60 0
v 19869.06 -1527.72 0
v 19950.88 -1460.51 0
v 19955.17 -1466.66 0
v 19978.02 -1442.52 0
v 19982.28 -1448.69 0
v 20015.11 -1416.19 0
v 20019.49 -1422.28 0
v 20018.93 -1413.21 0
v 20024.16 -1418.58 0
v 20026.13 -1405.45 0
v 20031.98 -1410.14 0
v 20029.11 -1400.53 0
v 20035.65 -1404.21 0
v 20032.69 -1393.78 0
v 20039.66 -1396.53 0
v 20036.03 -1382.97 0
v 20043.33 -1384.70 0
v 20040.13 -1362.25 0
v 20047.46 -1363.84 0
v 20045.92 -1337.35 0
v 20053.16 -1339.31 0
v 20055.93 -1303.83 0
v 20063.17 -1305.81 0
v 20058.27 -1292.27 0
v 20065.71 -1293.23 0
v 20058.12 -1288.55 0
v 20065.40 -1286.75 0
v 20056.15 -1283.83 0
v 20062.35 -1279.61 0
v 20052.50 -1280.37 0
v 20057.08 -1274.43 0
v 20048.38 -1277.84 0
v 20050.95 -1270.80 0
v 20042.70 -1276.80 0
v 20043.18 -1269.32 0
v 20026.98 -1276.58 0
v 20026.40 -1269.11 0
v 19974.88 -1282.03 0
v 19974.20 -1274.56 0
v 19941.22 -1284.42 0
v 19940.92 -1276.93 0
v 19928.46 -1283.86 0
v 19929.16 -1276.39 0
v 19922.52 -1282.56 0
v 19925.14 -1275.53 0
v 19914.56 -1278.63 0
v 19919.18 -1272.73 0
v 19902.10 -1266.58 0
v 19908.26 -1262.31 0
v 19897.64 -1254.02 0
v 19904.97 -1252.42 0
v 19896.05 -1239.93 0
v 19903.55 -1239.70 0
v 19896.69 -1224.15 0
v 19904.15 -1225.00 0
v 19903.42 -1174.42 0
v 19910.82 -1175.68 0
v 19916.41 -1108.51 0
v 19923.72 -1110.18 0
v 19924.72 -1081.57 0
v 19931.82 -1083.99 0
v 19928.81 -1071.99 0
v 19935.89 -1074.45 0
v 19930.10 -1066.40 0
v 19937.54 -1067.29 0
v 19930.18 -1060.68 0
v 19937.61 -1059.67 0
v 19928.57 -1054.72 0
v 19935.35 -1051.51 0
v 19925.05 -1049.77 0
v 19930.37 -1044.48 0
v 19914.45 -1040.69 0
v 19918.55 -1034.40 0
v 19909.47 -1039.40 0
v 19910.92 -1032.04 0
v 19886.63 -1035.47 0
v 19888.20 -1028.13 0
v 19874.83 -1031.94 0
v 19877.56 -1024.95 0
v 19864.65 -1026.86 0
v 19868.72 -1020.56 0
v 19845.10 -1012.87 0
v 19849.09 -1006.52 0
v 19836.26 -1008.86 0
v 19838.58 -1001.73 0
v 19826.21 -1006.76 0
v 19827.13 -999.32 0
v 19816.23 -1006.41 0
v 19815.72 -998.93 0
v 19805.46 -1008.18 0
v 19803.66 -1000.90 0
v 19777.56 -1016.02 0
v 19775.36 -1008.85 0
v 19766.07 -1020.25 0
v 19763.98 -1013.04 0
v 19755.16 -1022.44 0
v 19754.50 -1014.97 0
v 19728.01 -1023.65 0
v 19727.68 -1016.16 0
v 17367.62 -5481.39 0
v 17374.27 -5484.86 0
v 17391.80 -5435.05 0
v 17398.32 -5438.76 0
v 17414.16 -5399.57 0
v 17420.43 -5403.67 0
v 17435.98 -5367.48 0
v 17441.88 -5372.12 0
v 17496.80 -5294.26 0
v 17502.72 -5298.87 0
v 17517.61 -5262.65 0
v 17523.96 -5266.65 0
v 17537.90 -5229.00 0
v 17544.40 -5232.73 0
v 17544.36 -5216.14 0
v 17551.29 -5219.00 0
v 17550.67 -5198.00 0
v 17557.87 -5200.11 0
v 17555.01 -5179.89 0
v 17562.42 -5181.08 0
v 17567.40 -5093.52 0
v 17574.83 -5094.54 0
v 17568.88 -5079.14 0
v 17576.36 -5079.72 0
v 17569.42 -5067.42 0
v 17576.91 -5067.62 0
v 17569.94 -5039.05 0
v 17577.44 -5039.29 0
v 17572.91 -4957.25 0
v 17580.40 -4957.58 0
v 17576.86 -4885.87 0
v 17584.35 -4886.28 0
v 17096.15 -7038.20 0
v 17092.37 -7044.67 0
v 17158.70 -7074.71 0
v 17154.92 -7081.18 0
v 17127.33 -7184.53 0
v 17134.47 -7186.81 0
v 17134.36 -7162.47 0
v 17141.53 -7164.69 0
v 17136.30 -7155.57 0
v 17143.55 -7157.48 0
v 17138.06 -7148.47 0
v 17145.39 -7150.04 0
v 17153.14 -7077.17 0
v 17160.48 -7078.72 0
v 14840.39 -9526.23 0
v 14834.60 -9521.47 0
v 14821.11 -9549.65 0
v 14815.32 -9544.88 0
v 12153.10 -7544.62 0
v 12145.66 -7543.70 0
v 12147.10 -7593.12 0
v 12139.65 -7592.20 0
v 12147.11 -7592.92 0
v 12139.63 -7592.40 0
v 12144.42 -7632.04 0
v 12136.94 -7631.43 0
v 12142.93 -7643.55 0
v 12135.55 -7642.22 0
v 12139.03 -7661.99 0
v 12131.74 -7660.21 0
v 12134.57 -7677.80 0
v 12127.30 -7675.97 0
v 12133.93 -7682.05 0
v 12126.46 -7681.32 0
v 12133.39 -7690.35 0
v 12125.90 -7690.16 0
v 12133.53 -7698.45 0
v 12126.04 -7698.95 0
v 12134.82 -7711.58 0
v 12127.37 -7712.41 0
v 12135.37 -7715.22 0
v 12128.08 -7716.96 0
v 12138.54 -7727.07 0
v 12131.48 -7729.60 0
v 12146.70 -7746.82 0
v 12140.05 -7750.30 0
v 12154.72 -7758.12 0
v 12149.02 -7762.99 0
v 12159.04 -7761.32 0
v 12154.82 -7767.51 0
v 12161.46 -7762.65 0
v 12158.58 -7769.57 0
v 12171.41 -7766.42 0
v 12169.53 -7773.69 0
v 12243.25 -7783.72 0
v 12241.37 -7790.98 0
v 12252.31 -7787.46 0
v 12249.89 -7794.55 0
v 12291.74 -7800.31 0
v 12289.22 -7807.37 0
v 12296.06 -7803.28 0
v 12291.63 -7809.33 0
v 12295.96 -7803.21 0
v 12291.74 -7809.41 0
v 12305.38 -7809.63 0
v 12300.56 -7815.38 0
v 12312.76 -7817.41 0
v 12306.60 -7821.69 0
v 12318.15 -7827.81 0
v 12311.48 -7831.24 0
v 12318.24 -7828.01 0
v 12311.39 -7831.04 0
v 12322.26 -7837.12 0
v 12315.15 -7839.50 0
v 12326.40 -7852.31 0
v 12319.11 -7854.09 0
v 12328.90 -7864.28 0
v 12321.59 -7865.99 0
v 12343.55 -7925.74 0
v 12336.32 -7927.74 0
v 12352.91 -7951.24 0
v 12346.11 -7954.41 0
v 12362.84 -7967.17 0
v 12356.70 -7971.48 0
v 12383.52 -7994.80 0
v 12377.15 -7998.76 0
v 12393.57 -8016.62 0
v 12386.85 -8019.96 0
v 12398.91 -8025.74 0
v 12392.80 -8030.09 0
v 12405.89 -8034.02 0
v 12400.91 -8039.63 0
v 12435.47 -8058.03 0
v 12430.70 -8063.82 0
v 12437.93 -8060.37 0
v 12433.24 -8066.22 0
v 12498.16 -8108.28 0
v 12493.29 -8113.98 0
v 12516.23 -8127.27 0
v 12510.65 -8132.27 0
v 12522.61 -8135.55 0
v 12516.34 -8139.66 0
v 12529.36 -8147.31 0
v 12522.55 -8150.45 0
v 12536.10 -8164.74 0
v 12529.07 -8167.34 0
v 12537.35 -8169.15 0
v 12529.93 -8170.20 0
v 12543.49 -8216.23 0
v 12536.06 -8217.24 0
v 12544.40 -8220.74 0
v 12537.15 -8222.68 0
v 12557.65 -8268.93 0
v 12550.48 -8271.12 0
v 12561.41 -8276.95 0
v 12555.02 -8280.87 0
v 12579.31 -8303.93 0
v 12573.19 -8308.26 0
v 12587.35 -8313.64 0
v 12581.68 -8318.55 0
v 12590.61 -8316.99 0
v 12585.58 -8322.56 0
v 12600.04 -8325.07 0
v 12595.54 -8331.07 0
v 12608.89 -8330.78 0
v 12605.63 -8337.53 0
v 12622.50 -8336.05 0
v 12621.36 -8343.47 0
v 12666.35 -8339.41 0
v 12665.50 -8346.86 0
v 12675.33 -8342.19 0
v 12672.66 -8349.20 0
v 12681.24 -8345.02 0
v 12677.32 -8351.42 0
v 12694.47 -8353.86 0
v 12690.30 -8360.10 0
v 12694.48 -8353.87 0
v 12690.29 -8360.09 0
v 12711.35 -8365.22 0
v 12707.41 -8371.60 0
v 12714.57 -8366.36 0
v 12711.93 -8373.38 0
v 12713.29 -8366.12 0
v 12713.21 -8373.62 0
v 12719.59 -8366.22 0
v 12718.56 -8373.65 0
v 12734.36 -8369.02 0
v 12733.67 -8376.49 0
v 12752.24 -8369.29 0
v 12752.68 -8376.78 0
v 12764.63 -8367.25 0
v 12766.26 -8374.57 0
v 12788.61 -8361.15 0
v 12790.12 -8368.49 0
v 12800.32 -8360.00 0
v 12800.25 -8367.50 0
v 12820.67 -8361.37 0
v 12819.98 -8368.83 0
v 12830.35 -8362.84 0
v 12828.10 -8369.99 0
v 12846.02 -8369.36 0
v 12842.15 -8375.79 0
v 12861.76 -8381.69 0
v 12856.79 -8387.31 0
v 12869.10 -8389.88 0
v 12862.89 -8394.09 0
v 12905.06 -8445.32 0
v 12898.77 -8449.40 0
v 12905.04 -8445.28 0
v 12898.79 -8449.43 0
v 12929.77 -8482.51 0
v 12923.53 -8486.66 0
v 13622.46 -9164.83 0
v 13616.17 -9168.91 0
v 13628.20 -9173.68 0
v 13622.05 -9177.97 0
v 13632.64 -9179.47 0
v 13626.98 -9184.38 0
v 13637.24 -9184.12 0
v 13632.22 -9189.68 0
v 13641.77 -9187.70 0
v 13637.45 -9193.84 0
v 13646.08 -9190.34 0
v 13642.53 -9196.95 0
v 13652.06 -9193.22 0
v 13649.23 -9200.17 0
v 13708.45 -9215.80 0
v 13705.70 -9222.78 0
v 13717.58 -9219.00 0
v 13715.36 -9226.17 0
v 13726.74 -9221.45 0
v 13725.12 -9228.77 0
v 13735.78 -9223.03 0
v 13734.78 -9230.46 0
v 13745.50 -9223.95 0
v 13745.11 -9231.44 0
v 13756.49 -9224.09 0
v 13756.39 -9231.59 0
v 14668.59 -9470.06 0
v 14662.01 -9473.64 0
v 14684.79 -9499.84 0
v 14678.20 -9503.42 0
v 15518.01 -3226.54 0
v 15513.51 -3220.54 0
v 15514.90 -3228.58 0
v 15508.61 -3224.50 0
v 15514.67 -3231.03 0
v 15507.17 -3230.98 0
v 15515.22 -3264.21 0
v 15507.73 -3264.00 0
v 15512.88 -3294.54 0
v 15505.44 -3293.58 0
v 15507.43 -3324.94 0
v 15500.03 -3323.70 0
v 15506.85 -3330.46 0
v 15499.37 -3329.99 0
v 15506.88 -3333.87 0
v 15499.38 -3334.14 0
v 15507.20 -3339.95 0
v 15499.76 -3340.93 0
v 15509.44 -3353.42 0
v 15502.09 -3354.90 0
v 15512.21 -3364.95 0
v 15504.99 -3366.99 0
v 15518.41 -3385.23 0
v 15511.19 -3387.26 0
v 15520.89 -3395.92 0
v 15513.45 -3396.89 0
v 15520.84 -3404.37 0
v 15513.38 -3403.56 0
v 15518.32 -3419.59 0
v 15510.87 -3420.48 0
v 15523.93 -3430.51 0
v 15517.04 -3433.46 0
v 15524.84 -3435.28 0
v 15517.34 -3435.10 0
v 15523.88 -3439.93 0
v 15516.76 -3437.60 0
v 15519.14 -3453.23 0
v 15511.97 -3451.01 0
v 15519.04 -3454.97 0
v 15511.54 -3455.07 0
v 15519.07 -3457.03 0
v 15512.22 -3460.10 0
v 15524.72 -3466.90 0
v 15518.07 -3470.36 0
v 15526.10 -3470.70 0
v 15518.95 -3472.95 0
v 15528.69 -3479.52 0
v 15522.09 -3483.08 0
v 15532.81 -3483.66 0
v 15528.17 -3489.55 0
v 15554.74 -3499.73 0
v 15551.45 -3506.48 0
v 15587.03 -3509.97 0
v 15584.20 -3516.91 0
v 15595.08 -3516.24 0
v 15590.90 -3522.46 0
v 15601.82 -3519.90 0
v 15598.98 -3526.84 0
v 15647.33 -3537.52 0
v 15644.62 -3544.52 0
v 14382.61 -2057.68 0
v 14376.87 -2062.51 0
v 14413.08 -2093.91 0
v 14407.44 -2098.85 0
v 14441.64 -2124.92 0
v 14435.99 -2129.85 0
v 14481.45 -2172.33 0
v 14475.73 -2177.18 0
v 14530.59 -2229.53 0
v 14525.10 -2234.65 0
v 14561.33 -2258.13 0
v 14556.57 -2263.92 0
v 14586.04 -2275.14 0
v 14582.14 -2281.55 0
v 14625.32 -2297.05 0
v 14621.91 -2303.73 0
v 14658.79 -2312.25 0
v 14655.81 -2319.14 0
v 14692.56 -2326.17 0
v 14689.35 -2332.95 0
v 14832.92 -2394.86 0
v 14829.53 -2401.55 0
v 14988.72 -2476.44 0
v 14985.20 -2483.06 0
v 14999.11 -2483.41 0
v 14994.81 -2489.55 0
v 15011.20 -2492.17 0
v 15006.65 -2498.14 0
v 15063.38 -2532.36 0
v 15059.01 -2538.46 0
v 15075.37 -2538.18 0
v 15072.38 -2545.06 0
v 15164.99 -2576.43 0
v 15161.91 -2583.27 0
v 15199.29 -2593.88 0
v 15195.63 -2600.42 0
v 15221.46 -2607.99 0
v 15217.31 -2614.23 0
v 15235.28 -2617.85 0
v 15230.78 -2623.85 0
v 15255.82 -2633.73 0
v 15251.07 -2639.53 0
v 15265.45 -2642.61 0
v 15260.16 -2647.92 0
v 15283.69 -2661.44 0
v 15278.20 -2666.55 0
v 15290.69 -2669.81 0
v 15284.49 -2674.04 0
v 15302.53 -2689.06 0
v 15295.93 -2692.61 0
v 15327.68 -2738.65 0
v 15320.91 -2741.88 0
v 15348.85 -2785.94 0
v 15342.11 -2789.22 0
v 15355.15 -2795.12 0
v 15349.03 -2799.46 0
v 15363.54 -2806.55 0
v 15357.60 -2811.13 0
v 15379.38 -2826.56 0
v 15373.62 -2831.36 0
v 15390.49 -2838.93 0
v 15384.73 -2843.73 0
v 15398.93 -2850.00 0
v 15392.87 -2854.43 0
v 15410.86 -2866.80 0
v 15404.79 -2871.20 0
v 15413.81 -2870.58 0
v 15407.78 -2875.04 0
v 15426.34 -2887.68 0
v 15420.16 -2891.93 0
v 15433.99 -2899.98 0
v 15427.59 -2903.89 0
v 15436.42 -2904.19 0
v 15429.72 -2907.55 0
v 15450.50 -2932.92 0
v 15443.80 -2936.29 0
v 15453.82 -2938.72 0
v 15447.23 -2942.31 0
v 15469.96 -2968.57 0
v 15463.30 -2972.03 0
v 15486.90 -3002.41 0
v 15480.17 -3005.72 0
v 15493.42 -3016.25 0
v 15486.57 -3019.31 0
v 15505.30 -3043.64 0
v 15498.41 -3046.60 0
v 15506.88 -3047.60 0
v 15499.82 -3050.13 0
v 15507.97 -3051.14 0
v 15500.64 -3052.75 0
v 15510.03 -3061.88 0
v 15502.62 -3063.02 0
v 15512.88 -3082.93 0
v 15505.43 -3083.81 0
v 15514.92 -3103.41 0
v 15507.46 -3104.12 0
v 15515.22 -3107.62 0
v 15507.73 -3107.89 0
v 15515.97 -3131.87 0
v 15508.47 -3132.05 0
v 15515.88 -3136.10 0
v 15508.42 -3135.38 0
v 15514.09 -3151.51 0
v 15506.69 -3150.30 0
v 15510.32 -3170.15 0
v 15502.95 -3168.75 0
v 15509.88 -3173.56 0
v 15502.39 -3173.14 0
v 15509.68 -3181.84 0
v 15502.19 -3181.99 0
v 15510.15 -3186.67 0
v 15502.70 -3187.58 0
v 15510.59 -3189.33 0
v 15503.30 -3191.11 0
v 15516.80 -3213.87 0
v 15509.55 -3215.79 0
v 15519.35 -3222.47 0
v 15512.16 -3224.61 0
v 16841.62 -7089.45 0
v 16848.18 -7093.09 0
v 16885.28 -7010.80 0
v 16891.84 -7014.44 0
v 16997.48 -7179.78 0
v 17001.10 -7173.21 0
v 16843.09 -7094.56 0
v 16846.71 -7087.99 0
v 16908.45 -7305.12 0
v 16902.65 -7300.37 0
v 16884.39 -7334.45 0
v 16878.59 -7329.69 0
v 17305.96 -5871.97 0
v 17312.01 -5867.54 0
v 17304.14 -5869.45 0
v 17309.68 -5864.39 0
v 17302.27 -5867.80 0
v 17306.38 -5861.53 0
v 17246.03 -5831.47 0
v 17250.06 -5825.15 0
v 17240.94 -5828.59 0
v 17243.85 -5821.68 0
v 17235.59 -5827.06 0
v 17237.29 -5819.76 0
v 17222.39 -5824.33 0
v 17223.91 -5816.99 0
v 17238.74 -5746.21 0
v 17231.27 -5745.56 0
v 17235.54 -5783.12 0
v 17228.13 -5781.94 0
v 17226.81 -5821.50 0
v 17219.49 -5819.83 0
v 17201.29 -5929.63 0
v 17208.76 -5930.27 0
v 17203.87 -5899.27 0
v 17211.31 -5900.25 0
v 17210.20 -5862.09 0
v 17217.56 -5863.53 0
v 17219.49 -5819.86 0
v 17226.81 -5821.47 0
v 16810.90 -7554.33 0
v 16803.55 -7552.82 0
v 16798.51 -7614.67 0
v 16791.09 -7613.61 0
v 16792.64 -7681.53 0
v 16785.16 -7681.08 0
v 16785.82 -7826.10 0
v 16778.33 -7825.81 0
v 16786.50 -7838.03 0
v 16779.02 -7838.51 0
v 16787.75 -7856.09 0
v 16780.35 -7857.27 0
v 16801.47 -7932.28 0
v 16794.10 -7933.68 0
v 16809.83 -7972.40 0
v 16802.35 -7972.89 0
v 16807.15 -8018.86 0
v 16799.71 -8017.91 0
v 16792.03 -8112.86 0
v 16784.66 -8111.43 0
v 16774.51 -8186.73 0
v 16767.42 -8184.30 0
v 16702.14 -8374.85 0
v 16695.14 -8372.17 0
v 16669.78 -8460.79 0
v 16662.81 -8458.02 0
v 16659.52 -8481.96 0
v 16652.98 -8478.29 0
v 16613.52 -8561.02 0
v 16607.14 -8557.09 0
v 16596.23 -8584.76 0
v 16590.57 -8579.84 0
v 16540.20 -8645.40 0
v 16534.95 -8640.04 0
v 16514.25 -8665.11 0
v 16510.14 -8658.83 0
v 16486.20 -8680.89 0
v 16482.52 -8674.35 0
v 17165.83 -6119.97 0
v 17172.68 -6123.04 0
v 17188.85 -6068.56 0
v 17195.69 -6071.62 0
v 17207.08 -5975.72 0
v 17199.58 -5975.84 0
v 17207.97 -6033.42 0
v 17200.47 -6033.43 0
v 17207.08 -6042.01 0
v 17199.70 -6040.67 0
v 17204.85 -6050.64 0
v 17197.85 -6047.93 0
v 17195.71 -6071.59 0
v 17188.83 -6068.59 0
v 17101.67 -6099.03 0
v 17108.76 -6101.49 0
v 17120.60 -6044.40 0
v 17127.69 -6046.85 0
v 17255.27 -6153.57 0
v 17257.61 -6146.44 0
v 17246.85 -6150.80 0
v 17249.19 -6143.67 0
v 17004.73 -6724.38 0
v 17010.13 -6719.18 0
v 16995.72 -6715.02 0
v 17001.42 -6710.14 0
v 16990.16 -6707.25 0
v 16996.67 -6703.52 0
v 16985.09 -6696.46 0
v 16992.14 -6693.91 0
v 16977.85 -6673.24 0
v 16985.09 -6671.29 0
v 16965.78 -6624.61 0
v 16973.11 -6623.01 0
v 16961.16 -6596.72 0
v 16968.57 -6595.60 0
v 16959.98 -6586.04 0
v 16967.44 -6585.22 0
v 16971.66 -6502.06 0
v 16964.50 -6499.84 0
v 16965.81 -6520.92 0
v 16958.53 -6519.08 0
v 16964.68 -6529.46 0
v 16957.21 -6528.83 0
v 16963.49 -6548.67 0
v 16956.00 -6549.03 0
v 16967.44 -6585.23 0
v 16959.98 -6586.04 0
v 16848.18 -7093.09 0
v 16841.62 -7089.45 0
v 16771.54 -7231.09 0
v 16764.99 -7227.45 0
v 16903.78 -7306.05 0
v 16907.32 -7299.44 0
v 16766.50 -7232.58 0
v 16770.03 -7225.97 0
v 16743.89 -7213.49 0
v 16740.66 -7220.26 0
v 16769.88 -7225.89 0
v 16766.65 -7232.66 0
v 16843.45 -7094.73 0
v 16846.36 -7087.82 0
v 16776.36 -7066.49 0
v 16779.06 -7059.50 0
v 16768.49 -7065.53 0
v 16769.13 -7058.06 0
v 16761.59 -7065.29 0
v 16760.71 -7057.84 0
v 16616.76 -7083.47 0
v 16615.83 -7076.03 0
v 14814.47 -9547.42 0
v 14821.96 -9547.11 0
v 14814.03 -9533.87 0
v 14821.38 -9535.36 0
v 14824.70 -9496.44 0
v 14831.99 -9498.20 0
v 14825.37 -9487.54 0
v 14832.86 -9487.06 0
v 14822.62 -9460.84 0
v 14829.21 -9457.26 0
v 14815.98 -9465.10 0
v 14814.24 -9457.80 0
v 14811.89 -9466.22 0
v 14809.36 -9459.16 0
v 14807.58 -9468.08 0
v 14803.87 -9461.56 0
v 14782.36 -9483.08 0
v 14778.59 -9476.60 0
v 14775.37 -9486.82 0
v 14772.03 -9480.11 0
v 14767.43 -9490.50 0
v 14764.69 -9483.52 0
v 14744.54 -9498.95 0
v 14742.12 -9491.85 0
v 14736.76 -9500.92 0
v 14735.05 -9493.62 0
v 14730.04 -9502.37 0
v 14728.80 -9494.97 0
v 14684.20 -9509.75 0
v 14683.73 -9502.27 0
v 14678.23 -9503.47 0
v 14684.77 -9499.79 0
v 16431.05 -3704.19 0
v 16434.82 -3710.67 0
v 16445.25 -3695.91 0
v 16449.02 -3702.39 0
v 16443.71 -3700.67 0
v 16450.56 -3697.64 0
v 16436.73 -3684.89 0
v 16443.65 -3682.01 0
v 16414.75 -3631.07 0
v 16421.66 -3628.14 0
v 16406.59 -3613.90 0
v 16413.23 -3610.42 0
v 16401.38 -3605.46 0
v 16407.53 -3601.16 0
v 16397.74 -3601.15 0
v 16402.90 -3595.70 0
v 16388.31 -3593.15 0
v 16392.77 -3587.12 0
v 16377.10 -3585.88 0
v 16380.98 -3579.46 0
v 16371.01 -3582.71 0
v 16374.89 -3576.30 0
v 16300.50 -3539.53 0
v 16304.71 -3533.32 0
v 16270.48 -3514.52 0
v 16276.04 -3509.48 0
v 16234.82 -3467.22 0
v 16240.65 -3462.50 0
v 16225.01 -3458.22 0
v 16229.60 -3452.28 0
v 16209.13 -3447.49 0
v 16213.25 -3441.22 0
v 16196.10 -3439.20 0
v 16199.41 -3432.47 0
v 16177.88 -3432.08 0
v 16179.86 -3424.84 0
v 16148.82 -3426.32 0
v 16149.86 -3418.89 0
v 16123.35 -3424.50 0
v 16123.61 -3417.01 0
v 16098.46 -3424.52 0
v 16098.11 -3417.03 0
v 16061.11 -3427.43 0
v 16060.53 -3419.95 0
v 16061.32 -3427.40 0
v 16060.33 -3419.97 0
v 16037.34 -3430.61 0
v 16036.34 -3423.18 0
v 15519.32 -3222.35 0
v 15512.20 -3224.72 0
v 15530.59 -3256.21 0
v 15523.45 -3258.49 0
v 15532.27 -3263.07 0
v 15524.90 -3264.43 0
v 15533.41 -3271.42 0
v 15525.93 -3272.02 0
v 15533.51 -3278.49 0
v 15526.02 -3278.28 0
v 15532.97 -3287.91 0
v 15525.50 -3287.34 0
v 15532.39 -3293.15 0
v 15524.96 -3292.13 0
v 15531.59 -3297.91 0
v 15524.27 -3296.30 0
v 15527.54 -3315.27 0
v 15520.23 -3313.60 0
v 15526.74 -3319.08 0
v 15519.34 -3317.84 0
v 15526.20 -3323.29 0
v 15518.73 -3322.56 0
v 15525.43 -3332.51 0
v 15517.93 -3332.27 0
v 15525.55 -3343.24 0
v 15518.06 -3343.54 0
v 15525.89 -3345.17 0
v 15518.55 -3346.69 0
v 15526.35 -3347.03 0
v 15519.26 -3349.46 0
v 15533.10 -3366.10 0
v 15526.06 -3368.69 0
v 15533.94 -3367.84 0
v 15527.44 -3371.57 0
v 15544.67 -3386.16 0
v 15538.22 -3390.00 0
v 15547.53 -3390.66 0
v 15541.34 -3394.89 0
v 15581.88 -3440.57 0
v 15575.76 -3444.90 0
v 15606.20 -3473.62 0
v 15600.17 -3478.08 0
v 15609.57 -3478.01 0
v 15603.83 -3482.83 0
v 15611.77 -3480.28 0
v 15606.64 -3485.75 0
v 15614.51 -3482.63 0
v 15609.94 -3488.58 0
v 15617.80 -3484.91 0
v 15613.74 -3491.21 0
v 15621.24 -3487.00 0
v 15618.07 -3493.80 0
v 15681.93 -3514.74 0
v 15678.99 -3521.64 0
v 15692.26 -3517.29 0
v 15691.05 -3524.70 0
v 15702.30 -3518.07 0
v 15702.96 -3525.54 0
v 15766.59 -3510.66 0
v 15767.56 -3518.10 0
v 15772.73 -3508.94 0
v 15774.88 -3516.12 0
v 15782.31 -3505.89 0
v 15784.42 -3513.09 0
v 15791.77 -3503.36 0
v 15793.43 -3510.67 0
v 15804.45 -3500.86 0
v 15805.64 -3508.27 0
v 15818.43 -3499.09 0
v 15820.23 -3506.37 0
v 15903.48 -3476.46 0
v 15905.47 -3483.69 0
v 15914.13 -3472.69 0
v 15916.68 -3479.74 0
v 15925.89 -3468.33 0
v 15928.84 -3475.23 0
v 16023.84 -3425.74 0
v 16026.68 -3432.68 0
v 16036.11 -3423.22 0
v 16037.58 -3430.58 0
v 23090.23 -1727.21 0
v 23095.01 -1721.43 0
v 23070.59 -1710.97 0
v 23075.86 -1705.64 0
v 23018.35 -1656.17 0
v 23023.72 -1650.93 0
v 23011.36 -1650.13 0
v 23015.74 -1644.05 0
v 22999.92 -1642.89 0
v 23003.30 -1636.19 0
v 22988.49 -1638.58 0
v 22990.66 -1631.40 0
v 22941.14 -1625.15 0
v 22943.24 -1617.94 0
v 22935.61 -1623.05 0
v 22939.30 -1616.53 0
v 22923.86 -1615.43 0
v 22928.39 -1609.45 0
v 22910.62 -1604.15 0
v 22915.63 -1598.57 0
v 22898.11 -1592.32 0
v 22903.69 -1587.31 0
v 22877.92 -1567.84 0
v 22883.58 -1562.92 0
v 22871.75 -1562.00 0
v 22876.54 -1556.24 0
v 22867.93 -1559.55 0
v 22871.86 -1553.16 0
v 22864.81 -1557.72 0
v 22867.56 -1550.74 0
v 22863.25 -1557.51 0
v 22863.36 -1550.01 0
v 22843.10 -1557.63 0
v 22843.38 -1550.13 0
v 22838.24 -1556.22 0
v 22841.58 -1549.51 0
v 22832.94 -1552.86 0
v 22837.50 -1546.90 0
v 22826.25 -1547.06 0
v 22831.73 -1541.94 0
v 22810.51 -1528.91 0
v 22815.85 -1523.65 0
v 22800.91 -1521.35 0
v 22805.90 -1515.75 0
v 22794.71 -1514.79 0
v 22800.46 -1509.98 0
v 22791.50 -1510.05 0
v 22798.06 -1506.42 0
v 22789.68 -1505.66 0
v 22796.89 -1503.57 0
v 22782.03 -1477.86 0
v 22789.24 -1475.79 0
v 22780.88 -1474.66 0
v 22787.58 -1471.29 0
v 22778.72 -1471.34 0
v 22784.82 -1466.97 0
v 22775.74 -1467.53 0
v 22781.32 -1462.52 0
v 22774.17 -1466.07 0
v 22778.07 -1459.67 0
v 22771.77 -1465.07 0
v 22773.44 -1457.75 0
v 22720.20 -1453.96 0
v 22721.87 -1446.65 0
v 22715.77 -1452.12 0
v 22719.44 -1445.58 0
v 22712.80 -1449.78 0
v 22718.32 -1444.70 0
v 22709.88 -1445.86 0
v 22716.36 -1442.08 0
v 22701.43 -1430.33 0
v 22708.51 -1427.85 0
v 22693.82 -1400.28 0
v 22701.06 -1398.32 0
v 22691.38 -1393.15 0
v 22698.39 -1390.47 0
v 22688.44 -1386.19 0
v 22695.19 -1382.94 0
v 22678.41 -1366.27 0
v 22685.15 -1362.97 0
v 22676.98 -1362.64 0
v 22684.15 -1360.44 0
v 22675.32 -1356.32 0
v 22682.51 -1354.19 0
v 22674.37 -1353.74 0
v 22681.19 -1350.62 0
v 22672.89 -1350.95 0
v 22679.01 -1346.62 0
v 22670.40 -1348.16 0
v 22675.75 -1342.90 0
v 22666.18 -1344.17 0
v 22671.05 -1338.47 0
v 22656.07 -1335.95 0
v 22661.07 -1330.36 0
v 22648.70 -1328.51 0
v 22654.31 -1323.54 0
v 22643.48 -1321.76 0
v 22648.89 -1316.58 0
v 22640.38 -1319.62 0
v 22644.19 -1313.16 0
v 22639.74 -1319.46 0
v 22641.15 -1312.09 0
v 22637.08 -1319.17 0
v 22637.36 -1311.68 0
v 22632.18 -1319.20 0
v 22631.66 -1311.72 0
v 22618.97 -1320.43 0
v 22617.66 -1313.04 0
v 22586.12 -1327.34 0
v 22584.70 -1319.98 0
v 22577.21 -1328.42 0
v 22576.81 -1320.93 0
v 22567.02 -1328.34 0
v 22567.88 -1320.89 0
v 22558.06 -1326.18 0
v 22560.40 -1319.06 0
v 22549.24 -1322.56 0
v 22552.52 -1315.82 0
v 22538.96 -1316.90 0
v 22542.85 -1310.48 0
v 22528.53 -1309.93 0
v 22533.64 -1304.44 0
v 22506.60 -1286.91 0
v 22511.88 -1281.58 0
v 22499.11 -1280.71 0
v 22504.07 -1275.09 0
v 22490.57 -1272.76 0
v 22495.48 -1267.08 0
v 22481.38 -1265.37 0
v 22486.71 -1260.09 0
v 22448.22 -1230.05 0
v 22453.60 -1224.82 0
v 22443.35 -1226.16 0
v 22447.80 -1220.12 0
v 22439.96 -1223.96 0
v 22443.23 -1217.21 0
v 22435.43 -1222.28 0
v 22437.04 -1214.96 0
v 22422.70 -1220.26 0
v 22424.64 -1213.02 0
v 22350.16 -1199.52 0
v 22352.15 -1192.28 0
v 22341.02 -1197.87 0
v 22343.13 -1190.67 0
v 22303.96 -1185.96 0
v 22306.37 -1178.86 0
v 22298.78 -1183.39 0
v 22302.74 -1177.02 0
v 22292.91 -1179.17 0
v 22297.61 -1173.32 0
v 22276.94 -1165.88 0
v 22281.55 -1159.96 0
v 22272.47 -1163.16 0
v 22275.95 -1156.52 0
v 22269.50 -1161.96 0
v 22271.72 -1154.80 0
v 22254.48 -1157.65 0
v 22256.43 -1150.41 0
v 22251.58 -1157.08 0
v 22252.35 -1149.62 0
v 22243.00 -1156.46 0
v 22242.47 -1148.98 0
v 22195.93 -1161.12 0
v 22195.45 -1153.63 0
v 22182.91 -1160.16 0
v 22184.44 -1152.82 0
v 22171.18 -1155.87 0
v 22175.11 -1149.48 0
v 22129.62 -1127.69 0
v 22133.59 -1121.33 0
v 22118.09 -1122.62 0
v 22120.50 -1115.52 0
v 22106.37 -1119.81 0
v 22107.38 -1112.37 0
v 22093.67 -1119.32 0
v 22093.29 -1111.83 0
v 21978.80 -1126.21 0
v 21978.33 -1118.73 0
v 21976.10 -1126.69 0
v 21973.76 -1119.57 0
v 21973.17 -1128.07 0
v 21969.16 -1121.73 0
v 21971.39 -1129.75 0
v 21966.35 -1124.19 0
v 21964.70 -1135.80 0
v 21960.17 -1129.83 0
v 21957.52 -1140.21 0
v 21954.02 -1133.58 0
v 21952.81 -1141.83 0
v 21952.03 -1134.37 0
v 21936.80 -1142.60 0
v 21937.33 -1135.12 0
v 21911.28 -1138.97 0
v 21912.08 -1131.51 0
v 21899.37 -1138.56 0
v 21899.47 -1131.06 0
v 21896.91 -1138.59 0
v 21894.64 -1131.45 0
v 21894.56 -1139.74 0
v 21888.96 -1134.75 0
v 21893.49 -1142.65 0
v 21886.27 -1140.62 0
v 21891.21 -1153.05 0
v 21883.93 -1151.23 0
v 21889.50 -1158.09 0
v 21882.92 -1154.49 0
v 21885.69 -1162.96 0
v 21880.70 -1157.36 0
v 21880.90 -1165.61 0
v 21878.64 -1158.45 0
v 21843.65 -1176.55 0
v 21841.44 -1169.38 0
v 21838.83 -1178.46 0
v 21835.43 -1171.78 0
v 21830.17 -1183.46 0
v 21827.17 -1176.58 0
v 21823.69 -1184.90 0
v 21822.77 -1177.45 0
v 21808.02 -1186.34 0
v 21807.07 -1178.90 0
v 21801.96 -1187.63 0
v 21802.08 -1180.13 0
v 21794.79 -1185.17 0
v 21799.96 -1179.74 0
v 21788.54 -1175.88 0
v 21795.32 -1172.67 0
v 21786.02 -1166.90 0
v 21793.40 -1165.55 0
v 21785.74 -1161.25 0
v 21793.21 -1160.54 0
v 21785.23 -1158.23 0
v 21792.47 -1156.26 0
v 21779.84 -1139.80 0
v 21787.09 -1137.88 0
v 21779.09 -1134.75 0
v 21786.56 -1134.08 0
v 21778.59 -1125.96 0
v 21786.07 -1126.44 0
v 21780.24 -1118.17 0
v 21787.34 -1120.59 0
v 21783.17 -1112.42 0
v 21789.51 -1116.43 0
v 21786.14 -1108.78 0
v 21791.59 -1113.92 0
v 21789.28 -1105.97 0
v 21793.54 -1112.14 0
v 21808.92 -1092.96 0
v 21813.13 -1099.17 0
v 21810.12 -1091.95 0
v 21815.49 -1097.18 0
v 21820.68 -1080.75 0
v 21826.02 -1086.01 0
v 21823.22 -1078.77 0
v 21827.40 -1084.99 0
v 21828.46 -1075.45 0
v 21832.05 -1082.03 0
v 21831.64 -1074.51 0
v 21832.32 -1081.98 0
v 21839.28 -1074.19 0
v 21838.91 -1081.68 0
v 21847.05 -1075.32 0
v 21845.27 -1082.60 0
v 21858.71 -1078.88 0
v 21856.93 -1086.17 0
v 21861.87 -1079.10 0
v 21862.29 -1086.59 0
v 21864.76 -1078.45 0
v 21866.66 -1085.71 0
v 21866.84 -1077.86 0
v 21870.60 -1084.35 0
v 21869.22 -1075.89 0
v 21874.68 -1081.03 0
v 21871.31 -1073.08 0
v 21877.94 -1076.58 0
v 21871.86 -1071.06 0
v 21879.29 -1072.09 0
v 21871.86 -1069.50 0
v 21879.13 -1067.66 0
v 21871.07 -1068.22 0
v 21877.35 -1064.12 0
v 21850.09 -1036.57 0
v 21856.24 -1032.27 0
v 21841.19 -1025.52 0
v 21846.95 -1020.72 0
v 21838.06 -1022.13 0
v 21843.28 -1016.74 0
v 21836.97 -1021.26 0
v 21840.46 -1014.62 0
v 21821.00 -1013.36 0
v 21824.54 -1006.74 0
v 21817.06 -1010.41 0
v 21822.45 -1005.19 0
v 21814.65 -1006.92 0
v 21821.05 -1003.01 0
v 21812.85 -1003.43 0
v 21820.09 -1001.47 0
v 21812.61 -998.54 0
v 21819.98 -999.92 0
v 21814.88 -990.78 0
v 21822.00 -993.12 0
v 21818.39 -980.88 0
v 21825.57 -983.03 0
v 21820.97 -970.40 0
v 21828.29 -972.03 0
v 21821.72 -966.05 0
v 21829.19 -966.78 0
v 21822.33 -956.29 0
v 21829.77 -957.17 0
v 21823.60 -950.58 0
v 21830.82 -952.59 0
v 21825.10 -946.25 0
v 21832.05 -949.06 0
v 21826.66 -943.04 0
v 21833.12 -946.86 0
v 21828.55 -940.49 0
v 21834.07 -945.56 0
v 21831.73 -937.44 0
v 21836.65 -943.11 0
v 21834.89 -934.98 0
v 21839.10 -941.19 0
v 21838.51 -932.85 0
v 21841.81 -939.59 0
v 21842.02 -931.48 0
v 21844.48 -938.56 0
v 21845.98 -930.26 0
v 21847.58 -937.58 0
v 21851.15 -929.50 0
v 21851.75 -936.97 0
v 21857.50 -929.32 0
v 21857.39 -936.82 0
v 21862.38 -929.70 0
v 21861.04 -937.08 0
v 21866.96 -931.10 0
v 21863.82 -937.92 0
v 21882.40 -938.80 0
v 21879.21 -945.58 0
v 21886.23 -940.19 0
v 21883.81 -947.29 0
v 21889.12 -941.08 0
v 21887.58 -948.43 0
v 21891.57 -941.36 0
v 21891.58 -948.86 0
v 21895.83 -941.05 0
v 21897.02 -948.45 0
v 21898.55 -940.29 0
v 21901.37 -947.24 0
v 21902.18 -938.41 0
v 21905.97 -944.88 0
v 21904.79 -936.64 0
v 21909.49 -942.48 0
v 21910.03 -932.06 0
v 21915.28 -937.41 0
v 21913.77 -927.83 0
v 21919.62 -932.53 0
v 21915.68 -925.06 0
v 21922.22 -928.72 0
v 21916.83 -922.44 0
v 21924.01 -924.60 0
v 21916.95 -920.86 0
v 21924.44 -921.27 0
v 21916.97 -918.56 0
v 21924.45 -918.01 0
v 21916.65 -916.27 0
v 21923.90 -914.33 0
v 21914.42 -909.30 0
v 21921.56 -906.98 0
v 21914.09 -908.22 0
v 21920.75 -904.76 0
v 21907.73 -896.42 0
v 21914.84 -894.02 0
v 21907.99 -887.90 0
v 21915.10 -890.29 0
v 21913.00 -878.97 0
v 21919.03 -883.42 0
v 21918.42 -873.89 0
v 21922.41 -880.24 0
v 21935.91 -864.27 0
v 21939.83 -870.66 0
v 21944.53 -858.12 0
v 21950.28 -862.93 0
v 21948.06 -849.89 0
v 21955.25 -852.04 0
v 21957.67 -813.05 0
v 21964.77 -815.44 0
v 21965.75 -798.22 0
v 21971.56 -802.96 0
v 21976.10 -790.43 0
v 21979.93 -796.88 0
v 21985.94 -786.06 0
v 21988.28 -793.19 0
v 21997.54 -783.37 0
v 21998.43 -790.82 0
v 22009.13 -783.28 0
v 22008.55 -790.75 0
v 22020.86 -785.16 0
v 22019.16 -792.46 0
v 22036.50 -789.63 0
v 22034.00 -796.70 0
v 22051.90 -796.18 0
v 22048.49 -802.86 0
v 22065.35 -804.38 0
v 22060.86 -810.39 0
v 22078.89 -816.32 0
v 22073.68 -821.71 0
v 22106.00 -843.69 0
v 22100.75 -849.05 0
v 22115.26 -851.96 0
v 22110.56 -857.80 0
v 22124.89 -858.91 0
v 22120.79 -865.18 0
v 22143.62 -870.48 0
v 22139.55 -876.78 0
v 22153.97 -877.70 0
v 22149.41 -883.66 0
v 22162.37 -884.85 0
v 22157.20 -890.28 0
v 22182.68 -905.06 0
v 22177.29 -910.27 0
v 22184.53 -907.82 0
v 22178.71 -912.54 0
v 22190.88 -915.17 0
v 22185.47 -920.37 0
v 22198.07 -921.90 0
v 22193.27 -927.67 0
v 22201.30 -924.07 0
v 22198.54 -931.04 0
v 22214.50 -928.23 0
v 22212.50 -935.46 0
v 22217.92 -928.75 0
v 22217.64 -936.25 0
v 22284.43 -930.77 0
v 22284.33 -938.26 0
v 22293.28 -929.79 0
v 22294.71 -937.15 0
v 22297.52 -928.16 0
v 22299.41 -935.41 0
v 22322.94 -922.08 0
v 22324.55 -929.40 0
v 22327.34 -921.67 0
v 22327.44 -929.16 0
v 22331.75 -921.94 0
v 22330.51 -929.34 0
v 22347.40 -924.95 0
v 22346.13 -932.34 0
v 22348.05 -924.86 0
v 22348.60 -932.34 0
v 22350.87 -924.63 0
v 22352.54 -931.94 0
v 22362.86 -921.46 0
v 22363.83 -928.90 0
v 22384.65 -920.25 0
v 22386.45 -927.53 0
v 22403.40 -911.47 0
v 22406.46 -918.32 0
v 22406.62 -910.43 0
v 22408.57 -917.67 0
v 22410.28 -909.66 0
v 22410.61 -917.16 0
v 22416.17 -910.28 0
v 22413.26 -917.19 0
v 22422.48 -914.56 0
v 22417.75 -920.38 0
v 22429.68 -921.08 0
v 22424.82 -926.80 0
v 22431.24 -922.07 0
v 22427.50 -928.57 0
v 22432.82 -922.91 0
v 22430.51 -930.05 0
v 22438.84 -924.44 0
v 22436.39 -931.52 0
v 22442.42 -926.39 0
v 22438.10 -932.53 0
v 22451.43 -933.11 0
v 22447.20 -939.31 0
v 22461.93 -939.75 0
v 22458.63 -946.49 0
v 22466.60 -940.77 0
v 22466.02 -948.25 0
v 22473.51 -940.46 0
v 22474.39 -947.91 0
v 22477.64 -939.45 0
v 22479.75 -946.65 0
v 22483.63 -937.59 0
v 22487.71 -943.89 0
v 22493.23 -929.37 0
v 22498.98 -934.19 0
v 22501.16 -916.41 0
v 22507.16 -920.91 0
v 22505.52 -913.80 0
v 22508.45 -920.70 0
v 22507.80 -913.17 0
v 22508.92 -920.58 0
v 22519.76 -911.54 0
v 22521.37 -918.86 0
v 22527.72 -908.83 0
v 22530.63 -915.75 0
v 22535.12 -905.02 0
v 22538.30 -911.81 0
v 22541.82 -902.42 0
v 22542.77 -909.86 0
v 22628.98 -892.85 0
v 22629.85 -900.30 0
v 22665.11 -888.07 0
v 22666.25 -895.48 0
v 22672.50 -886.35 0
v 22675.60 -893.18 0
v 22683.83 -879.55 0
v 22688.37 -885.52 0
v 22689.40 -873.48 0
v 22695.10 -878.35 0
v 22694.66 -866.81 0
v 22701.08 -870.70 0
v 22699.72 -856.46 0
v 22706.70 -859.19 0
v 22703.86 -843.31 0
v 22711.17 -844.98 0
v 22705.49 -831.18 0
v 22712.99 -831.46 0
v 22706.44 -772.61 0
v 22713.94 -772.84 0
v 22707.76 -758.03 0
v 22715.14 -759.35 0
v 22711.81 -742.87 0
v 22718.79 -745.61 0
v 22718.45 -730.78 0
v 22724.71 -734.90 0
v 22725.39 -722.23 0
v 22730.69 -727.53 0
v 22734.83 -714.50 0
v 22738.58 -720.99 0
v 22747.78 -709.57 0
v 22748.31 -717.06 0
v 22849.45 -706.04 0
v 22849.54 -713.54 0
v 22863.47 -708.41 0
v 22861.19 -715.56 0
v 22874.63 -714.11 0
v 22869.95 -719.96 0
v 22882.66 -723.76 0
v 22876.13 -727.47 0
v 22885.68 -733.49 0
v 22878.28 -734.71 0
v 22886.08 -743.35 0
v 22878.58 -743.28 0
v 22885.49 -753.13 0
v 22878.12 -751.75 0
v 22881.03 -770.61 0
v 22873.66 -769.20 0
v 22880.63 -777.95 0
v 22873.13 -778.32 0
v 22881.64 -785.25 0
v 22874.69 -788.07 0
v 22885.96 -791.53 0
v 22880.88 -797.05 0
v 22893.41 -795.91 0
v 22890.57 -802.85 0
v 22903.42 -798.50 0
v 22902.08 -805.88 0
v 22915.43 -799.86 0
v 22915.35 -807.36 0
v 22927.91 -798.78 0
v 22929.38 -806.14 0
v 22937.24 -795.54 0
v 22940.35 -802.36 0
v 22942.08 -792.38 0
v 22946.95 -798.09 0
v 23045.97 -702.66 0
v 23050.83 -708.36 0
v 23055.37 -695.93 0
v 23058.80 -702.60 0
v 23065.21 -692.87 0
v 23066.36 -700.28 0
v 23075.93 -692.67 0
v 23075.27 -700.14 0
v 23085.41 -694.74 0
v 23082.39 -701.60 0
v 23093.63 -700.54 0
v 23088.35 -705.85 0
v 23099.87 -709.06 0
v 23093.13 -712.35 0
v 23102.39 -718.68 0
v 23094.90 -719.06 0
v 23102.25 -750.55 0
v 23094.75 -750.77 0
v 23103.64 -761.24 0
v 23096.24 -762.45 0
v 23105.51 -770.37 0
v 23098.21 -772.09 0
v 23107.87 -779.34 0
v 23100.90 -782.10 0
v 23111.56 -785.88 0
v 23105.45 -790.22 0
v 23116.35 -791.37 0
v 23111.78 -797.31 0
v 23122.01 -794.08 0
v 23120.04 -801.31 0
v 23127.33 -794.33 0
v 23128.12 -801.79 0
v 23132.42 -792.94 0
v 23135.61 -799.72 0
v 23135.70 -790.52 0
v 23141.35 -795.44 0
v 23192.21 -723.78 0
v 23197.83 -728.75 0
v 23202.95 -714.53 0
v 23207.45 -720.53 0
v 23212.22 -708.78 0
v 23215.42 -715.57 0
v 23221.66 -705.72 0
v 23223.37 -713.02 0
v 23231.52 -704.26 0
v 23231.68 -711.75 0
v 23241.38 -705.36 0
v 23239.42 -712.60 0
v 23250.97 -709.61 0
v 23246.54 -715.65 0
v 23321.49 -763.85 0
v 23317.04 -769.89 0
v 23330.03 -768.10 0
v 23327.36 -775.11 0
v 23337.88 -770.16 0
v 23337.53 -777.65 0
v 23346.99 -768.92 0
v 23349.20 -776.09 0
v 23355.08 -764.80 0
v 23359.27 -771.02 0
v 23362.94 -758.03 0
v 23368.03 -763.54 0
v 23364.04 -756.55 0
v 23369.95 -761.16 0
v 17006.80 -7226.59 0
v 17007.18 -7219.10 0
v 16965.10 -7224.51 0
v 16965.48 -7217.02 0
v 17002.09 -7178.98 0
v 16996.48 -7174.01 0
v 16990.54 -7191.99 0
v 16984.59 -7187.42 0
v 16968.34 -7222.95 0
v 16962.24 -7218.58 0
v 16902.61 -7300.41 0
v 16908.49 -7305.07 0
v 16912.49 -7287.97 0
v 16918.44 -7292.53 0
v 16941.28 -7249.94 0
v 16947.38 -7254.31 0
v 16962.17 -7218.68 0
v 16968.41 -7222.85 0
v 17191.00 -6073.62 0
v 17193.54 -6066.56 0
v 17122.88 -6049.15 0
v 17125.41 -6042.09 0
v 17193.45 -6066.53 0
v 17191.09 -6073.65 0
v 17226.67 -6077.50 0
v 17224.36 -6084.64 0
v 17232.87 -6079.30 0
v 17230.78 -6086.50 0
v 17251.71 -6084.78 0
v 17249.62 -6091.98 0
v 17579.73 -4843.68 0
v 17572.61 -4846.04 0
v 17582.21 -4851.24 0
v 17574.87 -4852.79 0
v 17583.39 -4860.99 0
v 17575.94 -4861.88 0
v 17583.41 -4861.29 0
v 17575.92 -4861.58 0
v 17584.35 -4885.93 0
v 17576.86 -4886.22 0
v 12895.73 -507.32 0
v 12891.10 -501.41 0
v 12884.07 -516.46 0
v 12879.28 -510.69 0
v 12873.10 -526.04 0
v 12867.50 -521.05 0
v 12852.67 -551.75 0
v 12846.60 -547.35 0
v 12840.35 -571.28 0
v 12833.93 -567.39 0
v 12806.65 -627.66 0
v 12800.14 -623.94 0
v 12798.98 -643.77 0
v 12792.03 -640.93 0
v 12793.62 -659.60 0
v 12786.45 -657.39 0
v 12789.51 -674.33 0
v 12782.64 -671.32 0
v 12781.75 -686.49 0
v 12775.73 -682.00 0
v 12769.88 -700.68 0
v 12764.88 -695.09 0
v 12713.64 -747.45 0
v 12708.98 -741.57 0
v 12696.42 -758.80 0
v 12693.26 -752.00 0
v 12650.59 -776.85 0
v 12647.63 -769.96 0
v 12632.70 -786.17 0
v 12629.03 -779.63 0
v 12623.99 -791.75 0
v 12619.64 -785.65 0
v 12615.54 -798.41 0
v 12610.56 -792.80 0
v 12606.79 -807.02 0
v 12601.21 -802.01 0
v 12595.29 -821.03 0
v 12590.00 -815.72 0
v 12578.93 -834.75 0
v 12574.58 -828.64 0
v 12563.01 -844.08 0
v 12559.04 -837.71 0
v 12546.34 -855.05 0
v 12541.91 -848.99 0
v 12537.30 -862.78 0
v 12531.93 -857.54 0
v 12532.22 -869.45 0
v 12525.77 -865.62 0
v 12523.50 -886.17 0
v 12516.97 -882.48 0
v 12504.65 -918.27 0
v 12498.29 -914.29 0
v 12496.71 -929.02 0
v 12490.80 -924.40 0
v 12494.77 -930.76 0
v 12490.02 -924.96 0
v 12476.19 -945.92 0
v 12471.71 -939.90 0
v 12465.26 -952.70 0
v 12461.63 -946.13 0
v 12451.86 -959.41 0
v 12448.80 -952.57 0
v 12432.81 -967.21 0
v 12430.05 -960.23 0
v 12413.07 -974.73 0
v 12410.92 -967.54 0
v 12397.72 -977.69 0
v 12396.71 -970.26 0
v 12384.65 -978.62 0
v 12384.29 -971.13 0
v 12370.89 -978.99 0
v 12370.97 -971.49 0
v 12354.05 -978.30 0
v 12354.78 -970.84 0
v 12158.50 -958.22 0
v 12159.22 -950.75 0
v 12134.06 -957.12 0
v 12134.27 -949.62 0
v 12129.07 -957.36 0
v 12128.33 -949.90 0
v 12122.83 -958.25 0
v 12121.24 -950.92 0
v 12113.53 -960.75 0
v 12111.22 -953.61 0
v 12104.62 -964.14 0
v 12101.91 -957.15 0
v 12019.62 -997.08 0
v 12016.86 -990.11 0
v 12010.92 -1001.26 0
v 12007.37 -994.65 0
v 12003.23 -1005.87 0
v 11998.82 -999.81 0
v 11985.57 -1019.75 0
v 11980.76 -1014.00 0
v 11963.72 -1038.93 0
v 11958.48 -1033.56 0
v 11955.48 -1049.11 0
v 11949.56 -1044.51 0
v 11948.66 -1058.29 0
v 11942.13 -1054.60 0
v 11933.66 -1087.84 0
v 11926.93 -1084.53 0
v 11928.92 -1098.31 0
v 11921.99 -1095.44 0
v 11924.32 -1110.37 0
v 11917.18 -1108.07 0
v 11917.52 -1133.76 0
v 11910.30 -1131.72 0
v 11916.20 -1139.05 0
v 11908.80 -1137.84 0
v 11915.72 -1144.59 0
v 11908.22 -1144.55 0
v 11916.12 -1156.65 0
v 11908.66 -1157.36 0
v 11917.93 -1167.72 0
v 11910.60 -1169.30 0
v 11920.41 -1176.46 0
v 11913.30 -1178.86 0
v 11926.13 -1191.97 0
v 11919.20 -1194.83 0
v 11931.85 -1204.21 0
v 11925.27 -1207.82 0
v 11948.01 -1231.78 0
v 11941.70 -1235.83 0
v 11954.77 -1240.04 0
v 11949.31 -1245.18 0
v 11964.60 -1249.35 0
v 11959.80 -1255.11 0
v 11974.24 -1256.25 0
v 11970.18 -1262.56 0
v 11983.75 -1261.67 0
v 11980.42 -1268.39 0
v 12023.26 -1280.52 0
v 12020.29 -1287.41 0
v 12094.58 -1309.35 0
v 12091.76 -1316.31 0
v 13234.51 -1086.28 0
v 13232.37 -1079.09 0
v 13125.97 -1118.55 0
v 13123.91 -1111.34 0
v 13021.04 -1147.30 0
v 13019.14 -1140.04 0
v 12980.66 -1156.42 0
v 12979.05 -1149.09 0
v 12960.72 -1160.49 0
v 12958.91 -1153.21 0
v 12942.03 -1166.00 0
v 12939.50 -1158.94 0
v 12900.49 -1182.07 0
v 12898.34 -1174.88 0
v 12835.41 -1197.76 0
v 12833.62 -1190.47 0
v 12793.25 -1208.40 0
v 12791.05 -1201.23 0
v 12774.38 -1216.37 0
v 12771.09 -1209.63 0
v 12748.14 -1230.46 0
v 12744.59 -1223.86 0
v 12721.24 -1245.01 0
v 12717.89 -1238.30 0
v 12703.90 -1252.57 0
v 12701.58 -1245.43 0
v 12663.27 -1263.91 0
v 12661.16 -1256.71 0
v 12645.28 -1269.68 0
v 12642.80 -1262.60 0
v 12628.02 -1276.22 0
v 12624.81 -1269.44 0
v 12568.80 -1305.92 0
v 12565.57 -1299.16 0
v 12550.65 -1313.14 0
v 12548.32 -1306.01 0
v 12532.82 -1317.71 0
v 12531.29 -1310.37 0
v 12450.23 -1334.06 0
v 12448.84 -1326.69 0
v 12439.79 -1335.16 0
v 12439.88 -1327.66 0
v 12422.75 -1333.81 0
v 12423.50 -1326.35 0
v 12405.23 -1331.70 0
v 12406.33 -1324.28 0
v 12367.03 -1325.60 0
v 12368.27 -1318.21 0
v 12356.19 -1323.48 0
v 12357.11 -1316.03 0
v 12349.96 -1323.29 0
v 12348.40 -1315.96 0
v 12293.47 -1337.02 0
v 12291.82 -1329.71 0
v 12275.17 -1340.14 0
v 12274.85 -1332.65 0
v 12200.93 -1341.02 0
v 12200.94 -1333.52 0
v 12180.93 -1339.97 0
v 12181.79 -1332.52 0
v 12147.78 -1334.92 0
v 12149.17 -1327.55 0
v 12129.64 -1330.30 0
v 12131.81 -1323.12 0
v 12111.09 -1323.83 0
v 12113.70 -1316.80 0
v 12091.81 -1316.33 0
v 12094.53 -1309.34 0
v 14821.27 -9549.44 0
v 14815.17 -9545.09 0
v 14812.04 -9562.36 0
v 14805.63 -9558.46 0
v 14809.46 -9568.66 0
v 14802.33 -9566.32 0
v 14806.09 -9580.74 0
v 14798.73 -9579.32 0
v 14803.77 -9598.17 0
v 14796.28 -9597.79 0
v 14804.42 -9612.96 0
v 14797.00 -9614.08 0
v 14812.94 -9658.48 0
v 14805.57 -9659.89 0
v 14818.27 -9685.54 0
v 14810.92 -9686.99 0
v 14947.63 -9369.08 0
v 14955.01 -9370.43 0
v 14948.88 -9362.32 0
v 14956.34 -9363.11 0
v 14949.37 -9352.93 0
v 14956.87 -9352.70 0
v 14948.25 -9342.07 0
v 14955.63 -9340.73 0
v 14929.68 -9244.01 0
v 14937.06 -9242.67 0
v 14928.89 -9235.65 0
v 14936.37 -9235.07 0
v 14927.08 -9210.60 0
v 14934.58 -9210.44 0
v 14927.29 -9160.64 0
v 14934.79 -9160.82 0
v 14928.76 -9140.24 0
v 14936.23 -9140.92 0
v 14933.28 -9094.65 0
v 14940.72 -9095.59 0
v 14946.02 -9002.89 0
v 14953.44 -9003.97 0
v 14949.86 -8980.37 0
v 14957.25 -8981.62 0
v 14953.85 -8956.69 0
v 14961.20 -8958.19 0
v 14964.20 -8910.47 0
v 14971.48 -8912.29 0
v 14976.95 -8864.18 0
v 14984.06 -8866.55 0
v 14993.41 -8822.67 0
v 15000.31 -8825.61 0
v 15030.17 -8739.55 0
v 15036.96 -8742.72 0
v 15051.58 -8697.91 0
v 15058.33 -8701.19 0
v 15164.31 -8463.43 0
v 15171.10 -8466.62 0
v 15174.69 -8435.78 0
v 15181.81 -8438.14 0
v 15188.44 -8390.73 0
v 15195.69 -8392.66 0
v 15211.24 -8298.05 0
v 15218.46 -8300.08 0
v 15249.05 -8174.55 0
v 15256.19 -8176.85 0
v 15256.75 -8156.67 0
v 15263.54 -8159.87 0
v 15261.45 -8148.26 0
v 15267.79 -8152.26 0
v 15314.63 -8064.82 0
v 15320.85 -8069.02 0
v 15331.71 -8044.30 0
v 15337.11 -8049.51 0
v 15354.54 -8023.49 0
v 15359.25 -8029.32 0
v 15395.24 -7993.00 0
v 15399.15 -7999.40 0
v 15559.19 -7898.35 0
v 15562.87 -7904.89 0
v 15592.23 -7882.14 0
v 15595.04 -7889.10 0
v 15627.92 -7870.66 0
v 15629.50 -7878.00 0
v 15644.37 -7871.09 0
v 15643.34 -7878.52 0
v 15666.07 -7875.84 0
v 15663.44 -7882.86 0
v 15683.13 -7885.73 0
v 15678.54 -7891.66 0
v 15694.76 -7897.92 0
v 15689.11 -7902.85 0
v 15709.72 -7916.18 0
v 15703.28 -7920.03 0
v 15719.95 -7940.19 0
v 15712.93 -7942.82 0
v 15725.73 -7958.80 0
v 15718.39 -7960.35 0
v 15781.10 -8229.25 0
v 15773.74 -8230.71 0
v 15782.95 -8247.45 0
v 15775.47 -8247.97 0
v 15784.29 -8274.44 0
v 15776.80 -8274.25 0
v 15780.25 -8356.28 0
v 15772.77 -8355.75 0
v 15769.14 -8487.94 0
v 15761.66 -8487.38 0
v 15768.31 -8514.34 0
v 15760.81 -8514.37 0
v 15769.28 -8525.79 0
v 15761.89 -8527.08 0
v 15774.28 -8548.19 0
v 15767.00 -8549.97 0
v 15787.41 -8600.06 0
v 15780.18 -8602.06 0
v 15808.14 -8670.01 0
v 15801.00 -8672.33 0
v 15812.79 -8678.57 0
v 15806.61 -8682.82 0
v 15819.58 -8686.47 0
v 15814.37 -8691.86 0
v 15825.84 -8691.16 0
v 15821.78 -8697.46 0
v 15834.72 -8696.23 0
v 15831.98 -8703.21 0
v 15854.39 -8702.30 0
v 15851.94 -8709.39 0
v 15884.08 -8713.35 0
v 15881.81 -8720.50 0
v 15980.10 -8742.27 0
v 15977.96 -8749.46 0
v 16031.56 -8757.40 0
v 16029.59 -8764.63 0
v 16046.83 -8760.43 0
v 16045.79 -8767.86 0
v 16053.55 -8760.53 0
v 16054.03 -8768.01 0
v 16069.58 -8758.95 0
v 16071.30 -8766.24 0
v 16143.41 -8739.26 0
v 16145.08 -8746.57 0
v 16190.65 -8731.25 0
v 16191.67 -8738.68 0
v 16389.07 -8705.61 0
v 16390.08 -8713.04 0
v 16416.26 -8700.60 0
v 16418.10 -8707.87 0
v 16443.60 -8691.86 0
v 16446.27 -8698.87 0
v 16477.43 -8677.24 0
v 16480.50 -8684.08 0
v 16482.52 -8674.35 0
v 16486.20 -8680.89 0
v 12929.70 -8482.40 0
v 12923.60 -8486.77 0
v 12979.53 -8552.03 0
v 12973.32 -8556.24 0
v 12991.56 -8573.69 0
v 12984.87 -8577.07 0
v 13003.55 -8599.67 0
v 12996.89 -8603.11 0
v 13014.48 -8618.14 0
v 13008.37 -8622.49 0
v 13030.10 -8636.92 0
v 13024.55 -8641.96 0
v 13042.64 -8649.18 0
v 13037.91 -8655.01 0
v 13063.58 -8664.10 0
v 13060.04 -8670.71 0
v 13166.10 -8715.19 0
v 13162.70 -8721.88 0
v 13177.59 -8722.05 0
v 13173.30 -8728.21 0
v 13187.05 -8729.79 0
v 13181.97 -8735.31 0
v 13197.03 -8740.00 0
v 13190.94 -8744.38 0
v 13202.71 -8751.54 0
v 13195.94 -8754.77 0
v 13204.36 -8755.82 0
v 13196.89 -8756.43 0
v 13207.09 -8802.33 0
v 13199.61 -8802.88 0
v 13208.64 -8814.56 0
v 13201.36 -8816.34 0
v 13212.61 -8825.37 0
v 13206.21 -8829.29 0
v 13221.06 -8834.92 0
v 13216.41 -8840.80 0
v 13236.03 -8843.81 0
v 13233.42 -8850.84 0
v 13264.43 -8850.88 0
v 13262.80 -8858.20 0
v 13289.26 -8855.59 0
v 13288.31 -8863.03 0
v 13371.67 -8864.59 0
v 13370.72 -8872.03 0
v 13393.81 -8869.04 0
v 13391.60 -8876.21 0
v 13411.41 -8877.00 0
v 13407.09 -8883.13 0
v 13435.33 -8898.15 0
v 13430.20 -8903.61 0
v 13450.90 -8914.07 0
v 13445.75 -8919.52 0
v 13474.03 -8934.63 0
v 13469.48 -8940.59 0
v 13508.09 -8957.72 0
v 13504.14 -8964.10 0
v 13548.59 -8980.83 0
v 13544.71 -8987.25 0
v 13559.40 -8988.74 0
v 13554.66 -8994.56 0
v 13566.22 -8995.26 0
v 13560.34 -8999.92 0
v 13576.96 -9010.89 0
v 13570.22 -9014.18 0
v 13585.68 -9035.12 0
v 13578.43 -9037.06 0
v 13613.00 -9145.30 0
v 13605.74 -9147.19 0
v 13617.05 -9155.84 0
v 13610.30 -9159.10 0
v 13622.53 -9164.94 0
v 13616.10 -9168.80 0
v 17231.56 -5744.40 0
v 17238.45 -5747.37 0
v 17268.00 -5659.62 0
v 17274.89 -5662.58 0
v 17272.43 -5649.21 0
v 17279.27 -5652.29 0
v 17278.77 -5635.74 0
v 17285.42 -5639.20 0
v 17299.26 -5597.49 0
v 17305.78 -5601.20 0
v 17314.18 -5573.49 0
v 17320.65 -5577.28 0
v 17334.48 -5537.38 0
v 17340.96 -5541.15 0
v 17367.72 -5481.21 0
v 17374.17 -5485.03 0
v 16803.56 -7552.79 0
v 16810.89 -7554.35 0
v 16828.67 -7434.86 0
v 16836.00 -7436.44 0
v 16835.63 -7404.73 0
v 16842.88 -7406.63 0
v 16842.83 -7380.99 0
v 16849.71 -7383.98 0
v 16856.22 -7357.42 0
v 16862.37 -7361.72 0
v 16878.57 -7329.72 0
v 16884.41 -7334.43 0
v 13755.98 -9224.12 0
v 13756.90 -9231.56 0
v 13765.98 -9222.90 0
v 13767.52 -9230.23 0
v 13774.62 -9220.21 0
v 13776.99 -9227.32 0
v 13782.79 -9217.27 0
v 13785.53 -9224.25 0
v 13791.63 -9213.55 0
v 13794.74 -9220.38 0
v 13844.42 -9189.21 0
v 13847.42 -9196.09 0
v 13855.64 -9185.70 0
v 13857.24 -9193.03 0
v 13865.66 -9184.59 0
v 13865.60 -9192.09 0
v 13876.02 -9185.84 0
v 13874.61 -9193.20 0
v 13886.18 -9188.53 0
v 13883.54 -9195.55 0
v 13896.00 -9193.33 0
v 13892.23 -9199.81 0
v 13905.70 -9199.87 0
v 13900.95 -9205.67 0
v 13913.76 -9207.89 0
v 13908.08 -9212.79 0
v 13920.10 -9216.55 0
v 13913.84 -9220.69 0
v 13927.01 -9227.97 0
v 13920.21 -9231.14 0
v 13931.76 -9241.57 0
v 13924.51 -9243.51 0
v 13933.62 -9252.59 0
v 13926.18 -9253.51 0
v 13934.67 -9264.93 0
v 13927.18 -9265.34 0
v 13937.25 -9318.64 0
v 13929.76 -9319.06 0
v 13938.30 -9329.62 0
v 13930.88 -9330.69 0
v 13940.33 -9340.01 0
v 13933.09 -9341.96 0
v 13943.57 -9349.16 0
v 13936.62 -9351.97 0
v 13947.71 -9358.27 0
v 13941.17 -9361.95 0
v 13954.15 -9367.93 0
v 13947.96 -9372.16 0
v 13960.19 -9376.49 0
v 13954.41 -9381.27 0
v 13968.19 -9384.92 0
v 13963.05 -9390.38 0
v 13976.54 -9391.86 0
v 13971.78 -9397.65 0
v 13983.61 -9397.60 0
v 13979.29 -9403.74 0
v 13992.59 -9403.16 0
v 13988.89 -9409.68 0
v 14001.83 -9407.94 0
v 13998.87 -9414.83 0
v 14051.94 -9428.65 0
v 14049.18 -9435.63 0
v 14061.33 -9431.62 0
v 14059.97 -9439.00 0
v 14069.92 -9431.98 0
v 14070.00 -9439.48 0
v 14080.11 -9431.40 0
v 14081.34 -9438.80 0
v 14089.46 -9428.75 0
v 14092.02 -9435.80 0
v 14096.12 -9425.59 0
v 14099.78 -9432.13 0
v 14101.92 -9421.76 0
v 14106.29 -9427.85 0
v 14106.98 -9417.78 0
v 14111.79 -9423.54 0
v 14120.90 -9405.87 0
v 14125.74 -9411.59 0
v 14130.84 -9397.58 0
v 14135.36 -9403.57 0
v 14137.83 -9393.14 0
v 14141.54 -9399.65 0
v 14143.75 -9390.22 0
v 14146.60 -9397.16 0
v 14150.85 -9387.78 0
v 14152.77 -9395.03 0
v 14159.21 -9386.13 0
v 14160.15 -9393.58 0
v 14167.55 -9385.67 0
v 14167.45 -9393.17 0
v 14176.80 -9386.37 0
v 14175.62 -9393.78 0
v 14217.80 -9393.60 0
v 14216.58 -9401.00 0
v 14223.90 -9394.16 0
v 14223.38 -9401.65 0
v 14229.82 -9394.43 0
v 14229.82 -9401.93 0
v 14248.86 -9394.14 0
v 14248.85 -9401.64 0
v 14258.45 -9394.45 0
v 14257.89 -9401.93 0
v 14267.76 -9395.57 0
v 14266.73 -9403.00 0
v 14277.00 -9397.01 0
v 14275.65 -9404.39 0
v 14323.20 -9405.67 0
v 14321.74 -9413.02 0
v 14335.10 -9408.50 0
v 14333.30 -9415.78 0
v 14345.40 -9411.15 0
v 14343.32 -9418.36 0
v 14432.81 -9436.68 0
v 14430.68 -9443.88 0
v 14443.79 -9440.20 0
v 14441.45 -9447.33 0
v 14455.53 -9444.13 0
v 14453.05 -9451.21 0
v 14526.72 -9469.31 0
v 14524.28 -9476.40 0
v 14534.51 -9471.28 0
v 14533.13 -9478.65 0
v 14542.79 -9472.31 0
v 14542.47 -9479.80 0
v 14552.52 -9472.06 0
v 14553.42 -9479.50 0
v 14600.87 -9465.20 0
v 14601.92 -9472.62 0
v 17165.61 -5936.57 0
v 17158.52 -5934.13 0
v 17151.28 -5978.19 0
v 17144.19 -5975.75 0
v 17137.03 -6019.58 0
v 17129.93 -6017.15 0
v 17127.69 -6046.84 0
v 17120.60 -6044.41 0
v 13822.94 -1107.90 0
v 13829.55 -1111.44 0
v 13845.63 -1065.48 0
v 13852.34 -1068.84 0
v 13847.64 -1058.83 0
v 13854.96 -1060.48 0
v 13848.81 -1051.24 0
v 13856.30 -1051.55 0
v 13850.33 -992.16 0
v 13857.83 -992.32 0
v 13850.21 -984.38 0
v 13857.69 -983.88 0
v 13849.22 -975.50 0
v 13856.60 -974.16 0
v 13839.63 -926.26 0
v 13847.03 -925.02 0
v 13835.29 -892.14 0
v 13842.75 -891.37 0
v 13835.00 -881.31 0
v 13842.49 -881.54 0
v 13835.92 -871.83 0
v 13843.34 -872.97 0
v 13859.43 -722.59 0
v 13866.83 -723.80 0
v 13861.49 -717.07 0
v 13868.01 -720.79 0
v 13865.02 -712.77 0
v 13869.86 -718.50 0
v 13975.82 -620.52 0
v 13980.60 -626.30 0
v 13981.11 -616.86 0
v 13985.03 -623.25 0
v 13986.57 -613.96 0
v 13989.16 -621.00 0
v 14056.04 -589.28 0
v 14058.55 -596.35 0
v 15034.75 -1296.09 0
v 15037.76 -1302.96 0
v 15093.71 -1270.27 0
v 15096.76 -1277.12 0
v 15100.88 -1266.77 0
v 15104.51 -1273.33 0
v 15106.10 -1263.44 0
v 15110.56 -1269.46 0
v 15110.19 -1259.89 0
v 15115.47 -1265.21 0
v 15114.22 -1255.39 0
v 15120.20 -1259.91 0
v 15117.33 -1250.44 0
v 15123.92 -1254.01 0
v 15133.92 -1218.88 0
v 15140.53 -1222.43 0
v 15136.37 -1215.05 0
v 15142.58 -1219.26 0
v 15139.11 -1211.23 0
v 15144.86 -1216.05 0
v 15143.48 -1206.57 0
v 15148.60 -1212.04 0
v 15148.35 -1202.59 0
v 15152.74 -1208.67 0
v 15161.82 -1193.28 0
v 15166.38 -1199.24 0
v 15165.91 -1189.24 0
v 15171.59 -1194.14 0
v 15169.25 -1184.61 0
v 15175.63 -1188.56 0
v 15172.34 -1178.82 0
v 15179.15 -1181.95 0
v 15195.00 -1128.60 0
v 15201.87 -1131.59 0
v 15197.85 -1120.48 0
v 15205.15 -1122.20 0
v 15199.76 -1108.37 0
v 15207.24 -1108.87 0
v 15199.27 -1099.64 0
v 15206.68 -1098.52 0
v 15197.09 -1090.80 0
v 15204.18 -1088.37 0
v 15193.71 -1083.38 0
v 15200.16 -1079.55 0
v 15179.53 -1061.41 0
v 15185.87 -1057.40 0
v 15173.58 -1051.57 0
v 15180.18 -1048.00 0
v 15170.10 -1043.88 0
v 15177.18 -1041.42 0
v 15167.60 -1034.32 0
v 15175.03 -1033.33 0
v 15167.61 -1025.20 0
v 15175.09 -1025.78 0
v 15168.83 -1018.13 0
v 15176.12 -1019.89 0
v 15170.07 -1015.01 0
v 15177.01 -1017.85 0
v 15225.98 -895.21 0
v 15218.59 -896.52 0
v 15227.85 -905.79 0
v 15220.41 -906.74 0
v 15228.35 -913.89 0
v 15220.86 -914.17 0
v 15228.52 -923.22 0
v 15221.02 -923.05 0
v 15227.88 -935.51 0
v 15220.40 -935.02 0
v 15226.96 -947.19 0
v 15219.52 -946.28 0
v 15225.30 -956.32 0
v 15218.00 -954.57 0
v 15222.24 -966.80 0
v 15215.18 -964.25 0
v 15218.20 -975.90 0
v 15211.53 -972.48 0
v 15213.68 -983.48 0
v 15207.57 -979.13 0
v 15208.33 -989.71 0
v 15203.16 -984.28 0
v 15200.61 -995.96 0
v 15196.09 -989.98 0
v 15184.72 -1007.60 0
v 15180.13 -1001.66 0
v 15180.79 -1011.18 0
v 15175.08 -1006.32 0
v 15177.93 -1015.59 0
v 15171.42 -1011.87 0
v 15176.99 -1017.89 0
v 15170.08 -1014.97 0
v 14722.69 -798.32 0
v 14715.19 -798.34 0
v 14722.72 -808.88 0
v 14715.22 -808.67 0
v 14719.16 -924.21 0
v 14711.66 -924.00 0
v 14709.67 -1275.05 0
v 14702.17 -1274.85 0
v 22048.44 -6205.91 0
v 22053.65 -6200.51 0
v 22042.14 -6199.83 0
v 22047.62 -6194.71 0
v 22035.41 -6191.87 0
v 22041.77 -6187.90 0
v 21997.82 -6128.91 0
v 22004.19 -6124.95 0
v 21989.57 -6117.92 0
v 21995.11 -6112.87 0
v 21981.39 -6110.93 0
v 21986.00 -6105.01 0
v 21968.90 -6101.92 0
v 21973.29 -6095.84 0
v 21968.96 -6093.06 0
v 21964.92 -6099.37 0
v 21973.12 -6095.72 0
v 21969.08 -6102.04 0
v 17641.72 -7191.77 0
v 17649.00 -7189.99 0
v 17631.72 -7150.82 0
v 17639.01 -7149.04 0
v 17158.69 -7074.70 0
v 17154.93 -7081.19 0
v 17333.80 -7176.36 0
v 17330.01 -7182.84 0
v 17339.67 -7180.46 0
v 17335.13 -7186.43 0
v 17346.71 -7186.18 0
v 17341.61 -7191.68 0
v 17363.75 -7202.81 0
v 17358.68 -7208.34 0
v 17367.78 -7205.63 0
v 17364.06 -7212.14 0
v 17371.68 -7207.32 0
v 17369.31 -7214.43 0
v 17376.67 -7208.57 0
v 17375.52 -7215.98 0
v 17383.41 -7209.11 0
v 17383.24 -7216.60 0
v 17389.07 -7208.86 0
v 17390.08 -7216.29 0
v 17402.09 -7206.53 0
v 17403.54 -7213.89 0
v 17405.42 -7205.66 0
v 17407.80 -7212.77 0
v 17407.82 -7204.77 0
v 17412.28 -7210.80 0
v 17478.08 -7151.74 0
v 17482.56 -7157.75 0
v 17484.75 -7147.44 0
v 17488.52 -7153.92 0
v 17492.29 -7143.48 0
v 17495.22 -7150.38 0
v 17569.61 -7111.44 0
v 17572.45 -7118.38 0
v 17575.35 -7109.47 0
v 17577.21 -7116.73 0
v 17581.92 -7108.31 0
v 17582.41 -7115.79 0
v 17605.90 -7107.43 0
v 17606.02 -7114.92 0
v 17612.07 -7107.85 0
v 17611.18 -7115.30 0
v 17617.77 -7108.91 0
v 17615.25 -7115.97 0
v 17623.45 -7111.90 0
v 17619.47 -7118.26 0
v 17627.89 -7115.27 0
v 17622.48 -7120.47 0
v 17631.27 -7120.16 0
v 17624.53 -7123.43 0
v 17633.23 -7126.01 0
v 17625.98 -7127.93 0
v 17639.00 -7149.01 0
v 17631.73 -7150.84 0
v 16881.36 -7335.82 0
v 16881.62 -7328.32 0
v 16755.26 -7331.60 0
v 16755.54 -7324.11 0
v 16749.22 -7330.76 0
v 16750.94 -7323.46 0
v 16744.38 -7328.98 0
v 16747.87 -7322.35 0
v 16740.49 -7325.91 0
v 16746.44 -7321.35 0
v 16738.06 -7320.78 0
v 16745.35 -7319.02 0
v 16737.66 -7314.93 0
v 16745.15 -7315.32 0
v 16738.61 -7308.98 0
v 16745.83 -7311.01 0
v 16757.53 -7243.85 0
v 16764.73 -7245.98 0
v 16759.00 -7240.14 0
v 16765.86 -7243.17 0
v 16760.77 -7236.45 0
v 16767.55 -7239.65 0
v 16764.87 -7227.68 0
v 16771.66 -7230.86 0
v 16600.77 -7580.97 0
v 16598.71 -7573.76 0
v 16595.36 -7582.50 0
v 16592.91 -7575.42 0
v 16588.10 -7585.33 0
v 16584.86 -7578.57 0
v 16583.00 -7588.39 0
v 16578.67 -7582.26 0
v 16579.28 -7591.57 0
v 16574.05 -7586.19 0
v 16575.14 -7596.08 0
v 16569.59 -7591.03 0
v 16570.67 -7601.04 0
v 16565.45 -7595.65 0
v 16564.91 -7605.78 0
v 16561.35 -7599.18 0
v 16500.27 -7639.14 0
v 16496.88 -7632.46 0
v 16496.20 -7640.62 0
v 16494.24 -7633.38 0
v 16492.70 -7641.25 0
v 16491.68 -7633.82 0
v 16488.10 -7641.72 0
v 16488.30 -7634.22 0
v 16482.74 -7640.87 0
v 16485.10 -7633.75 0
v 16402.58 -7613.52 0
v 16404.84 -7606.37 0
v 16387.13 -7610.66 0
v 16388.14 -7603.23 0
v 16374.29 -7609.70 0
v 16374.84 -7602.23 0
v 14662.51 -9474.36 0
v 14668.09 -9469.34 0
v 14660.78 -9472.37 0
v 14665.51 -9466.55 0
v 14658.21 -9470.80 0
v 14661.54 -9464.08 0
v 14655.37 -9469.71 0
v 14657.35 -9462.47 0
v 14649.73 -9468.52 0
v 14650.75 -9461.09 0
v 14641.92 -9467.88 0
v 14642.53 -9460.40 0
v 14636.02 -9467.39 0
v 14635.87 -9459.89 0
v 14628.88 -9468.11 0
v 14627.75 -9460.70 0
v 14602.01 -9472.61 0
v 14600.77 -9465.21 0
v 14789.83 -9728.41 0
v 14789.05 -9732.59 0
v 14799.36 -9730.20 0
v 14798.24 -9734.30 0
v 14805.89 -9732.95 0
v 14803.32 -9736.34 0
v 14813.89 -9741.05 0
v 14810.88 -9744.05 0
v 14830.50 -9757.59 0
v 14827.51 -9760.61 0
v 14816.62 -9686.92 0
v 14812.57 -9685.61 0
v 14810.57 -9705.61 0
v 14806.58 -9704.13 0
v 14806.07 -9715.27 0
v 14802.38 -9713.16 0
v 14801.68 -9721.09 0
v 14798.53 -9718.23 0
v 14790.96 -9731.99 0
v 14787.93 -9729.01 0
v 14770.59 -9731.24 0
v 14772.36 -9738.52 0
v 14788.56 -9726.86 0
v 14790.33 -9734.15 0
v 14788.24 -9726.95 0
v 14790.65 -9734.06 0
v 14820.04 -9716.20 0
v 14822.44 -9723.30 0
v 14818.27 -9685.53 0
v 14810.92 -9686.99 0
v 14824.92 -9719.02 0
v 14817.56 -9720.48 0
v 14825.33 -9759.83 0
v 14832.68 -9758.37 0
v 14817.56 -9720.48 0
v 14824.92 -9719.03 0
v 16636.28 -8864.01 0
v 16642.56 -8868.12 0
v 16667.06 -8816.98 0
v 16673.38 -8821.02 0
v 16723.07 -8728.32 0
v 16729.38 -8732.38 0
v 16745.68 -8694.85 0
v 16751.90 -8699.05 0
v 16771.46 -8656.75 0
v 16777.60 -8661.06 0
v 16796.56 -8622.45 0
v 16802.62 -8626.88 0
v 16791.51 -8618.87 0
v 16785.49 -8614.39 0
v 16766.18 -8652.90 0
v 16760.16 -8648.43 0
v 16738.70 -8689.95 0
v 16732.63 -8685.55 0
v 16715.12 -8723.24 0
v 16709.00 -8718.90 0
v 16653.66 -8809.93 0
v 16647.55 -8805.59 0
v 16607.02 -8875.54 0
v 16600.91 -8871.20 0
v 16796.64 -8622.35 0
v 16802.54 -8626.98 0
v 16826.91 -8583.70 0
v 16832.76 -8588.40 0
v 16859.09 -8544.67 0
v 16864.88 -8549.44 0
v 16854.73 -8535.65 0
v 16848.83 -8531.02 0
v 16828.05 -8569.68 0
v 16822.08 -8565.13 0
v 16794.62 -8614.67 0
v 16788.59 -8610.20 0
v 16791.52 -8618.86 0
v 16785.49 -8614.40 0
v 17329.70 -8110.93 0
v 17325.93 -8104.45 0
v 17283.57 -8137.82 0
v 17279.63 -8131.44 0
v 17224.20 -8175.95 0
v 17220.07 -8169.69 0
v 17193.26 -8197.50 0
v 17188.89 -8191.41 0
v 17162.93 -8219.94 0
v 17158.38 -8213.97 0
v 17133.32 -8243.23 0
v 17128.58 -8237.42 0
v 17104.52 -8267.62 0
v 17099.60 -8261.96 0
v 17064.96 -8302.75 0
v 17059.88 -8297.23 0
v 17022.78 -8343.03 0
v 17017.49 -8337.72 0
v 16978.24 -8389.05 0
v 16972.75 -8383.93 0
v 16934.20 -8438.16 0
v 16928.53 -8433.25 0
v 16889.81 -8490.96 0
v 16884.00 -8486.22 0
v 16854.73 -8535.65 0
v 16848.83 -8531.02 0
v 16859.12 -8544.64 0
v 16864.85 -8549.48 0
v 16875.33 -8525.49 0
v 16880.99 -8530.41 0
v 16904.22 -8492.74 0
v 16909.77 -8497.79 0
v 16944.92 -8449.00 0
v 16950.33 -8454.19 0
v 16986.87 -8406.56 0
v 16992.14 -8411.88 0
v 17027.17 -8367.49 0
v 17032.30 -8372.96 0
v 17068.75 -8329.71 0
v 17073.70 -8335.35 0
v 17111.49 -8293.35 0
v 17116.26 -8299.14 0
v 17155.31 -8258.30 0
v 17159.90 -8264.23 0
v 17200.23 -8224.66 0
v 17204.62 -8230.74 0
v 17246.32 -8192.55 0
v 17250.50 -8198.77 0
v 17296.83 -8159.64 0
v 17300.79 -8166.01 0
v 17338.41 -8135.23 0
v 17342.21 -8141.70 0
v 17338.49 -8135.18 0
v 17342.13 -8141.75 0
v 17366.20 -8119.84 0
v 17369.74 -8126.46 0
v 17401.70 -8101.38 0
v 17405.06 -8108.08 0
v 17437.77 -8084.00 0
v 17440.90 -8090.82 0
v 17462.10 -8073.63 0
v 17465.04 -8080.53 0
v 17458.03 -8047.27 0
v 17455.11 -8040.37 0
v 17441.30 -8054.35 0
v 17438.14 -8047.55 0
v 17388.44 -8079.54 0
v 17385.10 -8072.83 0
v 17351.08 -8099.19 0
v 17347.55 -8092.57 0
v 17329.62 -8110.98 0
v 17326.01 -8104.41 0
v 17516.18 -8023.28 0
v 17513.53 -8016.26 0
v 17499.76 -8029.47 0
v 17496.90 -8022.54 0
v 17458.04 -8047.27 0
v 17455.10 -8040.37 0
v 17462.10 -8073.62 0
v 17465.03 -8080.53 0
v 17523.38 -8047.61 0
v 17526.31 -8054.51 0
v 17523.53 -8047.54 0
v 17526.16 -8054.57 0
v 17557.97 -8034.68 0
v 17560.40 -8041.77 0
v 17624.37 -8012.92 0
v 17626.53 -8020.10 0
v 17691.81 -7994.36 0
v 17693.70 -8001.62 0
v 17740.40 -7982.78 0
v 17742.04 -7990.10 0
v 17789.36 -7972.52 0
v 17790.76 -7979.89 0
v 17897.55 -7953.09 0
v 17898.86 -7960.48 0
v 17911.03 -7950.94 0
v 17912.22 -7958.34 0
v 17911.55 -7925.13 0
v 17910.39 -7917.73 0
v 17884.18 -7929.43 0
v 17882.87 -7922.05 0
v 17775.93 -7949.18 0
v 17774.51 -7941.82 0
v 17727.04 -7959.73 0
v 17725.38 -7952.41 0
v 17688.18 -7969.00 0
v 17686.33 -7961.73 0
v 17639.85 -7981.86 0
v 17637.81 -7974.64 0
v 17591.94 -7996.26 0
v 17589.65 -7989.11 0
v 17544.60 -8012.41 0
v 17542.08 -8005.35 0
v 17516.20 -8023.28 0
v 17513.52 -8016.27 0
v 17911.05 -7950.93 0
v 17912.20 -7958.34 0
v 18187.13 -7907.88 0
v 18188.29 -7915.29 0
v 18185.47 -7882.48 0
v 18184.32 -7875.07 0
v 17911.55 -7925.14 0
v 17910.40 -7917.73 0
v 18187.13 -7907.88 0
v 18188.29 -7915.29 0
v 18367.20 -7879.81 0
v 18368.36 -7887.22 0
v 18366.15 -7854.27 0
v 18364.99 -7846.86 0
v 18185.47 -7882.48 0
v 18184.31 -7875.07 0
v 18367.20 -7879.81 0
v 18368.36 -7887.22 0
v 18491.18 -7860.50 0
v 18492.33 -7867.91 0
v 18490.55 -7834.84 0
v 18489.39 -7827.43 0
v 18366.15 -7854.27 0
v 18364.99 -7846.86 0
v 18491.20 -7860.49 0
v 18492.31 -7867.91 0
v 18506.50 -7858.19 0
v 18507.66 -7865.60 0
v 18645.54 -7836.46 0
v 18646.69 -7843.87 0
v 18654.97 -7834.98 0
v 18656.13 -7842.38 0
v 18654.78 -7809.31 0
v 18653.63 -7801.90 0
v 18645.17 -7810.80 0
v 18644.02 -7803.38 0
v 18503.28 -7832.94 0
v 18502.13 -7825.52 0
v 18490.53 -7834.85 0
v 18489.42 -7827.43 0
v 18654.97 -7834.97 0
v 18656.13 -7842.39 0
v 18872.19 -7801.19 0
v 18873.34 -7808.60 0
v 18862.55 -7776.90 0
v 18861.40 -7769.49 0
v 18654.78 -7809.31 0
v 18653.62 -7801.90 0
v 18872.18 -7801.19 0
v 18873.34 -7808.60 0
v 18930.53 -7792.03 0
v 18931.69 -7799.43 0
v 18930.55 -7792.02 0
v 18931.67 -7799.44 0
v 18935.01 -7791.35 0
v 18936.22 -7798.75 0
v 18953.43 -7788.29 0
v 18954.66 -7795.68 0
v 18925.93 -7766.92 0
v 18924.76 -7759.51 0
v 18862.56 -7776.90 0
v 18861.39 -7769.49 0
v 18948.71 -7763.29 0
v 18947.50 -7755.89 0
v 18941.34 -7764.50 0
v 18940.16 -7757.09 0
v 18925.93 -7766.92 0
v 18924.76 -7759.51 0
v 18953.43 -7788.29 0
v 18954.66 -7795.68 0
v 18994.16 -7781.50 0
v 18995.46 -7788.88 0
v 19053.18 -7770.65 0
v 19054.61 -7778.01 0
v 19111.99 -7758.70 0
v 19113.55 -7766.04 0
v 19180.37 -7743.60 0
v 19182.06 -7750.90 0
v 19248.44 -7727.06 0
v 19250.27 -7734.33 0
v 19306.46 -7711.91 0
v 19308.44 -7719.15 0
v 19373.85 -7692.84 0
v 19375.97 -7700.04 0
v 19440.77 -7672.45 0
v 19443.03 -7679.60 0
v 19507.40 -7650.73 0
v 19509.78 -7657.84 0
v 19564.09 -7631.18 0
v 19566.60 -7638.24 0
v 19617.89 -7611.49 0
v 19620.56 -7618.50 0
v 19700.61 -7579.20 0
v 19703.33 -7586.19 0
v 19703.96 -7577.89 0
v 19706.69 -7584.87 0
v 19692.54 -7554.90 0
v 19689.67 -7547.97 0
v 19678.10 -7560.89 0
v 19675.40 -7553.89 0
v 19579.01 -7598.66 0
v 19576.44 -7591.62 0
v 19484.62 -7631.54 0
v 19482.24 -7624.42 0
v 19398.86 -7658.83 0
v 19396.68 -7651.66 0
v 19312.42 -7683.81 0
v 19310.43 -7676.58 0
v 19225.32 -7706.58 0
v 19223.51 -7699.30 0
v 19137.71 -7727.14 0
v 19136.11 -7719.81 0
v 19039.83 -7747.20 0
v 19038.43 -7739.83 0
v 18948.76 -7763.28 0
v 18947.46 -7755.90 0
v 19703.88 -7577.92 0
v 19706.76 -7584.84 0
v 19736.80 -7564.22 0
v 19739.68 -7571.15 0
v 19729.24 -7539.77 0
v 19726.38 -7532.84 0
v 19692.53 -7554.90 0
v 19689.68 -7547.97 0
v 19736.80 -7564.23 0
v 19739.69 -7571.14 0
v 19768.90 -7550.79 0
v 19771.88 -7557.68 0
v 19834.80 -7521.76 0
v 19837.90 -7528.59 0
v 20781.09 -7091.16 0
v 20784.19 -7097.99 0
v 20792.85 -7085.83 0
v 20795.95 -7092.66 0
v 20781.73 -7062.72 0
v 20778.62 -7055.90 0
v 20771.86 -7067.22 0
v 20768.75 -7060.39 0
v 19814.33 -7503.02 0
v 19811.23 -7496.19 0
v 19746.57 -7532.60 0
v 19743.60 -7525.71 0
v 19729.24 -7539.77 0
v 19726.38 -7532.84 0
v 20792.85 -7085.84 0
v 20795.95 -7092.66 0
v 21135.12 -6930.04 0
v 21138.23 -6936.87 0
v 21123.23 -6907.28 0
v 21120.13 -6900.46 0
v 20781.73 -7062.72 0
v 20778.62 -7055.90 0
v 21135.12 -6930.04 0
v 21138.23 -6936.87 0
v 21298.83 -6855.57 0
v 21301.94 -6862.40 0
v 21289.26 -6831.75 0
v 21286.15 -6824.92 0
v 21123.23 -6907.28 0
v 21120.13 -6900.46 0
v 14771.40 -9738.63 0
v 14771.55 -9731.13 0
v 14759.80 -9738.39 0
v 14759.48 -9730.90 0
v 14751.67 -9739.38 0
v 14749.58 -9732.18 0
v 14735.64 -9745.41 0
v 14732.04 -9738.83 0
v 14717.25 -9758.29 0
v 14712.71 -9752.32 0
v 14705.71 -9768.19 0
v 14700.46 -9762.83 0
v 14690.10 -9784.87 0
v 14684.29 -9780.13 0
v 14672.93 -9808.42 0
v 14666.58 -9804.42 0
v 14662.52 -9828.70 0
v 14655.68 -9825.61 0
v 14653.56 -9851.31 0
v 14646.41 -9849.04 0
v 14646.26 -9879.95 0
v 14638.93 -9878.37 0
v 14640.48 -9911.99 0
v 14633.06 -9910.88 0
v 14637.05 -9941.48 0
v 14629.58 -9940.90 0
v 14635.55 -9975.48 0
v 14628.06 -9975.22 0
v 14634.72 -10008.69 0
v 14627.22 -10008.50 0
v 14639.23 -10008.70 0
v 14646.72 -10008.95 0
v 14640.32 -9974.94 0
v 14647.81 -9975.32 0
v 14642.65 -9941.57 0
v 14650.11 -9942.33 0
v 14646.69 -9912.81 0
v 14654.09 -9913.98 0
v 14652.51 -9879.48 0
v 14659.86 -9880.99 0
v 14659.08 -9852.21 0
v 14666.27 -9854.35 0
v 14666.95 -9830.98 0
v 14673.80 -9834.05 0
v 14678.36 -9809.11 0
v 14684.71 -9813.09 0
v 14693.12 -9789.25 0
v 14698.98 -9793.94 0
v 14707.08 -9773.22 0
v 14712.34 -9778.56 0
v 14721.64 -9761.19 0
v 14726.20 -9767.15 0
v 14737.88 -9749.62 0
v 14741.69 -9756.08 0
v 14752.73 -9742.87 0
v 14756.05 -9749.59 0
v 14760.02 -9738.68 0
v 14764.17 -9744.92 0
v 14769.25 -9731.86 0
v 14773.70 -9737.90 0
v 21803.98 -6625.64 0
v 21807.16 -6632.43 0
v 21873.21 -6593.26 0
v 21876.44 -6600.03 0
v 21937.92 -6561.80 0
v 21941.23 -6568.53 0
v 21981.87 -6539.80 0
v 21985.24 -6546.50 0
v 22002.23 -6529.47 0
v 22005.68 -6536.13 0
v 22066.12 -6496.24 0
v 22069.63 -6502.87 0
v 22131.33 -6461.10 0
v 22134.94 -6467.67 0
v 22195.91 -6425.08 0
v 22199.61 -6431.61 0
v 22260.02 -6388.08 0
v 22263.81 -6394.55 0
v 22324.44 -6349.74 0
v 22328.33 -6356.15 0
v 22388.31 -6310.30 0
v 22392.30 -6316.66 0
v 22444.14 -6274.74 0
v 22448.17 -6281.07 0
v 21298.83 -6855.57 0
v 21301.94 -6862.40 0
v 21804.02 -6625.62 0
v 21807.13 -6632.45 0
v 22420.26 -6259.86 0
v 22416.27 -6253.51 0
v 22336.25 -6312.58 0
v 22332.33 -6306.19 0
v 22250.27 -6364.26 0
v 22246.48 -6357.79 0
v 22146.16 -6423.79 0
v 22142.51 -6417.23 0
v 22040.59 -6480.90 0
v 22037.07 -6474.28 0
v 21993.66 -6504.80 0
v 21990.24 -6498.12 0
v 21985.09 -6509.26 0
v 21981.67 -6502.59 0
v 21933.79 -6535.51 0
v 21930.47 -6528.78 0
v 21865.46 -6568.34 0
v 21862.24 -6561.57 0
v 21805.47 -6596.58 0
v 21802.28 -6589.80 0
v 21805.45 -6596.59 0
v 21802.29 -6589.79 0
v 21798.30 -6599.92 0
v 21795.20 -6593.09 0
v 21289.26 -6831.75 0
v 21286.15 -6824.92 0
v 14832.68 -9758.37 0
v 14825.33 -9759.83 0
v 14842.06 -9805.69 0
v 14834.69 -9807.12 0
v 14850.96 -9851.90 0
v 14843.60 -9853.32 0
v 19306.36 215.89 0
v 19303.59 208.92 0
v 19345.35 200.42 0
v 19342.59 193.45 0
v 20231.92 543.08 0
v 20237.44 538.00 0
v 20262.27 576.04 0
v 20267.78 570.96 0
v 18506.81 3577.45 0
v 18513.32 3573.74 0
v 18510.90 3584.62 0
v 18517.35 3580.79 0
v 18517.29 3595.10 0
v 18523.91 3591.57 0
v 18523.03 3607.31 0
v 18529.81 3604.12 0
v 18522.97 3607.18 0
v 18529.87 3604.26 0
v 18528.32 3619.44 0
v 18535.77 3618.53 0
v 18538.54 3735.95 0
v 18546.01 3735.29 0
v 13690.77 6464.27 0
v 13694.56 6470.74 0
v 13635.39 6496.66 0
v 13639.18 6503.13 0
v 12241.31 6744.61 0
v 12243.90 6751.65 0
v 12180.83 6766.88 0
v 12183.42 6773.91 0
v 21939.35 6631.70 0
v 21935.10 6631.77 0
v 21939.05 6614.14 0
v 21934.81 6614.42 0
v 21937.43 6602.62 0
v 21933.25 6603.40 0
v 21934.71 6590.57 0
v 21930.57 6591.51 0
v 17628.06 2808.04 0
v 17621.72 2804.04 0
v 17672.37 2737.81 0
v 17666.02 2733.81 0
v 18511.82 3578.91 0
v 18508.31 3572.28 0
v 18535.09 3566.56 0
v 18531.22 3560.13 0
v 18560.58 3549.51 0
v 18556.15 3543.46 0
v 18583.35 3531.24 0
v 18578.13 3525.86 0
v 18659.13 3453.87 0
v 18653.88 3448.51 0
v 18685.60 3430.81 0
v 18680.80 3425.04 0
v 18694.53 3424.34 0
v 18690.83 3417.82 0
v 18708.13 3418.02 0
v 18705.72 3410.92 0
v 18718.56 3416.18 0
v 18717.80 3408.72 0
v 18728.03 3416.03 0
v 18728.48 3408.54 0
v 18737.22 3417.29 0
v 18739.19 3410.05 0
v 18748.82 3421.66 0
v 18752.33 3415.03 0
v 18756.59 3427.46 0
v 18761.91 3422.17 0
v 18783.30 3456.55 0
v 18788.80 3451.45 0
v 18789.43 3462.89 0
v 18794.82 3457.68 0
v 18789.43 3462.89 0
v 18794.83 3457.68 0
v 18795.48 3469.16 0
v 18801.10 3464.20 0
v 18810.41 3486.64 0
v 18816.11 3481.77 0
v 18434.74 2815.64 0
v 18431.35 2818.20 0
v 18410.27 2783.28 0
v 18406.89 2785.86 0
v 18407.58 2779.99 0
v 18404.38 2782.79 0
v 18404.67 2776.86 0
v 18401.56 2779.76 0
v 18404.79 2779.61 0
v 18401.43 2777.01 0
v 18428.39 2749.15 0
v 18425.03 2746.54 0
v 18429.93 2749.77 0
v 18423.48 2745.93 0
v 18436.30 2739.02 0
v 18430.41 2734.38 0
v 18477.41 2689.52 0
v 18471.76 2684.59 0
v 18487.78 2679.87 0
v 18483.48 2673.73 0
v 18498.88 2674.51 0
v 18496.14 2667.53 0
v 18508.57 2671.70 0
v 18507.64 2664.26 0
v 18535.42 2670.04 0
v 18535.41 2662.54 0
v 18558.65 2671.67 0
v 18559.50 2664.22 0
v 18585.51 2675.81 0
v 18587.11 2668.48 0
v 18627.95 2686.82 0
v 18630.02 2679.61 0
v 18664.16 2698.40 0
v 18666.80 2691.38 0
v 18686.24 2708.72 0
v 18689.29 2701.86 0
v 18703.33 2715.81 0
v 18705.34 2708.58 0
v 18720.20 2718.15 0
v 18720.98 2710.69 0
v 18733.15 2718.97 0
v 18733.18 2711.47 0
v 18833.13 2718.62 0
v 18832.92 2711.12 0
v 18868.61 2715.12 0
v 18867.62 2707.68 0
v 18875.77 2712.75 0
v 18872.21 2706.15 0
v 18896.75 2700.18 0
v 18892.37 2694.09 0
v 18919.52 2681.26 0
v 18914.39 2675.79 0
v 18955.31 2645.30 0
v 18950.06 2639.95 0
v 18959.84 2641.70 0
v 18955.48 2635.60 0
v 18979.18 2628.28 0
v 18975.27 2621.88 0
v 18985.69 2625.84 0
v 18983.32 2618.73 0
v 19003.90 2620.12 0
v 19002.25 2612.81 0
v 19015.74 2619.01 0
v 19015.66 2611.51 0
v 19028.21 2619.90 0
v 19029.02 2612.44 0
v 19032.11 2620.70 0
v 19034.79 2613.69 0
v 19037.46 2623.36 0
v 19042.28 2617.61 0
v 19075.08 2656.97 0
v 19079.90 2651.21 0
v 19091.32 2668.28 0
v 19094.83 2661.65 0
v 19115.85 2678.55 0
v 19118.03 2671.38 0
v 19245.62 2715.19 0
v 19247.59 2707.95 0
v 19266.57 2719.50 0
v 19267.91 2712.12 0
v 19288.89 2723.05 0
v 19289.50 2715.57 0
v 19336.09 2725.13 0
v 19335.79 2717.64 0
v 19370.14 2719.73 0
v 19368.37 2712.45 0
v 19400.61 2709.45 0
v 19398.04 2702.40 0
v 19543.38 2656.51 0
v 19540.75 2649.48 0
v 19570.22 2645.93 0
v 19567.12 2639.10 0
v 19594.39 2633.33 0
v 19590.70 2626.80 0
v 19611.53 2622.61 0
v 19606.97 2616.66 0
v 19692.01 2558.56 0
v 19687.57 2552.51 0
v 19735.39 2531.61 0
v 19731.14 2525.43 0
v 19802.04 2482.95 0
v 19797.62 2476.89 0
v 18422.92 2781.59 0
v 18415.42 2781.47 0
v 18423.03 2774.60 0
v 18415.54 2774.24 0
v 18423.50 2769.30 0
v 18416.08 2768.23 0
v 18424.45 2764.81 0
v 18417.12 2763.23 0
v 18425.58 2759.65 0
v 18418.38 2757.56 0
v 18427.00 2755.93 0
v 18420.14 2752.92 0
v 18430.09 2749.46 0
v 18423.32 2746.23 0
v 18419.91 2777.85 0
v 18418.44 2785.21 0
v 18403.85 2774.63 0
v 18402.38 2781.99 0
v 18429.64 2818.49 0
v 18436.45 2815.35 0
v 18447.23 2856.53 0
v 18454.24 2853.85 0
v 18456.79 2889.58 0
v 18464.02 2887.57 0
v 18458.28 2896.26 0
v 18465.62 2894.75 0
v 18461.38 2911.89 0
v 18468.77 2910.63 0
v 18461.86 2917.21 0
v 18469.36 2916.90 0
v 18463.35 2961.16 0
v 18470.83 2960.60 0
v 18476.63 3111.86 0
v 18484.11 3111.34 0
v 18475.66 3136.81 0
v 18483.15 3137.23 0
v 18474.57 3148.69 0
v 18482.00 3149.74 0
v 18472.42 3160.01 0
v 18479.68 3161.86 0
v 18422.24 3353.99 0
v 18429.52 3355.81 0
v 18417.37 3380.28 0
v 18424.80 3381.27 0
v 18416.44 3397.62 0
v 18423.93 3397.44 0
v 18418.21 3414.43 0
v 18425.60 3413.17 0
v 18422.48 3433.29 0
v 18429.69 3431.21 0
v 18428.70 3450.86 0
v 18435.71 3448.21 0
v 18434.75 3465.60 0
v 18441.20 3461.79 0
v 18480.86 3539.19 0
v 18487.22 3535.21 0
v 18415.48 2782.15 0
v 18422.87 2780.91 0
v 18416.27 2786.85 0
v 18423.57 2785.14 0
v 18417.81 2792.05 0
v 18424.89 2789.58 0
v 18419.72 2796.73 0
v 18426.56 2793.66 0
v 18429.63 2818.48 0
v 18436.45 2815.36 0
v 22143.23 926.96 0
v 22137.74 932.07 0
v 22013.63 787.72 0
v 22008.17 792.86 0
v 22001.72 776.61 0
v 21996.72 782.20 0
v 21996.89 772.84 0
v 21993.06 779.29 0
v 21965.75 755.17 0
v 21961.96 761.65 0
v 21843.47 683.28 0
v 21839.70 689.76 0
v 21836.08 679.80 0
v 21833.54 686.86 0
v 21801.48 668.10 0
v 21799.32 675.29 0
v 21774.06 661.18 0
v 21772.23 668.45 0
v 12812.96 -38.61 0
v 12810.16 -45.57 0
v 12844.48 -51.32 0
v 12841.68 -58.28 0
v 12844.56 -51.35 0
v 12841.61 -58.24 0
v 12950.00 -96.51 0
v 12947.05 -103.41 0
v 12180.74 6766.91 0
v 12183.51 6773.88 0
v 12163.38 6773.82 0
v 12165.79 6780.92 0
v 12133.84 6782.84 0
v 12135.83 6790.07 0
v 12120.58 6785.69 0
v 12121.33 6793.15 0
v 12101.08 6786.13 0
v 12100.73 6793.62 0
v 12064.96 6783.05 0
v 12064.46 6790.53 0
v 12049.05 6782.73 0
v 12049.15 6790.23 0
v 12025.18 6783.55 0
v 12025.76 6791.03 0
v 12010.78 6785.76 0
v 12012.81 6792.98 0
v 11989.24 6793.60 0
v 11992.28 6800.45 0
v 11965.55 6805.83 0
v 11969.33 6812.31 0
v 11944.17 6819.87 0
v 11949.02 6825.59 0
v 11920.49 6844.07 0
v 11926.12 6849.03 0
v 11856.99 6918.88 0
v 11862.73 6923.71 0
v 11847.90 6930.36 0
v 11854.21 6934.42 0
v 11840.07 6945.15 0
v 11846.86 6948.34 0
v 11834.89 6958.08 0
v 11841.99 6960.48 0
v 11811.73 7028.81 0
v 11818.84 7031.18 0
v 11808.22 7037.95 0
v 11814.88 7041.40 0
v 11803.94 7044.24 0
v 11809.05 7049.73 0
v 11780.76 7063.18 0
v 11785.38 7069.08 0
v 11774.20 7067.51 0
v 11778.69 7073.52 0
v 11717.87 7110.14 0
v 11722.71 7115.87 0
v 11686.56 7141.72 0
v 11691.59 7147.28 0
v 11670.71 7152.89 0
v 11674.35 7159.45 0
v 11659.40 7156.86 0
v 11661.13 7164.16 0
v 11649.76 7157.81 0
v 11649.90 7165.31 0
v 11621.39 7157.49 0
v 11621.19 7164.99 0
v 11604.77 7156.60 0
v 11604.36 7164.09 0
v 11554.72 7153.81 0
v 11554.24 7161.30 0
v 11545.39 7152.82 0
v 11544.19 7160.22 0
v 11534.86 7150.60 0
v 11532.98 7157.86 0
v 11488.85 7138.14 0
v 11486.98 7145.40 0
v 11473.81 7134.90 0
v 11472.52 7142.29 0
v 11464.64 7133.95 0
v 11464.39 7141.44 0
v 11455.22 7134.28 0
v 11455.91 7141.75 0
v 11447.03 7135.60 0
v 11448.76 7142.90 0
v 11435.81 7138.86 0
v 11438.29 7145.94 0
v 11422.34 7144.24 0
v 11425.63 7150.98 0
v 11407.12 7152.86 0
v 11411.24 7159.12 0
v 11394.60 7162.49 0
v 11399.48 7168.18 0
v 11377.32 7178.42 0
v 11382.78 7183.56 0
v 11260.84 7304.67 0
v 11266.35 7309.75 0
v 21940.38 6633.75 0
v 21934.06 6629.71 0
v 21947.89 6622.00 0
v 21941.63 6617.89 0
v 21952.28 6615.64 0
v 21946.11 6611.38 0
v 21962.20 6625.20 0
v 21961.79 6629.43 0
v 21955.48 6624.57 0
v 21955.36 6628.81 0
v 21949.05 6624.86 0
v 21949.62 6629.07 0
v 21945.75 6625.91 0
v 21947.31 6629.86 0
v 21936.41 6629.77 0
v 21938.04 6633.70 0
v 21952.11 6611.15 0
v 21946.28 6615.87 0
v 21944.75 6602.08 0
v 21938.71 6606.52 0
v 21935.73 6588.92 0
v 21929.55 6593.16 0
v 20630.38 4982.64 0
v 20636.10 4977.78 0
v 20674.84 5034.90 0
v 20680.56 5030.04 0
v 18810.03 3486.12 0
v 18816.49 3482.30 0
v 18814.32 3493.32 0
v 18821.15 3490.23 0
v 18819.35 3506.57 0
v 18826.64 3504.83 0
v 18837.29 3589.83 0
v 18844.54 3587.92 0
v 18864.93 3679.63 0
v 18872.17 3677.68 0
v 18866.07 3695.89 0
v 18873.53 3696.61 0
v 18855.06 3779.78 0
v 18862.53 3780.35 0
v 18858.52 3800.43 0
v 18865.49 3797.66 0
v 18877.57 3837.27 0
v 18884.01 3833.42 0
v 18903.12 3875.06 0
v 18909.16 3870.61 0
v 18922.20 3897.99 0
v 18927.55 3892.73 0
v 18930.98 3902.96 0
v 18933.65 3895.95 0
v 18953.38 3910.10 0
v 18954.44 3902.67 0
v 18974.35 3908.69 0
v 18971.40 3901.80 0
v 19071.77 3860.10 0
v 19068.53 3853.34 0
v 19097.24 3849.74 0
v 19094.70 3842.68 0
v 19118.45 3843.28 0
v 19117.09 3835.90 0
v 19137.74 3842.23 0
v 19138.32 3834.75 0
v 19156.08 3846.12 0
v 19159.16 3839.28 0
v 19186.98 3864.57 0
v 19191.80 3858.82 0
v 19195.93 3879.33 0
v 19202.62 3875.95 0
v 19209.02 3908.83 0
v 19216.00 3906.08 0
v 19219.42 3939.08 0
v 19226.65 3937.09 0
v 19272.72 4139.38 0
v 19279.94 4137.37 0
v 19281.45 4161.89 0
v 19288.22 4158.67 0
v 19289.24 4174.06 0
v 19295.25 4169.58 0
v 19309.52 4199.57 0
v 19315.06 4194.52 0
v 19335.47 4224.63 0
v 19340.01 4218.66 0
v 19359.01 4237.00 0
v 19360.96 4229.76 0
v 19389.31 4239.27 0
v 19389.05 4231.77 0
v 19423.11 4234.88 0
v 19421.47 4227.56 0
v 19450.74 4225.50 0
v 19448.18 4218.45 0
v 19474.01 4216.42 0
v 19472.47 4209.08 0
v 19510.69 4212.87 0
v 19510.49 4205.37 0
v 19548.73 4214.48 0
v 19549.44 4207.01 0
v 19573.28 4218.76 0
v 19575.00 4211.46 0
v 19598.49 4226.23 0
v 19601.11 4219.20 0
v 19611.35 4232.89 0
v 19615.12 4226.40 0
v 19613.88 4234.87 0
v 19619.90 4230.40 0
v 19620.16 4245.13 0
v 19626.90 4241.84 0
v 19638.85 4286.09 0
v 19645.36 4282.37 0
v 19650.11 4297.03 0
v 19654.73 4291.12 0
v 19663.30 4305.46 0
v 19666.61 4298.73 0
v 19673.58 4308.56 0
v 19675.28 4301.26 0
v 19690.66 4311.92 0
v 19693.25 4304.88 0
v 19719.90 4325.57 0
v 19723.32 4318.89 0
v 19737.15 4335.75 0
v 19741.26 4329.47 0
v 19816.61 4388.99 0
v 19820.64 4382.67 0
v 19832.04 4396.11 0
v 19834.53 4389.04 0
v 19849.92 4400.76 0
v 19850.96 4393.34 0
v 19934.76 4410.58 0
v 19935.72 4403.14 0
v 19950.55 4413.63 0
v 19952.23 4406.32 0
v 20040.91 4434.95 0
v 20042.46 4427.61 0
v 20054.82 4435.48 0
v 20054.22 4428.01 0
v 20077.44 4432.14 0
v 20075.88 4424.81 0
v 20126.47 4420.26 0
v 20124.75 4412.97 0
v 20131.29 4419.39 0
v 20130.57 4411.92 0
v 20146.26 4418.38 0
v 20146.22 4410.88 0
v 20163.13 4419.18 0
v 20163.85 4411.72 0
v 20176.15 4421.28 0
v 20177.63 4413.93 0
v 20233.75 4433.40 0
v 20235.67 4426.15 0
v 20297.75 4453.55 0
v 20300.25 4446.48 0
v 20308.76 4459.70 0
v 20313.50 4453.89 0
v 20332.56 4482.21 0
v 20337.92 4476.96 0
v 20345.16 4496.82 0
v 20351.22 4492.41 0
v 20357.84 4516.95 0
v 20364.47 4513.46 0
v 20368.51 4541.19 0
v 20375.51 4538.50 0
v 20415.77 4667.54 0
v 20422.76 4664.83 0
v 20423.40 4682.58 0
v 20429.79 4678.65 0
v 20433.44 4696.32 0
v 20439.14 4691.45 0
v 20479.61 4748.47 0
v 20485.37 4743.68 0
v 20491.49 4766.06 0
v 20498.00 4762.34 0
v 20498.19 4781.07 0
v 20505.19 4778.38 0
v 20512.61 4821.03 0
v 20519.62 4818.36 0
v 20544.92 4903.78 0
v 20551.79 4900.76 0
v 20558.82 4925.90 0
v 20564.64 4921.17 0
v 20573.35 4938.74 0
v 20577.74 4932.66 0
v 20607.92 4961.53 0
v 20612.20 4955.37 0
v 20618.96 4970.40 0
v 20624.09 4964.93 0
v 20630.50 4982.77 0
v 20635.98 4977.66 0
v 21974.83 498.94 0
v 21979.81 504.55 0
v 21961.82 510.47 0
v 21966.81 516.07 0
v 21945.52 525.02 0
v 21950.51 530.62 0
v 17518.07 6734.16 0
v 17514.84 6727.38 0
v 17531.10 6727.95 0
v 17527.84 6721.20 0
v 17545.29 6721.00 0
v 17541.99 6714.26 0
v 17475.50 6754.21 0
v 17472.30 6747.43 0
v 17518.06 6734.16 0
v 17514.86 6727.38 0
v 17566.07 6731.32 0
v 17573.42 6729.82 0
v 17574.48 6772.56 0
v 17581.83 6771.06 0
v 17487.78 6905.90 0
v 17494.41 6909.40 0
v 17473.31 6933.28 0
v 17479.94 6936.78 0
v 17473.37 6933.18 0
v 17479.89 6936.88 0
v 17414.36 7037.26 0
v 17421.04 7040.69 0
v 17375.79 7123.22 0
v 17382.68 7126.19 0
v 17372.06 7135.85 0
v 17379.53 7136.48 0
v 17371.74 7169.69 0
v 17379.23 7169.30 0
v 17374.45 7181.03 0
v 17381.66 7178.99 0
v 17377.44 7190.14 0
v 17384.76 7188.49 0
v 17377.94 7196.26 0
v 17385.44 7195.96 0
v 17377.96 7202.73 0
v 17385.37 7203.94 0
v 17370.64 7240.76 0
v 17377.91 7242.62 0
v 17354.42 7294.89 0
v 17361.63 7296.94 0
v 17352.02 7306.40 0
v 17359.43 7307.54 0
v 17351.00 7317.21 0
v 17358.49 7317.34 0
v 17351.62 7330.75 0
v 17359.06 7329.84 0
v 17354.13 7342.20 0
v 17361.17 7339.63 0
v 17372.07 7387.04 0
v 17379.11 7384.45 0
v 17375.75 7400.71 0
v 17383.15 7399.45 0
v 17376.77 7414.70 0
v 17384.27 7414.63 0
v 17376.42 7484.13 0
v 17383.92 7484.08 0
v 17377.37 7495.29 0
v 17384.81 7494.32 0
v 17379.15 7504.89 0
v 17386.35 7502.80 0
v 17382.70 7513.49 0
v 17389.30 7509.94 0
v 17390.29 7525.54 0
v 17395.85 7520.51 0
v 17406.23 7539.56 0
v 17410.74 7533.56 0
v 17414.69 7543.80 0
v 17417.52 7536.86 0
v 17424.28 7547.01 0
v 17425.99 7539.71 0
v 17445.28 7551.02 0
v 17447.11 7543.75 0
v 17457.47 7555.26 0
v 17461.05 7548.67 0
v 17474.36 7566.88 0
v 17478.90 7560.91 0
v 17489.57 7579.66 0
v 17495.07 7574.55 0
v 17515.54 7611.21 0
v 17521.33 7606.44 0
v 17574.49 6772.60 0
v 17581.82 6771.02 0
v 17576.71 6782.95 0
v 17584.06 6781.46 0
v 17579.00 6794.65 0
v 17586.48 6794.12 0
v 17578.40 6805.18 0
v 17585.75 6806.67 0
v 17574.64 6816.17 0
v 17581.38 6819.46 0
v 17568.79 6825.19 0
v 17573.84 6830.74 0
v 17508.17 6876.35 0
v 17513.08 6882.02 0
v 17500.98 6883.90 0
v 17506.87 6888.54 0
v 17494.28 6893.90 0
v 17500.71 6897.75 0
v 17487.80 6905.86 0
v 17494.39 6909.43 0
v 19303.56 208.93 0
v 19306.39 215.88 0
v 19295.82 212.10 0
v 19298.32 219.17 0
v 19291.89 213.13 0
v 19292.97 220.55 0
v 19287.72 213.29 0
v 19287.23 220.77 0
v 19285.14 212.81 0
v 19282.21 219.71 0
v 19280.28 209.99 0
v 19276.12 216.23 0
v 19269.85 202.61 0
v 19264.75 208.11 0
v 19159.82 98.20 0
v 19154.74 103.72 0
v 19150.12 93.02 0
v 19147.32 99.98 0
v 19141.61 90.70 0
v 19140.31 98.09 0
v 19130.84 89.59 0
v 19130.64 97.08 0
v 19080.31 89.08 0
v 19080.44 96.58 0
v 19030.80 91.38 0
v 19031.15 98.87 0
v 18887.90 98.20 0
v 18888.26 105.69 0
v 18822.71 101.28 0
v 18823.16 108.77 0
v 18792.94 103.85 0
v 18794.24 111.24 0
v 18682.49 125.94 0
v 18684.07 133.27 0
v 18658.23 133.00 0
v 18660.87 140.02 0
v 18636.24 143.33 0
v 18639.57 150.05 0
v 18591.35 166.07 0
v 18594.60 172.82 0
v 18582.39 169.35 0
v 18584.44 176.57 0
v 18567.39 172.84 0
v 18568.66 180.23 0
v 18485.47 185.91 0
v 18486.74 193.30 0
v 18475.77 188.70 0
v 18478.22 195.79 0
v 18461.37 194.19 0
v 18464.36 201.07 0
v 18435.13 206.30 0
v 18438.34 213.08 0
v 18406.86 219.99 0
v 18409.74 226.92 0
v 18390.58 224.87 0
v 18392.04 232.22 0
v 18374.12 226.44 0
v 18374.53 233.93 0
v 18363.40 226.36 0
v 18363.02 233.85 0
v 18350.03 225.24 0
v 18348.83 232.64 0
v 18234.16 205.38 0
v 18232.85 212.76 0
v 18162.96 192.11 0
v 18161.30 199.42 0
v 17992.36 150.63 0
v 17990.58 157.91 0
v 17872.08 121.08 0
v 17870.34 128.38 0
v 17847.18 116.13 0
v 17845.82 123.51 0
v 17833.40 113.95 0
v 17832.45 121.39 0
v 17817.80 112.39 0
v 17817.22 119.87 0
v 17801.43 111.49 0
v 17801.33 118.99 0
v 17786.91 112.00 0
v 17787.33 119.48 0
v 17774.50 113.00 0
v 17775.19 120.47 0
v 17694.29 120.57 0
v 17694.99 128.04 0
v 17629.17 126.77 0
v 17629.83 134.25 0
v 17620.01 127.17 0
v 17620.03 134.67 0
v 17611.71 126.83 0
v 17611.15 134.31 0
v 17608.96 126.37 0
v 17607.33 133.69 0
v 17597.02 123.52 0
v 17595.11 130.77 0
v 17591.23 121.73 0
v 17588.33 128.65 0
v 17555.23 106.02 0
v 17552.06 112.82 0
v 17536.15 96.07 0
v 17532.44 102.59 0
v 17528.96 91.12 0
v 17524.46 97.12 0
v 17525.84 88.38 0
v 17520.29 93.43 0
v 17522.27 83.78 0
v 17515.80 87.58 0
v 17516.55 72.47 0
v 17509.67 75.46 0
v 17501.73 36.47 0
v 17494.69 39.07 0
v 17488.72 -2.91 0
v 17481.55 -0.71 0
v 17487.92 -8.17 0
v 17480.44 -7.74 0
v 17487.89 -19.09 0
v 17480.40 -19.49 0
v 17488.95 -27.39 0
v 17481.56 -28.68 0
v 17489.69 -30.04 0
v 17482.93 -33.31 0
v 17497.57 -44.94 0
v 17491.18 -48.86 0
v 17515.22 -71.64 0
v 17508.87 -75.63 0
v 17529.43 -95.62 0
v 17522.90 -99.33 0
v 17531.20 -99.89 0
v 17524.11 -102.31 0
v 17536.20 -115.29 0
v 17528.98 -117.31 0
v 17540.74 -133.88 0
v 17533.44 -135.59 0
v 17542.78 -143.47 0
v 17535.40 -144.78 0
v 17549.85 -185.07 0
v 17542.42 -186.13 0
v 17551.66 -205.96 0
v 17544.17 -206.26 0
v 17551.23 -219.43 0
v 17543.76 -218.81 0
v 17550.09 -224.40 0
v 17542.88 -222.35 0
v 17548.36 -229.49 0
v 17541.72 -226.00 0
v 17542.22 -239.37 0
v 17536.38 -234.66 0
v 17534.12 -247.10 0
v 17529.59 -241.12 0
v 17526.02 -251.74 0
v 17522.47 -245.13 0
v 17523.35 -252.72 0
v 17522.04 -245.34 0
v 17513.44 -254.14 0
v 17512.74 -246.67 0
v 17507.20 -254.19 0
v 17507.69 -246.71 0
v 17491.84 -252.77 0
v 17493.27 -245.40 0
v 17305.64 -215.33 0
v 17307.04 -207.96 0
v 17199.77 -197.13 0
v 17201.18 -189.76 0
v 17184.46 -192.00 0
v 17187.21 -185.02 0
v 17172.35 -186.41 0
v 17175.74 -179.71 0
v 17115.20 -156.99 0
v 17118.53 -150.27 0
v 17104.37 -152.58 0
v 17106.87 -145.51 0
v 17096.09 -150.24 0
v 17098.00 -142.99 0
v 17087.46 -148.12 0
v 17088.61 -140.71 0
v 17056.97 -144.21 0
v 17057.73 -136.75 0
v 17016.81 -140.89 0
v 17017.27 -133.40 0
v 17009.08 -141.20 0
v 17008.00 -133.78 0
v 16993.77 -144.31 0
v 16991.70 -137.10 0
v 16986.30 -147.75 0
v 16983.04 -140.99 0
v 16980.82 -150.55 0
v 16976.36 -144.52 0
v 16817.32 -272.94 0
v 16812.86 -266.91 0
v 16806.51 -279.48 0
v 16802.83 -272.95 0
v 16791.28 -287.61 0
v 16788.27 -280.74 0
v 16668.36 -340.13 0
v 16665.47 -333.20 0
v 16631.14 -354.35 0
v 16628.76 -347.24 0
v 16604.31 -361.52 0
v 16602.82 -354.17 0
v 16544.86 -371.83 0
v 16543.49 -364.46 0
v 16530.16 -375.37 0
v 16527.98 -368.19 0
v 16519.13 -379.65 0
v 16516.16 -372.76 0
v 16513.83 -382.37 0
v 16509.64 -376.15 0
v 16472.77 -410.92 0
v 16468.52 -404.74 0
v 16458.80 -420.18 0
v 16454.85 -413.80 0
v 16445.19 -427.99 0
v 16441.61 -421.39 0
v 16430.10 -435.75 0
v 16427.07 -428.89 0
v 16402.41 -446.91 0
v 16399.77 -439.90 0
v 16353.00 -464.84 0
v 16350.44 -457.79 0
v 16327.83 -474.02 0
v 16325.56 -466.87 0
v 16288.52 -485.39 0
v 16286.80 -478.09 0
v 16259.38 -490.13 0
v 16258.34 -482.70 0
v 16248.14 -491.02 0
v 16247.91 -483.52 0
v 16230.32 -491.04 0
v 16230.81 -483.56 0
v 16210.93 -488.54 0
v 16212.90 -481.30 0
v 16164.71 -473.26 0
v 16167.26 -466.21 0
v 16147.91 -465.74 0
v 16151.33 -459.06 0
v 16091.67 -435.87 0
v 16094.94 -429.12 0
v 16055.42 -420.88 0
v 16058.09 -413.88 0
v 16035.60 -414.44 0
v 16037.59 -407.21 0
v 16008.25 -407.92 0
v 16009.69 -400.56 0
v 15990.22 -405.59 0
v 15990.93 -398.12 0
v 15976.50 -404.88 0
v 15976.64 -397.38 0
v 15959.90 -405.00 0
v 15959.38 -397.52 0
v 15937.88 -407.56 0
v 15936.54 -400.18 0
v 15885.01 -418.66 0
v 15883.53 -411.31 0
v 15867.77 -421.61 0
v 15866.71 -414.18 0
v 15862.10 -421.90 0
v 15862.14 -414.40 0
v 15849.58 -421.54 0
v 15850.32 -414.08 0
v 15843.44 -419.93 0
v 15845.95 -412.87 0
v 15823.49 -412.39 0
v 15826.42 -405.49 0
v 15791.61 -397.95 0
v 15794.45 -391.00 0
v 15775.99 -392.94 0
v 15778.17 -385.77 0
v 15773.60 -392.40 0
v 15774.26 -384.93 0
v 15768.64 -392.33 0
v 15768.10 -384.85 0
v 15744.35 -394.53 0
v 15743.35 -387.10 0
v 15727.83 -397.88 0
v 15726.87 -390.44 0
v 15674.20 -403.57 0
v 15673.45 -396.11 0
v 15666.30 -404.02 0
v 15666.44 -396.52 0
v 15658.44 -403.26 0
v 15659.84 -395.89 0
v 15524.58 -377.24 0
v 15525.97 -369.87 0
v 15518.00 -376.62 0
v 15517.74 -369.12 0
v 15510.93 -377.72 0
v 15509.06 -370.45 0
v 15503.82 -380.33 0
v 15501.04 -373.37 0
v 15433.65 -408.69 0
v 15430.83 -401.73 0
v 15419.90 -414.26 0
v 15417.60 -407.12 0
v 15405.32 -417.77 0
v 15404.05 -410.38 0
v 15391.85 -419.06 0
v 15391.53 -411.57 0
v 15377.66 -419.00 0
v 15377.93 -411.50 0
v 15176.54 -411.25 0
v 15176.81 -403.76 0
v 15113.12 -409.54 0
v 15113.31 -402.04 0
v 15052.89 -408.07 0
v 15053.07 -400.57 0
v 21934.21 6629.50 0
v 21940.24 6633.97 0
v 21876.07 6707.93 0
v 21882.18 6712.29 0
v 21870.06 6719.33 0
v 21876.82 6722.58 0
v 21867.69 6725.22 0
v 21874.70 6727.89 0
v 21866.60 6728.47 0
v 21873.91 6730.15 0
v 21860.93 6754.48 0
v 21868.21 6756.27 0
v 21859.75 6756.91 0
v 21866.25 6760.65 0
v 21858.41 6758.93 0
v 21863.43 6764.50 0
v 21837.06 6777.12 0
v 21842.10 6782.68 0
v 21832.82 6782.20 0
v 21838.80 6786.73 0
v 21828.76 6787.97 0
v 21834.90 6792.28 0
v 17733.49 5774.62 0
v 17727.70 5779.38 0
v 17725.62 5765.10 0
v 17719.29 5769.12 0
v 17720.43 5754.22 0
v 17713.31 5756.58 0
v 17696.57 5677.02 0
v 17689.37 5679.10 0
v 17690.38 5650.34 0
v 17682.99 5651.64 0
v 17677.66 5569.85 0
v 17670.16 5569.63 0
v 17690.85 5565.59 0
v 17687.78 5558.75 0
v 17695.89 5563.94 0
v 17693.95 5556.70 0
v 17702.18 5562.57 0
v 17701.28 5555.12 0
v 17711.58 5562.08 0
v 17711.18 5554.59 0
v 17726.85 5777.24 0
v 17734.34 5776.76 0
v 17728.14 5797.34 0
v 17735.60 5796.51 0
v 17730.51 5809.49 0
v 17737.64 5807.16 0
v 17740.55 5835.50 0
v 17747.36 5832.36 0
v 17754.22 5860.83 0
v 17760.61 5856.90 0
v 17774.38 5890.48 0
v 17780.49 5886.13 0
v 17818.21 5950.72 0
v 17824.12 5946.11 0
v 17833.96 5966.87 0
v 17838.92 5961.25 0
v 17894.95 6018.46 0
v 17899.89 6012.82 0
v 17909.87 6033.16 0
v 17915.38 6028.07 0
v 17922.63 6048.43 0
v 17928.67 6043.98 0
v 17929.50 6059.71 0
v 17936.25 6056.43 0
v 17938.10 6080.38 0
v 17945.22 6078.03 0
v 17944.81 6106.01 0
v 17952.17 6104.56 0
v 17948.51 6132.84 0
v 17955.99 6132.39 0
v 17947.79 6155.37 0
v 17955.27 6155.83 0
v 17946.19 6171.15 0
v 17953.54 6172.63 0
v 17930.25 6242.55 0
v 17937.58 6244.14 0
v 17927.02 6259.19 0
v 17934.14 6261.55 0
v 17918.81 6277.15 0
v 17925.54 6280.45 0
v 17910.44 6293.02 0
v 17916.51 6297.44 0
v 17849.10 6372.83 0
v 17855.23 6377.15 0
v 17811.16 6434.00 0
v 17817.41 6438.13 0
v 17801.35 6445.10 0
v 17806.80 6450.25 0
v 17794.45 6451.64 0
v 17799.08 6457.53 0
v 17781.05 6461.03 0
v 17785.04 6467.38 0
v 17774.57 6464.18 0
v 17777.27 6471.17 0
v 17758.65 6469.63 0
v 17760.77 6476.83 0
v 17736.52 6475.36 0
v 17738.67 6482.54 0
v 17720.51 6481.08 0
v 17723.48 6487.97 0
v 17708.59 6487.46 0
v 17712.85 6493.63 0
v 17692.93 6500.02 0
v 17697.98 6505.57 0
v 17679.67 6513.75 0
v 17685.51 6518.46 0
v 17663.71 6536.22 0
v 17670.05 6540.23 0
v 17630.63 6591.25 0
v 17637.27 6594.74 0
v 17595.26 6666.29 0
v 17602.02 6669.54 0
v 17590.36 6675.00 0
v 17596.70 6679.00 0
v 17583.53 6684.93 0
v 17589.42 6689.57 0
v 17574.30 6695.37 0
v 17579.66 6700.61 0
v 17571.76 6697.04 0
v 17576.02 6703.21 0
v 17702.62 5508.45 0
v 17709.59 5505.68 0
v 17715.61 5541.15 0
v 17722.58 5538.38 0
v 14054.90 -589.93 0
v 14059.69 -595.70 0
v 14113.34 -541.39 0
v 14117.96 -547.30 0
v 14139.08 -524.15 0
v 14143.08 -530.49 0
v 14163.39 -509.82 0
v 14166.98 -516.40 0
v 14182.39 -500.53 0
v 14185.54 -507.33 0
v 14199.80 -492.96 0
v 14202.46 -499.97 0
v 14218.74 -486.79 0
v 14220.72 -494.02 0
v 14356.20 -450.06 0
v 14358.17 -457.29 0
v 14608.13 -380.88 0
v 14610.10 -388.11 0
v 14620.28 -378.16 0
v 14621.77 -385.52 0
v 14626.53 -377.17 0
v 14627.29 -384.63 0
v 14633.16 -376.88 0
v 14632.80 -384.37 0
v 14648.14 -378.15 0
v 14647.60 -385.63 0
v 14744.55 -384.86 0
v 14744.03 -392.34 0
v 20237.56 538.14 0
v 20231.79 542.93 0
v 20231.34 530.65 0
v 20225.74 535.64 0
v 20031.20 306.35 0
v 20025.64 311.38 0
v 20010.08 285.86 0
v 20004.98 291.37 0
v 20000.15 277.60 0
v 19995.56 283.53 0
v 19995.61 274.69 0
v 19991.73 281.10 0
v 19984.90 268.39 0
v 19981.93 275.27 0
v 19973.38 265.11 0
v 19971.57 272.39 0
v 19965.87 263.62 0
v 19964.74 271.03 0
v 19960.21 263.10 0
v 19959.83 270.59 0
v 19950.66 262.84 0
v 19950.80 270.34 0
v 19841.70 265.25 0
v 19841.79 272.75 0
v 19828.28 264.33 0
v 19827.47 271.78 0
v 19818.47 262.75 0
v 19816.18 269.89 0
v 19753.35 240.18 0
v 19750.88 247.26 0
v 19558.70 171.96 0
v 19556.38 179.09 0
v 19486.82 153.33 0
v 19485.10 160.63 0
v 19447.36 145.76 0
v 19445.94 153.13 0
v 19345.34 200.42 0
v 19342.60 193.44 0
v 19414.54 173.34 0
v 19411.79 166.36 0
v 19435.50 164.73 0
v 19431.60 158.32 0
v 19449.19 152.20 0
v 19444.11 146.69 0
v 12810.32 -38.55 0
v 12812.80 -45.63 0
v 12857.28 -22.15 0
v 12859.62 -29.28 0
v 12907.72 -6.53 0
v 12909.79 -13.74 0
v 12929.11 -1.53 0
v 12930.18 -8.95 0
v 13055.04 14.66 0
v 13055.94 7.21 0
v 13075.17 16.21 0
v 13075.51 8.72 0
v 13086.93 16.04 0
v 13085.99 8.60 0
v 13113.23 11.47 0
v 13111.70 4.13 0
v 13123.76 8.39 0
v 13121.30 1.31 0
v 13169.17 -7.93 0
v 13166.75 -15.03 0
v 13190.29 -14.28 0
v 13188.37 -21.53 0
v 13217.09 -20.63 0
v 13215.42 -27.94 0
v 13286.18 -36.21 0
v 13284.57 -43.53 0
v 13300.06 -38.87 0
v 13299.15 -46.32 0
v 13311.31 -39.31 0
v 13311.38 -46.81 0
v 13324.68 -38.62 0
v 13325.41 -46.08 0
v 13336.84 -36.84 0
v 13338.87 -44.06 0
v 13347.41 -32.24 0
v 13350.79 -38.94 0
v 13357.48 -26.39 0
v 13361.92 -32.44 0
v 13365.32 -19.11 0
v 13370.86 -24.16 0
v 13370.93 -11.62 0
v 13377.32 -15.54 0
v 13375.90 -1.89 0
v 13382.91 -4.54 0
v 13379.03 9.76 0
v 13386.41 8.43 0
v 13380.95 26.37 0
v 13388.43 25.93 0
v 13381.05 44.46 0
v 13388.55 44.74 0
v 13379.65 61.29 0
v 13387.11 62.06 0
v 13377.57 78.03 0
v 13384.98 79.21 0
v 13365.27 150.83 0
v 13372.68 151.98 0
v 13363.86 166.59 0
v 13371.35 166.81 0
v 13364.33 182.14 0
v 13371.80 181.52 0
v 13366.51 198.53 0
v 13373.80 196.79 0
v 13371.43 211.71 0
v 13378.12 208.31 0
v 13378.96 223.14 0
v 13384.94 218.61 0
v 13386.23 231.25 0
v 13391.33 225.75 0
v 13396.24 239.17 0
v 13400.19 232.79 0
v 13441.07 265.33 0
v 13444.80 258.82 0
v 13452.48 271.34 0
v 13455.65 264.54 0
v 13465.23 276.57 0
v 13467.82 269.53 0
v 13476.81 280.28 0
v 13478.96 273.10 0
v 13550.36 302.04 0
v 13552.58 294.88 0
v 13561.15 306.39 0
v 13564.30 299.59 0
v 13569.55 310.96 0
v 13573.53 304.60 0
v 13577.61 316.69 0
v 13582.35 310.88 0
v 13583.43 322.23 0
v 13589.22 317.47 0
v 13588.59 330.11 0
v 13595.07 326.33 0
v 13593.24 339.09 0
v 13600.00 335.84 0
v 13629.53 415.21 0
v 13636.37 412.13 0
v 13633.25 427.88 0
v 13640.60 426.35 0
v 13634.35 438.56 0
v 13641.84 438.18 0
v 13634.42 451.86 0
v 13641.91 452.22 0
v 13633.21 462.69 0
v 13640.59 463.99 0
v 13624.41 508.88 0
v 13631.78 510.22 0
v 13622.26 522.82 0
v 13629.71 523.72 0
v 13620.99 537.21 0
v 13628.48 537.71 0
v 13620.62 547.83 0
v 13628.12 547.74 0
v 13621.31 561.40 0
v 13628.79 560.88 0
v 13625.64 619.79 0
v 13633.11 619.18 0
v 13627.29 634.10 0
v 13634.70 632.96 0
v 13629.29 643.50 0
v 13636.56 641.66 0
v 13632.64 655.13 0
v 13639.71 652.65 0
v 13638.04 668.45 0
v 13644.89 665.39 0
v 13644.61 681.92 0
v 13651.16 678.27 0
v 13651.56 692.65 0
v 13657.38 687.91 0
v 13713.11 766.15 0
v 13718.83 761.30 0
v 13722.29 775.87 0
v 13727.54 770.51 0
v 13733.80 786.43 0
v 13738.75 780.79 0
v 13748.56 798.96 0
v 13753.19 793.05 0
v 13761.30 807.95 0
v 13765.33 801.63 0
v 13773.10 814.60 0
v 13776.28 807.81 0
v 13787.23 820.07 0
v 13789.32 812.86 0
v 13803.64 823.49 0
v 13804.86 816.09 0
v 13888.29 836.89 0
v 13889.53 829.49 0
v 13899.18 839.52 0
v 13901.41 832.36 0
v 13908.02 843.05 0
v 13911.13 836.23 0
v 13917.10 847.73 0
v 13920.72 841.17 0
v 13948.70 865.52 0
v 13952.59 859.10 0
v 14279.37 1067.59 0
v 14283.32 1061.22 0
v 14304.36 1085.60 0
v 14309.26 1079.93 0
v 14322.52 1104.93 0
v 14328.41 1100.28 0
v 14338.55 1128.90 0
v 14345.42 1125.88 0
v 14348.23 1163.38 0
v 14355.69 1162.62 0
v 14347.01 1213.63 0
v 14354.50 1214.09 0
v 14343.27 1244.23 0
v 14350.65 1245.51 0
v 14335.44 1280.11 0
v 14342.61 1282.31 0
v 14325.36 1302.48 0
v 14332.36 1305.17 0
v 14312.91 1338.78 0
v 14320.11 1340.88 0
v 14301.65 1383.71 0
v 14308.97 1385.35 0
v 14296.66 1411.65 0
v 14304.12 1412.48 0
v 14296.17 1432.85 0
v 14303.67 1432.59 0
v 14297.92 1448.38 0
v 14305.28 1446.93 0
v 14302.85 1466.88 0
v 14309.96 1464.47 0
v 14307.24 1475.90 0
v 14313.96 1472.58 0
v 14309.27 1479.94 0
v 14315.89 1476.42 0
v 14315.68 1491.68 0
v 14321.72 1487.23 0
v 14338.08 1519.12 0
v 14343.86 1514.34 0
v 14354.51 1538.61 0
v 14360.58 1534.20 0
v 14366.38 1558.01 0
v 14372.49 1553.67 0
v 14376.16 1568.88 0
v 14380.92 1563.08 0
v 14403.10 1588.31 0
v 14407.12 1581.98 0
v 14450.88 1616.46 0
v 14454.21 1609.74 0
v 14488.35 1630.56 0
v 14490.67 1623.43 0
v 14503.11 1633.43 0
v 14504.07 1625.99 0
v 14519.30 1634.55 0
v 14519.08 1627.06 0
v 14533.50 1632.50 0
v 14531.90 1625.17 0
v 14569.67 1623.62 0
v 14568.30 1616.25 0
v 14583.42 1623.05 0
v 14584.45 1615.63 0
v 14621.31 1630.99 0
v 14623.40 1623.78 0
v 14641.65 1639.91 0
v 14645.28 1633.35 0
v 14657.61 1651.05 0
v 14662.73 1645.56 0
v 14704.26 1698.41 0
v 14710.22 1693.87 0
v 14806.01 1846.10 0
v 14812.13 1841.76 0
v 14820.83 1862.64 0
v 14826.14 1857.34 0
v 14845.65 1885.81 0
v 14850.60 1880.18 0
v 14914.17 1944.72 0
v 14919.03 1939.01 0
v 14929.97 1957.66 0
v 14933.64 1951.12 0
v 14965.65 1973.67 0
v 14968.12 1966.58 0
v 15004.75 1983.75 0
v 15006.11 1976.38 0
v 15024.53 1984.43 0
v 15023.99 1976.95 0
v 15053.20 1980.32 0
v 15051.46 1973.03 0
v 15077.90 1971.67 0
v 15074.98 1964.76 0
v 15132.22 1947.03 0
v 15128.80 1940.35 0
v 15181.16 1918.82 0
v 15177.43 1912.32 0
v 15198.29 1909.17 0
v 15194.52 1902.68 0
v 15205.34 1904.75 0
v 15201.07 1898.58 0
v 15212.98 1898.99 0
v 15207.97 1893.41 0
v 15220.55 1891.07 0
v 15214.88 1886.16 0
v 15226.62 1883.28 0
v 15220.51 1878.93 0
v 15232.03 1874.98 0
v 15225.62 1871.08 0
v 15237.17 1865.92 0
v 15230.33 1862.84 0
v 15240.87 1855.27 0
v 15233.59 1853.46 0
v 15242.36 1845.04 0
v 15234.89 1844.44 0
v 15245.44 1799.00 0
v 15237.97 1798.41 0
v 15246.68 1790.10 0
v 15239.31 1788.71 0
v 15248.42 1783.15 0
v 15241.28 1780.87 0
v 15251.25 1775.78 0
v 15244.44 1772.63 0
v 15255.01 1768.91 0
v 15248.72 1764.82 0
v 15279.63 1732.16 0
v 15273.52 1727.80 0
v 15283.40 1728.72 0
v 15279.37 1722.40 0
v 15287.67 1726.97 0
v 15286.51 1719.56 0
v 15292.28 1727.23 0
v 15294.57 1720.09 0
v 15295.94 1729.70 0
v 15300.97 1724.13 0
v 15297.94 1732.42 0
v 15304.67 1729.12 0
v 15298.81 1735.87 0
v 15306.16 1734.40 0
v 15299.55 1740.96 0
v 15307.03 1740.46 0
v 15301.65 1778.48 0
v 15309.13 1777.95 0
v 15302.92 1787.84 0
v 15310.33 1786.66 0
v 15304.65 1797.20 0
v 15311.92 1795.39 0
v 15307.19 1805.03 0
v 15314.35 1802.81 0
v 15313.59 1826.16 0
v 15320.85 1824.27 0
v 15314.58 1833.27 0
v 15322.05 1832.54 0
v 15315.04 1841.32 0
v 15322.53 1840.96 0
v 15317.28 1889.76 0
v 15324.77 1889.32 0
v 15318.63 1902.20 0
v 15326.06 1901.18 0
v 15320.34 1912.00 0
v 15327.66 1910.36 0
v 15322.86 1921.13 0
v 15330.03 1918.93 0
v 15326.00 1930.45 0
v 15333.00 1927.77 0
v 15331.06 1942.58 0
v 15337.88 1939.47 0
v 15335.48 1951.31 0
v 15342.03 1947.64 0
v 15342.86 1963.65 0
v 15349.10 1959.48 0
v 15373.19 2007.72 0
v 15379.41 2003.52 0
v 15378.32 2016.11 0
v 15384.91 2012.53 0
v 15382.78 2025.38 0
v 15389.66 2022.40 0
v 15425.47 2125.34 0
v 15432.34 2122.34 0
v 15431.29 2136.55 0
v 15437.91 2133.01 0
v 15437.65 2148.09 0
v 15443.96 2144.03 0
v 15445.96 2159.35 0
v 15451.73 2154.55 0
v 15454.02 2167.72 0
v 15459.04 2162.15 0
v 15464.34 2175.84 0
v 15468.27 2169.45 0
v 15475.80 2181.12 0
v 15478.42 2174.10 0
v 15486.98 2184.34 0
v 15488.60 2177.02 0
v 15542.59 2195.97 0
v 15544.19 2188.65 0
v 15553.09 2198.75 0
v 15555.25 2191.57 0
v 15564.39 2202.54 0
v 15567.01 2195.52 0
v 15590.52 2212.71 0
v 15593.12 2205.67 0
v 15602.12 2216.47 0
v 15603.90 2209.18 0
v 15614.01 2218.42 0
v 15614.83 2210.97 0
v 15627.00 2219.23 0
v 15627.15 2211.74 0
v 15642.50 2218.98 0
v 15642.05 2211.49 0
v 15658.49 2217.32 0
v 15656.89 2209.99 0
v 15710.00 2204.34 0
v 15708.02 2197.11 0
v 15725.16 2199.04 0
v 15722.33 2192.10 0
v 15736.62 2193.50 0
v 15733.04 2186.91 0
v 15749.79 2185.68 0
v 15745.65 2179.43 0
v 15762.53 2176.32 0
v 15757.71 2170.58 0
v 15814.28 2131.63 0
v 15809.48 2125.87 0
v 15821.57 2127.02 0
v 15817.93 2120.46 0
v 15830.60 2122.61 0
v 15827.90 2115.61 0
v 15839.76 2119.95 0
v 15838.35 2112.58 0
v 15849.49 2118.97 0
v 15849.51 2111.47 0
v 15860.58 2120.04 0
v 15861.29 2112.58 0
v 15919.80 2125.66 0
v 15920.55 2118.20 0
v 15932.52 2127.32 0
v 15933.78 2119.92 0
v 15941.76 2129.39 0
v 15943.71 2122.15 0
v 15953.07 2132.86 0
v 15955.48 2125.76 0
v 16063.44 2170.66 0
v 16065.85 2163.56 0
v 16077.59 2175.02 0
v 16079.42 2167.74 0
v 16088.93 2177.05 0
v 16090.04 2169.64 0
v 16152.46 2186.25 0
v 16153.29 2178.80 0
v 16171.50 2186.22 0
v 16171.08 2178.73 0
v 16208.96 2183.12 0
v 16208.29 2175.65 0
v 16226.05 2181.32 0
v 16224.82 2173.92 0
v 16313.58 2165.72 0
v 16312.32 2158.32 0
v 16324.69 2164.53 0
v 16324.38 2157.03 0
v 16337.14 2164.76 0
v 16337.79 2157.29 0
v 16346.24 2166.37 0
v 16348.05 2159.10 0
v 16353.47 2168.79 0
v 16356.65 2162.00 0
v 16360.00 2172.83 0
v 16364.46 2166.80 0
v 16365.44 2177.66 0
v 16370.90 2172.52 0
v 16406.50 2222.26 0
v 16412.13 2217.30 0
v 16412.76 2231.32 0
v 16419.07 2227.27 0
v 16416.95 2238.56 0
v 16423.51 2234.93 0
v 16421.44 2246.99 0
v 16428.26 2243.86 0
v 16522.11 2467.44 0
v 16528.93 2464.32 0
v 16529.66 2482.89 0
v 16536.35 2479.51 0
v 16536.26 2495.45 0
v 16542.79 2491.75 0
v 16545.57 2510.97 0
v 16551.91 2506.96 0
v 16575.43 2557.43 0
v 16581.67 2553.26 0
v 16604.56 2599.31 0
v 16610.69 2594.99 0
v 16610.79 2607.62 0
v 16616.52 2602.78 0
v 16617.68 2614.83 0
v 16622.96 2609.50 0
v 16624.91 2621.65 0
v 16629.78 2615.95 0
v 16756.61 2733.63 0
v 16761.45 2727.90 0
v 16765.44 2740.39 0
v 16769.80 2734.28 0
v 16773.29 2745.54 0
v 16777.13 2739.10 0
v 16782.89 2750.80 0
v 16786.35 2744.14 0
v 16866.48 2794.00 0
v 16869.88 2787.32 0
v 16878.52 2799.42 0
v 16881.50 2792.54 0
v 16889.83 2804.13 0
v 16892.51 2797.12 0
v 16901.14 2808.06 0
v 16903.39 2800.91 0
v 16910.25 2810.52 0
v 16911.69 2803.16 0
v 16921.67 2812.09 0
v 16922.41 2804.63 0
v 16931.02 2812.58 0
v 16931.10 2805.08 0
v 16997.59 2812.86 0
v 16997.71 2805.36 0
v 17011.73 2813.80 0
v 17012.34 2806.32 0
v 17024.39 2815.02 0
v 17025.31 2807.58 0
v 17040.63 2817.36 0
v 17041.42 2809.90 0
v 17061.44 2818.95 0
v 17061.85 2811.46 0
v 17070.52 2818.95 0
v 17069.96 2811.48 0
v 17082.04 2817.40 0
v 17080.40 2810.08 0
v 17091.09 2814.31 0
v 17088.18 2807.40 0
v 17102.49 2808.81 0
v 17098.61 2802.39 0
v 17111.39 2801.98 0
v 17106.20 2796.56 0
v 17119.33 2792.72 0
v 17113.16 2788.45 0
v 17125.83 2781.17 0
v 17119.08 2777.90 0
v 17130.22 2770.24 0
v 17123.07 2767.95 0
v 17132.70 2759.70 0
v 17125.31 2758.39 0
v 17134.27 2747.54 0
v 17126.83 2746.63 0
v 17140.46 2696.17 0
v 17133.02 2695.23 0
v 17141.99 2686.49 0
v 17134.64 2684.99 0
v 17143.71 2680.00 0
v 17136.79 2677.13 0
v 17147.89 2672.27 0
v 17141.57 2668.23 0
v 17152.52 2666.12 0
v 17147.39 2660.65 0
v 17159.82 2660.99 0
v 17156.57 2654.24 0
v 17168.63 2658.37 0
v 17167.54 2650.95 0
v 17178.57 2658.22 0
v 17179.83 2650.83 0
v 17190.63 2662.22 0
v 17193.59 2655.32 0
v 17200.37 2667.61 0
v 17204.55 2661.39 0
v 17209.03 2674.56 0
v 17214.24 2669.17 0
v 17218.56 2685.24 0
v 17224.25 2680.36 0
v 17256.53 2730.00 0
v 17262.14 2725.03 0
v 17264.26 2736.75 0
v 17268.66 2730.68 0
v 17273.10 2742.02 0
v 17276.22 2735.20 0
v 17283.91 2745.75 0
v 17285.70 2738.47 0
v 17297.07 2747.96 0
v 17297.95 2740.51 0
v 17320.13 2750.05 0
v 17320.80 2742.58 0
v 20675.55 5035.54 0
v 20679.84 5029.39 0
v 20686.11 5042.86 0
v 20689.56 5036.20 0
v 20729.54 5063.56 0
v 20732.81 5056.81 0
v 20734.49 5066.29 0
v 20738.47 5059.94 0
v 20746.65 5074.29 0
v 20751.02 5068.19 0
v 20760.93 5085.23 0
v 20765.64 5079.39 0
v 20773.09 5095.61 0
v 20778.23 5090.15 0
v 20783.98 5106.91 0
v 20789.78 5102.15 0
v 20803.68 5132.95 0
v 20809.59 5128.34 0
v 20812.45 5143.36 0
v 20818.46 5138.87 0
v 20835.84 5176.01 0
v 20842.02 5171.76 0
v 20843.17 5188.03 0
v 20849.46 5183.94 0
v 20852.19 5201.18 0
v 20858.47 5197.08 0
v 20858.92 5212.16 0
v 20865.18 5208.04 0
v 20871.84 5231.08 0
v 20877.95 5226.73 0
v 20882.90 5245.86 0
v 20889.14 5241.69 0
v 20902.88 5277.54 0
v 20909.39 5273.81 0
v 20909.25 5291.65 0
v 20916.26 5288.96 0
v 20920.08 5322.43 0
v 20927.14 5319.91 0
v 20926.30 5339.27 0
v 20933.19 5336.31 0
v 20933.01 5352.52 0
v 20939.63 5348.99 0
v 20953.37 5389.96 0
v 20959.89 5386.25 0
v 20968.63 5415.07 0
v 20975.00 5411.11 0
v 20974.14 5423.33 0
v 20980.65 5419.61 0
v 20985.10 5443.85 0
v 20991.63 5440.16 0
v 21004.31 5476.83 0
v 21010.85 5473.16 0
v 21009.96 5488.06 0
v 21016.87 5485.14 0
v 21025.07 5526.00 0
v 21031.92 5522.95 0
v 21050.97 5579.99 0
v 21057.69 5576.65 0
v 21058.30 5592.78 0
v 21064.60 5588.71 0
v 21083.32 5630.09 0
v 21089.40 5625.69 0
v 21111.11 5665.72 0
v 21117.25 5661.41 0
v 21119.60 5681.66 0
v 21126.24 5678.19 0
v 21125.03 5692.37 0
v 21131.99 5689.58 0
v 21130.18 5708.02 0
v 21137.40 5706.00 0
v 21134.10 5724.91 0
v 21141.38 5723.12 0
v 21138.88 5743.27 0
v 21146.16 5741.48 0
v 21141.91 5756.76 0
v 21149.30 5755.50 0
v 21150.90 5813.78 0
v 21158.30 5812.55 0
v 21153.48 5826.26 0
v 21160.76 5824.45 0
v 21157.82 5841.64 0
v 21164.95 5839.31 0
v 21162.72 5854.46 0
v 21169.59 5851.43 0
v 21170.59 5870.61 0
v 21177.31 5867.27 0
v 21176.40 5881.97 0
v 21183.02 5878.46 0
v 21182.75 5893.50 0
v 21189.23 5889.73 0
v 21187.48 5901.08 0
v 21193.96 5897.30 0
v 21216.90 5952.04 0
v 21223.49 5948.46 0
v 21223.29 5967.01 0
v 21230.29 5964.32 0
v 21227.51 5979.72 0
v 21234.71 5977.63 0
v 21231.08 5993.84 0
v 21238.48 5992.60 0
v 21232.94 6012.08 0
v 21240.44 6011.81 0
v 21232.78 6042.10 0
v 21240.28 6042.23 0
v 21231.83 6076.18 0
v 21239.32 6076.56 0
v 21229.48 6107.96 0
v 21236.92 6108.88 0
v 21224.13 6138.70 0
v 21231.50 6140.07 0
v 21212.66 6198.06 0
v 21220.03 6199.41 0
v 21209.02 6221.30 0
v 21216.48 6221.98 0
v 21207.10 6258.53 0
v 21214.60 6258.65 0
v 21207.97 6286.65 0
v 21215.46 6286.15 0
v 21210.63 6311.03 0
v 21218.05 6309.92 0
v 21216.51 6343.81 0
v 21223.87 6342.37 0
v 21219.36 6355.60 0
v 21226.46 6353.19 0
v 21225.45 6370.07 0
v 21232.09 6366.60 0
v 21231.54 6378.72 0
v 21237.02 6373.60 0
v 21239.48 6385.25 0
v 21244.01 6379.27 0
v 21243.19 6387.46 0
v 21246.11 6380.55 0
v 21289.65 6406.60 0
v 21292.31 6399.58 0
v 21303.38 6410.22 0
v 21305.12 6402.93 0
v 21332.17 6416.79 0
v 21334.10 6409.54 0
v 21354.57 6423.84 0
v 21356.62 6416.63 0
v 21376.09 6429.28 0
v 21377.67 6421.95 0
v 21454.41 6445.48 0
v 21456.05 6438.16 0
v 21469.88 6450.35 0
v 21472.42 6443.29 0
v 21480.32 6454.84 0
v 21483.58 6448.08 0
v 21486.06 6458.16 0
v 21489.98 6451.76 0
v 21493.15 6462.71 0
v 21497.37 6456.51 0
v 21505.36 6471.30 0
v 21509.85 6465.29 0
v 21511.75 6476.56 0
v 21516.86 6471.07 0
v 21534.65 6498.57 0
v 21539.94 6493.25 0
v 21545.67 6510.24 0
v 21550.66 6504.64 0
v 21557.30 6518.75 0
v 21561.82 6512.77 0
v 21567.64 6526.87 0
v 21572.03 6520.79 0
v 21580.17 6535.21 0
v 21583.87 6528.69 0
v 21588.64 6538.78 0
v 21591.35 6531.79 0
v 21601.27 6543.44 0
v 21603.46 6536.27 0
v 21613.41 6546.33 0
v 21614.60 6538.93 0
v 21625.38 6547.36 0
v 21626.01 6539.89 0
v 21935.80 6589.01 0
v 21929.49 6593.07 0
v 21913.83 6554.92 0
v 21908.05 6559.71 0
v 21885.47 6528.39 0
v 21880.76 6534.22 0
v 21856.65 6508.64 0
v 21852.71 6515.03 0
v 21830.63 6494.54 0
v 21827.77 6501.47 0
v 21796.28 6483.81 0
v 21795.02 6491.20 0
v 21774.20 6485.18 0
v 21776.06 6492.45 0
v 21741.29 6497.61 0
v 21744.40 6504.43 0
v 21689.44 6523.75 0
v 21692.72 6530.50 0
v 21674.26 6530.27 0
v 21676.80 6537.33 0
v 21657.12 6535.39 0
v 21659.27 6542.57 0
v 21625.93 6547.37 0
v 21625.46 6539.88 0
v 21643.18 6546.26 0
v 21642.12 6538.83 0
v 21659.04 6542.64 0
v 21657.36 6535.33 0
v 18538.54 3736.00 0
v 18546.00 3735.24 0
v 18539.42 3744.58 0
v 18546.90 3744.04 0
v 18541.72 3780.28 0
v 18549.21 3780.04 0
v 18541.03 3795.68 0
v 18548.50 3796.38 0
v 18539.38 3805.17 0
v 18546.64 3807.02 0
v 18535.69 3816.58 0
v 18542.73 3819.18 0
v 18532.18 3824.76 0
v 18538.64 3828.57 0
v 18521.99 3839.80 0
v 18528.01 3844.28 0
v 18510.11 3854.38 0
v 18515.62 3859.48 0
v 18501.05 3862.41 0
v 18505.99 3868.05 0
v 18486.20 3875.38 0
v 18490.42 3881.58 0
v 18444.29 3900.97 0
v 18448.08 3907.44 0
v 18434.63 3905.69 0
v 18436.97 3912.81 0
v 18393.18 3917.72 0
v 18395.27 3924.92 0
v 18378.37 3922.05 0
v 18380.85 3929.13 0
v 18369.80 3925.92 0
v 18373.24 3932.58 0
v 18323.33 3950.45 0
v 18326.50 3957.25 0
v 18272.37 3971.24 0
v 18275.43 3978.09 0
v 18258.38 3979.53 0
v 18262.59 3985.73 0
v 18244.76 3989.96 0
v 18249.60 3995.68 0
v 18231.19 4002.56 0
v 18236.44 4007.91 0
v 18226.80 4007.62 0
v 18232.58 4012.40 0
v 18224.34 4010.83 0
v 18230.53 4015.06 0
v 18222.41 4014.18 0
v 18229.37 4016.96 0
v 18218.68 4024.84 0
v 18225.93 4026.77 0
v 18217.01 4034.60 0
v 18224.49 4035.14 0
v 18216.72 4051.41 0
v 18224.22 4051.21 0
v 18217.75 4062.96 0
v 18225.18 4061.94 0
v 18219.33 4070.32 0
v 18226.53 4068.22 0
v 18222.34 4078.85 0
v 18229.31 4076.08 0
v 18225.08 4084.79 0
v 18231.65 4081.17 0
v 18230.30 4093.29 0
v 18236.56 4089.17 0
v 18240.81 4108.70 0
v 18246.91 4104.35 0
v 18269.28 4147.99 0
v 18275.30 4143.52 0
v 18281.61 4163.67 0
v 18287.63 4159.19 0
v 18287.95 4173.06 0
v 18294.30 4169.06 0
v 18298.00 4189.73 0
v 18304.67 4186.29 0
v 18302.76 4201.60 0
v 18309.98 4199.59 0
v 18306.88 4221.92 0
v 18314.26 4220.62 0
v 18310.14 4243.80 0
v 18317.59 4242.93 0
v 18312.04 4265.73 0
v 18319.51 4265.11 0
v 18312.39 4271.18 0
v 18319.89 4271.02 0
v 18312.44 4284.96 0
v 18319.94 4285.02 0
v 18312.09 4303.82 0
v 18319.58 4304.15 0
v 18310.56 4327.96 0
v 18318.03 4328.60 0
v 18308.55 4345.18 0
v 18315.95 4346.37 0
v 18305.61 4358.73 0
v 18312.91 4360.44 0
v 18303.34 4367.33 0
v 18310.52 4369.49 0
v 18299.92 4377.67 0
v 18306.94 4380.30 0
v 18292.78 4395.59 0
v 18299.72 4398.43 0
v 18287.89 4407.03 0
v 18294.76 4410.05 0
v 18284.42 4414.62 0
v 18291.39 4417.39 0
v 18275.28 4438.76 0
v 18282.37 4441.20 0
v 18253.82 4503.64 0
v 18261.00 4505.82 0
v 18250.58 4520.02 0
v 18257.98 4521.26 0
v 18246.05 4549.78 0
v 18253.40 4551.26 0
v 18239.28 4576.38 0
v 18246.33 4578.95 0
v 18230.36 4593.01 0
v 18236.76 4596.92 0
v 18223.32 4602.43 0
v 18229.01 4607.32 0
v 18212.03 4614.36 0
v 18216.87 4620.08 0
v 18192.72 4628.62 0
v 18194.91 4635.79 0
v 18091.26 4650.89 0
v 18093.22 4658.13 0
v 18015.23 4676.90 0
v 18017.81 4683.94 0
v 17987.48 4688.80 0
v 17990.57 4695.64 0
v 17960.68 4701.57 0
v 17964.41 4708.08 0
v 17941.02 4715.53 0
v 17945.82 4721.29 0
v 17924.14 4731.98 0
v 17929.87 4736.82 0
v 17912.29 4749.55 0
v 17918.91 4753.07 0
v 17904.93 4768.02 0
v 17912.10 4770.21 0
v 17900.06 4789.41 0
v 17907.47 4790.57 0
v 17896.66 4820.72 0
v 17904.13 4821.30 0
v 17895.58 4847.15 0
v 17903.08 4846.82 0
v 17899.24 4878.17 0
v 17906.59 4876.67 0
v 17916.30 4948.89 0
v 17923.65 4947.36 0
v 17916.56 4961.00 0
v 17924.06 4961.27 0
v 17915.50 4969.45 0
v 17922.89 4970.76 0
v 17909.44 5001.14 0
v 17916.77 5002.74 0
v 17905.49 5015.43 0
v 17912.61 5017.78 0
v 17877.17 5098.81 0
v 17884.24 5101.30 0
v 17864.10 5132.93 0
v 17870.93 5136.03 0
v 17826.51 5210.44 0
v 17833.23 5213.78 0
v 17814.78 5232.00 0
v 17821.37 5235.58 0
v 17808.85 5242.88 0
v 17815.23 5246.81 0
v 17779.98 5288.51 0
v 17786.20 5292.71 0
v 17726.12 5365.48 0
v 17732.34 5369.67 0
v 17718.06 5380.34 0
v 17724.85 5383.50 0
v 17712.27 5395.20 0
v 17719.43 5397.44 0
v 17696.52 5449.21 0
v 17703.74 5451.24 0
v 17693.37 5462.49 0
v 17700.79 5463.58 0
v 17693.06 5472.81 0
v 17700.56 5473.02 0
v 17692.98 5476.87 0
v 17700.44 5476.08 0
v 17694.77 5488.82 0
v 17702.02 5486.88 0
v 17698.90 5499.03 0
v 17705.86 5496.23 0
v 17702.62 5508.45 0
v 17709.60 5505.69 0
v 13636.90 6496.16 0
v 13637.67 6503.62 0
v 13621.73 6497.74 0
v 13622.38 6505.22 0
v 13618.73 6497.75 0
v 13618.44 6505.25 0
v 13604.69 6497.05 0
v 13603.88 6504.50 0
v 13587.04 6494.29 0
v 13585.40 6501.61 0
v 13565.79 6488.34 0
v 13563.59 6495.51 0
v 13537.92 6479.25 0
v 13535.72 6486.42 0
v 13514.30 6472.55 0
v 13512.66 6479.86 0
v 13488.91 6468.25 0
v 13487.95 6475.69 0
v 13464.49 6466.13 0
v 13464.05 6473.61 0
v 13432.15 6464.92 0
v 13432.07 6472.42 0
v 13367.59 6465.06 0
v 13367.48 6472.56 0
v 13354.41 6463.85 0
v 13353.13 6471.24 0
v 13334.46 6459.30 0
v 13332.21 6466.46 0
v 13304.94 6448.24 0
v 13302.27 6455.25 0
v 13255.88 6429.35 0
v 13253.25 6436.37 0
v 13247.84 6426.97 0
v 13246.48 6434.35 0
v 13229.53 6424.44 0
v 13228.83 6431.91 0
v 13203.83 6422.85 0
v 13203.58 6430.34 0
v 13172.86 6422.57 0
v 13172.95 6430.07 0
v 13159.54 6423.34 0
v 13160.19 6430.81 0
v 13148.79 6424.65 0
v 13150.04 6432.05 0
v 13140.65 6426.55 0
v 13142.82 6433.73 0
v 13128.54 6430.74 0
v 13131.10 6437.79 0
v 13124.17 6432.55 0
v 13127.39 6439.32 0
v 13113.96 6437.65 0
v 13117.37 6444.33 0
v 13110.73 6439.42 0
v 13114.78 6445.74 0
v 13101.98 6445.31 0
v 13106.38 6451.39 0
v 13088.34 6455.64 0
v 13093.10 6461.44 0
v 13069.51 6471.95 0
v 13074.60 6477.46 0
v 13018.00 6520.49 0
v 13023.17 6525.93 0
v 13014.97 6523.82 0
v 13020.30 6529.10 0
v 12996.31 6542.39 0
v 13001.33 6547.96 0
v 12984.62 6551.22 0
v 12988.91 6557.37 0
v 12971.89 6559.38 0
v 12975.68 6565.85 0
v 12958.20 6566.66 0
v 12961.55 6573.37 0
v 12940.25 6575.21 0
v 12943.28 6582.07 0
v 12923.62 6581.89 0
v 12926.22 6588.92 0
v 12909.26 6586.66 0
v 12911.51 6593.82 0
v 12896.61 6590.36 0
v 12898.44 6597.64 0
v 12889.45 6591.65 0
v 12890.61 6599.06 0
v 12886.53 6591.96 0
v 12886.74 6599.46 0
v 12880.24 6591.90 0
v 12879.66 6599.38 0
v 12854.21 6589.43 0
v 12853.41 6596.88 0
v 12846.17 6588.22 0
v 12845.20 6595.65 0
v 12842.02 6587.86 0
v 12841.73 6595.36 0
v 12836.54 6587.83 0
v 12836.63 6595.33 0
v 12824.96 6588.08 0
v 12825.29 6595.57 0
v 12818.84 6588.64 0
v 12820.10 6596.03 0
v 12790.60 6593.91 0
v 12792.16 6601.25 0
v 12774.34 6598.10 0
v 12776.44 6605.30 0
v 12763.59 6601.79 0
v 12766.17 6608.83 0
v 12755.73 6604.94 0
v 12758.94 6611.72 0
v 12745.49 6610.33 0
v 12749.11 6616.90 0
v 12740.56 6613.31 0
v 12744.86 6619.45 0
v 12725.35 6624.43 0
v 12730.15 6630.19 0
v 12671.86 6670.63 0
v 12676.84 6676.23 0
v 12617.27 6720.54 0
v 12622.35 6726.06 0
v 12573.24 6761.32 0
v 12578.26 6766.90 0
v 12563.56 6769.00 0
v 12567.20 6775.56 0
v 12543.97 6777.48 0
v 12546.75 6784.44 0
v 12524.73 6784.48 0
v 12526.73 6791.71 0
v 12505.90 6787.98 0
v 12507.01 6795.40 0
v 12493.43 6789.16 0
v 12493.90 6796.64 0
v 12479.74 6789.66 0
v 12479.45 6797.16 0
v 12464.46 6788.06 0
v 12463.23 6795.46 0
v 12448.79 6784.51 0
v 12446.64 6791.70 0
v 12429.97 6777.78 0
v 12426.61 6784.49 0
v 12407.14 6763.60 0
v 12403.01 6769.86 0
v 12393.92 6754.01 0
v 12389.84 6760.30 0
v 12381.61 6747.11 0
v 12378.39 6753.89 0
v 12370.92 6743.07 0
v 12368.81 6750.27 0
v 12360.44 6740.91 0
v 12359.43 6748.34 0
v 12346.49 6739.73 0
v 12346.37 6747.23 0
v 12282.60 6739.68 0
v 12282.70 6747.18 0
v 12265.17 6740.81 0
v 12266.05 6748.25 0
v 12242.03 6744.43 0
v 12243.19 6751.84 0
v 12950.00 -96.51 0
v 12947.05 -103.41 0
v 12991.22 -114.12 0
v 12988.07 -120.92 0
v 13001.35 -120.45 0
v 12996.67 -126.31 0
v 13015.70 -133.54 0
v 13010.46 -138.90 0
v 13018.78 -137.61 0
v 13012.42 -141.59 0
v 13022.24 -143.83 0
v 13015.54 -147.19 0
v 13026.82 -153.63 0
v 13019.99 -156.71 0
v 13028.13 -156.98 0
v 13020.92 -159.07 0
v 13030.24 -165.36 0
v 13022.89 -166.81 0
v 13031.58 -174.46 0
v 13024.11 -175.19 0
v 13031.87 -182.13 0
v 13024.38 -181.95 0
v 13031.23 -188.76 0
v 13023.79 -187.80 0
v 13030.01 -196.68 0
v 13022.65 -195.28 0
v 13007.70 -313.34 0
v 13000.35 -311.85 0
v 13003.21 -328.53 0
v 12996.08 -326.22 0
v 12998.05 -343.07 0
v 12991.23 -339.95 0
v 12970.77 -399.52 0
v 12964.22 -395.87 0
v 12926.82 -471.10 0
v 12920.47 -467.11 0
v 12917.28 -484.48 0
v 12911.26 -480.01 0
v 12911.57 -491.63 0
v 12905.71 -486.95 0
v 13694.53 6470.76 0
v 13690.80 6464.25 0
v 13757.41 6434.72 0
v 13753.80 6428.14 0
v 13780.99 6423.34 0
v 13778.23 6416.37 0
v 13796.48 6419.22 0
v 13795.26 6411.82 0
v 14003.06 6386.93 0
v 14001.79 6379.53 0
v 14115.01 6364.28 0
v 14113.59 6356.92 0
v 14132.16 6362.03 0
v 14131.44 6354.56 0
v 14148.16 6361.04 0
v 14148.83 6353.57 0
v 14219.50 6369.98 0
v 14220.20 6362.51 0
v 14242.88 6369.93 0
v 14242.29 6362.46 0
v 14257.62 6366.97 0
v 14255.65 6359.74 0
v 14285.23 6358.47 0
v 14282.48 6351.49 0
v 14322.08 6341.49 0
v 14318.93 6334.68 0
v 14333.48 6336.18 0
v 14331.08 6329.08 0
v 14356.09 6330.02 0
v 14354.46 6322.71 0
v 14412.91 6318.46 0
v 14411.27 6311.14 0
v 14428.61 6313.73 0
v 14426.02 6306.69 0
v 14480.07 6293.80 0
v 14477.53 6286.75 0
v 14496.10 6289.30 0
v 14494.73 6281.93 0
v 14511.05 6288.02 0
v 14511.27 6280.52 0
v 14538.75 6290.62 0
v 14540.01 6283.23 0
v 14644.52 6310.71 0
v 14645.95 6303.35 0
v 14668.03 6315.75 0
v 14669.90 6308.49 0
v 14748.38 6337.49 0
v 14750.30 6330.24 0
v 14758.21 6339.52 0
v 14758.94 6332.05 0
v 14809.34 6343.47 0
v 14809.82 6335.99 0
v 14885.18 6347.65 0
v 14885.63 6340.17 0
v 14887.88 6348.13 0
v 14889.16 6340.74 0
v 14901.25 6350.46 0
v 14902.91 6343.15 0
v 14911.73 6353.55 0
v 14914.12 6346.44 0
v 14920.07 6356.80 0
v 14922.95 6349.88 0
v 14928.41 6360.48 0
v 14931.76 6353.77 0
v 14936.50 6364.99 0
v 14940.44 6358.61 0
v 14948.14 6372.67 0
v 14952.67 6366.69 0
v 14957.50 6380.91 0
v 14962.63 6375.43 0
v 14967.40 6390.70 0
v 14972.34 6385.06 0
v 14974.99 6396.18 0
v 14979.21 6389.98 0
v 14981.55 6400.35 0
v 14985.45 6393.94 0
v 14991.78 6406.37 0
v 14995.38 6399.80 0
v 15003.32 6412.24 0
v 15005.92 6405.20 0
v 15077.51 6438.18 0
v 15079.93 6431.08 0
v 15085.44 6440.19 0
v 15086.83 6432.82 0
v 15105.21 6443.42 0
v 15106.12 6435.98 0
v 15172.23 6450.82 0
v 15173.03 6443.36 0
v 15179.81 6451.37 0
v 15180.18 6443.88 0
v 15188.33 6451.59 0
v 15188.13 6444.10 0
v 15201.10 6450.80 0
v 15200.23 6443.35 0
v 15238.87 6445.71 0
v 15237.89 6438.27 0
v 15242.99 6445.30 0
v 15242.64 6437.81 0
v 15250.33 6445.18 0
v 15250.58 6437.68 0
v 15260.96 6445.90 0
v 15261.79 6438.45 0
v 15267.81 6447.11 0
v 15269.79 6439.87 0
v 15275.74 6449.94 0
v 15278.71 6443.05 0
v 15283.44 6453.88 0
v 15287.10 6447.33 0
v 15288.09 6456.82 0
v 15292.68 6450.89 0
v 15308.87 6473.60 0
v 15313.51 6467.70 0
v 15327.04 6487.42 0
v 15331.39 6481.31 0
v 15335.82 6492.75 0
v 15339.51 6486.22 0
v 15344.94 6497.52 0
v 15347.85 6490.60 0
v 15374.18 6508.89 0
v 15377.00 6501.94 0
v 15392.85 6516.91 0
v 15395.90 6510.06 0
v 15401.96 6521.23 0
v 15405.64 6514.69 0
v 15409.89 6526.46 0
v 15414.25 6520.36 0
v 15414.83 6530.41 0
v 15419.67 6524.69 0
v 15445.49 6556.63 0
v 15450.24 6550.83 0
v 15452.82 6561.50 0
v 15456.55 6554.99 0
v 15459.04 6564.41 0
v 15461.98 6557.51 0
v 15464.71 6566.53 0
v 15466.45 6559.23 0
v 15474.21 6568.06 0
v 15475.26 6560.64 0
v 15477.54 6568.27 0
v 15476.95 6560.79 0
v 15488.01 6567.03 0
v 15486.51 6559.68 0
v 15496.01 6564.45 0
v 15493.05 6557.56 0
v 15505.40 6559.59 0
v 15501.26 6553.34 0
v 15516.71 6550.80 0
v 15511.76 6545.16 0
v 15534.93 6533.72 0
v 15529.70 6528.34 0
v 15541.17 6527.04 0
v 15535.80 6521.80 0
v 15545.14 6523.25 0
v 15540.21 6517.60 0
v 15565.45 6505.84 0
v 15560.61 6500.11 0
v 15568.97 6503.10 0
v 15564.53 6497.06 0
v 15581.10 6494.34 0
v 15577.01 6488.05 0
v 15585.77 6492.06 0
v 15583.07 6485.06 0
v 15593.47 6489.62 0
v 15591.48 6482.39 0
v 15599.71 6488.22 0
v 15598.52 6480.82 0
v 15606.82 6487.47 0
v 15606.55 6479.98 0
v 15618.06 6487.57 0
v 15618.39 6480.07 0
v 15627.11 6488.34 0
v 15628.21 6480.92 0
v 15644.05 6491.43 0
v 15645.64 6484.11 0
v 15728.32 6510.41 0
v 15729.91 6503.08 0
v 15736.88 6511.59 0
v 15737.61 6504.12 0
v 15743.45 6511.89 0
v 15743.52 6504.39 0
v 15750.63 6511.74 0
v 15750.24 6504.25 0
v 15760.71 6510.99 0
v 15759.81 6503.54 0
v 15770.97 6509.24 0
v 15768.90 6502.03 0
v 15795.84 6500.94 0
v 15793.25 6493.90 0
v 15831.16 6487.14 0
v 15828.64 6480.08 0
v 15841.65 6484.54 0
v 15840.87 6477.08 0
v 15849.13 6485.14 0
v 15850.88 6477.85 0
v 15857.59 6488.41 0
v 15861.48 6482.00 0
v 15862.94 6493.56 0
v 15868.48 6488.51 0
v 15865.55 6497.16 0
v 15872.23 6493.76 0
v 15867.34 6502.31 0
v 15874.62 6500.50 0
v 15868.04 6507.38 0
v 15875.52 6506.81 0
v 15868.03 6509.81 0
v 15875.34 6511.48 0
v 15866.36 6514.72 0
v 15872.86 6518.46 0
v 15858.90 6525.41 0
v 15864.97 6529.80 0
v 15845.73 6543.20 0
v 15852.01 6547.30 0
v 15840.14 6554.19 0
v 15846.95 6557.35 0
v 15838.28 6559.41 0
v 15845.62 6560.93 0
v 15837.70 6565.99 0
v 15845.19 6565.89 0
v 15838.44 6571.55 0
v 15845.75 6569.91 0
v 15839.87 6575.86 0
v 15846.89 6573.23 0
v 15841.12 6578.60 0
v 15847.43 6574.54 0
v 15844.21 6582.61 0
v 15849.54 6577.34 0
v 15848.70 6586.31 0
v 15853.20 6580.31 0
v 15851.46 6588.04 0
v 15854.87 6581.36 0
v 15857.02 6590.59 0
v 15859.60 6583.55 0
v 15862.78 6592.20 0
v 15864.52 6584.90 0
v 15866.49 6592.82 0
v 15867.02 6585.34 0
v 15873.94 6593.02 0
v 15873.80 6585.52 0
v 15905.22 6592.10 0
v 15905.05 6584.60 0
v 15913.40 6592.10 0
v 15914.06 6584.63 0
v 15920.90 6593.43 0
v 15922.80 6586.18 0
v 15924.93 6595.13 0
v 15928.03 6588.30 0
v 15926.85 6596.15 0
v 15930.91 6589.85 0
v 15935.14 6601.72 0
v 15939.83 6595.87 0
v 15941.78 6608.04 0
v 15947.56 6603.27 0
v 15953.69 6624.31 0
v 15959.91 6620.11 0
v 15985.83 6673.28 0
v 15992.09 6669.15 0
v 15988.08 6676.45 0
v 15994.02 6671.87 0
v 15992.03 6681.30 0
v 15997.45 6676.11 0
v 15998.17 6687.00 0
v 16003.16 6681.40 0
v 16001.38 6689.61 0
v 16005.56 6683.39 0
v 16006.30 6692.45 0
v 16009.52 6685.68 0
v 16011.38 6694.36 0
v 16013.37 6687.13 0
v 16014.80 6694.78 0
v 16015.32 6687.30 0
v 16020.61 6695.04 0
v 16020.07 6687.56 0
v 16029.27 6693.73 0
v 16027.63 6686.41 0
v 16034.67 6691.86 0
v 16031.69 6684.98 0
v 16037.39 6690.10 0
v 16032.51 6684.40 0
v 16041.73 6686.00 0
v 16036.18 6680.95 0
v 16044.00 6682.70 0
v 16037.35 6679.23 0
v 16046.66 6676.71 0
v 16039.50 6674.46 0
v 16048.12 6669.45 0
v 16040.64 6668.89 0
v 16050.38 6628.09 0
v 16042.91 6627.48 0
v 16052.04 6620.63 0
v 16044.82 6618.60 0
v 16053.55 6616.79 0
v 16046.85 6613.42 0
v 16055.37 6613.88 0
v 16049.75 6608.91 0
v 16060.52 6609.03 0
v 16055.83 6603.17 0
v 16063.72 6607.10 0
v 16060.75 6600.21 0
v 16066.74 6606.28 0
v 16066.11 6598.81 0
v 16073.63 6606.36 0
v 16074.67 6598.94 0
v 16078.80 6607.97 0
v 16081.55 6600.99 0
v 16084.29 6610.62 0
v 16088.22 6604.23 0
v 16089.71 6614.65 0
v 16094.87 6609.20 0
v 16095.54 6621.25 0
v 16101.84 6617.18 0
v 16110.42 6646.92 0
v 16116.95 6643.22 0
v 16117.85 6660.69 0
v 16124.23 6656.75 0
v 16125.60 6671.45 0
v 16131.53 6666.85 0
v 16129.03 6675.00 0
v 16133.83 6669.23 0
v 16140.46 6683.91 0
v 16144.84 6677.82 0
v 16144.58 6686.07 0
v 16147.56 6679.19 0
v 16148.96 6687.67 0
v 16151.09 6680.48 0
v 16153.87 6688.80 0
v 16154.80 6681.36 0
v 16161.37 6689.25 0
v 16161.51 6681.75 0
v 16166.60 6689.02 0
v 16165.84 6681.56 0
v 16170.92 6688.27 0
v 16169.19 6680.97 0
v 16174.93 6687.07 0
v 16173.40 6679.73 0
v 16216.86 6678.69 0
v 16215.59 6671.30 0
v 16230.53 6677.47 0
v 16230.29 6669.97 0
v 16247.59 6677.72 0
v 16248.10 6670.23 0
v 16270.27 6680.21 0
v 16271.28 6672.78 0
v 16272.31 6680.95 0
v 16275.08 6673.98 0
v 16279.17 6683.83 0
v 16282.81 6677.27 0
v 16288.35 6689.86 0
v 16292.73 6683.77 0
v 16295.50 6695.54 0
v 16300.86 6690.29 0
v 16322.97 6725.29 0
v 16328.34 6720.06 0
v 16334.43 6735.52 0
v 16339.24 6729.77 0
v 16342.10 6741.27 0
v 16346.37 6735.10 0
v 16348.06 6744.95 0
v 16351.68 6738.39 0
v 16353.04 6747.29 0
v 16355.78 6740.31 0
v 16360.11 6749.70 0
v 16362.12 6742.48 0
v 16368.44 6751.58 0
v 16369.49 6744.15 0
v 16384.15 6753.14 0
v 16384.59 6745.65 0
v 16430.33 6755.18 0
v 16430.98 6747.71 0
v 16441.52 6758.00 0
v 16443.92 6750.89 0
v 16453.60 6763.12 0
v 16457.07 6756.46 0
v 16461.13 6768.20 0
v 16465.72 6762.27 0
v 16485.23 6787.63 0
v 16489.85 6781.72 0
v 16492.90 6792.96 0
v 16496.83 6786.57 0
v 16497.17 6794.99 0
v 16500.61 6788.33 0
v 16513.64 6803.69 0
v 16516.98 6796.97 0
v 16528.16 6810.40 0
v 16531.09 6803.49 0
v 16550.24 6819.19 0
v 16552.79 6812.14 0
v 16592.50 6833.72 0
v 16594.79 6826.58 0
v 16613.56 6839.49 0
v 16615.24 6832.18 0
v 16644.57 6845.71 0
v 16645.85 6838.32 0
v 16666.10 6848.55 0
v 16666.87 6841.09 0
v 16677.45 6849.10 0
v 16677.53 6841.60 0
v 16736.35 6849.38 0
v 16736.29 6841.88 0
v 16748.47 6848.45 0
v 16747.48 6841.01 0
v 16761.42 6846.05 0
v 16759.65 6838.76 0
v 16796.92 6836.72 0
v 16794.61 6829.59 0
v 16856.59 6815.30 0
v 16853.96 6808.28 0
v 16875.75 6807.19 0
v 16872.73 6800.32 0
v 16884.57 6802.99 0
v 16881.15 6796.32 0
v 16900.82 6794.31 0
v 16896.95 6787.88 0
v 16917.57 6783.11 0
v 16913.10 6777.09 0
v 16934.18 6769.53 0
v 16929.34 6763.80 0
v 16955.33 6751.23 0
v 16950.50 6745.48 0
v 16962.94 6745.36 0
v 16958.49 6739.33 0
v 16978.46 6734.18 0
v 16974.15 6728.04 0
v 16981.57 6732.26 0
v 16977.92 6725.70 0
v 16988.90 6728.36 0
v 16985.73 6721.57 0
v 17004.36 6721.61 0
v 17001.90 6714.53 0
v 17053.42 6705.90 0
v 17051.26 6698.72 0
v 17070.31 6701.79 0
v 17068.79 6694.44 0
v 17078.07 6700.75 0
v 17077.58 6693.27 0
v 17085.04 6700.85 0
v 17085.36 6693.35 0
v 17092.16 6701.35 0
v 17093.30 6693.94 0
v 17100.90 6703.27 0
v 17103.03 6696.08 0
v 17119.96 6709.60 0
v 17122.66 6702.60 0
v 17188.94 6737.23 0
v 17191.88 6730.33 0
v 17233.91 6758.13 0
v 17236.88 6751.25 0
v 17259.32 6767.62 0
v 17261.64 6760.48 0
v 17285.61 6774.90 0
v 17286.85 6767.51 0
v 17328.51 6779.23 0
v 17328.93 6771.74 0
v 17352.32 6778.66 0
v 17352.02 6771.16 0
v 17375.28 6777.39 0
v 17374.61 6769.92 0
v 17401.23 6774.30 0
v 17400.21 6766.87 0
v 17424.20 6770.66 0
v 17422.73 6763.31 0
v 17443.75 6765.75 0
v 17441.46 6758.61 0
v 17475.18 6754.35 0
v 17472.62 6747.30 0
v 17621.59 2804.26 0
v 17628.18 2807.83 0
v 17592.89 2857.26 0
v 17599.61 2860.59 0
v 17588.47 2871.53 0
v 17595.83 2872.98 0
v 17587.56 2883.86 0
v 17595.05 2884.17 0
v 17587.44 2896.29 0
v 17594.87 2895.29 0
v 17590.82 2906.96 0
v 17597.56 2903.67 0
v 17596.94 2915.76 0
v 17602.30 2910.51 0
v 17605.29 2921.92 0
v 17609.44 2915.67 0
v 17612.18 2925.62 0
v 17613.66 2918.27 0
v 17631.54 2927.43 0
v 17632.06 2919.95 0
v 17678.87 2930.30 0
v 17679.04 2922.80 0
v 17771.21 2930.51 0
v 17771.29 2923.01 0
v 17774.25 2931.16 0
v 17776.19 2923.91 0
v 17788.34 2935.22 0
v 17790.19 2927.96 0
v 17809.76 2940.19 0
v 17811.20 2932.83 0
v 17911.06 2959.22 0
v 17912.38 2951.84 0
v 17949.82 2965.20 0
v 17950.74 2957.76 0
v 17959.99 2965.26 0
v 17959.50 2957.78 0
v 17970.90 2963.72 0
v 17968.11 2956.75 0
v 17990.56 2953.14 0
v 17986.52 2946.82 0
v 18008.57 2939.64 0
v 18003.44 2934.17 0
v 18031.99 2914.25 0
v 18025.85 2909.94 0
v 18092.20 2820.47 0
v 18085.94 2816.34 0
v 18119.02 2782.27 0
v 18113.54 2777.15 0
v 18145.66 2763.08 0
v 18141.65 2756.74 0
v 18160.86 2755.84 0
v 18158.13 2748.85 0
v 18199.09 2742.24 0
v 18197.07 2735.02 0
v 18212.30 2741.33 0
v 18212.22 2733.83 0
v 18223.95 2742.06 0
v 18225.19 2734.67 0
v 18267.62 2750.68 0
v 18269.26 2743.36 0
v 18402.26 2781.96 0
v 18403.96 2774.66 0
v 17672.22 2738.03 0
v 17666.17 2733.59 0
v 17724.48 2666.98 0
v 17718.38 2662.61 0
v 17729.98 2657.40 0
v 17723.28 2654.03 0
v 17733.36 2649.28 0
v 17726.22 2646.99 0
v 17736.01 2638.67 0
v 17728.64 2637.29 0
v 17737.39 2627.82 0
v 17729.93 2627.10 0
v 17741.06 2586.41 0
v 17733.58 2585.82 0
v 17741.42 2576.34 0
v 17733.92 2576.57 0
v 17740.38 2566.18 0
v 17733.05 2567.79 0
v 17737.08 2557.27 0
v 17730.70 2561.20 0
v 17729.92 2549.02 0
v 17724.73 2554.43 0
v 17720.57 2541.35 0
v 17716.42 2547.60 0
v 17711.21 2536.64 0
v 17708.48 2543.62 0
v 17700.27 2533.39 0
v 17698.75 2540.74 0
v 17687.76 2531.77 0
v 17687.38 2539.26 0
v 17675.42 2532.16 0
v 17676.61 2539.56 0
v 17665.18 2535.50 0
v 17668.62 2542.17 0
v 17655.49 2542.28 0
v 17660.07 2548.22 0
v 17646.36 2549.99 0
v 17651.59 2555.36 0
v 17517.47 2676.69 0
v 17522.73 2682.03 0
v 17509.53 2684.52 0
v 17514.43 2690.20 0
v 17502.04 2690.06 0
v 17505.97 2696.44 0
v 17492.14 2695.25 0
v 17494.90 2702.23 0
v 17481.45 2698.21 0
v 17483.02 2705.54 0
v 17438.00 2706.78 0
v 17439.51 2714.13 0
v 17421.90 2710.50 0
v 17423.80 2717.76 0
v 17407.68 2714.74 0
v 17410.02 2721.86 0
v 17391.51 2720.48 0
v 17394.26 2727.46 0
v 17351.64 2736.83 0
v 17354.39 2743.81 0
v 17342.01 2739.97 0
v 17343.87 2747.23 0
v 17331.40 2742.02 0
v 17332.30 2749.46 0
v 17320.28 2742.57 0
v 17320.65 2750.06 0
v 17288.90 2665.04 0
v 17293.12 2658.84 0
v 17314.18 2682.21 0
v 17318.64 2676.18 0
v 17314.25 2683.08 0
v 17321.20 2680.27 0
v 17314.95 2685.19 0
v 17322.41 2684.43 0
v 17314.94 2691.04 0
v 17322.44 2691.03 0
v 17324.21 2746.22 0
v 17316.72 2746.41 0
v 17323.71 2726.76 0
v 17316.21 2726.95 0
v 17314.94 2691.17 0
v 17322.43 2690.90 0
v 17316.21 2726.99 0
v 17323.71 2726.72 0
v 19447.42 145.77 0
v 19445.88 153.11 0
v 19417.55 139.52 0
v 19415.82 146.81 0
v 19397.80 134.05 0
v 19395.40 141.16 0
v 19368.23 122.84 0
v 19364.98 129.60 0
v 19352.28 112.18 0
v 19347.84 118.23 0
v 19335.04 98.46 0
v 19330.07 104.08 0
v 19258.99 29.56 0
v 19253.78 34.95 0
v 19251.86 18.62 0
v 19244.74 20.99 0
v 19251.07 5.07 0
v 19243.57 4.93 0
v 19252.05 1.57 0
v 19245.31 -1.72 0
v 19273.88 -40.78 0
v 19267.18 -44.17 0
v 19282.97 -59.55 0
v 19276.15 -62.67 0
v 19286.83 -69.12 0
v 19279.75 -71.57 0
v 19300.33 -109.76 0
v 19293.17 -111.97 0
v 19333.62 -221.19 0
v 19326.52 -223.61 0
v 19357.47 -277.09 0
v 19350.63 -280.17 0
v 19372.74 -308.18 0
v 19366.28 -312.00 0
v 19389.79 -331.84 0
v 19384.28 -336.93 0
v 19426.97 -366.73 0
v 19421.84 -372.20 0
v 21775.29 667.90 0
v 21771.00 661.74 0
v 21840.07 622.84 0
v 21835.56 616.85 0
v 21894.18 578.35 0
v 21889.38 572.59 0
v 21950.44 530.68 0
v 21945.59 524.96 0
v 21773.77 661.12 0
v 21772.52 668.51 0
v 21573.88 627.18 0
v 21572.52 634.55 0
v 21549.95 619.63 0
v 21547.54 626.73 0
v 21538.81 615.27 0
v 21535.49 621.99 0
v 21535.90 612.88 0
v 21530.58 618.17 0
v 21533.74 610.01 0
v 21527.38 613.99 0
v 21516.84 582.23 0
v 21510.75 586.60 0
v 21500.97 564.61 0
v 21496.29 570.48 0
v 21486.41 558.38 0
v 21485.10 565.76 0
v 21426.27 550.89 0
v 21425.45 558.34 0
v 21412.40 550.26 0
v 21412.42 557.76 0
v 21371.40 551.01 0
v 21371.57 558.51 0
v 21365.75 551.36 0
v 21366.95 558.76 0
v 21330.91 557.55 0
v 21332.65 564.85 0
v 21283.52 570.99 0
v 21285.14 578.31 0
v 21249.04 575.69 0
v 21248.82 583.19 0
v 21172.83 567.67 0
v 21172.10 575.14 0
v 21164.04 567.42 0
v 21164.22 574.92 0
v 21027.36 571.16 0
v 21027.62 578.65 0
v 20999.47 573.22 0
v 21000.68 580.62 0
v 20973.57 579.96 0
v 20976.36 586.92 0
v 20899.77 612.98 0
v 20902.92 619.79 0
v 20880.54 623.04 0
v 20884.24 629.56 0
v 20872.15 628.65 0
v 20876.70 634.61 0
v 20859.92 638.88 0
v 20865.82 643.52 0
v 20810.77 706.64 0
v 20816.68 711.26 0
v 20798.82 717.35 0
v 20802.62 723.82 0
v 20776.51 726.53 0
v 20779.07 733.58 0
v 20750.01 735.02 0
v 20751.93 742.27 0
v 20740.07 736.26 0
v 20740.25 743.76 0
v 20728.34 735.50 0
v 20727.36 742.94 0
v 20711.60 732.49 0
v 20709.36 739.65 0
v 20651.21 711.35 0
v 20648.99 718.51 0
v 20632.96 708.26 0
v 20632.66 715.75 0
v 20559.56 707.65 0
v 20559.49 715.15 0
v 20438.69 706.50 0
v 20438.62 714.00 0
v 19813.17 2474.47 0
v 19809.02 2468.22 0
v 19828.56 2464.23 0
v 19824.77 2457.76 0
v 19832.61 2462.83 0
v 19831.25 2455.46 0
v 19837.30 2462.70 0
v 19838.02 2455.24 0
v 19856.76 2465.22 0
v 19859.05 2458.07 0
v 19891.81 2480.23 0
v 19894.54 2473.25 0
v 19906.18 2484.40 0
v 19906.87 2476.94 0
v 19942.82 2485.09 0
v 19942.44 2477.60 0
v 19961.41 2481.54 0
v 19959.29 2474.35 0
v 19980.21 2474.04 0
v 19976.49 2467.52 0
v 19997.47 2460.98 0
v 19992.59 2455.29 0
v 20010.96 2447.66 0
v 20005.17 2442.89 0
v 20035.71 2414.62 0
v 20029.84 2409.96 0
v 20053.68 2393.74 0
v 20048.30 2388.51 0
v 20072.32 2376.94 0
v 20067.44 2371.25 0
v 20084.43 2367.35 0
v 20080.01 2361.30 0
v 20102.12 2355.15 0
v 20098.27 2348.72 0
v 20154.04 2325.68 0
v 20150.11 2319.30 0
v 20173.97 2310.81 0
v 20169.19 2305.03 0
v 20184.74 2300.26 0
v 20178.96 2295.49 0
v 20215.04 2261.06 0
v 20209.20 2256.36 0
v 20226.48 2248.36 0
v 20221.41 2242.83 0
v 20242.24 2236.17 0
v 20237.78 2230.14 0
v 20261.68 2222.39 0
v 20256.97 2216.55 0
v 20267.56 2215.40 0
v 20260.97 2211.81 0
v 20290.91 2169.36 0
v 20284.30 2165.81 0
v 20299.14 2156.60 0
v 20292.95 2152.37 0
v 20311.70 2138.97 0
v 20305.70 2134.47 0
v 20343.76 2097.20 0
v 20337.62 2092.90 0
v 20353.86 2078.79 0
v 20347.28 2075.19 0
v 20358.24 2070.83 0
v 20351.69 2067.17 0
v 20380.62 2030.84 0
v 20374.27 2026.85 0
v 20393.53 2014.53 0
v 20388.00 2009.46 0
v 20406.42 2002.74 0
v 20401.49 1997.09 0
v 20417.91 1993.26 0
v 20413.47 1987.22 0
v 20426.00 1988.31 0
v 20422.35 1981.76 0
v 20444.70 1978.36 0
v 20441.37 1971.64 0
v 20451.36 1975.67 0
v 20449.12 1968.51 0
v 20502.57 1960.33 0
v 20500.37 1953.16 0
v 20514.63 1956.28 0
v 20511.63 1949.41 0
v 20536.79 1945.44 0
v 20533.31 1938.80 0
v 20543.80 1940.93 0
v 20539.21 1935.00 0
v 20548.83 1936.16 0
v 20543.47 1930.92 0
v 20553.76 1930.75 0
v 20547.67 1926.37 0
v 20556.86 1924.75 0
v 20549.71 1922.50 0
v 20560.96 1908.40 0
v 20553.62 1906.85 0
v 20563.33 1893.93 0
v 20555.85 1893.45 0
v 20562.49 1882.99 0
v 20555.16 1884.57 0
v 20558.90 1874.33 0
v 20552.90 1878.83 0
v 20523.21 1830.09 0
v 20517.24 1834.63 0
v 20520.20 1823.84 0
v 20513.02 1826.01 0
v 20512.77 1794.64 0
v 20505.59 1796.78 0
v 20508.83 1786.08 0
v 20502.32 1789.80 0
v 20504.05 1779.35 0
v 20498.41 1784.29 0
v 20491.59 1766.35 0
v 20485.56 1770.80 0
v 20486.65 1756.06 0
v 20479.50 1758.34 0
v 20484.57 1744.09 0
v 20477.09 1744.63 0
v 20484.76 1730.12 0
v 20477.38 1728.82 0
v 20490.25 1712.10 0
v 20483.18 1709.60 0
v 20493.83 1704.56 0
v 20487.16 1701.12 0
v 20499.41 1694.42 0
v 20492.57 1691.35 0
v 20502.46 1684.93 0
v 20495.01 1684.10 0
v 20504.13 1653.59 0
v 20496.63 1653.52 0
v 20502.80 1643.60 0
v 20495.52 1645.44 0
v 20498.67 1632.35 0
v 20492.40 1636.48 0
v 20487.06 1619.39 0
v 20481.26 1624.14 0
v 20483.79 1614.54 0
v 20476.71 1616.99 0
v 20479.81 1597.69 0
v 20472.77 1600.28 0
v 20466.13 1566.68 0
v 20458.85 1568.51 0
v 20463.23 1532.12 0
v 20455.73 1532.45 0
v 20463.66 1507.60 0
v 20456.16 1507.65 0
v 20462.93 1497.93 0
v 20455.64 1499.73 0
v 20458.28 1486.89 0
v 20452.49 1491.66 0
v 20448.13 1480.35 0
v 20445.92 1487.51 0
v 20435.46 1479.42 0
v 20435.70 1486.91 0
v 20422.52 1481.01 0
v 20423.72 1488.41 0
v 20395.90 1485.82 0
v 20397.09 1493.22 0
v 20381.26 1487.68 0
v 20381.40 1495.18 0
v 20371.34 1486.42 0
v 20369.17 1493.60 0
v 20362.75 1482.13 0
v 20358.40 1488.24 0
v 20358.60 1477.66 0
v 20351.93 1481.08 0
v 20357.73 1472.05 0
v 20350.25 1472.61 0
v 20357.59 1468.50 0
v 20351.04 1464.85 0
v 20367.35 1455.83 0
v 20361.83 1450.75 0
v 20386.27 1437.49 0
v 20381.48 1431.72 0
v 20408.30 1421.79 0
v 20404.46 1415.34 0
v 20447.89 1400.85 0
v 20444.73 1394.05 0
v 20505.34 1376.58 0
v 20502.76 1369.54 0
v 20519.89 1374.34 0
v 20519.26 1366.87 0
v 20528.42 1374.69 0
v 20529.47 1367.26 0
v 20557.36 1379.73 0
v 20558.26 1372.28 0
v 20575.48 1380.13 0
v 20573.81 1372.82 0
v 20587.49 1372.50 0
v 20582.14 1367.24 0
v 20597.82 1357.80 0
v 20590.81 1355.13 0
v 20599.99 1340.09 0
v 20592.51 1339.62 0
v 20600.90 1310.82 0
v 20593.41 1310.49 0
v 20602.14 1290.91 0
v 20594.69 1290.02 0
v 20608.53 1246.67 0
v 20601.21 1245.04 0
v 20648.37 1082.75 0
v 20641.05 1081.14 0
v 20651.11 1052.33 0
v 20643.61 1052.15 0
v 20649.58 1033.91 0
v 20642.15 1034.92 0
v 20644.15 1000.40 0
v 20636.76 1001.68 0
v 20640.59 981.97 0
v 20633.34 983.90 0
v 20626.43 933.75 0
v 20619.27 935.99 0
v 20621.70 921.47 0
v 20614.93 924.68 0
v 20603.04 884.32 0
v 20596.57 888.11 0
v 20589.71 866.92 0
v 20583.92 871.68 0
v 20575.04 850.18 0
v 20569.63 855.38 0
v 20533.69 808.68 0
v 20528.53 814.12 0
v 20482.87 762.78 0
v 20478.03 768.51 0
v 20440.32 729.89 0
v 20435.56 735.69 0
v 20432.92 721.90 0
v 20427.44 727.02 0
v 19802.10 2482.90 0
v 19797.56 2476.94 0
v 19813.36 2474.33 0
v 19808.82 2468.36 0
v 18480.97 3539.35 0
v 18487.11 3535.06 0
v 18500.84 3567.79 0
v 18506.99 3563.50 0
v 18513.25 3573.62 0
v 18506.87 3577.57 0
v 18507.11 3563.67 0
v 18500.73 3567.62 0
v 12890.88 -501.60 0
v 12895.94 -507.13 0
v 12899.17 -494.03 0
v 12904.44 -499.36 0
v 12905.89 -486.74 0
v 12911.40 -491.83 0
v 17713.12 5559.54 0
v 17709.63 5557.12 0
v 17722.71 5545.69 0
v 17719.21 5543.27 0
v 17732.48 5569.43 0
v 17730.18 5573.00 0
v 17712.53 5556.55 0
v 17710.22 5560.12 0
v 17725.80 5553.88 0
v 17726.16 5561.37 0
v 17711.20 5554.59 0
v 17711.56 5562.08 0
v 17722.49 5559.00 0
v 17729.47 5556.25 0
v 17727.84 5572.59 0
v 17734.82 5569.84 0
v 17734.35 5777.10 0
v 17726.85 5776.90 0
v 17735.29 5742.99 0
v 17727.80 5742.61 0
v 17736.77 5728.99 0
v 17729.37 5727.80 0
v 17750.35 5649.20 0
v 17742.93 5648.10 0
v 17750.56 5636.04 0
v 17743.06 5636.15 0
v 17749.96 5621.71 0
v 17742.52 5622.67 0
v 17746.67 5605.63 0
v 17739.39 5607.46 0
v 17741.98 5589.90 0
v 17734.86 5592.26 0
v 17734.86 5569.96 0
v 17727.80 5572.48 0
v 17729.48 5556.28 0
v 17722.48 5558.96 0
v 17724.46 5543.14 0
v 17717.46 5545.82 0
v 17715.61 5541.14 0
v 17722.58 5538.38 0
v 17717.47 5545.86 0
v 17724.45 5543.10 0
v 17571.94 6699.27 0
v 17575.83 6700.99 0
v 17569.12 6705.63 0
v 17573.10 6707.14 0
v 17568.05 6709.64 0
v 17572.23 6710.42 0
v 17565.96 6722.40 0
v 17570.15 6723.09 0
v 17568.60 6720.69 0
v 17567.51 6724.80 0
v 17557.63 6717.81 0
v 17556.76 6721.97 0
v 17543.99 6715.53 0
v 17543.29 6719.73 0
v 17561.18 6707.04 0
v 17568.54 6705.61 0
v 17564.37 6723.46 0
v 17571.74 6722.03 0
v 17573.41 6729.78 0
v 17566.08 6731.37 0
v 17571.72 6721.96 0
v 17564.39 6723.54 0
v 17563.10 6703.01 0
v 17566.63 6709.63 0
v 17541.87 6714.32 0
v 17545.40 6720.94 0
v 17566.99 6709.42 0
v 17562.74 6703.23 0
v 17576.01 6703.22 0
v 17571.76 6697.04 0
v 12059.13 -191.90 0
v 12064.57 -197.07 0
v 12067.58 -183.01 0
v 12073.02 -188.17 0
v 12810.92 -45.79 0
v 12812.20 -38.40 0
v 12782.00 -40.76 0
v 12783.52 -33.42 0
v 12731.00 -29.21 0
v 12732.80 -21.93 0
v 12719.46 -25.27 0
v 12722.09 -18.24 0
v 12705.10 -19.52 0
v 12708.34 -12.75 0
v 12683.18 -7.89 0
v 12686.39 -1.11 0
v 12670.81 -3.22 0
v 12672.96 3.97 0
v 12662.21 -1.61 0
v 12662.88 5.86 0
v 12654.28 -1.70 0
v 12652.92 5.68 0
v 12632.27 -7.26 0
v 12630.59 0.05 0
v 12613.60 -11.02 0
v 12612.29 -3.63 0
v 12599.62 -12.99 0
v 12599.27 -5.50 0
v 12546.33 -14.20 0
v 12545.97 -6.71 0
v 12535.54 -15.98 0
v 12533.94 -8.65 0
v 12517.96 -20.47 0
v 12516.50 -13.11 0
v 12482.46 -26.54 0
v 12481.10 -19.17 0
v 12468.83 -29.59 0
v 12467.62 -22.19 0
v 12460.26 -30.02 0
v 12461.28 -22.59 0
v 12410.89 -21.78 0
v 12412.06 -14.37 0
v 12405.78 -21.31 0
v 12405.85 -13.81 0
v 12396.31 -21.66 0
v 12395.36 -14.22 0
v 12367.81 -26.18 0
v 12366.44 -18.81 0
v 12331.92 -33.55 0
v 12330.12 -26.27 0
v 12314.29 -39.42 0
v 12311.42 -32.49 0
v 12273.90 -57.64 0
v 12271.15 -50.66 0
v 12256.73 -61.96 0
v 12255.53 -54.55 0
v 12233.19 -64.28 0
v 12232.47 -56.82 0
v 12228.77 -64.66 0
v 12227.02 -57.37 0
v 12213.62 -69.00 0
v 12211.31 -61.86 0
v 12194.89 -75.58 0
v 12191.32 -68.99 0
v 12176.23 -89.26 0
v 12171.48 -83.46 0
v 12143.25 -117.97 0
v 12138.09 -112.53 0
v 12082.40 -178.33 0
v 12077.12 -173.01 0
v 12067.58 -183.00 0
v 12073.01 -188.18 0
v 12077.04 -173.08 0
v 12082.47 -178.26 0
v 14745.67 -386.98 0
v 14742.91 -390.22 0
v 14754.08 -394.14 0
v 14751.21 -397.28 0
v 14757.29 -397.67 0
v 14753.91 -400.25 0
v 14759.83 -401.67 0
v 14756.09 -403.68 0
v 14767.10 -415.84 0
v 14763.32 -417.78 0
v 14759.84 -416.58 0
v 14770.58 -417.05 0
v 14761.01 -389.55 0
v 14771.75 -390.01 0
v 14744.49 -384.86 0
v 14744.09 -392.35 0
v 14766.58 -386.03 0
v 14766.19 -393.52 0
v 14763.46 -415.61 0
v 14766.96 -418.02 0
v 14773.35 -401.19 0
v 14776.79 -403.68 0
v 14776.43 -397.78 0
v 14779.27 -400.94 0
v 14779.69 -395.50 0
v 14781.63 -399.28 0
v 14792.96 -389.22 0
v 14794.78 -393.06 0
v 14766.57 -386.03 0
v 14766.20 -393.52 0
v 14794.06 -387.40 0
v 14793.68 -394.89 0
v 15022.12 -401.67 0
v 15019.16 -404.72 0
v 15029.30 -408.63 0
v 15026.25 -411.60 0
v 15031.20 -411.04 0
v 15027.77 -413.55 0
v 15033.10 -413.84 0
v 15029.31 -415.76 0
v 15038.67 -425.75 0
v 15034.81 -427.55 0
v 15034.84 -425.71 0
v 15038.64 -427.59 0
v 15040.05 -415.19 0
v 15043.81 -417.17 0
v 15042.19 -411.78 0
v 15045.66 -414.24 0
v 15044.64 -408.75 0
v 15047.58 -411.82 0
v 15051.59 -402.71 0
v 15054.38 -405.92 0
v 15029.74 -426.44 0
v 15043.74 -426.86 0
v 15030.43 -403.64 0
v 15044.42 -404.06 0
v 15052.87 -408.07 0
v 15053.10 -400.57 0
v 15037.31 -407.60 0
v 15037.53 -400.11 0
v 15043.74 -426.77 0
v 15029.74 -426.53 0
v 15043.64 -432.66 0
v 15029.64 -432.43 0
v 15042.44 -481.04 0
v 15028.46 -481.68 0
v 15043.08 -494.91 0
v 15029.10 -495.55 0
v 15043.64 -432.71 0
v 15029.64 -432.37 0
v 15042.45 -481.53 0
v 15028.45 -481.19 0
v 14794.12 -387.40 0
v 14793.62 -394.89 0
v 14956.35 -398.10 0
v 14955.95 -405.59 0
v 15020.72 -399.45 0
v 15020.56 -406.95 0
v 15037.28 -407.60 0
v 15037.57 -400.11 0
v 15020.49 -406.95 0
v 15020.79 -399.45 0
v 14764.63 -563.63 0
v 14758.20 -559.78 0
v 14756.99 -576.41 0
v 14750.56 -572.54 0
v 14755.24 -579.24 0
v 14748.97 -575.13 0
v 14753.38 -581.89 0
v 14747.32 -577.46 0
v 14747.50 -589.84 0
v 14741.47 -585.39 0
v 14784.07 -580.17 0
v 14786.05 -576.41 0
v 14776.03 -575.93 0
v 14778.05 -572.19 0
v 14772.70 -574.04 0
v 14775.03 -570.48 0
v 14769.65 -571.74 0
v 14772.40 -568.49 0
v 14760.02 -563.31 0
v 14762.82 -560.11 0
v 14761.16 -578.67 0
v 14762.45 -586.06 0
v 14784.41 -574.60 0
v 14785.71 -581.98 0
v 14762.26 -586.09 0
v 14761.35 -578.64 0
v 14756.62 -586.78 0
v 14755.39 -579.38 0
v 14754.00 -587.44 0
v 14751.97 -580.22 0
v 14751.41 -588.23 0
v 14748.36 -581.38 0
v 14746.22 -590.94 0
v 14742.75 -584.29 0
v 14754.81 -582.50 0
v 14768.80 -582.23 0
v 14754.42 -561.84 0
v 14768.42 -561.58 0
v 14773.82 -417.25 0
v 14756.59 -416.38 0
v 14773.20 -429.60 0
v 14755.97 -428.73 0
v 14752.79 -561.54 0
v 14770.04 -561.88 0
v 14754.41 -480.26 0
v 14771.65 -480.61 0
v 14773.21 -429.43 0
v 14755.97 -428.90 0
v 14771.65 -480.70 0
v 14754.41 -480.17 0
v 15109.39 -530.85 0
v 15113.25 -524.42 0
v 15087.04 -517.45 0
v 15090.92 -511.03 0
v 15082.12 -514.38 0
v 15085.94 -507.92 0
v 15076.60 -511.25 0
v 15079.83 -504.48 0
v 15070.84 -508.99 0
v 15073.47 -501.96 0
v 15052.82 -502.39 0
v 15055.34 -495.32 0
v 15049.70 -501.46 0
v 15051.63 -494.21 0
v 15046.60 -500.73 0
v 15047.91 -493.35 0
v 15035.49 -498.93 0
v 15036.69 -491.53 0
v 14784.34 -574.61 0
v 14785.78 -581.97 0
v 14798.83 -571.79 0
v 14800.49 -579.10 0
v 14804.84 -569.97 0
v 14807.41 -577.02 0
v 14808.92 -568.14 0
v 14812.76 -574.59 0
v 14813.28 -564.92 0
v 14818.11 -570.66 0
v 14897.10 -493.96 0
v 14901.90 -499.72 0
v 14902.72 -490.37 0
v 14906.18 -497.03 0
v 14908.90 -487.78 0
v 14911.34 -494.87 0
v 14915.39 -486.02 0
v 14916.58 -493.42 0
v 14921.97 -485.71 0
v 14921.62 -493.20 0
v 15036.28 -491.49 0
v 15035.90 -498.98 0
v 15113.14 -524.35 0
v 15109.51 -530.91 0
v 15124.59 -530.70 0
v 15120.99 -537.28 0
v 15132.67 -535.03 0
v 15129.48 -541.82 0
v 15139.70 -537.80 0
v 15137.20 -544.87 0
v 15146.96 -540.07 0
v 15145.00 -547.31 0
v 15157.47 -542.61 0
v 15156.01 -549.96 0
v 15200.13 -550.66 0
v 15198.74 -558.03 0
v 15068.71 -555.64 0
v 15072.47 -557.63 0
v 15075.15 -543.47 0
v 15078.92 -545.44 0
v 15077.51 -538.76 0
v 15081.18 -540.91 0
v 15080.05 -535.21 0
v 15083.16 -538.11 0
v 15083.90 -531.91 0
v 15086.27 -535.44 0
v 15087.55 -530.17 0
v 15089.13 -534.12 0
v 15091.15 -528.98 0
v 15092.07 -533.13 0
v 15095.92 -528.28 0
v 15096.65 -532.47 0
v 15110.94 -525.54 0
v 15111.70 -529.72 0
v 15039.84 -495.09 0
v 15032.34 -495.38 0
v 15040.12 -502.48 0
v 15032.64 -503.08 0
v 15040.63 -505.80 0
v 15033.39 -507.73 0
v 15041.75 -508.68 0
v 15035.08 -512.11 0
v 15043.62 -511.56 0
v 15037.73 -516.21 0
v 15065.37 -538.52 0
v 15059.50 -543.19 0
v 15068.17 -542.51 0
v 15061.75 -546.39 0
v 15070.20 -546.49 0
v 15063.39 -549.64 0
v 15074.02 -555.11 0
v 15067.16 -558.15 0
v 15218.64 -896.75 0
v 15225.93 -894.99 0
v 15216.32 -887.16 0
v 15223.55 -885.15 0
v 15214.24 -880.83 0
v 15221.28 -878.26 0
v 15210.99 -872.52 0
v 15217.81 -869.41 0
v 15195.04 -838.75 0
v 15201.86 -835.61 0
v 15185.37 -816.98 0
v 15192.10 -813.68 0
v 15107.24 -659.10 0
v 15113.96 -655.78 0
v 15102.36 -648.81 0
v 15109.26 -645.89 0
v 15098.40 -638.17 0
v 15105.53 -635.85 0
v 15090.30 -611.82 0
v 15097.44 -609.52 0
v 15087.08 -602.88 0
v 15094.08 -600.19 0
v 15083.05 -592.95 0
v 15089.91 -589.90 0
v 15067.18 -558.19 0
v 15074.00 -555.07 0
v 14517.43 -596.12 0
v 14514.61 -603.08 0
v 14528.21 -600.49 0
v 14525.44 -607.46 0
v 14534.14 -602.81 0
v 14532.49 -610.12 0
v 14685.55 -635.91 0
v 14683.95 -643.24 0
v 14746.95 -590.44 0
v 14742.03 -584.79 0
v 14687.21 -642.41 0
v 14682.29 -636.75 0
v 14688.32 -638.42 0
v 14681.18 -640.73 0
v 14709.93 -705.05 0
v 14702.80 -707.39 0
v 14714.37 -717.75 0
v 14707.21 -720.00 0
v 14717.05 -727.74 0
v 14709.75 -729.42 0
v 14718.54 -735.90 0
v 14711.12 -736.97 0
v 14719.50 -744.79 0
v 14712.02 -745.36 0
v 14722.23 -784.34 0
v 14714.74 -784.79 0
v 14722.69 -798.20 0
v 14715.20 -798.45 0
v 14719.05 -794.58 0
v 14718.84 -802.08 0
v 14733.30 -794.97 0
v 14733.10 -802.47 0
v 14733.22 -794.97 0
v 14733.18 -802.47 0
v 14861.98 -795.80 0
v 14861.93 -803.30 0
v 14976.31 -870.06 0
v 14979.35 -863.20 0
v 14939.01 -853.50 0
v 14942.10 -846.67 0
v 14931.15 -849.62 0
v 14934.63 -842.97 0
v 14922.46 -844.83 0
v 14926.39 -838.44 0
v 14907.16 -834.87 0
v 14911.81 -828.99 0
v 14874.98 -807.35 0
v 14879.77 -801.58 0
v 14872.13 -805.67 0
v 14875.56 -799.01 0
v 14869.24 -804.44 0
v 14871.59 -797.32 0
v 14866.43 -803.79 0
v 14867.59 -796.38 0
v 14861.56 -803.28 0
v 14862.35 -795.82 0
v 20262.26 576.03 0
v 20267.79 570.97 0
v 20266.73 580.91 0
v 20272.09 575.67 0
v 20291.82 606.26 0
v 20297.00 600.83 0
v 20298.16 610.79 0
v 20302.08 604.40 0
v 20325.23 626.87 0
v 20329.18 620.50 0
v 20341.25 637.53 0
v 20345.90 631.65 0
v 20358.31 653.05 0
v 20363.40 647.54 0
v 20360.82 655.62 0
v 20366.46 650.68 0
v 20383.84 682.21 0
v 20389.38 677.16 0
v 20400.50 699.11 0
v 20405.84 693.85 0
v 20402.40 698.46 0
v 20403.94 694.50 0
v 20437.89 712.23 0
v 20439.42 708.27 0
v 20437.13 708.77 0
v 20440.18 711.73 0
v 20431.53 714.56 0
v 20434.69 717.41 0
v 20430.20 716.59 0
v 20434.02 718.44 0
v 20429.31 719.03 0
v 20433.41 720.17 0
v 20428.12 723.96 0
v 20432.25 724.96 0
v 20422.31 710.65 0
v 20416.96 715.90 0
v 20405.85 693.85 0
v 20400.49 699.11 0
v 20420.22 716.98 0
v 20419.05 709.57 0
v 20436.28 714.43 0
v 20435.10 707.02 0
v 20439.24 713.95 0
v 20438.06 706.55 0
v 20416.91 715.85 0
v 20422.36 710.70 0
v 20427.45 727.03 0
v 20432.91 721.89 0
v 23634.27 -7440.70 0
v 23628.09 -7444.94 0
v 23635.10 -7442.02 0
v 23629.79 -7447.32 0
v 23637.50 -7443.94 0
v 23633.26 -7450.13 0
v 23639.77 -7445.21 0
v 23636.66 -7452.03 0
v 23642.77 -7446.34 0
v 23640.86 -7453.59 0
v 23647.35 -7447.20 0
v 23646.59 -7454.66 0
v 23651.87 -7447.26 0
v 23652.17 -7454.76 0
v 23655.78 -7446.86 0
v 23657.10 -7454.24 0
v 23666.53 -7444.62 0
v 23668.47 -7451.86 0
v 23687.67 -7438.34 0
v 23690.27 -7445.37 0
v 23698.65 -7432.78 0
v 23702.61 -7439.15 0
v 23701.87 -7429.61 0
v 23707.52 -7434.54 0
v 23708.99 -7420.75 0
v 23715.34 -7424.75 0
v 23709.35 -7418.89 0
v 23716.84 -7418.56 0
v 23708.12 -7413.22 0
v 23715.27 -7410.97 0
v 23705.42 -7406.54 0
v 23711.99 -7402.93 0
v 23688.80 -7378.20 0
v 23695.72 -7375.30 0
v 23670.14 -7322.23 0
v 23677.33 -7320.08 0
v 23670.55 -7315.56 0
v 23677.87 -7317.16 0
v 23672.42 -7310.06 0
v 23679.22 -7313.23 0
v 23674.65 -7306.80 0
v 23680.49 -7311.51 0
v 23676.87 -7304.71 0
v 23680.81 -7311.09 0
v 23681.85 -7302.22 0
v 23684.24 -7309.33 0
v 23689.59 -7300.41 0
v 23690.48 -7307.86 0
v 23701.46 -7299.85 0
v 23701.02 -7307.34 0
v 23740.03 -7303.35 0
v 23739.15 -7310.79 0
v 23788.88 -7310.10 0
v 23787.71 -7317.51 0
v 23798.72 -7312.67 0
v 23796.27 -7319.76 0
v 23809.83 -7317.33 0
v 23806.10 -7323.84 0
v 23873.98 -7355.71 0
v 23870.01 -7362.08 0
v 23885.47 -7364.45 0
v 23880.74 -7370.27 0
v 23891.33 -7369.82 0
v 23885.94 -7375.03 0
v 23895.84 -7375.38 0
v 23889.17 -7378.80 0
v 23911.85 -7409.49 0
v 23905.18 -7412.92 0
v 23914.15 -7411.87 0
v 23909.69 -7417.90 0
v 23922.62 -7417.05 0
v 23919.27 -7423.76 0
v 23944.64 -7427.03 0
v 23941.12 -7433.66 0
v 23955.64 -7434.64 0
v 23951.04 -7440.57 0
v 23970.06 -7446.68 0
v 23965.48 -7452.61 0
v 23999.05 -7468.19 0
v 23994.21 -7473.92 0
v 24053.15 -7517.02 0
v 24048.26 -7522.71 0
v 24082.81 -7540.16 0
v 24077.98 -7545.90 0
v 24134.97 -7585.80 0
v 24130.14 -7591.54 0
v 24152.28 -7598.59 0
v 24148.18 -7604.87 0
v 24180.24 -7615.31 0
v 24176.29 -7621.68 0
v 24183.80 -7618.18 0
v 24178.78 -7623.75 0
v 24188.83 -7623.01 0
v 24183.04 -7627.77 0
v 24196.05 -7633.00 0
v 24190.13 -7637.60 0
v 24202.15 -7640.16 0
v 24196.79 -7645.41 0
v 24208.56 -7645.76 0
v 24203.93 -7651.66 0
v 24270.93 -7694.08 0
v 24266.38 -7700.04 0
v 24293.17 -7710.49 0
v 24288.54 -7716.38 0
v 24298.31 -7715.70 0
v 24292.71 -7720.68 0
v 24301.99 -7720.38 0
v 24295.71 -7724.48 0
v 24316.40 -7743.29 0
v 24309.88 -7747.00 0
v 24327.87 -7765.83 0
v 24321.26 -7769.37 0
v 24339.01 -7785.43 0
v 24332.62 -7789.36 0
v 24347.44 -7797.69 0
v 24341.43 -7802.17 0
v 24353.80 -7805.26 0
v 24348.20 -7810.24 0
v 24373.75 -7827.29 0
v 24368.28 -7832.41 0
v 24400.78 -7855.37 0
v 24395.18 -7860.36 0
v 24447.44 -7910.03 0
v 24441.70 -7914.86 0
v 24462.66 -7928.94 0
v 24456.58 -7933.33 0
v 24478.28 -7952.86 0
v 24471.87 -7956.76 0
v 24493.44 -7979.40 0
v 24487.08 -7983.37 0
v 24503.56 -7993.37 0
v 24497.60 -7997.93 0
v 24512.12 -8003.82 0
v 24506.69 -8008.99 0
v 24519.64 -8010.29 0
v 24514.86 -8016.07 0
v 24524.02 -8013.64 0
v 24519.72 -8019.79 0
v 24527.20 -8015.61 0
v 24523.79 -8022.29 0
v 24534.02 -8018.75 0
v 24531.60 -8025.85 0
v 24588.61 -8036.54 0
v 24586.19 -8043.64 0
v 24601.51 -8041.84 0
v 24598.10 -8048.52 0
v 24609.14 -8047.11 0
v 24604.31 -8052.86 0
v 24621.29 -8058.37 0
v 24615.91 -8063.59 0
v 24626.27 -8064.81 0
v 24620.14 -8069.12 0
v 24630.82 -8071.91 0
v 24624.14 -8075.33 0
v 24634.27 -8080.52 0
v 24627.05 -8082.54 0
v 24636.07 -8090.87 0
v 24628.57 -8091.00 0
v 24635.27 -8130.58 0
v 24627.78 -8130.23 0
v 24633.40 -8148.89 0
v 24625.98 -8147.81 0
v 24622.63 -8216.98 0
v 24615.21 -8215.91 0
v 24622.45 -8223.83 0
v 24614.96 -8224.18 0
v 24625.30 -8272.33 0
v 24617.81 -8272.65 0
v 24624.70 -8278.65 0
v 24617.33 -8277.25 0
v 24623.03 -8284.37 0
v 24616.15 -8281.39 0
v 24618.88 -8292.22 0
v 24612.54 -8288.21 0
v 24612.63 -8300.76 0
v 24607.23 -8295.55 0
v 24597.38 -8314.64 0
v 24591.98 -8309.43 0
v 24596.92 -8316.35 0
v 24589.66 -8314.47 0
v 24596.62 -8318.97 0
v 24589.12 -8318.99 0
v 24596.95 -8321.40 0
v 24589.67 -8323.20 0
v 24598.40 -8326.05 0
v 24591.66 -8329.34 0
v 24621.63 -8371.89 0
v 24614.86 -8375.09 0
v 24623.80 -8380.07 0
v 24616.40 -8381.25 0
v 24626.92 -8404.13 0
v 24619.51 -8405.24 0
v 24628.70 -8413.03 0
v 24621.57 -8415.35 0
v 24632.30 -8421.05 0
v 24626.14 -8425.33 0
v 24645.95 -8437.60 0
v 24640.04 -8442.22 0
v 24651.05 -8445.12 0
v 24644.56 -8448.88 0
v 24655.34 -8453.81 0
v 24648.39 -8456.62 0
v 24660.64 -8468.71 0
v 24653.49 -8470.99 0
v 24663.30 -8478.83 0
v 24655.90 -8480.06 0
v 24664.48 -8491.74 0
v 24656.99 -8492.20 0
v 24664.77 -8502.23 0
v 24657.31 -8503.03 0
v 24666.63 -8512.26 0
v 24659.34 -8514.01 0
v 24668.77 -8518.93 0
v 24661.78 -8521.66 0
v 24672.87 -8528.20 0
v 24666.23 -8531.70 0
v 24673.88 -8529.54 0
v 24669.72 -8535.79 0
v 24674.81 -8529.52 0
v 24674.22 -8536.99 0
v 24675.77 -8529.51 0
v 24678.12 -8536.64 0
v 24677.62 -8528.42 0
v 24681.75 -8534.68 0
v 24680.66 -8526.19 0
v 24685.86 -8531.60 0
v 24690.47 -8515.98 0
v 24695.31 -8521.70 0
v 24696.11 -8513.72 0
v 24697.59 -8521.07 0
v 24704.22 -8512.77 0
v 24704.56 -8520.26 0
v 24729.83 -8512.15 0
v 24729.87 -8519.65 0
v 24738.18 -8512.65 0
v 24737.03 -8520.06 0
v 24745.04 -8514.55 0
v 24742.44 -8521.58 0
v 24753.41 -8518.24 0
v 24749.74 -8524.78 0
v 24761.34 -8523.68 0
v 24756.71 -8529.59 0
v 24772.53 -8533.16 0
v 24768.15 -8539.25 0
v 24775.76 -8534.42 0
v 24774.08 -8541.73 0
v 24780.13 -8534.73 0
v 24780.34 -8542.23 0
v 24781.69 -8534.56 0
v 24785.35 -8541.10 0
v 24782.80 -8533.18 0
v 24788.96 -8537.46 0
v 24785.77 -8528.16 0
v 24792.63 -8531.18 0
v 24787.67 -8522.03 0
v 24794.88 -8524.08 0
v 24788.90 -8517.06 0
v 24796.30 -8518.30 0
v 24789.46 -8511.59 0
v 24796.96 -8511.52 0
v 24788.83 -8504.90 0
v 24796.12 -8503.13 0
v 24776.60 -8459.04 0
v 24783.82 -8457.00 0
v 24774.46 -8453.73 0
v 24781.09 -8450.23 0
v 24770.29 -8447.20 0
v 24776.35 -8442.79 0
v 24760.64 -8434.80 0
v 24766.86 -8430.61 0
v 24757.77 -8428.39 0
v 24764.90 -8426.05 0
v 24756.61 -8422.73 0
v 24764.04 -8421.76 0
v 24756.39 -8417.49 0
v 24763.84 -8418.34 0
v 24758.11 -8411.25 0
v 24764.63 -8414.95 0
v 24762.69 -8406.43 0
v 24767.15 -8412.46 0
v 24769.42 -8402.62 0
v 24772.40 -8409.49 0
v 24776.53 -8400.59 0
v 24776.84 -8408.08 0
v 24830.80 -8399.83 0
v 24831.05 -8407.32 0
v 24840.59 -8398.49 0
v 24842.06 -8405.84 0
v 24857.31 -8394.47 0
v 24858.85 -8401.81 0
v 24864.46 -8393.54 0
v 24864.87 -8401.03 0
v 24874.69 -8393.47 0
v 24874.46 -8400.97 0
v 24883.96 -8394.18 0
v 24882.62 -8401.55 0
v 24904.55 -8398.88 0
v 24902.64 -8406.14 0
v 24910.52 -8401.22 0
v 24907.22 -8407.95 0
v 24919.21 -8406.04 0
v 24914.96 -8412.22 0
v 24931.63 -8415.67 0
v 24927.44 -8421.88 0
v 24952.77 -8428.72 0
v 24948.96 -8435.18 0
v 24957.09 -8430.73 0
v 24954.51 -8437.78 0
v 24962.34 -8432.20 0
v 24960.83 -8439.54 0
v 24968.76 -8433.14 0
v 24968.56 -8440.64 0
v 24981.54 -8432.68 0
v 24982.36 -8440.13 0
v 24986.38 -8431.24 0
v 24988.73 -8438.36 0
v 24992.16 -8429.12 0
v 24995.35 -8435.91 0
v 24997.08 -8426.22 0
v 25001.20 -8432.49 0
v 25000.65 -8423.55 0
v 25005.63 -8429.16 0
v 25009.97 -8414.74 0
v 25015.45 -8419.87 0
v 25027.80 -8394.51 0
v 25033.17 -8399.75 0
v 25038.88 -8385.09 0
v 25043.49 -8391.00 0
v 25060.64 -8368.83 0
v 25065.33 -8374.68 0
v 25063.88 -8365.16 0
v 25069.67 -8369.92 0
v 25066.46 -8361.66 0
v 25072.63 -8365.92 0
v 25069.79 -8356.60 0
v 25076.29 -8360.34 0
v 25072.47 -8351.25 0
v 25079.37 -8354.19 0
v 25080.77 -8330.76 0
v 25087.82 -8333.31 0
v 25097.63 -8281.85 0
v 25104.69 -8284.36 0
v 25100.13 -8276.58 0
v 25106.46 -8280.61 0
v 25104.40 -8271.17 0
v 25109.91 -8276.25 0
v 25110.05 -8265.85 0
v 25114.42 -8271.94 0
v 25114.51 -8264.75 0
v 25114.29 -8272.25 0
v 25118.09 -8265.86 0
v 25114.04 -8272.16 0
v 25131.89 -8275.30 0
v 25127.38 -8281.29 0
v 25136.30 -8279.72 0
v 25130.30 -8284.22 0
v 25139.25 -8285.39 0
v 25131.95 -8287.08 0
v 25139.93 -8294.34 0
v 25132.43 -8294.32 0
v 25139.27 -8309.12 0
v 25131.82 -8308.25 0
v 25136.59 -8323.06 0
v 25129.34 -8321.13 0
v 25131.25 -8339.17 0
v 25124.27 -8336.44 0
v 25125.18 -8352.19 0
v 25118.70 -8348.41 0
v 25103.70 -8386.52 0
v 25097.42 -8382.42 0
v 25098.30 -8393.38 0
v 25092.58 -8388.52 0
v 25091.44 -8401.01 0
v 25086.13 -8395.72 0
v 25074.81 -8416.99 0
v 25069.40 -8411.80 0
v 25066.02 -8427.46 0
v 25060.03 -8422.96 0
v 25061.85 -8434.15 0
v 25055.05 -8430.98 0
v 25060.45 -8439.04 0
v 25052.98 -8438.41 0
v 25061.06 -8443.98 0
v 25053.75 -8445.66 0
v 25061.80 -8445.85 0
v 25055.99 -8450.60 0
v 25066.29 -8449.98 0
v 25062.04 -8456.16 0
v 25070.74 -8451.96 0
v 25068.16 -8459.00 0
v 25104.25 -8463.73 0
v 25101.41 -8470.67 0
v 25143.31 -8481.61 0
v 25140.06 -8488.37 0
v 25181.45 -8500.81 0
v 25177.96 -8507.45 0
v 25189.60 -8505.97 0
v 25184.69 -8511.64 0
v 25194.72 -8512.53 0
v 25188.05 -8515.96 0
v 25195.89 -8519.37 0
v 25188.52 -8517.96 0
v 25192.18 -8525.14 0
v 25187.56 -8519.22 0
v 25174.79 -8537.00 0
v 25169.98 -8531.24 0
v 25146.27 -8563.41 0
v 25141.05 -8558.03 0
v 25140.58 -8570.17 0
v 25134.29 -8566.08 0
v 25139.08 -8574.17 0
v 25131.74 -8572.63 0
v 25139.09 -8576.76 0
v 25131.79 -8578.49 0
v 25139.92 -8578.68 0
v 25134.66 -8584.02 0
v 25142.64 -8579.86 0
v 25139.87 -8586.83 0
v 25162.57 -8587.36 0
v 25159.51 -8594.21 0
v 25186.35 -8599.41 0
v 25182.66 -8605.94 0
v 25191.52 -8603.89 0
v 25186.24 -8609.22 0
v 25196.61 -8609.49 0
v 25190.48 -8613.80 0
v 25199.89 -8616.01 0
v 25192.73 -8618.24 0
v 25203.57 -8631.25 0
v 25196.34 -8633.24 0
v 25204.96 -8635.12 0
v 25198.71 -8639.26 0
v 25208.39 -8638.67 0
v 25204.06 -8644.79 0
v 25213.29 -8641.03 0
v 25211.50 -8648.31 0
v 25217.50 -8640.90 0
v 25218.43 -8648.34 0
v 25222.54 -8639.75 0
v 25225.31 -8646.72 0
v 25235.72 -8633.58 0
v 25239.42 -8640.11 0
v 25255.46 -8621.06 0
v 25259.31 -8627.49 0
v 25262.23 -8617.85 0
v 25264.38 -8625.03 0
v 25269.27 -8616.97 0
v 25269.30 -8624.47 0
v 25277.35 -8617.67 0
v 25276.38 -8625.11 0
v 25289.07 -8619.53 0
v 25288.60 -8627.01 0
v 25294.17 -8618.88 0
v 25295.81 -8626.20 0
v 25298.72 -8617.30 0
v 25301.76 -8624.15 0
v 25302.68 -8615.03 0
v 25306.02 -8621.74 0
v 25311.72 -8610.84 0
v 25314.31 -8617.88 0
v 25317.48 -8609.71 0
v 25318.07 -8617.19 0
v 25324.14 -8609.76 0
v 25323.59 -8617.24 0
v 25341.02 -8611.38 0
v 25340.54 -8618.87 0
v 25345.89 -8611.28 0
v 25347.32 -8618.64 0
v 25353.48 -8608.91 0
v 25356.28 -8615.87 0
v 25356.10 -8607.20 0
v 25360.32 -8613.40 0
v 25360.19 -8604.29 0
v 25365.26 -8609.82 0
v 25371.73 -8592.82 0
v 25376.72 -8598.42 0
v 25379.78 -8586.99 0
v 25383.33 -8593.60 0
v 25386.82 -8584.86 0
v 25387.84 -8592.29 0
v 25396.14 -8584.59 0
v 25395.55 -8592.07 0
v 25404.11 -8586.27 0
v 25401.59 -8593.33 0
v 25432.02 -8597.27 0
v 25429.43 -8604.31 0
v 25438.32 -8598.83 0
v 25435.92 -8605.94 0
v 25460.36 -8606.86 0
v 25457.46 -8613.78 0
v 25471.66 -8612.80 0
v 25469.11 -8619.86 0
v 25476.99 -8613.17 0
v 25477.38 -8620.66 0
v 25512.98 -8610.38 0
v 25513.76 -8617.83 0
v 25518.45 -8608.94 0
v 25520.90 -8616.02 0
v 25521.82 -8607.33 0
v 25525.93 -8613.61 0
v 25525.50 -8604.31 0
v 25530.92 -8609.49 0
v 25529.75 -8598.96 0
v 25535.90 -8603.25 0
v 25546.86 -8573.69 0
v 25553.01 -8577.98 0
v 25550.58 -8569.18 0
v 25555.84 -8574.53 0
v 25555.58 -8565.22 0
v 25559.18 -8571.80 0
v 25561.63 -8563.22 0
v 25562.78 -8570.63 0
v 25573.06 -8562.31 0
v 25573.38 -8569.81 0
v 25600.30 -8561.54 0
v 25600.36 -8569.04 0
v 25610.95 -8562.12 0
v 25609.40 -8569.45 0
v 25621.80 -8566.07 0
v 25618.76 -8572.93 0
v 25627.04 -8569.26 0
v 25622.55 -8575.26 0
v 25632.67 -8574.17 0
v 25627.08 -8579.17 0
v 25645.98 -8590.33 0
v 25640.43 -8595.37 0
v 25650.86 -8594.37 0
v 25646.95 -8600.78 0
v 25655.78 -8596.21 0
v 25653.29 -8603.29 0
v 25655.15 -8595.99 0
v 25654.96 -8603.48 0
v 25662.55 -8596.22 0
v 25663.22 -8603.69 0
v 25672.29 -8594.51 0
v 25674.43 -8601.70 0
v 25679.48 -8591.23 0
v 25683.38 -8597.63 0
v 25711.58 -8570.42 0
v 25715.48 -8576.82 0
v 25730.39 -8560.24 0
v 25733.50 -8567.06 0
v 25750.56 -8552.63 0
v 25752.90 -8559.76 0
v 25759.60 -8550.68 0
v 25760.46 -8558.13 0
v 25796.21 -8547.31 0
v 25797.22 -8554.74 0
v 25816.25 -8543.06 0
v 25818.33 -8550.26 0
v 25850.16 -8531.73 0
v 25852.82 -8538.75 0
v 25887.47 -8516.02 0
v 25890.26 -8522.99 0
v 25895.26 -8513.81 0
v 25896.28 -8521.24 0
v 25904.74 -8513.71 0
v 25903.48 -8521.10 0
v 25912.46 -8516.70 0
v 25909.30 -8523.50 0
v 25918.21 -8519.95 0
v 25913.45 -8525.75 0
v 25920.96 -8524.55 0
v 25913.64 -8526.18 0
v 25921.31 -8531.63 0
v 25913.95 -8530.19 0
v 25917.87 -8541.57 0
v 25910.96 -8538.66 0
v 25905.78 -8568.62 0
v 25899.01 -8565.41 0
v 25899.61 -8579.88 0
v 25893.61 -8575.38 0
v 25893.12 -8584.78 0
v 25890.23 -8577.86 0
v 25859.56 -8597.19 0
v 25856.66 -8590.27 0
v 25830.50 -8611.00 0
v 25827.03 -8604.35 0
v 25820.27 -8617.64 0
v 25815.75 -8611.66 0
v 25808.59 -8627.58 0
v 25803.15 -8622.42 0
v 25782.07 -8658.03 0
v 25776.28 -8653.27 0
v 25775.17 -8668.06 0
v 25768.32 -8665.01 0
v 25773.92 -8676.17 0
v 25766.45 -8675.44 0
v 25774.21 -8678.16 0
v 25766.86 -8679.65 0
v 25774.90 -8680.75 0
v 25768.10 -8683.90 0
v 25776.70 -8683.48 0
v 25770.67 -8687.93 0
v 25778.12 -8685.22 0
v 25773.57 -8691.18 0
v 25787.40 -8691.47 0
v 25783.26 -8697.72 0
v 25786.73 -8691.40 0
v 25785.87 -8698.85 0
v 25788.39 -8691.37 0
v 25789.95 -8698.71 0
v 25788.47 -8691.47 0
v 25793.82 -8696.72 0
v 25792.85 -8685.95 0
v 25798.50 -8690.88 0
v 25799.74 -8678.60 0
v 25804.61 -8684.30 0
v 25813.20 -8668.57 0
v 25817.21 -8674.91 0
v 25849.12 -8647.29 0
v 25852.60 -8653.93 0
v 25860.06 -8644.20 0
v 25861.51 -8651.56 0
v 25872.00 -8642.70 0
v 25871.93 -8650.20 0
v 25932.59 -8644.75 0
v 25932.51 -8652.25 0
v 25939.44 -8643.65 0
v 25942.10 -8650.66 0
v 25968.58 -8630.81 0
v 25971.19 -8637.84 0
v 25993.75 -8623.51 0
v 25996.21 -8630.60 0
v 26038.13 -8606.69 0
v 26040.62 -8613.77 0
v 26050.36 -8603.64 0
v 26051.53 -8611.05 0
v 26061.97 -8602.98 0
v 26061.10 -8610.43 0
v 26111.19 -8610.66 0
v 26109.54 -8617.97 0
v 26144.62 -8621.69 0
v 26141.78 -8628.63 0
v 26164.95 -8632.64 0
v 26161.72 -8639.41 0
v 26185.72 -8641.26 0
v 26183.02 -8648.26 0
v 26191.61 -8642.93 0
v 26189.93 -8650.24 0
v 26198.05 -8644.09 0
v 26197.47 -8651.56 0
v 26209.36 -8644.30 0
v 26209.66 -8651.79 0
v 26239.45 -8642.44 0
v 26239.64 -8649.94 0
v 26245.97 -8643.63 0
v 26243.43 -8650.68 0
v 26251.80 -8646.71 0
v 26247.85 -8653.09 0
v 26276.04 -8662.11 0
v 26272.15 -8668.52 0
v 26283.50 -8665.97 0
v 26280.58 -8672.88 0
v 26290.56 -8668.30 0
v 26289.14 -8675.66 0
v 26306.51 -8670.32 0
v 26306.01 -8677.81 0
v 26334.50 -8671.19 0
v 26334.07 -8678.68 0
v 26354.07 -8673.11 0
v 26353.05 -8680.54 0
v 26385.38 -8678.13 0
v 26384.11 -8685.52 0
v 26405.89 -8681.98 0
v 26404.70 -8689.39 0
v 26416.05 -8683.09 0
v 26415.48 -8690.57 0
v 26418.78 -8683.00 0
v 26419.34 -8690.47 0
v 26421.99 -8682.65 0
v 26423.76 -8689.94 0
v 26426.17 -8681.25 0
v 26429.57 -8687.94 0
v 26428.66 -8679.43 0
v 26434.23 -8684.45 0
v 26443.38 -8661.77 0
v 26448.94 -8666.81 0
v 26447.59 -8658.80 0
v 26451.21 -8665.37 0
v 26451.77 -8656.95 0
v 26454.59 -8663.90 0
v 26456.09 -8655.35 0
v 26458.02 -8662.60 0
v 26461.46 -8654.43 0
v 26461.82 -8661.93 0
v 26479.71 -8654.14 0
v 26479.56 -8661.64 0
v 26492.29 -8655.03 0
v 26491.55 -8662.49 0
v 26507.90 -8656.90 0
v 26507.35 -8664.38 0
v 26510.79 -8656.54 0
v 26512.44 -8663.85 0
v 26512.77 -8655.73 0
v 26515.97 -8662.51 0
v 26515.66 -8654.21 0
v 26520.10 -8660.26 0
v 26528.02 -8644.48 0
v 26532.91 -8650.17 0
v 26537.85 -8635.15 0
v 26542.90 -8640.70 0
v 26543.01 -8630.86 0
v 26547.41 -8636.94 0
v 26554.10 -8623.40 0
v 26557.66 -8630.00 0
v 26572.55 -8614.91 0
v 26575.25 -8621.91 0
v 26588.89 -8609.97 0
v 26590.64 -8617.27 0
v 26604.71 -8607.22 0
v 26605.11 -8614.71 0
v 26643.01 -8607.01 0
v 26643.15 -8614.51 0
v 26658.97 -8606.23 0
v 26659.67 -8613.70 0
v 26670.11 -8604.50 0
v 26671.38 -8611.89 0
v 26678.58 -8602.86 0
v 26680.39 -8610.14 0
v 26684.50 -8600.93 0
v 26687.22 -8607.92 0
v 26688.64 -8598.97 0
v 26692.51 -8605.39 0
v 26696.83 -8593.45 0
v 26701.22 -8599.53 0
v 26700.36 -8590.54 0
v 26705.51 -8596.00 0
v 26706.13 -8584.69 0
v 26712.07 -8589.27 0
v 26714.67 -8572.00 0
v 26721.21 -8575.67 0
v 26725.64 -8549.88 0
v 26732.28 -8553.38 0
v 26731.52 -8540.12 0
v 26737.86 -8544.13 0
v 26735.22 -8534.74 0
v 26741.17 -8539.31 0
v 26738.49 -8531.07 0
v 26743.79 -8536.37 0
v 26742.97 -8527.10 0
v 26746.95 -8533.45 0
v 26751.40 -8522.92 0
v 26754.29 -8529.84 0
v 26760.75 -8519.64 0
v 26762.85 -8526.84 0
v 26800.85 -8508.49 0
v 26802.99 -8515.68 0
v 26816.63 -8503.03 0
v 26819.42 -8510.00 0
v 26826.48 -8498.27 0
v 26830.49 -8504.60 0
v 26832.52 -8492.97 0
v 26837.69 -8498.41 0
v 26833.98 -8491.12 0
v 26840.09 -8495.48 0
v 26849.79 -8468.65 0
v 26855.87 -8473.04 0
v 26854.38 -8462.96 0
v 26859.68 -8468.27 0
v 26858.18 -8460.43 0
v 26861.68 -8467.07 0
v 26861.99 -8458.80 0
v 26864.57 -8465.84 0
v 26866.18 -8457.48 0
v 26868.14 -8464.72 0
v 26869.65 -8456.75 0
v 26870.72 -8464.17 0
v 26875.82 -8456.10 0
v 26875.81 -8463.60 0
v 26889.08 -8456.76 0
v 26888.16 -8464.21 0
v 26906.40 -8459.90 0
v 26904.75 -8467.21 0
v 26912.84 -8462.16 0
v 26909.91 -8469.06 0
v 26918.84 -8465.15 0
v 26916.79 -8472.37 0
v 26955.14 -8474.17 0
v 26953.53 -8481.49 0
v 27098.41 -8504.63 0
v 27096.73 -8511.94 0
v 27120.28 -8512.12 0
v 27117.89 -8519.22 0
v 27120.85 -8512.20 0
v 27119.35 -8519.55 0
v 26617.68 -4447.66 0
v 26612.90 -4441.88 0
v 26542.62 -4509.71 0
v 26537.84 -4503.93 0
v 24713.50 -5277.20 0
v 24708.95 -5271.23 0
v 24708.21 -5281.23 0
v 24703.36 -5275.51 0
v 24696.23 -5291.85 0
v 24691.26 -5286.24 0
v 24696.32 -5291.77 0
v 24691.17 -5286.32 0
v 24631.81 -5352.73 0
v 24626.66 -5347.27 0
v 25837.37 -5072.17 0
v 25830.71 -5068.72 0
v 25831.24 -5083.99 0
v 25824.81 -5080.14 0
v 25826.20 -5090.69 0
v 25820.81 -5085.48 0
v 25820.04 -5095.60 0
v 25815.92 -5089.33 0
v 25813.08 -5099.33 0
v 25810.20 -5092.40 0
v 25786.35 -5109.68 0
v 25783.64 -5102.69 0
v 23940.70 -6238.20 0
v 23934.37 -6234.18 0
v 23932.31 -6251.43 0
v 23926.11 -6247.20 0
v 23926.42 -6259.05 0
v 23920.77 -6254.12 0
v 23918.49 -6267.26 0
v 23913.49 -6261.68 0
v 23909.66 -6274.05 0
v 23905.48 -6267.82 0
v 23897.72 -6281.23 0
v 23894.17 -6274.62 0
v 23852.70 -6304.64 0
v 23849.22 -6297.99 0
v 23847.24 -6307.64 0
v 23843.21 -6301.32 0
v 23842.60 -6311.06 0
v 23837.81 -6305.29 0
v 23837.72 -6315.58 0
v 23832.52 -6310.18 0
v 23831.68 -6321.60 0
v 23826.39 -6316.28 0
v 22858.95 -6762.78 0
v 22852.92 -6767.24 0
v 22869.16 -6776.61 0
v 22863.13 -6781.07 0
v 22897.10 -6822.49 0
v 22902.90 -6817.73 0
v 22863.25 -6781.21 0
v 22869.05 -6776.46 0
v 22910.20 -6839.58 0
v 22916.15 -6835.02 0
v 22897.02 -6822.39 0
v 22902.97 -6817.83 0
v 23510.65 -7483.12 0
v 23503.20 -7482.22 0
v 23507.67 -7507.78 0
v 23500.26 -7506.61 0
v 23504.24 -7523.52 0
v 23497.08 -7521.29 0
v 23499.80 -7533.13 0
v 23492.83 -7530.38 0
v 23496.66 -7542.53 0
v 23489.24 -7541.39 0
v 23496.45 -7554.82 0
v 23488.98 -7555.56 0
v 23499.72 -7572.56 0
v 23492.48 -7574.53 0
v 23505.34 -7587.39 0
v 23498.33 -7590.04 0
v 23503.59 -7480.96 0
v 23510.27 -7484.37 0
v 23510.41 -7467.62 0
v 23516.79 -7471.56 0
v 23518.97 -7456.49 0
v 23523.48 -7462.48 0
v 23533.16 -7450.43 0
v 23535.42 -7457.58 0
v 23546.35 -7447.70 0
v 23547.12 -7455.16 0
v 23560.06 -7447.70 0
v 23558.80 -7455.10 0
v 23580.93 -7453.43 0
v 23578.94 -7460.66 0
v 23573.48 -7337.53 0
v 23567.42 -7341.95 0
v 23597.70 -7370.73 0
v 23591.50 -7374.95 0
v 23608.87 -7389.46 0
v 23602.23 -7392.94 0
v 23634.54 -7441.15 0
v 23627.82 -7444.49 0
v 24710.35 -5270.57 0
v 24712.11 -5277.86 0
v 24720.80 -5268.05 0
v 24722.55 -5275.34 0
v 24209.82 -3271.46 0
v 24202.64 -3273.60 0
v 24211.01 -3275.55 0
v 24204.14 -3278.54 0
v 24215.05 -3283.42 0
v 24208.19 -3286.45 0
v 24222.92 -3302.63 0
v 24215.82 -3305.03 0
v 24226.60 -3317.71 0
v 24219.23 -3319.09 0
v 24229.55 -3337.87 0
v 24222.09 -3338.55 0
v 24230.81 -3363.70 0
v 24223.32 -3363.77 0
v 24229.91 -3379.38 0
v 24222.47 -3378.37 0
v 24226.17 -3397.33 0
v 24219.18 -3394.62 0
v 24210.25 -3430.31 0
v 24203.42 -3427.21 0
v 24207.42 -3438.68 0
v 24200.64 -3435.45 0
v 24199.37 -3453.18 0
v 24192.65 -3449.85 0
v 24195.22 -3463.26 0
v 24188.18 -3460.69 0
v 24192.32 -3472.46 0
v 24185.02 -3470.77 0
v 24190.78 -3482.39 0
v 24183.32 -3481.60 0
v 24189.88 -3495.67 0
v 24182.39 -3495.49 0
v 24189.89 -3520.70 0
v 24182.40 -3520.25 0
v 24187.05 -3543.08 0
v 24179.70 -3541.59 0
v 24182.45 -3557.40 0
v 24175.19 -3555.53 0
v 24169.97 -3609.15 0
v 24162.63 -3607.62 0
v 24166.75 -3632.89 0
v 24159.25 -3632.75 0
v 24169.17 -3646.13 0
v 24161.98 -3648.25 0
v 24177.51 -3668.94 0
v 24170.60 -3671.86 0
v 24183.90 -3681.34 0
v 24178.00 -3685.96 0
v 24257.36 -3770.83 0
v 24251.44 -3775.44 0
v 24278.54 -3802.86 0
v 24272.22 -3806.90 0
v 24303.08 -3842.23 0
v 24296.83 -3846.38 0
v 24322.44 -3869.09 0
v 24316.74 -3873.97 0
v 24356.08 -3904.21 0
v 24350.28 -3908.96 0
v 24364.14 -3920.24 0
v 24357.15 -3922.95 0
v 24368.39 -3935.53 0
v 24361.03 -3936.99 0
v 24370.47 -3952.16 0
v 24362.98 -3952.47 0
v 24372.80 -4040.24 0
v 24365.30 -4040.52 0
v 24373.96 -4051.48 0
v 24366.93 -4054.09 0
v 24413.97 -4150.78 0
v 24407.14 -4153.88 0
v 24433.56 -4183.14 0
v 24427.31 -4187.29 0
v 24473.22 -4239.87 0
v 24467.19 -4244.33 0
v 24493.60 -4264.24 0
v 24487.83 -4269.03 0
v 24498.86 -4270.72 0
v 24492.65 -4274.93 0
v 24505.30 -4281.69 0
v 24498.26 -4284.29 0
v 24518.88 -4324.59 0
v 24511.80 -4327.08 0
v 24533.28 -4361.22 0
v 24526.44 -4364.31 0
v 24540.67 -4372.95 0
v 24534.52 -4377.24 0
v 24553.90 -4390.72 0
v 24548.22 -4395.61 0
v 24610.76 -4454.17 0
v 24604.99 -4458.95 0
v 24639.00 -4493.64 0
v 24632.69 -4497.69 0
v 24658.43 -4528.35 0
v 24651.71 -4531.68 0
v 24663.42 -4542.88 0
v 24656.19 -4544.88 0
v 24668.54 -4564.62 0
v 24661.16 -4565.98 0
v 24671.37 -4586.55 0
v 24663.87 -4586.34 0
v 24666.74 -4631.75 0
v 24659.39 -4630.30 0
v 24652.44 -4682.67 0
v 24645.11 -4681.10 0
v 24650.93 -4705.53 0
v 24643.44 -4705.23 0
v 24650.98 -4719.65 0
v 24643.52 -4720.45 0
v 24654.58 -4739.80 0
v 24647.37 -4741.87 0
v 24683.61 -4833.26 0
v 24676.50 -4835.67 0
v 24701.84 -4878.93 0
v 24694.77 -4881.43 0
v 24706.42 -4897.80 0
v 24699.05 -4899.21 0
v 24708.88 -4915.51 0
v 24701.39 -4916.03 0
v 24716.62 -5044.18 0
v 24709.13 -5044.52 0
v 24715.26 -5058.16 0
v 24707.92 -5056.62 0
v 24704.68 -5101.66 0
v 24697.33 -5100.18 0
v 24703.83 -5114.38 0
v 24696.33 -5114.41 0
v 24704.78 -5124.81 0
v 24697.41 -5126.15 0
v 24716.34 -5182.83 0
v 24708.96 -5184.16 0
v 24721.22 -5215.85 0
v 24713.76 -5216.65 0
v 24724.10 -5255.79 0
v 24716.62 -5256.33 0
v 24202.68 -3273.73 0
v 24209.78 -3271.33 0
v 24200.17 -3266.16 0
v 24207.55 -3264.81 0
v 24196.04 -3237.80 0
v 24203.47 -3236.72 0
v 24004.05 -3053.25 0
v 24010.38 -3049.24 0
v 23999.92 -3046.52 0
v 24007.05 -3044.17 0
v 23987.66 -3003.92 0
v 23994.82 -3001.68 0
v 23983.24 -2992.97 0
v 23989.91 -2989.55 0
v 23975.84 -2980.85 0
v 23981.82 -2976.32 0
v 23931.06 -2924.24 0
v 23937.01 -2919.68 0
v 23924.42 -2913.67 0
v 23930.91 -2909.93 0
v 23912.87 -2892.70 0
v 23919.56 -2889.32 0
v 23907.94 -2880.99 0
v 23914.98 -2878.41 0
v 23905.12 -2871.50 0
v 23912.43 -2869.83 0
v 23904.77 -2866.20 0
v 23912.21 -2867.15 0
v 23906.54 -2858.95 0
v 23913.70 -2861.19 0
v 23914.72 -2834.17 0
v 23922.01 -2835.94 0
v 23918.60 -2809.32 0
v 23926.08 -2809.88 0
v 23923.07 -2722.33 0
v 23930.57 -2722.60 0
v 23922.97 -2688.14 0
v 23930.46 -2687.89 0
v 23920.82 -2654.66 0
v 23928.26 -2653.70 0
v 23914.49 -2622.23 0
v 23921.78 -2620.48 0
v 23909.53 -2607.55 0
v 23916.50 -2604.78 0
v 23905.15 -2598.64 0
v 23911.48 -2594.62 0
v 23899.36 -2591.44 0
v 23904.48 -2585.96 0
v 23888.50 -2583.16 0
v 23892.60 -2576.88 0
v 23872.42 -2573.87 0
v 23875.64 -2567.10 0
v 23845.85 -2562.90 0
v 23849.28 -2556.23 0
v 23823.33 -2548.62 0
v 23827.57 -2542.43 0
v 23817.42 -2543.39 0
v 23822.59 -2537.96 0
v 23812.40 -2538.23 0
v 23818.31 -2533.61 0
v 23802.41 -2524.14 0
v 23808.94 -2520.46 0
v 23797.92 -2512.40 0
v 23805.16 -2510.43 0
v 23795.08 -2497.58 0
v 23802.50 -2496.51 0
v 23794.33 -2487.36 0
v 23801.83 -2487.44 0
v 23796.12 -2394.08 0
v 23803.62 -2393.92 0
v 23792.32 -2381.66 0
v 23799.16 -2378.57 0
v 23786.21 -2372.18 0
v 23791.29 -2366.66 0
v 23729.65 -2324.32 0
v 23734.25 -2318.39 0
v 23575.56 -2208.78 0
v 23580.12 -2202.82 0
v 23560.49 -2194.92 0
v 23566.29 -2190.17 0
v 23507.39 -2125.47 0
v 23513.10 -2120.60 0
v 23490.76 -2112.92 0
v 23494.75 -2106.58 0
v 23473.44 -2104.16 0
v 23475.75 -2097.03 0
v 23416.34 -2088.95 0
v 23418.87 -2081.89 0
v 23396.49 -2076.20 0
v 23401.91 -2071.02 0
v 23383.26 -2054.53 0
v 23390.17 -2051.61 0
v 23375.55 -2027.00 0
v 23383.01 -2026.22 0
v 23372.64 -1955.21 0
v 23380.13 -1954.81 0
v 23370.94 -1939.99 0
v 23378.34 -1938.80 0
v 23368.79 -1931.22 0
v 23375.96 -1929.02 0
v 23365.69 -1922.91 0
v 23372.49 -1919.73 0
v 23355.07 -1901.94 0
v 23361.57 -1898.20 0
v 23346.14 -1888.87 0
v 23352.02 -1884.22 0
v 23328.10 -1867.85 0
v 23333.58 -1862.72 0
v 23319.36 -1860.19 0
v 23323.61 -1854.01 0
v 23287.58 -1840.02 0
v 23291.69 -1833.75 0
v 23210.21 -1788.66 0
v 23213.93 -1782.15 0
v 23090.91 -1727.66 0
v 23094.33 -1720.98 0
v 24010.48 -3049.40 0
v 24003.95 -3053.08 0
v 24013.21 -3054.32 0
v 24007.25 -3058.88 0
v 24018.25 -3059.56 0
v 24012.97 -3064.89 0
v 24022.15 -3063.12 0
v 24017.09 -3068.66 0
v 22913.74 -6833.59 0
v 22912.61 -6841.01 0
v 22934.51 -6836.76 0
v 22933.75 -6844.22 0
v 22936.43 -6836.32 0
v 22939.09 -6843.34 0
v 22958.11 -6827.40 0
v 22961.42 -6834.13 0
v 22977.91 -6815.90 0
v 22981.48 -6822.50 0
v 22983.96 -6813.60 0
v 22985.41 -6820.96 0
v 22998.53 -6811.70 0
v 22998.90 -6819.19 0
v 23027.01 -6811.47 0
v 23026.57 -6818.95 0
v 23043.83 -6814.44 0
v 23042.08 -6821.73 0
v 23051.56 -6817.42 0
v 23048.24 -6824.14 0
v 23058.27 -6821.49 0
v 23054.09 -6827.72 0
v 23066.06 -6827.17 0
v 23061.04 -6832.74 0
v 23073.91 -6835.62 0
v 23067.89 -6840.10 0
v 23081.30 -6847.55 0
v 23075.25 -6851.98 0
v 23104.63 -6877.51 0
v 23098.83 -6882.26 0
v 23155.48 -6938.12 0
v 23149.99 -6943.24 0
v 23176.02 -6954.09 0
v 23171.24 -6959.87 0
v 23188.81 -6965.69 0
v 23184.14 -6971.55 0
v 23245.44 -7009.47 0
v 23241.27 -7015.70 0
v 23298.85 -7039.44 0
v 23294.93 -7045.83 0
v 23338.30 -7066.58 0
v 23333.68 -7072.49 0
v 23397.21 -7116.31 0
v 23391.98 -7121.69 0
v 23434.11 -7159.63 0
v 23428.09 -7164.11 0
v 23512.84 -7271.34 0
v 23506.95 -7275.99 0
v 23560.37 -7319.46 0
v 23554.84 -7324.52 0
v 23573.49 -7337.54 0
v 23567.41 -7341.94 0
v 23328.18 -9025.01 0
v 23333.40 -9019.63 0
v 23322.00 -9019.00 0
v 23326.89 -9013.32 0
v 23319.42 -9017.35 0
v 23322.92 -9010.72 0
v 23316.55 -9016.16 0
v 23318.75 -9008.99 0
v 23308.22 -9013.98 0
v 23310.25 -9006.76 0
v 23303.58 -9012.50 0
v 23306.47 -9005.58 0
v 23299.31 -9010.19 0
v 23303.68 -9004.09 0
v 23295.63 -9006.81 0
v 23301.28 -9001.87 0
v 23284.91 -8993.88 0
v 23290.75 -8989.17 0
v 23282.63 -8990.63 0
v 23289.05 -8986.75 0
v 23280.86 -8987.18 0
v 23287.69 -8984.06 0
v 23279.20 -8983.10 0
v 23286.37 -8980.90 0
v 23253.00 -8896.23 0
v 23260.19 -8894.10 0
v 23251.31 -8889.04 0
v 23258.71 -8887.82 0
v 23250.54 -8881.36 0
v 23258.03 -8880.88 0
v 23249.12 -8855.61 0
v 23256.61 -8855.15 0
v 23248.49 -8848.09 0
v 23255.93 -8847.14 0
v 23247.17 -8840.23 0
v 23254.54 -8838.85 0
v 23241.88 -8812.96 0
v 23249.24 -8811.52 0
v 23240.81 -8807.72 0
v 23248.09 -8805.93 0
v 23239.70 -8803.97 0
v 23246.71 -8801.31 0
v 23237.77 -8799.70 0
v 23244.37 -8796.15 0
v 23235.65 -8796.40 0
v 23241.58 -8791.81 0
v 23232.27 -8792.62 0
v 23237.60 -8787.35 0
v 23228.24 -8788.85 0
v 23232.52 -8782.70 0
v 23198.29 -8769.03 0
v 23202.57 -8762.87 0
v 23192.04 -8763.60 0
v 23197.23 -8758.19 0
v 23187.40 -8758.57 0
v 23193.44 -8754.12 0
v 23184.12 -8752.85 0
v 23190.86 -8749.56 0
v 23180.82 -8745.17 0
v 23187.84 -8742.52 0
v 23174.20 -8726.55 0
v 23181.23 -8723.95 0
v 23171.40 -8719.64 0
v 23178.24 -8716.58 0
v 23168.27 -8713.28 0
v 23174.91 -8709.79 0
v 23164.34 -8706.23 0
v 23170.78 -8702.39 0
v 23160.32 -8699.93 0
v 23166.44 -8695.59 0
v 23152.01 -8688.85 0
v 23157.76 -8684.04 0
v 23148.89 -8686.11 0
v 23153.38 -8680.10 0
v 23145.76 -8684.24 0
v 23149.08 -8677.51 0
v 23142.88 -8683.14 0
v 23144.93 -8675.92 0
v 23120.40 -8677.09 0
v 23122.55 -8669.90 0
v 23115.87 -8674.89 0
v 23119.85 -8668.53 0
v 23112.38 -8672.12 0
v 23117.65 -8666.79 0
v 23108.93 -8668.09 0
v 23114.98 -8663.65 0
v 23105.47 -8662.74 0
v 23112.07 -8659.18 0
v 23086.77 -8627.06 0
v 23093.46 -8623.68 0
v 23084.56 -8621.31 0
v 23091.73 -8619.10 0
v 23083.17 -8615.46 0
v 23090.55 -8614.13 0
v 23082.34 -8608.82 0
v 23089.84 -8608.81 0
v 23082.92 -8512.20 0
v 23090.42 -8512.25 0
v 23083.10 -8506.04 0
v 23090.58 -8505.51 0
v 23082.24 -8501.10 0
v 23089.36 -8498.73 0
v 23079.10 -8494.18 0
v 23085.64 -8490.51 0
v 23072.92 -8484.56 0
v 23078.91 -8480.05 0
v 23064.01 -8474.13 0
v 23069.48 -8468.99 0
v 23053.67 -8464.12 0
v 23059.08 -8458.92 0
v 23044.57 -8453.89 0
v 23050.58 -8449.41 0
v 23029.93 -8432.27 0
v 23035.83 -8427.64 0
v 23009.79 -8409.56 0
v 23015.19 -8404.37 0
v 22990.60 -8391.35 0
v 22995.96 -8386.10 0
v 22981.52 -8380.61 0
v 22987.60 -8376.22 0
v 22973.75 -8367.93 0
v 22980.60 -8364.87 0
v 22953.65 -8318.45 0
v 22960.71 -8315.90 0
v 22951.19 -8305.23 0
v 22958.66 -8304.58 0
v 22949.87 -8276.71 0
v 22957.32 -8275.83 0
v 22946.34 -8263.75 0
v 22953.47 -8261.44 0
v 22935.60 -8232.96 0
v 22942.65 -8230.39 0
v 22930.93 -8221.52 0
v 22937.98 -8218.97 0
v 22925.98 -8206.34 0
v 22933.03 -8203.76 0
v 22922.03 -8197.13 0
v 22928.78 -8193.86 0
v 22912.82 -8179.25 0
v 22919.60 -8176.04 0
v 22900.61 -8151.91 0
v 22907.50 -8148.94 0
v 22894.65 -8137.21 0
v 22901.69 -8134.63 0
v 22879.86 -8095.19 0
v 22886.81 -8092.37 0
v 22846.58 -8018.68 0
v 22853.52 -8015.83 0
v 22838.63 -7994.46 0
v 22845.87 -7992.48 0
v 22835.24 -7977.26 0
v 22842.56 -7975.65 0
v 22832.72 -7967.50 0
v 22840.01 -7965.77 0
v 22831.53 -7961.48 0
v 22838.97 -7960.52 0
v 22827.57 -7927.80 0
v 22834.94 -7926.41 0
v 22818.06 -7889.48 0
v 22825.22 -7887.26 0
v 22808.80 -7867.16 0
v 22815.64 -7864.10 0
v 22804.15 -7858.38 0
v 22810.92 -7855.15 0
v 22799.99 -7848.66 0
v 22807.08 -7846.20 0
v 22798.90 -7843.04 0
v 22806.34 -7842.09 0
v 22798.45 -7837.15 0
v 22805.95 -7836.89 0
v 22798.46 -7831.09 0
v 22805.96 -7831.39 0
v 22798.90 -7826.11 0
v 22806.31 -7827.23 0
v 22800.74 -7815.88 0
v 22808.22 -7816.47 0
v 22800.97 -7800.14 0
v 22808.47 -7799.97 0
v 22800.06 -7786.21 0
v 22807.56 -7785.94 0
v 22800.16 -7776.15 0
v 22807.62 -7776.88 0
v 22802.34 -7763.08 0
v 22809.60 -7764.94 0
v 22805.29 -7756.19 0
v 22812.04 -7759.46 0
v 22810.83 -7745.40 0
v 22817.38 -7749.05 0
v 22822.43 -7725.47 0
v 22829.17 -7728.76 0
v 22825.98 -7714.54 0
v 22833.31 -7716.14 0
v 22826.44 -7707.08 0
v 22833.94 -7707.13 0
v 22826.02 -7698.22 0
v 22833.50 -7697.56 0
v 22825.23 -7693.10 0
v 22832.58 -7691.62 0
v 22824.67 -7691.03 0
v 22831.41 -7687.73 0
v 22818.88 -7680.37 0
v 22825.65 -7677.16 0
v 22815.70 -7672.03 0
v 22822.82 -7669.67 0
v 22814.48 -7667.05 0
v 22821.88 -7665.82 0
v 22813.84 -7660.82 0
v 22821.34 -7660.75 0
v 22814.16 -7638.17 0
v 22821.66 -7638.48 0
v 22815.26 -7626.89 0
v 22822.72 -7627.70 0
v 22815.87 -7622.78 0
v 22823.13 -7624.67 0
v 22818.00 -7616.32 0
v 22825.00 -7619.01 0
v 22820.52 -7610.63 0
v 22827.56 -7613.22 0
v 22821.56 -7607.07 0
v 22829.04 -7607.60 0
v 22822.09 -7586.17 0
v 22829.59 -7586.24 0
v 22821.83 -7582.71 0
v 22829.27 -7581.71 0
v 22818.04 -7556.41 0
v 22825.49 -7555.55 0
v 22817.67 -7546.47 0
v 22825.16 -7546.62 0
v 22818.49 -7532.30 0
v 22825.98 -7532.74 0
v 22818.77 -7528.21 0
v 22826.19 -7529.26 0
v 22834.63 -7417.92 0
v 22842.04 -7419.07 0
v 22838.06 -7403.63 0
v 22845.30 -7405.61 0
v 22839.79 -7399.17 0
v 22846.65 -7402.21 0
v 22841.51 -7396.13 0
v 22847.25 -7400.96 0
v 22867.75 -7365.63 0
v 22873.54 -7370.41 0
v 22870.55 -7361.18 0
v 22877.40 -7364.23 0
v 22871.61 -7356.95 0
v 22879.01 -7358.17 0
v 22872.01 -7351.84 0
v 22879.51 -7351.92 0
v 22871.76 -7349.46 0
v 22879.04 -7347.65 0
v 22871.16 -7348.27 0
v 22877.61 -7344.44 0
v 22857.92 -7326.45 0
v 22864.59 -7323.00 0
v 22842.91 -7293.66 0
v 22849.77 -7290.62 0
v 22840.59 -7287.21 0
v 22847.75 -7284.97 0
v 22839.06 -7281.42 0
v 22846.36 -7279.73 0
v 22831.89 -7249.77 0
v 22839.23 -7248.21 0
v 22831.25 -7244.21 0
v 22838.74 -7244.47 0
v 22832.66 -7224.62 0
v 22840.08 -7225.76 0
v 22837.50 -7203.39 0
v 22844.84 -7204.94 0
v 22838.76 -7195.91 0
v 22846.25 -7196.33 0
v 22841.49 -7131.96 0
v 22848.97 -7132.56 0
v 22846.20 -7103.29 0
v 22853.46 -7105.18 0
v 22851.97 -7092.37 0
v 22858.10 -7096.69 0
v 22867.45 -7072.67 0
v 22873.68 -7076.85 0
v 22877.30 -7054.69 0
v 22884.01 -7058.03 0
v 22888.34 -7030.74 0
v 22895.09 -7034.02 0
v 22893.82 -7020.77 0
v 22900.53 -7024.12 0
v 22898.11 -7011.14 0
v 22905.07 -7013.94 0
v 22905.96 -6990.60 0
v 22913.09 -6992.91 0
v 22908.11 -6980.42 0
v 22915.54 -6981.42 0
v 22910.00 -6960.13 0
v 22917.39 -6961.36 0
v 22915.10 -6938.47 0
v 22922.54 -6939.40 0
v 22916.98 -6904.51 0
v 22924.47 -6904.80 0
v 22916.82 -6895.22 0
v 22924.24 -6894.10 0
v 22909.97 -6858.75 0
v 22917.38 -6857.61 0
v 22909.34 -6846.62 0
v 22916.84 -6846.44 0
v 22909.43 -6837.26 0
v 22916.93 -6837.34 0
v 26542.15 -4510.05 0
v 26538.32 -4503.60 0
v 26531.47 -4516.37 0
v 26528.14 -4509.65 0
v 26521.90 -4520.05 0
v 26519.49 -4512.94 0
v 26513.27 -4522.53 0
v 26511.91 -4515.15 0
v 26504.38 -4523.27 0
v 26503.98 -4515.78 0
v 26498.85 -4523.31 0
v 26499.08 -4515.82 0
v 26471.95 -4522.31 0
v 26472.03 -4514.81 0
v 26462.62 -4522.79 0
v 26460.54 -4515.58 0
v 26424.75 -4536.03 0
v 26422.17 -4528.98 0
v 26389.02 -4549.78 0
v 26386.19 -4542.84 0
v 26384.74 -4552.29 0
v 26380.73 -4545.95 0
v 26370.26 -4561.67 0
v 26365.51 -4555.86 0
v 26362.06 -4570.78 0
v 26356.35 -4565.92 0
v 26346.78 -4589.34 0
v 26340.72 -4584.92 0
v 26318.82 -4630.04 0
v 26312.77 -4625.61 0
v 26294.77 -4660.25 0
v 26288.83 -4655.67 0
v 26282.37 -4677.20 0
v 26276.31 -4672.78 0
v 26278.72 -4682.26 0
v 26272.77 -4677.69 0
v 26269.86 -4693.47 0
v 26263.84 -4689.00 0
v 26253.22 -4716.52 0
v 26247.21 -4712.03 0
v 26228.45 -4748.85 0
v 26222.54 -4744.23 0
v 26198.19 -4786.76 0
v 26192.55 -4781.83 0
v 26182.18 -4801.70 0
v 26177.57 -4795.79 0
v 26169.94 -4808.75 0
v 26167.06 -4801.83 0
v 26158.40 -4811.63 0
v 26157.20 -4804.23 0
v 26143.96 -4813.08 0
v 26143.56 -4805.59 0
v 26101.77 -4814.73 0
v 26101.71 -4807.23 0
v 26089.79 -4813.49 0
v 26090.49 -4806.02 0
v 26075.48 -4812.25 0
v 26077.10 -4804.93 0
v 26063.94 -4807.63 0
v 26067.53 -4801.05 0
v 26054.35 -4800.73 0
v 26059.55 -4795.33 0
v 26012.93 -4758.63 0
v 26018.25 -4753.34 0
v 25989.49 -4735.56 0
v 25994.48 -4729.96 0
v 25966.75 -4717.50 0
v 25971.32 -4711.55 0
v 25953.41 -4707.89 0
v 25957.33 -4701.50 0
v 25948.89 -4706.37 0
v 25950.79 -4699.11 0
v 25944.03 -4705.53 0
v 25944.47 -4698.04 0
v 25933.32 -4705.52 0
v 25932.92 -4698.03 0
v 25928.05 -4706.24 0
v 25925.39 -4699.23 0
v 25913.47 -4713.21 0
v 25909.78 -4706.68 0
v 25901.20 -4721.44 0
v 25896.47 -4715.62 0
v 25870.43 -4748.31 0
v 25865.16 -4742.97 0
v 25859.62 -4762.35 0
v 25853.34 -4758.26 0
v 25857.27 -4768.34 0
v 25850.01 -4766.44 0
v 25855.67 -4777.95 0
v 25848.19 -4777.37 0
v 25855.84 -4786.55 0
v 25848.39 -4787.42 0
v 25858.94 -4805.49 0
v 25851.59 -4806.98 0
v 25868.23 -4847.57 0
v 25860.88 -4849.05 0
v 25871.68 -4869.07 0
v 25864.19 -4869.59 0
v 25872.48 -4909.31 0
v 25864.98 -4909.32 0
v 25871.86 -4949.48 0
v 25864.39 -4948.76 0
v 25864.86 -4987.87 0
v 25857.57 -4986.10 0
v 25855.67 -5016.30 0
v 25848.54 -5013.98 0
v 25837.60 -5071.61 0
v 25830.47 -5069.28 0
v 22053.07 -6200.05 0
v 22049.02 -6206.36 0
v 22056.89 -6202.51 0
v 22053.16 -6209.02 0
v 22094.44 -6223.74 0
v 22090.88 -6230.34 0
v 22135.14 -6244.64 0
v 22131.85 -6251.38 0
v 22181.59 -6266.31 0
v 22178.42 -6273.11 0
v 24631.77 -5352.76 0
v 24626.70 -5347.24 0
v 24617.47 -5365.90 0
v 24612.54 -5360.25 0
v 24611.23 -5370.68 0
v 24607.04 -5364.47 0
v 24603.69 -5375.22 0
v 24600.22 -5368.56 0
v 24595.52 -5378.85 0
v 24592.94 -5371.81 0
v 24580.92 -5383.52 0
v 24579.46 -5376.16 0
v 24466.84 -5404.54 0
v 24465.42 -5397.18 0
v 24447.87 -5409.22 0
v 24445.72 -5402.04 0
v 24431.14 -5415.23 0
v 24428.21 -5408.33 0
v 24415.22 -5423.07 0
v 24411.54 -5416.53 0
v 24400.88 -5432.27 0
v 24396.52 -5426.17 0
v 24388.47 -5442.14 0
v 24383.43 -5436.58 0
v 24374.96 -5455.82 0
v 24369.39 -5450.80 0
v 24363.59 -5469.77 0
v 24357.58 -5465.29 0
v 24353.64 -5484.40 0
v 24347.33 -5480.34 0
v 24346.47 -5496.39 0
v 24339.90 -5492.78 0
v 24337.03 -5514.64 0
v 24330.21 -5511.52 0
v 24328.67 -5535.24 0
v 24321.68 -5532.51 0
v 24321.70 -5553.93 0
v 24314.59 -5551.57 0
v 24313.73 -5580.32 0
v 24306.51 -5578.30 0
v 24307.21 -5606.00 0
v 24299.89 -5604.34 0
v 24301.71 -5633.38 0
v 24294.27 -5632.39 0
v 24294.08 -5704.18 0
v 24286.62 -5703.38 0
v 24292.67 -5716.71 0
v 24285.25 -5715.60 0
v 24290.13 -5730.52 0
v 24282.82 -5728.82 0
v 24284.78 -5750.51 0
v 24277.63 -5748.25 0
v 24277.33 -5770.92 0
v 24270.41 -5768.04 0
v 24268.34 -5790.14 0
v 24261.70 -5786.66 0
v 24257.15 -5809.40 0
v 24250.83 -5805.36 0
v 24241.47 -5832.18 0
v 24235.46 -5827.70 0
v 24108.82 -6008.10 0
v 24102.84 -6003.57 0
v 24101.92 -6016.40 0
v 24096.30 -6011.43 0
v 24095.44 -6023.26 0
v 24090.29 -6017.81 0
v 24088.49 -6029.11 0
v 24083.82 -6023.24 0
v 24059.89 -6051.49 0
v 24055.27 -6045.59 0
v 24001.48 -6097.14 0
v 23996.82 -6091.26 0
v 23996.43 -6101.84 0
v 23991.02 -6096.65 0
v 23991.82 -6107.23 0
v 23985.88 -6102.65 0
v 23968.58 -6138.04 0
v 23962.53 -6133.61 0
v 23962.33 -6147.42 0
v 23955.94 -6143.49 0
v 23957.87 -6155.45 0
v 23951.13 -6152.16 0
v 23954.91 -6162.58 0
v 23947.75 -6160.33 0
v 23952.85 -6171.53 0
v 23945.47 -6170.17 0
v 23951.75 -6179.77 0
v 23944.27 -6179.11 0
v 23949.15 -6214.08 0
v 23941.68 -6213.40 0
v 23947.88 -6222.25 0
v 23940.60 -6220.41 0
v 23945.16 -6229.83 0
v 23938.32 -6226.75 0
v 23940.84 -6237.95 0
v 23934.22 -6234.43 0
v 25786.35 -5109.68 0
v 25783.63 -5102.69 0
v 25739.67 -5127.82 0
v 25737.12 -5120.77 0
v 25726.49 -5131.31 0
v 25724.76 -5124.01 0
v 25717.55 -5133.07 0
v 25716.76 -5125.62 0
v 25702.84 -5133.84 0
v 25702.48 -5126.35 0
v 25654.58 -5136.10 0
v 25654.39 -5128.61 0
v 25634.05 -5135.55 0
v 25634.73 -5128.08 0
v 25619.30 -5132.88 0
v 25621.00 -5125.57 0
v 25607.84 -5129.44 0
v 25610.71 -5122.51 0
v 25582.79 -5117.83 0
v 25586.08 -5111.09 0
v 25563.06 -5107.64 0
v 25566.64 -5101.06 0
v 25540.78 -5094.94 0
v 25544.74 -5088.57 0
v 25522.72 -5082.51 0
v 25527.16 -5076.46 0
v 25507.80 -5070.72 0
v 25512.74 -5065.08 0
v 25490.10 -5053.93 0
v 25495.41 -5048.63 0
v 25477.40 -5040.24 0
v 25483.19 -5035.48 0
v 25459.55 -5016.78 0
v 25465.63 -5012.38 0
v 25434.65 -4981.17 0
v 25440.52 -4976.51 0
v 25408.73 -4952.78 0
v 25414.04 -4947.49 0
v 25397.80 -4944.07 0
v 25401.84 -4937.75 0
v 25375.28 -4931.48 0
v 25378.61 -4924.76 0
v 25364.22 -4927.38 0
v 25366.31 -4920.18 0
v 25346.88 -4923.24 0
v 25347.77 -4915.79 0
v 25313.48 -4921.34 0
v 25313.43 -4913.84 0
v 25298.47 -4923.48 0
v 25296.93 -4916.14 0
v 25269.81 -4930.53 0
v 25267.41 -4923.42 0
v 25221.16 -4949.61 0
v 25218.24 -4942.70 0
v 25151.54 -4980.45 0
v 25148.46 -4973.61 0
v 25127.31 -4991.88 0
v 25123.63 -4985.35 0
v 25105.89 -5006.12 0
v 25101.37 -5000.13 0
v 25090.60 -5019.56 0
v 25085.28 -5014.27 0
v 25077.10 -5035.05 0
v 25071.01 -5030.68 0
v 25063.18 -5057.77 0
v 25056.52 -5054.33 0
v 25055.79 -5076.30 0
v 25048.65 -5074.02 0
v 25051.34 -5094.91 0
v 25043.94 -5093.68 0
v 25040.41 -5169.23 0
v 25033.01 -5168.00 0
v 25034.89 -5193.18 0
v 25027.70 -5191.03 0
v 25029.81 -5204.51 0
v 25023.13 -5201.09 0
v 25023.57 -5215.35 0
v 25017.28 -5211.27 0
v 25002.44 -5246.67 0
v 24996.37 -5242.27 0
v 24992.62 -5257.98 0
v 24987.17 -5252.83 0
v 24983.87 -5266.24 0
v 24979.49 -5260.15 0
v 24968.16 -5275.58 0
v 24964.95 -5268.79 0
v 24955.11 -5279.77 0
v 24953.70 -5272.40 0
v 24935.37 -5281.93 0
v 24934.97 -5274.44 0
v 24903.54 -5282.51 0
v 24903.20 -5275.01 0
v 24841.35 -5286.16 0
v 24841.13 -5278.67 0
v 24819.78 -5284.94 0
v 24820.90 -5277.52 0
v 24757.80 -5273.58 0
v 24758.98 -5266.17 0
v 24742.57 -5272.62 0
v 24742.86 -5265.13 0
v 24736.83 -5272.79 0
v 24736.62 -5265.30 0
v 24196.06 -3237.90 0
v 24203.45 -3236.62 0
v 24194.31 -3227.81 0
v 24201.67 -3226.37 0
v 24192.44 -3219.33 0
v 24199.56 -3216.96 0
v 24188.30 -3209.66 0
v 24194.95 -3206.20 0
v 24179.06 -3193.67 0
v 24185.37 -3189.61 0
v 24168.78 -3179.27 0
v 24174.65 -3174.60 0
v 24151.70 -3159.16 0
v 24156.85 -3153.70 0
v 24118.76 -3132.15 0
v 24123.24 -3126.13 0
v 24084.75 -3109.30 0
v 24088.69 -3102.92 0
v 24053.10 -3091.62 0
v 24056.76 -3085.07 0
v 24042.41 -3085.69 0
v 24046.44 -3079.36 0
v 24017.53 -3069.01 0
v 24021.71 -3062.78 0
v 22855.20 -6768.69 0
v 22856.67 -6761.33 0
v 22850.71 -6767.79 0
v 22852.41 -6760.48 0
v 22845.49 -6766.42 0
v 22847.65 -6759.24 0
v 22840.55 -6764.74 0
v 22842.93 -6757.63 0
v 22817.77 -6757.14 0
v 22820.25 -6750.07 0
v 22809.18 -6753.73 0
v 22812.14 -6746.84 0
v 22801.72 -6750.22 0
v 22805.32 -6743.64 0
v 22788.87 -6742.61 0
v 22793.06 -6736.39 0
v 22758.14 -6720.86 0
v 22762.77 -6714.96 0
v 22733.18 -6698.93 0
v 22737.99 -6693.18 0
v 22685.43 -6660.03 0
v 22690.01 -6654.09 0
v 22663.15 -6644.94 0
v 22667.26 -6638.66 0
v 22615.88 -6614.54 0
v 22620.15 -6608.38 0
v 22597.13 -6599.16 0
v 22602.24 -6593.67 0
v 22590.42 -6590.76 0
v 22596.68 -6586.63 0
v 22581.73 -6575.98 0
v 22588.40 -6572.55 0
v 22576.82 -6564.29 0
v 22583.99 -6562.06 0
v 22565.39 -6523.68 0
v 22572.63 -6521.74 0
v 22560.49 -6503.06 0
v 22567.66 -6500.86 0
v 22555.15 -6489.90 0
v 22561.62 -6486.11 0
v 22548.01 -6481.78 0
v 22553.48 -6476.65 0
v 22542.48 -6476.47 0
v 22547.04 -6470.52 0
v 22530.28 -6468.25 0
v 22534.25 -6461.89 0
v 22510.84 -6456.74 0
v 22514.97 -6450.48 0
v 22477.07 -6433.09 0
v 22481.88 -6427.33 0
v 22450.28 -6406.20 0
v 22455.71 -6401.04 0
v 22445.74 -6400.19 0
v 22451.22 -6395.08 0
v 22429.70 -6384.08 0
v 22434.51 -6378.33 0
v 22409.18 -6369.63 0
v 22413.18 -6363.28 0
v 22393.18 -6361.06 0
v 22396.00 -6354.11 0
v 22282.16 -6318.20 0
v 22284.83 -6311.20 0
v 22232.90 -6299.96 0
v 22235.89 -6293.08 0
v 22178.35 -6273.07 0
v 22181.66 -6266.35 0
v 26613.13 -4441.71 0
v 26617.45 -4447.84 0
v 26618.36 -4438.11 0
v 26621.43 -4444.95 0
v 26626.47 -4435.76 0
v 26627.97 -4443.11 0
v 26639.83 -4433.67 0
v 26640.75 -4441.11 0
v 26702.62 -4426.31 0
v 26703.56 -4433.76 0
v 26731.01 -4422.17 0
v 26731.95 -4429.61 0
v 26741.31 -4421.53 0
v 26740.91 -4429.02 0
v 26769.54 -4424.18 0
v 26768.98 -4431.66 0
v 26796.68 -4425.63 0
v 26795.99 -4433.10 0
v 26820.36 -4428.89 0
v 26819.07 -4436.28 0
v 26843.14 -4433.73 0
v 26841.42 -4441.03 0
v 26865.80 -4439.61 0
v 26864.29 -4446.96 0
v 26877.12 -4440.76 0
v 26876.69 -4448.24 0
v 26885.46 -4440.73 0
v 26885.73 -4448.22 0
v 26893.42 -4440.18 0
v 26894.25 -4447.63 0
v 26898.21 -4439.34 0
v 26900.02 -4446.61 0
v 26924.78 -4432.35 0
v 26926.58 -4439.63 0
v 26932.41 -4430.86 0
v 26933.64 -4438.26 0
v 26952.57 -4427.71 0
v 26953.64 -4435.14 0
v 26958.79 -4427.07 0
v 26959.38 -4434.55 0
v 26964.24 -4426.80 0
v 26964.34 -4434.30 0
v 26982.16 -4426.73 0
v 26982.05 -4434.23 0
v 26990.17 -4427.17 0
v 26990.24 -4434.67 0
v 26999.25 -4426.58 0
v 27000.07 -4434.04 0
v 27016.70 -4424.22 0
v 27017.95 -4431.61 0
v 27022.22 -4422.75 0
v 27024.67 -4429.84 0
v 27054.71 -4411.08 0
v 27057.39 -4418.08 0
v 27062.85 -4407.25 0
v 27066.40 -4413.86 0
v 27074.32 -4400.50 0
v 27078.35 -4406.82 0
v 27083.77 -4393.92 0
v 27088.51 -4399.73 0
v 27086.87 -4390.32 0
v 27092.64 -4395.12 0
v 27089.71 -4386.70 0
v 27095.84 -4391.01 0
v 27091.81 -4383.32 0
v 27098.39 -4386.92 0
v 27097.12 -4373.09 0
v 27103.96 -4376.17 0
v 27108.14 -4346.98 0
v 27115.07 -4349.85 0
v 27111.69 -4337.83 0
v 27118.48 -4341.02 0
v 27121.60 -4318.31 0
v 27128.14 -4321.98 0
v 27126.82 -4310.96 0
v 27132.62 -4315.71 0
v 27141.17 -4294.35 0
v 27147.03 -4299.04 0
v 27146.00 -4287.02 0
v 27152.37 -4290.97 0
v 27152.15 -4276.62 0
v 27158.66 -4280.34 0
v 27156.77 -4268.20 0
v 27163.45 -4271.60 0
v 27158.91 -4263.34 0
v 27165.88 -4266.10 0
v 27160.46 -4258.90 0
v 27167.69 -4260.89 0
v 27168.12 -4229.85 0
v 27175.37 -4231.76 0
v 22855.71 -6761.27 0
v 22856.16 -6768.75 0
v 22858.99 -6761.08 0
v 22860.00 -6768.52 0
v 22862.28 -6760.38 0
v 22863.97 -6767.69 0
v 22866.00 -6759.47 0
v 22868.36 -6766.59 0
v 22869.06 -6758.15 0
v 22872.52 -6764.81 0
v 22872.47 -6756.09 0
v 22876.80 -6762.21 0
v 22876.87 -6752.62 0
v 22881.76 -6758.31 0
v 22885.40 -6744.96 0
v 22890.36 -6750.59 0
v 22941.83 -6695.35 0
v 22946.75 -6701.01 0
v 22949.33 -6689.43 0
v 22953.54 -6695.64 0
v 22971.72 -6675.09 0
v 22975.40 -6681.62 0
v 22989.02 -6667.13 0
v 22991.56 -6674.19 0
v 23010.74 -6660.98 0
v 23012.62 -6668.24 0
v 23021.99 -6658.60 0
v 23023.15 -6666.01 0
v 23035.78 -6657.07 0
v 23036.23 -6664.56 0
v 23051.00 -6656.87 0
v 23050.73 -6664.37 0
v 23068.39 -6658.22 0
v 23067.14 -6665.62 0
v 23093.71 -6664.05 0
v 23091.70 -6671.27 0
v 23119.34 -6672.42 0
v 23116.79 -6679.47 0
v 23145.68 -6682.89 0
v 23142.67 -6689.76 0
v 23198.30 -6706.99 0
v 23195.21 -6713.82 0
v 23223.50 -6718.13 0
v 23220.55 -6725.03 0
v 23232.67 -6721.67 0
v 23229.66 -6728.54 0
v 23306.72 -6754.70 0
v 23303.70 -6761.56 0
v 23370.92 -6782.53 0
v 23368.01 -6789.45 0
v 23393.76 -6791.37 0
v 23390.70 -6798.22 0
v 23419.74 -6804.33 0
v 23417.09 -6811.34 0
v 23447.75 -6811.86 0
v 23446.73 -6819.29 0
v 23469.60 -6811.21 0
v 23470.39 -6818.67 0
v 23492.30 -6807.05 0
v 23493.71 -6814.41 0
v 23499.13 -6805.55 0
v 23500.88 -6812.85 0
v 23516.35 -6801.35 0
v 23519.23 -6808.27 0
v 23531.90 -6792.08 0
v 23536.85 -6797.71 0
v 23558.62 -6764.03 0
v 23564.51 -6768.66 0
v 23618.48 -6681.84 0
v 23624.50 -6686.32 0
v 23636.41 -6659.51 0
v 23642.17 -6664.31 0
v 23683.02 -6604.41 0
v 23688.78 -6609.21 0
v 23692.21 -6592.63 0
v 23698.22 -6597.12 0
v 23699.15 -6582.77 0
v 23705.32 -6587.03 0
v 23705.20 -6573.78 0
v 23711.62 -6577.66 0
v 23736.46 -6521.07 0
v 23743.09 -6524.58 0
v 23767.90 -6455.19 0
v 23774.85 -6458.00 0
v 23803.12 -6356.09 0
v 23810.17 -6358.62 0
v 23806.93 -6346.68 0
v 23813.84 -6349.59 0
v 23810.87 -6337.69 0
v 23817.58 -6341.03 0
v 23815.09 -6330.38 0
v 23821.31 -6334.56 0
v 23820.80 -6322.86 0
v 23826.66 -6327.54 0
v 23826.17 -6316.52 0
v 23831.89 -6321.36 0
v 24735.48 -5270.77 0
v 24737.97 -5267.32 0
v 24726.35 -5264.19 0
v 24728.99 -5260.86 0
v 24718.95 -5257.66 0
v 24721.77 -5254.47 0
v 24721.02 -5268.00 0
v 24722.33 -5275.39 0
v 24736.07 -5265.35 0
v 24737.37 -5272.74 0
v 24717.94 -5272.01 0
v 24725.41 -5271.38 0
v 24716.62 -5256.38 0
v 24724.10 -5255.75 0
v 23572.76 -7342.70 0
v 23568.14 -7336.78 0
v 23564.38 -7349.24 0
v 23559.68 -7343.39 0
v 23499.34 -7401.68 0
v 23494.48 -7395.97 0
v 23489.59 -7412.64 0
v 23483.50 -7408.27 0
v 23483.29 -7424.19 0
v 23476.57 -7420.87 0
v 23480.58 -7430.77 0
v 23473.26 -7429.13 0
v 23479.65 -7440.18 0
v 23472.17 -7440.67 0
v 23481.52 -7449.42 0
v 23475.10 -7453.29 0
v 23497.20 -7468.60 0
v 23491.66 -7473.66 0
v 23509.47 -7479.91 0
v 23504.38 -7485.42 0
v 22468.04 -6228.59 0
v 22463.93 -6222.31 0
v 22420.32 -6259.82 0
v 22416.21 -6253.55 0
v 22444.16 -6274.73 0
v 22448.15 -6281.08 0
v 22450.78 -6270.57 0
v 22454.87 -6276.86 0
v 22482.43 -6249.80 0
v 22486.55 -6256.07 0
v 22482.43 -6249.80 0
v 22486.55 -6256.07 0
v 22512.62 -6229.97 0
v 22516.79 -6236.20 0
v 22573.81 -6188.50 0
v 22578.10 -6194.65 0
v 22686.19 -6108.92 0
v 22690.57 -6115.00 0
v 22751.52 -6060.34 0
v 22756.03 -6066.33 0
v 22813.42 -6012.95 0
v 22818.02 -6018.88 0
v 22871.55 -5967.12 0
v 22876.24 -5972.98 0
v 22928.95 -5920.42 0
v 22933.73 -5926.21 0
v 22985.73 -5872.96 0
v 22990.59 -5878.68 0
v 23042.53 -5823.95 0
v 23047.50 -5829.57 0
v 23135.57 -5740.48 0
v 23140.65 -5746.00 0
v 23225.86 -5655.53 0
v 23231.07 -5660.93 0
v 23314.08 -5568.32 0
v 23319.42 -5573.59 0
v 23400.85 -5478.35 0
v 23406.29 -5483.51 0
v 23465.90 -5407.79 0
v 23471.46 -5412.82 0
v 23529.70 -5336.04 0
v 23535.38 -5340.94 0
v 23772.19 -5052.59 0
v 23777.88 -5057.48 0
v 23814.35 -5004.45 0
v 23819.93 -5009.45 0
v 23881.58 -4930.48 0
v 23887.07 -4935.59 0
v 23950.62 -4858.11 0
v 23955.96 -4863.37 0
v 24034.48 -4775.10 0
v 24039.68 -4780.50 0
v 24119.91 -4695.26 0
v 24124.95 -4700.81 0
v 24208.44 -4617.33 0
v 24213.32 -4623.03 0
v 24298.45 -4542.60 0
v 24303.17 -4548.43 0
v 24375.55 -4482.12 0
v 24380.12 -4488.07 0
v 24428.71 -4442.46 0
v 24433.19 -4448.48 0
v 24412.83 -4422.60 0
v 24408.32 -4416.60 0
v 24335.78 -4480.53 0
v 24331.16 -4474.62 0
v 24235.60 -4561.20 0
v 24230.81 -4555.43 0
v 24138.02 -4644.90 0
v 24133.05 -4639.29 0
v 24043.12 -4731.88 0
v 24038.01 -4726.39 0
v 23989.21 -4783.57 0
v 23983.95 -4778.22 0
v 23931.95 -4840.93 0
v 23926.60 -4835.68 0
v 23877.21 -4897.88 0
v 23871.75 -4892.74 0
v 23823.63 -4955.90 0
v 23818.05 -4950.88 0
v 23759.33 -5028.67 0
v 23753.65 -5023.77 0
v 23538.56 -5286.94 0
v 23532.86 -5282.06 0
v 23513.11 -5316.48 0
v 23507.48 -5311.53 0
v 23454.03 -5383.07 0
v 23448.45 -5378.07 0
v 23421.02 -5419.28 0
v 23415.53 -5414.18 0
v 23353.39 -5491.46 0
v 23347.97 -5486.28 0
v 23284.24 -5562.36 0
v 23278.92 -5557.07 0
v 23213.65 -5631.97 0
v 23208.44 -5626.58 0
v 23140.53 -5701.31 0
v 23135.43 -5695.82 0
v 23066.66 -5768.68 0
v 23061.66 -5763.09 0
v 22991.19 -5834.86 0
v 22986.30 -5829.17 0
v 22915.13 -5898.96 0
v 22910.38 -5893.15 0
v 22794.08 -5996.11 0
v 22789.49 -5990.18 0
v 22669.88 -6089.22 0
v 22665.44 -6083.18 0
v 22592.00 -6144.81 0
v 22587.71 -6138.66 0
v 22507.95 -6202.43 0
v 22503.75 -6196.22 0
v 22468.04 -6228.59 0
v 22463.93 -6222.31 0
v 27178.45 -3650.00 0
v 27179.14 -3642.53 0
v 27143.37 -3646.76 0
v 27143.97 -3639.29 0
v 27073.57 -3641.55 0
v 27074.07 -3634.06 0
v 27004.69 -3637.53 0
v 27005.06 -3630.04 0
v 26935.76 -3634.73 0
v 26936.00 -3627.24 0
v 26866.77 -3633.16 0
v 26866.88 -3625.66 0
v 26797.73 -3632.70 0
v 26797.71 -3625.20 0
v 26728.72 -3633.45 0
v 26728.58 -3625.95 0
v 26659.75 -3635.32 0
v 26659.48 -3627.82 0
v 26590.82 -3638.51 0
v 26590.41 -3631.03 0
v 26521.91 -3642.82 0
v 26521.38 -3635.34 0
v 26453.12 -3648.23 0
v 26452.47 -3640.76 0
v 26384.46 -3654.86 0
v 26383.67 -3647.40 0
v 26315.92 -3662.71 0
v 26315.00 -3655.26 0
v 26247.50 -3671.77 0
v 26246.45 -3664.34 0
v 26179.30 -3681.93 0
v 26178.10 -3674.53 0
v 26080.69 -3698.74 0
v 26079.34 -3691.37 0
v 25982.52 -3717.98 0
v 25980.98 -3710.64 0
v 25884.94 -3739.75 0
v 25883.22 -3732.45 0
v 25787.86 -3763.84 0
v 25785.96 -3756.59 0
v 25691.46 -3790.35 0
v 25689.38 -3783.15 0
v 25595.64 -3819.29 0
v 25593.39 -3812.14 0
v 25500.67 -3850.53 0
v 25498.24 -3843.44 0
v 25407.42 -3883.83 0
v 25404.81 -3876.80 0
v 25314.15 -3919.80 0
v 25311.36 -3912.83 0
v 25221.72 -3958.07 0
v 25218.77 -3951.18 0
v 25130.31 -3998.53 0
v 25127.19 -3991.71 0
v 25039.92 -4041.30 0
v 25036.63 -4034.56 0
v 24950.56 -4086.36 0
v 24947.09 -4079.71 0
v 24862.46 -4133.61 0
v 24858.84 -4127.04 0
v 24776.32 -4182.47 0
v 24772.54 -4175.99 0
v 24690.61 -4233.98 0
v 24686.67 -4227.59 0
v 24617.09 -4280.58 0
v 24613.00 -4274.30 0
v 24541.88 -4330.60 0
v 24537.73 -4324.35 0
v 24541.96 -4330.54 0
v 24537.65 -4324.41 0
v 24438.53 -4403.25 0
v 24434.18 -4397.14 0
v 24412.83 -4422.60 0
v 24408.32 -4416.60 0
v 24561.88 -4348.17 0
v 24566.19 -4354.30 0
v 24576.95 -4337.58 0
v 24581.11 -4343.82 0
v 24638.77 -4296.90 0
v 24642.84 -4303.20 0
v 24700.49 -4257.87 0
v 24704.40 -4264.27 0
v 24805.94 -4194.70 0
v 24809.69 -4201.20 0
v 24913.42 -4134.81 0
v 24916.97 -4141.42 0
v 25023.50 -4077.84 0
v 25026.84 -4084.55 0
v 25134.38 -4024.74 0
v 25137.52 -4031.55 0
v 25239.53 -3978.14 0
v 25242.47 -3985.04 0
v 25345.90 -3934.63 0
v 25348.64 -3941.61 0
v 25452.62 -3894.43 0
v 25455.16 -3901.49 0
v 25561.34 -3857.07 0
v 25563.68 -3864.20 0
v 25670.16 -3823.16 0
v 25672.29 -3830.35 0
v 25780.79 -3792.08 0
v 25782.72 -3799.33 0
v 25891.35 -3764.34 0
v 25893.06 -3771.64 0
v 26003.64 -3739.66 0
v 26005.15 -3747.01 0
v 26115.60 -3718.33 0
v 26116.89 -3725.72 0
v 26229.12 -3700.07 0
v 26230.20 -3707.49 0
v 26343.17 -3685.13 0
v 26344.04 -3692.58 0
v 26456.53 -3673.54 0
v 26457.19 -3681.01 0
v 26570.16 -3665.17 0
v 26570.61 -3672.65 0
v 26685.01 -3659.99 0
v 26685.24 -3667.48 0
v 26800.05 -3658.14 0
v 26800.06 -3665.64 0
v 26913.95 -3659.54 0
v 26913.77 -3667.04 0
v 26999.92 -3662.86 0
v 26999.55 -3670.35 0
v 27086.70 -3667.93 0
v 27086.18 -3675.41 0
v 27172.38 -3674.92 0
v 27171.76 -3682.40 0
v 27178.78 -3675.58 0
v 27178.02 -3683.04 0
v 24428.71 -4442.47 0
v 24433.19 -4448.47 0
v 24454.91 -4422.89 0
v 24459.25 -4429.01 0
v 24561.89 -4348.16 0
v 24566.18 -4354.31 0
v 26769.56 8801.55 0
v 26769.45 8794.05 0
v 26777.74 8801.42 0
v 26776.90 8793.96 0
v 26786.88 8799.42 0
v 26783.65 8792.64 0
v 26797.34 8792.17 0
v 26792.49 8786.44 0
v 26827.44 8765.25 0
v 26822.60 8759.52 0
v 26834.77 8760.46 0
v 26831.18 8753.88 0
v 26854.20 8750.73 0
v 26851.20 8743.86 0
v 26893.00 8735.07 0
v 26890.54 8727.98 0
v 26960.19 8713.91 0
v 26957.84 8706.79 0
v 26981.91 8705.70 0
v 26978.77 8698.89 0
v 27100.75 8649.19 0
v 27097.47 8642.44 0
v 27122.57 8637.29 0
v 27118.32 8631.11 0
v 27148.04 8616.67 0
v 27142.95 8611.17 0
v 27162.35 8600.52 0
v 27156.45 8595.89 0
v 27172.38 8585.34 0
v 27165.28 8582.94 0
v 27185.60 8532.27 0
v 27178.36 8530.30 0
v 27189.16 8523.27 0
v 27182.66 8519.53 0
v 27222.30 8468.85 0
v 27215.65 8465.38 0
v 27238.24 8429.19 0
v 27231.13 8426.82 0
v 27239.74 8415.99 0
v 27232.24 8415.87 0
v 27239.42 8369.92 0
v 27231.92 8369.68 0
v 27241.49 8358.11 0
v 27234.22 8356.28 0
v 27244.64 8348.99 0
v 27238.07 8345.38 0
v 27249.99 8342.46 0
v 27244.95 8336.91 0
v 27256.89 8337.89 0
v 27253.80 8331.05 0
v 27264.23 8336.08 0
v 27263.07 8328.67 0
v 27270.77 8335.60 0
v 27272.35 8328.27 0
v 27304.71 8345.07 0
v 27306.93 8337.90 0
v 27322.33 8351.52 0
v 27324.91 8344.48 0
v 22011.38 6659.97 0
v 22013.74 6652.85 0
v 22029.69 6666.05 0
v 22032.05 6658.93 0
v 22580.63 329.28 0
v 22583.56 336.19 0
v 22559.53 338.25 0
v 22562.47 345.15 0
v 22014.00 6652.95 0
v 22011.12 6659.88 0
v 22001.57 6647.79 0
v 21998.33 6654.55 0
v 21980.30 6636.83 0
v 21976.31 6643.18 0
v 21964.30 6624.36 0
v 21959.69 6630.28 0
v 21946.44 6616.06 0
v 21951.94 6610.96 0
v 21959.25 6629.87 0
v 21964.75 6624.77 0
v 22583.65 336.15 0
v 22580.55 329.32 0
v 22589.15 333.66 0
v 22586.13 326.79 0
v 22603.67 327.32 0
v 22601.33 320.19 0
v 22646.79 314.74 0
v 22645.09 307.43 0
v 22754.01 292.42 0
v 22752.29 285.12 0
v 22842.04 268.74 0
v 22840.01 261.52 0
v 22857.04 263.37 0
v 22854.32 256.39 0
v 22866.82 258.72 0
v 22861.43 253.51 0
v 22870.46 249.35 0
v 22863.26 247.26 0
v 22871.65 243.64 0
v 22864.30 242.14 0
v 22029.33 6665.90 0
v 22032.42 6659.07 0
v 22085.66 6691.39 0
v 22088.69 6684.54 0
v 22095.91 6695.31 0
v 22097.84 6688.06 0
v 22106.98 6697.05 0
v 22107.52 6689.57 0
v 22119.37 6697.07 0
v 22119.25 6689.57 0
v 22130.39 6696.64 0
v 22129.09 6689.25 0
v 22140.91 6693.23 0
v 22138.01 6686.31 0
v 22154.10 6686.77 0
v 22150.17 6680.38 0
v 22195.29 6659.85 0
v 22190.85 6653.81 0
v 22233.06 6628.69 0
v 22228.61 6622.65 0
v 22258.47 6613.13 0
v 22255.30 6606.34 0
v 22292.75 6600.83 0
v 22291.17 6593.50 0
v 22329.14 6597.96 0
v 22329.06 6590.46 0
v 22376.91 6599.95 0
v 22378.04 6592.54 0
v 22462.76 6618.41 0
v 22464.73 6611.17 0
v 22514.76 6637.43 0
v 22518.04 6630.69 0
v 22540.62 6656.25 0
v 22545.43 6650.49 0
v 22543.66 6661.22 0
v 22550.53 6658.19 0
v 22545.73 6668.62 0
v 22553.04 6666.93 0
v 22569.60 6773.69 0
v 22576.88 6771.90 0
v 22598.84 6884.40 0
v 22606.13 6882.66 0
v 22634.73 7046.04 0
v 22642.00 7044.21 0
v 22644.36 7063.36 0
v 22649.88 7058.28 0
v 22665.88 7080.39 0
v 22669.78 7073.98 0
v 22688.98 7090.20 0
v 22689.55 7082.72 0
v 22743.07 7086.72 0
v 22742.58 7079.23 0
v 23137.04 8347.69 0
v 23129.57 8348.36 0
v 23136.62 8343.50 0
v 23129.32 8345.19 0
v 23131.19 8322.28 0
v 23123.82 8323.65 0
v 23128.29 8298.73 0
v 23120.79 8298.80 0
v 23130.44 8241.23 0
v 23122.95 8241.07 0
v 23130.46 8194.53 0
v 23122.96 8194.86 0
v 23127.58 8177.79 0
v 23120.32 8179.67 0
v 23108.37 8108.69 0
v 23101.10 8110.54 0
v 23082.63 8000.91 0
v 23075.33 8002.60 0
v 23073.61 7959.01 0
v 23066.25 7960.42 0
v 23073.56 7954.29 0
v 23066.12 7953.35 0
v 23082.92 7887.24 0
v 23075.46 7886.47 0
v 23082.89 7862.88 0
v 23075.44 7863.70 0
v 23078.20 7844.32 0
v 23071.07 7846.66 0
v 23069.31 7821.40 0
v 23062.66 7824.87 0
v 23005.82 7705.86 0
v 22999.22 7709.44 0
v 23000.31 7694.18 0
v 22993.27 7696.79 0
v 22997.02 7682.18 0
v 22989.64 7683.48 0
v 22993.42 7654.92 0
v 22985.95 7655.63 0
v 22991.52 7624.35 0
v 22984.03 7624.75 0
v 22990.94 7608.37 0
v 22983.44 7608.48 0
v 22990.81 7576.18 0
v 22983.31 7576.42 0
v 22989.39 7559.78 0
v 22981.98 7560.96 0
v 22985.86 7545.09 0
v 22978.68 7547.23 0
v 22978.55 7523.49 0
v 22971.74 7526.64 0
v 22968.15 7506.95 0
v 22962.37 7511.73 0
v 22939.27 7475.80 0
v 22933.48 7480.56 0
v 22908.35 7434.27 0
v 22902.04 7438.32 0
v 22903.15 7419.85 0
v 22895.95 7421.97 0
v 22896.38 7393.07 0
v 22889.14 7395.02 0
v 22887.71 7362.53 0
v 22880.30 7363.72 0
v 22867.38 7212.59 0
v 22859.98 7213.79 0
v 22859.92 7193.40 0
v 22853.36 7197.02 0
v 22829.56 7143.57 0
v 22823.51 7148.02 0
v 22809.29 7124.62 0
v 22804.38 7130.29 0
v 22775.55 7096.72 0
v 22770.77 7102.50 0
v 22742.00 7086.63 0
v 22743.65 7079.32 0
v 22754.25 7089.39 0
v 22756.24 7082.15 0
v 22757.80 7090.88 0
v 22761.27 7084.23 0
v 22760.20 7092.46 0
v 22765.17 7086.84 0
v 22770.58 7102.33 0
v 22775.75 7096.89 0
v 22871.62 243.75 0
v 22864.32 242.03 0
v 22877.74 217.81 0
v 22870.44 216.09 0
v 23408.85 -776.86 0
v 23410.56 -769.55 0
v 23402.35 -774.99 0
v 23406.92 -769.04 0
v 23400.88 -766.40 0
v 23406.81 -771.00 0
v 23406.69 -763.26 0
v 23412.80 -767.59 0
v 23407.46 -761.89 0
v 23413.26 -757.14 0
v 23405.76 -759.91 0
v 23400.41 -754.65 0
v 23398.70 -773.84 0
v 23400.92 -766.68 0
v 23395.47 -758.84 0
v 23397.56 -751.64 0
v 23396.98 -769.85 0
v 23390.02 -767.03 0
v 23387.83 -767.14 0
v 23395.29 -767.85 0
v 23392.99 -757.66 0
v 23396.69 -751.14 0
v 23387.38 -769.31 0
v 23389.38 -762.08 0
v 23387.02 -756.12 0
v 23388.82 -748.84 0
v 23385.45 -768.29 0
v 23383.27 -761.11 0
v 23365.80 -762.41 0
v 23368.19 -755.30 0
v 23889.99 1757.93 0
v 23892.13 1765.12 0
v 23885.00 1759.51 0
v 23885.56 1766.99 0
v 23868.27 1759.68 0
v 23866.33 1766.92 0
v 23771.05 1728.86 0
v 23768.69 1735.98 0
v 23757.76 1723.17 0
v 23754.18 1729.77 0
v 23751.41 1718.25 0
v 23746.42 1723.85 0
v 23738.30 1705.73 0
v 23733.99 1711.86 0
v 23701.10 1682.90 0
v 23697.95 1689.71 0
v 23449.04 1572.03 0
v 23446.15 1578.95 0
v 23392.18 1554.20 0
v 23389.89 1561.35 0
v 23340.85 1537.43 0
v 23338.48 1544.55 0
v 23138.67 1469.93 0
v 23136.29 1477.04 0
v 23088.69 1452.93 0
v 23086.48 1460.10 0
v 23081.51 1452.49 0
v 23081.69 1459.98 0
v 23076.33 1453.08 0
v 23077.64 1460.46 0
v 22936.19 1478.23 0
v 22937.40 1485.63 0
v 22921.75 1478.43 0
v 22921.08 1485.90 0
v 22846.24 1469.97 0
v 22845.26 1477.41 0
v 22828.43 1466.16 0
v 22826.12 1473.29 0
v 22761.11 1442.43 0
v 22758.43 1449.43 0
v 22616.77 1385.06 0
v 22613.85 1391.97 0
v 22600.05 1374.33 0
v 22595.60 1380.37 0
v 22566.52 1347.91 0
v 22561.33 1353.32 0
v 22449.70 1230.02 0
v 22444.56 1235.48 0
v 22280.63 1078.62 0
v 22275.62 1084.20 0
v 22252.75 1053.10 0
v 22247.62 1058.58 0
v 22248.62 1048.67 0
v 22242.81 1053.42 0
v 22234.41 1030.66 0
v 22228.34 1035.07 0
v 22210.91 996.73 0
v 22205.28 1001.68 0
v 22143.17 926.90 0
v 22137.79 932.12 0
v 22877.73 217.83 0
v 22870.44 216.07 0
v 22878.73 213.68 0
v 22871.41 212.05 0
v 22885.17 184.37 0
v 22877.93 182.38 0
v 22889.27 174.96 0
v 22882.57 171.59 0
v 22895.31 164.26 0
v 22889.32 159.75 0
v 22913.06 143.34 0
v 22907.87 137.92 0
v 23072.56 -5.51 0
v 23067.40 -10.95 0
v 23082.22 -17.17 0
v 23075.91 -21.22 0
v 23109.86 -63.42 0
v 23103.52 -67.42 0
v 23115.93 -70.85 0
v 23110.76 -76.29 0
v 23123.73 -76.58 0
v 23119.82 -82.98 0
v 23136.04 -83.08 0
v 23133.08 -89.98 0
v 23208.87 -113.06 0
v 23205.79 -119.90 0
v 23222.43 -122.09 0
v 23217.73 -127.93 0
v 23233.17 -132.58 0
v 23227.18 -137.09 0
v 23241.30 -147.13 0
v 23234.42 -150.11 0
v 23246.27 -162.72 0
v 23238.98 -164.48 0
v 23249.37 -180.44 0
v 23241.89 -181.05 0
v 23256.44 -286.26 0
v 23248.96 -286.86 0
v 23259.09 -302.63 0
v 23251.79 -304.34 0
v 23263.97 -318.47 0
v 23257.04 -321.33 0
v 23272.88 -336.25 0
v 23266.91 -340.80 0
v 23335.35 -411.89 0
v 23329.47 -416.55 0
v 23347.83 -430.91 0
v 23341.31 -434.62 0
v 23357.77 -451.30 0
v 23350.92 -454.36 0
v 23367.36 -474.60 0
v 23360.17 -476.75 0
v 23410.07 -626.19 0
v 23402.82 -628.13 0
v 23412.87 -645.10 0
v 23405.40 -645.74 0
v 23413.30 -663.36 0
v 23405.80 -663.02 0
v 23411.24 -680.41 0
v 23403.92 -678.76 0
v 23405.28 -698.72 0
v 23398.53 -695.44 0
v 23376.85 -751.29 0
v 23370.32 -747.60 0
v 23370.06 -761.01 0
v 23363.92 -756.70 0
v 22559.72 338.17 0
v 22562.27 345.22 0
v 22554.31 340.14 0
v 22556.28 347.38 0
v 22550.51 340.77 0
v 22550.83 348.27 0
v 22540.16 340.71 0
v 22539.30 348.16 0
v 22524.93 337.78 0
v 22523.25 345.09 0
v 22510.17 333.78 0
v 22508.88 341.16 0
v 22492.13 332.13 0
v 22492.61 339.62 0
v 22347.21 344.21 0
v 22348.31 351.63 0
v 22236.75 369.89 0
v 22237.91 377.30 0
v 22158.81 373.76 0
v 22159.28 381.25 0
v 22151.25 375.37 0
v 22153.92 382.38 0
v 22101.07 395.56 0
v 22103.94 402.49 0
v 22089.56 401.01 0
v 22093.27 407.53 0
v 22077.69 408.89 0
v 22082.30 414.80 0
v 22029.35 448.00 0
v 22034.29 453.65 0
v 21978.06 495.99 0
v 21983.18 501.47 0
v 21974.79 498.98 0
v 21979.85 504.51 0
v 26747.59 8792.90 0
v 26750.43 8785.96 0
v 26768.09 8801.27 0
v 26770.92 8794.33 0
v 22163.21 10668.47 0
v 22156.87 10664.47 0
v 22170.24 10657.32 0
v 22163.73 10653.60 0
v 22176.11 10645.89 0
v 22169.43 10642.47 0
v 25088.10 9157.54 0
v 25095.11 9154.88 0
v 25090.20 9163.04 0
v 25097.37 9160.83 0
v 25091.61 9168.72 0
v 25099.07 9167.91 0
v 25091.69 9176.92 0
v 25099.18 9177.28 0
v 25091.08 9180.97 0
v 25098.31 9182.97 0
v 25081.95 9211.97 0
v 25088.98 9214.57 0
v 25075.72 9222.74 0
v 25082.06 9226.75 0
v 25072.93 9226.36 0
v 25077.83 9232.04 0
v 25069.90 9227.88 0
v 25072.41 9234.95 0
v 25066.28 9228.56 0
v 25067.13 9236.02 0
v 25029.31 9232.41 0
v 25030.30 9239.84 0
v 25016.11 9235.24 0
v 25018.00 9242.50 0
v 24997.83 9240.59 0
v 25000.24 9247.69 0
v 24989.39 9244.36 0
v 24993.21 9250.81 0
v 24983.68 9248.95 0
v 24988.62 9254.59 0
v 24976.75 9255.35 0
v 24982.00 9260.70 0
v 24971.99 9260.63 0
v 24978.53 9264.30 0
v 24970.84 9267.32 0
v 24978.22 9266.01 0
v 24978.52 9302.24 0
v 24985.90 9300.88 0
v 24979.04 9311.61 0
v 24986.54 9311.54 0
v 24978.72 9318.99 0
v 24986.05 9320.59 0
v 24977.17 9321.60 0
v 24983.02 9326.30 0
v 24974.09 9324.38 0
v 24978.26 9330.62 0
v 24967.38 9328.03 0
v 24970.17 9334.99 0
v 24925.94 9343.65 0
v 24928.81 9350.58 0
v 24909.42 9352.05 0
v 24913.10 9358.59 0
v 24904.33 9356.00 0
v 24909.85 9361.07 0
v 24900.72 9361.59 0
v 24907.66 9364.43 0
v 24899.44 9367.85 0
v 24906.92 9368.34 0
v 24899.77 9375.61 0
v 24907.07 9373.92 0
v 24903.22 9384.42 0
v 24909.93 9381.07 0
v 24914.49 9405.37 0
v 24921.24 9402.11 0
v 24919.30 9417.68 0
v 24926.45 9415.42 0
v 24919.69 9421.21 0
v 24927.18 9421.49 0
v 24918.89 9426.05 0
v 24926.09 9428.15 0
v 24916.76 9431.01 0
v 24923.56 9434.17 0
v 24914.63 9435.32 0
v 24920.55 9439.93 0
v 24905.91 9444.78 0
v 24911.72 9449.53 0
v 24897.57 9456.17 0
v 24903.80 9460.35 0
v 24889.29 9469.58 0
v 24895.89 9473.15 0
v 24867.44 9511.86 0
v 24874.04 9515.42 0
v 24862.81 9518.76 0
v 24869.05 9522.92 0
v 24863.81 9520.72 0
v 24868.05 9520.96 0
v 24862.24 9548.50 0
v 24866.48 9548.65 0
v 24862.66 9555.48 0
v 24866.89 9555.03 0
v 24863.58 9561.27 0
v 24867.74 9560.40 0
v 24865.04 9566.84 0
v 24869.10 9565.58 0
v 24869.73 9581.02 0
v 24873.83 9579.90 0
v 24870.13 9585.39 0
v 24874.37 9585.12 0
v 24870.22 9588.53 0
v 24874.43 9589.09 0
v 24869.14 9592.76 0
v 24873.16 9594.13 0
v 24867.67 9596.14 0
v 24871.10 9598.65 0
v 24864.30 9599.35 0
v 24866.80 9602.78 0
v 24860.85 9601.07 0
v 24862.33 9605.05 0
v 24856.52 9602.19 0
v 24857.40 9606.34 0
v 24840.90 9605.28 0
v 24841.60 9609.47 0
v 24834.08 9605.95 0
v 24834.50 9610.18 0
v 24834.21 9605.94 0
v 24834.37 9610.19 0
v 24801.90 9607.13 0
v 24802.06 9611.38 0
v 24862.87 9518.67 0
v 24868.99 9523.01 0
v 24825.24 9571.76 0
v 24831.41 9576.01 0
v 24811.33 9593.47 0
v 24817.35 9597.95 0
v 24799.21 9606.72 0
v 24804.75 9611.78 0
v 22176.11 10645.89 0
v 22169.43 10642.46 0
v 22180.09 10638.07 0
v 22173.89 10633.86 0
v 22187.92 10628.37 0
v 22182.78 10622.91 0
v 22198.14 10621.01 0
v 22194.52 10614.44 0
v 22278.20 10578.69 0
v 22274.91 10571.95 0
v 22343.81 10550.13 0
v 22340.69 10543.31 0
v 22359.49 10541.44 0
v 22355.50 10535.09 0
v 22397.60 10516.39 0
v 22393.58 10510.06 0
v 22408.15 10510.48 0
v 22404.19 10504.11 0
v 22416.07 10504.86 0
v 22411.32 10499.05 0
v 22424.76 10496.90 0
v 22419.36 10491.70 0
v 22439.98 10480.07 0
v 22434.95 10474.51 0
v 22453.94 10470.44 0
v 22450.01 10464.06 0
v 22469.31 10462.07 0
v 22465.65 10455.52 0
v 22479.59 10456.11 0
v 22475.49 10449.83 0
v 22486.16 10450.98 0
v 22480.79 10445.74 0
v 22495.33 10439.96 0
v 22488.87 10436.14 0
v 22518.94 10395.80 0
v 22512.33 10392.27 0
v 22534.60 10352.15 0
v 22540.38 10356.93 0
v 22532.35 10354.88 0
v 22538.49 10359.19 0
v 22528.24 10361.21 0
v 22534.80 10364.86 0
v 22518.19 10380.27 0
v 22524.87 10383.69 0
v 22512.27 10392.39 0
v 22519.01 10395.68 0
v 22540.42 10356.87 0
v 22534.55 10352.21 0
v 22542.22 10354.56 0
v 22536.88 10349.29 0
v 22550.35 10346.81 0
v 22545.52 10341.07 0
v 22558.33 10340.97 0
v 22554.20 10334.71 0
v 22573.24 10331.73 0
v 22569.48 10325.24 0
v 22593.26 10320.72 0
v 22589.82 10314.06 0
v 22606.26 10314.71 0
v 22603.55 10307.71 0
v 22613.92 10312.68 0
v 22612.49 10305.32 0
v 22621.17 10311.85 0
v 22620.73 10304.36 0
v 22626.98 10311.91 0
v 22627.76 10304.45 0
v 22636.06 10313.43 0
v 22637.84 10306.14 0
v 22661.02 10320.24 0
v 22662.82 10312.96 0
v 22673.20 10322.56 0
v 22673.76 10315.08 0
v 22739.58 10326.22 0
v 22739.90 10318.72 0
v 22759.35 10326.21 0
v 22759.00 10318.72 0
v 22774.10 10324.59 0
v 22773.14 10317.15 0
v 22782.74 10323.20 0
v 22781.06 10315.90 0
v 22791.66 10320.54 0
v 22789.11 10313.48 0
v 22799.93 10317.00 0
v 22796.47 10310.35 0
v 22808.95 10311.52 0
v 22804.58 10305.43 0
v 22816.47 10305.16 0
v 22811.28 10299.74 0
v 22825.41 10295.78 0
v 22819.86 10290.73 0
v 22843.31 10275.73 0
v 22837.98 10270.45 0
v 22853.33 10267.43 0
v 22849.27 10261.13 0
v 22865.55 10261.38 0
v 22862.92 10254.36 0
v 22876.99 10258.59 0
v 22875.94 10251.17 0
v 22887.08 10258.37 0
v 22887.55 10250.89 0
v 22898.75 10259.99 0
v 22900.25 10252.64 0
v 22910.93 10263.24 0
v 22913.21 10256.10 0
v 22921.74 10267.35 0
v 22924.54 10260.39 0
v 22931.76 10271.63 0
v 22934.58 10264.68 0
v 22939.74 10274.63 0
v 22941.88 10267.44 0
v 22945.77 10275.71 0
v 22946.21 10268.22 0
v 22952.34 10275.36 0
v 22950.94 10267.99 0
v 22958.92 10273.28 0
v 22956.44 10266.20 0
v 22963.27 10271.55 0
v 22959.98 10264.81 0
v 22968.71 10268.51 0
v 22964.76 10262.14 0
v 22975.66 10263.86 0
v 22970.91 10258.05 0
v 22986.48 10253.98 0
v 22981.10 10248.75 0
v 23006.85 10231.83 0
v 23001.37 10226.71 0
v 23013.40 10225.17 0
v 23008.22 10219.74 0
v 23025.08 10214.43 0
v 23020.23 10208.70 0
v 23032.95 10208.60 0
v 23028.84 10202.33 0
v 23048.82 10198.90 0
v 23045.29 10192.28 0
v 23056.44 10196.06 0
v 23053.62 10189.12 0
v 23077.55 10187.24 0
v 23074.83 10180.25 0
v 23091.15 10182.55 0
v 23087.68 10175.91 0
v 23159.10 10144.65 0
v 23155.47 10138.08 0
v 23172.21 10137.75 0
v 23168.43 10131.27 0
v 23181.04 10131.84 0
v 23176.76 10125.67 0
v 23187.30 10127.30 0
v 23182.90 10121.23 0
v 23187.28 10127.31 0
v 23182.92 10121.21 0
v 23189.80 10125.51 0
v 23185.19 10119.59 0
v 23197.11 10119.64 0
v 23192.08 10114.08 0
v 23202.23 10114.25 0
v 23196.79 10109.09 0
v 25756.75 8981.10 0
v 25750.26 8977.34 0
v 25758.11 8978.68 0
v 25752.19 8974.08 0
v 25762.70 8973.43 0
v 25757.47 8968.05 0
v 25766.25 8970.70 0
v 25762.25 8964.35 0
v 25774.38 8966.14 0
v 25770.71 8959.60 0
v 25772.67 8966.62 0
v 25772.42 8959.12 0
v 25781.17 8966.30 0
v 25781.98 8958.85 0
v 25790.67 8968.57 0
v 25792.82 8961.39 0
v 25810.67 8975.20 0
v 25812.36 8967.89 0
v 25820.13 8974.97 0
v 25818.35 8967.68 0
v 25827.66 8971.10 0
v 25822.98 8965.23 0
v 25845.41 8955.24 0
v 25840.67 8949.43 0
v 25849.27 8953.29 0
v 25846.50 8946.32 0
v 25856.90 8950.68 0
v 25856.21 8943.21 0
v 25901.11 8948.63 0
v 25900.98 8941.14 0
v 25917.50 8949.66 0
v 25917.32 8942.16 0
v 25923.81 8947.78 0
v 25920.65 8940.98 0
v 25932.09 8943.02 0
v 25927.01 8937.50 0
v 25955.90 8918.49 0
v 25950.41 8913.37 0
v 25973.94 8898.18 0
v 25968.59 8892.93 0
v 25977.61 8895.92 0
v 25974.64 8889.03 0
v 25980.40 8895.53 0
v 25979.53 8888.08 0
v 26007.02 8892.61 0
v 26006.01 8885.18 0
v 26012.14 8890.98 0
v 26008.59 8884.37 0
v 26019.09 8886.28 0
v 26014.02 8880.76 0
v 26048.43 8857.81 0
v 26043.41 8852.23 0
v 26052.49 8855.76 0
v 26050.28 8848.59 0
v 26161.61 8823.19 0
v 26159.26 8816.07 0
v 26203.86 8805.76 0
v 26200.60 8799.01 0
v 26213.37 8797.92 0
v 26207.81 8792.88 0
v 26223.20 8784.69 0
v 26216.75 8780.87 0
v 26236.78 8758.53 0
v 26229.99 8755.34 0
v 26240.04 8748.60 0
v 26232.63 8747.44 0
v 26240.21 8736.78 0
v 26232.74 8737.49 0
v 26238.02 8728.21 0
v 26231.18 8731.28 0
v 26227.22 8707.33 0
v 26220.61 8710.86 0
v 26223.11 8700.21 0
v 26216.62 8703.97 0
v 26223.44 8700.96 0
v 26216.29 8703.22 0
v 26221.66 8695.46 0
v 26214.25 8696.61 0
v 26221.69 8690.23 0
v 26214.23 8689.39 0
v 26222.95 8684.69 0
v 26215.76 8682.57 0
v 26225.06 8678.82 0
v 26218.35 8675.46 0
v 26228.38 8673.78 0
v 26222.48 8669.16 0
v 26233.12 8668.49 0
v 26228.31 8662.74 0
v 26238.66 8665.15 0
v 26235.32 8658.44 0
v 26243.80 8663.18 0
v 26242.10 8655.87 0
v 26250.12 8662.56 0
v 26249.36 8655.10 0
v 26750.81 8786.14 0
v 26747.20 8792.72 0
v 26745.99 8783.52 0
v 26741.77 8789.71 0
v 26742.58 8780.71 0
v 26736.72 8785.39 0
v 26741.11 8777.80 0
v 26733.76 8779.28 0
v 26739.29 8762.57 0
v 26731.80 8762.84 0
v 26740.06 8747.78 0
v 26732.60 8747.00 0
v 26743.88 8719.22 0
v 26736.52 8717.77 0
v 26751.63 8689.08 0
v 26744.42 8687.02 0
v 26753.58 8684.71 0
v 26747.29 8680.63 0
v 26758.65 8678.52 0
v 26752.83 8673.79 0
v 26758.66 8678.51 0
v 26752.82 8673.80 0
v 26781.78 8649.83 0
v 26775.95 8645.13 0
v 25451.29 9196.54 0
v 25453.63 9189.42 0
v 25458.36 9198.78 0
v 25459.11 9191.32 0
v 25484.30 9199.97 0
v 25484.64 9192.48 0
v 26249.69 8662.58 0
v 26249.79 8655.08 0
v 26263.02 8662.73 0
v 26263.87 8655.27 0
v 26272.82 8665.09 0
v 26275.79 8658.20 0
v 26290.13 8674.59 0
v 26294.02 8668.17 0
v 26310.59 8688.01 0
v 26314.27 8681.48 0
v 26328.76 8696.32 0
v 26331.39 8689.30 0
v 26350.56 8702.91 0
v 26351.56 8695.48 0
v 26504.01 8719.99 0
v 26505.00 8712.55 0
v 26553.51 8730.02 0
v 26555.23 8722.72 0
v 26579.73 8737.79 0
v 26582.18 8730.71 0
v 26585.06 8740.79 0
v 26589.49 8734.74 0
v 26587.11 8743.18 0
v 26593.15 8738.74 0
v 26588.58 8745.42 0
v 26595.83 8743.51 0
v 26589.04 8751.06 0
v 26596.54 8751.02 0
v 26588.70 8787.05 0
v 26596.19 8787.46 0
v 26584.67 8831.43 0
v 26592.10 8832.43 0
v 26581.12 8843.98 0
v 26588.30 8846.12 0
v 26579.71 8848.56 0
v 26585.92 8852.76 0
v 26574.13 8854.33 0
v 26578.80 8860.19 0
v 26563.28 8861.52 0
v 26566.83 8868.12 0
v 26557.38 8863.41 0
v 26559.06 8870.72 0
v 26552.69 8863.94 0
v 26552.43 8871.43 0
v 26542.24 8862.79 0
v 26540.91 8870.17 0
v 26498.15 8854.06 0
v 26497.00 8861.47 0
v 26491.19 8855.37 0
v 26494.01 8862.32 0
v 26486.59 8858.33 0
v 26491.17 8864.26 0
v 26482.73 8862.06 0
v 26489.15 8865.93 0
v 26480.45 8868.54 0
v 26487.84 8869.79 0
v 26480.70 8875.00 0
v 26487.84 8872.67 0
v 26484.38 8880.12 0
v 26489.17 8874.36 0
v 26491.42 8884.07 0
v 26492.88 8876.72 0
v 26560.87 8895.77 0
v 26561.94 8888.34 0
v 26575.72 8896.20 0
v 26575.18 8888.72 0
v 26586.45 8893.90 0
v 26584.36 8886.70 0
v 26594.83 8890.59 0
v 26590.89 8884.21 0
v 26600.96 8884.98 0
v 26595.64 8879.70 0
v 26608.17 8877.26 0
v 26602.22 8872.69 0
v 26616.38 8864.82 0
v 26609.61 8861.58 0
v 26635.16 8821.05 0
v 26628.23 8818.19 0
v 26653.24 8775.58 0
v 26646.24 8772.89 0
v 26660.50 8755.12 0
v 26653.34 8752.87 0
v 26667.79 8729.18 0
v 26660.55 8727.21 0
v 26671.08 8716.19 0
v 26663.92 8713.95 0
v 26674.86 8706.47 0
v 26668.00 8703.44 0
v 26677.93 8700.42 0
v 26672.10 8695.70 0
v 26711.34 8661.69 0
v 26705.66 8656.79 0
v 26781.41 8650.24 0
v 26776.32 8644.72 0
v 26865.60 8572.60 0
v 26860.42 8567.17 0
v 26883.01 8553.23 0
v 26877.27 8548.41 0
v 26890.68 8542.71 0
v 26884.22 8538.90 0
v 26893.66 8534.89 0
v 26886.32 8533.31 0
v 26893.97 8527.25 0
v 26886.55 8528.30 0
v 26891.58 8521.29 0
v 26885.37 8525.49 0
v 26886.52 8516.04 0
v 26882.35 8522.28 0
v 26880.03 8513.95 0
v 26879.90 8521.44 0
v 26872.90 8515.49 0
v 26875.67 8522.46 0
v 26864.96 8519.79 0
v 26869.51 8525.76 0
v 26855.71 8528.47 0
v 26861.10 8533.68 0
v 26834.52 8551.27 0
v 26839.84 8556.56 0
v 26821.48 8562.87 0
v 26825.99 8568.86 0
v 26805.90 8572.75 0
v 26810.10 8578.97 0
v 26795.34 8580.58 0
v 26800.62 8585.90 0
v 26771.67 8606.61 0
v 26776.81 8612.07 0
v 26757.77 8616.05 0
v 26761.67 8622.46 0
v 26740.95 8625.23 0
v 26745.17 8631.44 0
v 26730.22 8634.80 0
v 26735.23 8640.39 0
v 26711.00 8662.03 0
v 26706.00 8656.44 0
v 26735.22 8640.39 0
v 26730.23 8634.80 0
v 23202.65 10113.72 0
v 23196.37 10109.62 0
v 23217.40 10091.07 0
v 23211.19 10086.88 0
v 23220.57 10087.04 0
v 23215.22 10081.78 0
v 23234.48 10073.72 0
v 23230.02 10067.69 0
v 23268.97 10051.30 0
v 23264.65 10045.17 0
v 23280.92 10040.95 0
v 23276.00 10035.28 0
v 23281.31 10040.55 0
v 23275.61 10035.68 0
v 23291.69 10028.43 0
v 23285.86 10023.71 0
v 23306.41 10009.57 0
v 23300.50 10004.96 0
v 23306.42 10009.56 0
v 23300.49 10004.97 0
v 23335.21 9972.39 0
v 23329.15 9967.97 0
v 23353.93 9944.47 0
v 23347.57 9940.49 0
v 23366.42 9922.63 0
v 23359.73 9919.24 0
v 23372.98 9906.81 0
v 23365.83 9904.53 0
v 23384.98 9864.63 0
v 23377.73 9862.70 0
v 23386.35 9856.50 0
v 23378.86 9856.01 0
v 23386.77 9838.48 0
v 23379.30 9837.83 0
v 23389.17 9822.85 0
v 23381.99 9820.71 0
v 23396.25 9806.68 0
v 23389.57 9803.29 0
v 23407.06 9787.71 0
v 23400.68 9783.76 0
v 23413.38 9778.94 0
v 23407.54 9774.24 0
v 23421.50 9769.75 0
v 23416.09 9764.56 0
v 23431.09 9760.43 0
v 23426.30 9754.66 0
v 23449.49 9746.52 0
v 23445.32 9740.29 0
v 23465.44 9737.36 0
v 23462.18 9730.60 0
v 23477.07 9733.19 0
v 23475.27 9725.91 0
v 23486.49 9732.14 0
v 23486.21 9724.65 0
v 23496.31 9732.53 0
v 23497.02 9725.07 0
v 23505.95 9734.01 0
v 23507.08 9726.60 0
v 24799.18 9606.76 0
v 24804.78 9611.75 0
v 24774.35 9634.62 0
v 24780.32 9639.16 0
v 24754.67 9665.38 0
v 24760.77 9669.74 0
v 24746.61 9673.52 0
v 24751.85 9678.89 0
v 24742.41 9677.35 0
v 24746.43 9683.68 0
v 24701.93 9701.78 0
v 24705.70 9708.27 0
v 24657.56 9726.65 0
v 24661.37 9733.11 0
v 24646.38 9734.63 0
v 24651.29 9740.30 0
v 24620.47 9758.73 0
v 24625.51 9764.29 0
v 24612.21 9765.69 0
v 24616.34 9771.95 0
v 24608.37 9766.99 0
v 24609.84 9774.35 0
v 24602.19 9767.50 0
v 24602.11 9775.00 0
v 24577.19 9766.57 0
v 24577.19 9774.07 0
v 24570.96 9767.69 0
v 24573.13 9774.87 0
v 24561.28 9771.23 0
v 24564.22 9778.13 0
v 24551.91 9775.79 0
v 24555.47 9782.40 0
v 24543.03 9781.09 0
v 24547.58 9787.06 0
v 24534.05 9789.36 0
v 24539.27 9794.75 0
v 24524.36 9799.22 0
v 24530.20 9803.92 0
v 24517.68 9809.85 0
v 24524.52 9812.94 0
v 24512.57 9825.09 0
v 24519.77 9827.20 0
v 24510.73 9833.80 0
v 24518.21 9834.39 0
v 24510.94 9845.36 0
v 24518.41 9844.63 0
v 24513.62 9864.29 0
v 24521.07 9863.42 0
v 24515.39 9883.40 0
v 24522.89 9883.30 0
v 24514.07 9894.52 0
v 24521.44 9895.89 0
v 24512.56 9899.63 0
v 24518.95 9903.55 0
v 24508.96 9903.15 0
v 24512.90 9909.53 0
v 24505.63 9903.82 0
v 24506.63 9911.26 0
v 24500.32 9904.07 0
v 24499.77 9911.55 0
v 24497.95 9903.51 0
v 24494.39 9910.11 0
v 24491.74 9899.19 0
v 24486.65 9904.70 0
v 24429.26 9839.75 0
v 24424.12 9845.22 0
v 24422.02 9833.76 0
v 24417.45 9839.71 0
v 24416.62 9830.12 0
v 24413.32 9836.85 0
v 24408.17 9826.92 0
v 24405.81 9834.04 0
v 24398.77 9824.21 0
v 24397.31 9831.57 0
v 24389.74 9823.37 0
v 24390.42 9830.84 0
v 24353.05 9828.23 0
v 24353.96 9835.68 0
v 24343.90 9829.04 0
v 24343.98 9836.54 0
v 24340.97 9828.68 0
v 24337.93 9835.54 0
v 24298.38 9808.48 0
v 24295.25 9815.30 0
v 24290.02 9805.33 0
v 24287.65 9812.45 0
v 24267.16 9798.08 0
v 24265.11 9805.29 0
v 24232.51 9789.04 0
v 24230.86 9796.36 0
v 24220.08 9787.51 0
v 24219.60 9795.00 0
v 24190.67 9786.34 0
v 24190.25 9793.83 0
v 24180.41 9785.29 0
v 24179.41 9792.72 0
v 24134.52 9778.78 0
v 24133.19 9786.16 0
v 24118.12 9774.00 0
v 24116.54 9781.33 0
v 24086.32 9768.39 0
v 24085.33 9775.82 0
v 24070.83 9767.73 0
v 24071.53 9775.20 0
v 24034.40 9773.18 0
v 24035.64 9780.58 0
v 24018.79 9776.49 0
v 24020.71 9783.74 0
v 24000.47 9782.18 0
v 24002.96 9789.25 0
v 23988.25 9787.26 0
v 23991.65 9793.94 0
v 23956.80 9804.35 0
v 23960.54 9810.85 0
v 23930.27 9820.62 0
v 23934.09 9827.08 0
v 23921.16 9825.42 0
v 23924.35 9832.20 0
v 23914.27 9828.16 0
v 23916.68 9835.26 0
v 23907.99 9829.92 0
v 23909.13 9837.34 0
v 23880.98 9833.23 0
v 23881.65 9840.70 0
v 23864.66 9833.77 0
v 23865.32 9841.24 0
v 23851.80 9835.82 0
v 23853.42 9843.15 0
v 23846.77 9837.81 0
v 23850.20 9844.48 0
v 23841.71 9840.90 0
v 23845.90 9847.12 0
v 23837.56 9844.02 0
v 23842.60 9849.57 0
v 23834.69 9847.35 0
v 23840.82 9851.67 0
v 23831.10 9853.13 0
v 23837.86 9856.37 0
v 23829.42 9858.70 0
v 23836.86 9859.62 0
v 23829.41 9866.21 0
v 23836.84 9865.22 0
v 23831.61 9875.84 0
v 23838.81 9873.71 0
v 23836.14 9889.16 0
v 23843.41 9887.32 0
v 23836.40 9893.84 0
v 23843.85 9894.66 0
v 23835.11 9898.24 0
v 23841.87 9901.50 0
v 23832.59 9901.94 0
v 23837.51 9907.61 0
v 23830.40 9902.72 0
v 23831.45 9910.15 0
v 23827.10 9902.52 0
v 23824.72 9909.63 0
v 23821.79 9899.58 0
v 23817.55 9905.76 0
v 23818.43 9896.53 0
v 23812.79 9901.47 0
v 23738.21 9803.67 0
v 23732.58 9808.62 0
v 23732.62 9798.94 0
v 23728.00 9804.85 0
v 23728.59 9796.15 0
v 23725.05 9802.76 0
v 23703.43 9783.28 0
v 23700.61 9790.23 0
v 23674.29 9774.12 0
v 23672.14 9781.30 0
v 23655.93 9769.09 0
v 23654.35 9776.42 0
v 23645.29 9767.87 0
v 23644.06 9775.26 0
v 23582.36 9756.87 0
v 23580.94 9764.23 0
v 23567.47 9752.85 0
v 23565.36 9760.05 0
v 23553.32 9748.35 0
v 23550.45 9755.28 0
v 23538.44 9740.82 0
v 23535.05 9747.51 0
v 23505.64 9733.95 0
v 23507.39 9726.66 0
v 23510.21 9734.97 0
v 23513.33 9728.15 0
v 23535.06 9747.51 0
v 23538.43 9740.81 0
v 25095.07 9154.77 0
v 25088.15 9157.65 0
v 25091.78 9146.90 0
v 25084.62 9149.10 0
v 25088.79 9134.37 0
v 25081.41 9135.67 0
v 25087.69 9123.57 0
v 25080.20 9123.95 0
v 25087.40 9106.73 0
v 25079.90 9106.99 0
v 25086.94 9102.46 0
v 25079.54 9103.68 0
v 25085.28 9094.06 0
v 25078.17 9096.44 0
v 25081.93 9087.81 0
v 25075.75 9092.07 0
v 25077.94 9083.35 0
v 25073.01 9089.00 0
v 25071.24 9078.43 0
v 25067.47 9084.91 0
v 25058.55 9072.03 0
v 25055.36 9078.82 0
v 25043.12 9065.22 0
v 25039.60 9071.85 0
v 25040.62 9062.75 0
v 25035.17 9067.90 0
v 25039.07 9060.98 0
v 25032.20 9063.98 0
v 25037.57 9055.95 0
v 25030.07 9056.02 0
v 25039.22 9049.22 0
v 25031.79 9048.17 0
v 25040.29 9036.86 0
v 25032.79 9036.81 0
v 25039.30 9027.98 0
v 25031.98 9029.64 0
v 25030.93 8995.22 0
v 25023.65 8997.01 0
v 25028.56 8984.38 0
v 25021.11 8985.27 0
v 25028.70 8980.66 0
v 25021.82 8977.68 0
v 25031.04 8978.16 0
v 25027.18 8971.73 0
v 25034.00 8977.50 0
v 25034.52 8970.01 0
v 25037.86 8978.76 0
v 25042.18 8972.64 0
v 25040.09 8981.92 0
v 25046.80 8978.56 0
v 25045.81 8995.57 0
v 25052.94 8993.26 0
v 25057.90 9036.92 0
v 25065.04 9034.62 0
v 25060.98 9042.11 0
v 25067.11 9037.79 0
v 25064.85 9046.79 0
v 25069.44 9040.85 0
v 25110.65 9080.77 0
v 25115.23 9074.83 0
v 25124.82 9093.06 0
v 25130.18 9087.82 0
v 25129.36 9099.84 0
v 25135.80 9096.00 0
v 25132.20 9105.47 0
v 25139.36 9103.22 0
v 25134.83 9117.37 0
v 25142.26 9116.38 0
v 25140.71 9169.53 0
v 25148.15 9168.58 0
v 25142.99 9180.46 0
v 25150.15 9178.22 0
v 25150.16 9200.04 0
v 25157.30 9197.72 0
v 25153.40 9212.42 0
v 25160.78 9211.09 0
v 25154.25 9222.61 0
v 25161.75 9222.52 0
v 25153.76 9227.75 0
v 25160.83 9230.23 0
v 25149.69 9235.41 0
v 25155.73 9239.86 0
v 25086.24 9318.92 0
v 25092.23 9323.43 0
v 25081.60 9325.87 0
v 25088.36 9329.12 0
v 25079.26 9333.63 0
v 25086.67 9334.81 0
v 25078.91 9342.43 0
v 25086.39 9342.00 0
v 25080.23 9350.28 0
v 25087.44 9348.22 0
v 25083.13 9356.45 0
v 25088.95 9351.72 0
v 25092.21 9365.36 0
v 25096.93 9359.53 0
v 25102.30 9372.00 0
v 25105.91 9365.43 0
v 25109.96 9374.94 0
v 25111.12 9367.53 0
v 25121.84 9375.16 0
v 25120.92 9367.71 0
v 25132.71 9372.20 0
v 25130.51 9365.03 0
v 25155.34 9364.88 0
v 25152.20 9358.06 0
v 25308.70 9291.12 0
v 25305.51 9284.34 0
v 25326.94 9284.05 0
v 25324.64 9276.91 0
v 25341.60 9280.51 0
v 25340.39 9273.11 0
v 25353.51 9279.69 0
v 25353.69 9272.20 0
v 25364.14 9281.06 0
v 25365.54 9273.69 0
v 25373.93 9283.59 0
v 25376.08 9276.41 0
v 25384.32 9287.08 0
v 25387.35 9280.22 0
v 25396.65 9293.63 0
v 25400.65 9287.29 0
v 25406.52 9301.04 0
v 25411.68 9295.59 0
v 25426.59 9322.05 0
v 25432.21 9317.08 0
v 25441.05 9340.09 0
v 25446.74 9335.21 0
v 25446.92 9345.71 0
v 25451.68 9339.91 0
v 25455.17 9351.66 0
v 25458.73 9345.06 0
v 25465.70 9355.67 0
v 25466.73 9348.25 0
v 25477.36 9354.90 0
v 25476.81 9347.42 0
v 25484.31 9199.97 0
v 25484.63 9192.48 0
v 25649.51 9207.04 0
v 25649.78 9199.54 0
v 25670.46 9206.50 0
v 25669.81 9199.03 0
v 25710.58 9201.75 0
v 25709.79 9194.30 0
v 25724.92 9200.64 0
v 25725.54 9193.16 0
v 25735.29 9203.68 0
v 25738.22 9196.78 0
v 25738.89 9206.49 0
v 25744.14 9201.13 0
v 25740.58 9208.83 0
v 25747.46 9205.83 0
v 25740.87 9210.60 0
v 25748.35 9211.20 0
v 25740.17 9213.66 0
v 25746.53 9217.63 0
v 25737.70 9215.87 0
v 25741.15 9222.53 0
v 25733.64 9216.76 0
v 25734.38 9224.22 0
v 25728.22 9216.57 0
v 25728.18 9224.07 0
v 25691.50 9216.54 0
v 25692.02 9224.02 0
v 25580.20 9226.70 0
v 25580.96 9234.16 0
v 25555.78 9230.42 0
v 25557.46 9237.73 0
v 25538.97 9236.19 0
v 25542.02 9243.04 0
v 25527.79 9242.88 0
v 25532.01 9249.08 0
v 25516.47 9251.45 0
v 25521.51 9257.01 0
v 25510.02 9259.11 0
v 25516.28 9263.24 0
v 25505.41 9268.18 0
v 25512.43 9270.82 0
v 25501.58 9281.45 0
v 25508.94 9282.89 0
v 25494.78 9322.36 0
v 25502.13 9323.84 0
v 25489.92 9339.61 0
v 25497.14 9341.64 0
v 25477.38 9354.90 0
v 25476.79 9347.42 0
v 25486.73 9354.03 0
v 25484.14 9346.99 0
v 25493.75 9348.48 0
v 25487.95 9343.73 0
v 25496.90 9342.27 0
v 25490.16 9338.98 0
v 25750.29 8977.28 0
v 25756.72 8981.16 0
v 25741.40 8992.06 0
v 25747.57 8996.32 0
v 25731.60 9004.41 0
v 25737.21 9009.39 0
v 25726.72 9008.68 0
v 25731.05 9014.80 0
v 25717.82 9014.07 0
v 25721.40 9020.66 0
v 25693.33 9026.79 0
v 25696.39 9033.64 0
v 25644.67 9046.75 0
v 25647.25 9053.78 0
v 25592.01 9064.04 0
v 25594.10 9071.24 0
v 25534.31 9078.81 0
v 25536.24 9086.06 0
v 25526.50 9081.59 0
v 25527.40 9089.03 0
v 25466.02 9087.07 0
v 25466.78 9094.53 0
v 25459.27 9088.59 0
v 25462.01 9095.57 0
v 25450.78 9093.04 0
v 25455.17 9099.12 0
v 25444.75 9099.07 0
v 25450.48 9103.91 0
v 25436.62 9109.64 0
v 25442.57 9114.21 0
v 25454.18 9189.65 0
v 25450.74 9196.31 0
v 25448.20 9186.57 0
v 25444.41 9193.04 0
v 25444.35 9184.01 0
v 25439.07 9189.33 0
v 25437.69 9176.03 0
v 25431.63 9180.45 0
v 25434.80 9171.00 0
v 25427.91 9173.96 0
v 25433.41 9166.14 0
v 25425.99 9167.17 0
v 25432.44 9153.19 0
v 25424.95 9153.39 0
v 25432.86 9144.82 0
v 25425.37 9144.45 0
v 25436.35 9110.04 0
v 25442.84 9113.81 0
v 25432.48 9116.75 0
v 25439.23 9120.01 0
v 25429.97 9123.29 0
v 25437.05 9125.77 0
v 25427.89 9129.80 0
v 25435.12 9131.82 0
v 25426.43 9136.02 0
v 25433.82 9137.30 0
v 25425.39 9144.16 0
v 25432.84 9145.10 0
v 25090.38 9152.66 0
v 25092.83 9159.75 0
v 25086.81 9154.35 0
v 25085.71 9161.77 0
v 25075.48 9150.15 0
v 25072.49 9157.03 0
v 25072.05 9147.91 0
v 25067.56 9153.92 0
v 25068.18 9144.70 0
v 25062.46 9149.55 0
v 25064.81 9139.41 0
v 25058.02 9142.61 0
v 25061.97 9131.33 0
v 25054.76 9133.40 0
v 25055.29 9106.19 0
v 25048.12 9108.38 0
v 25052.05 9098.99 0
v 25045.32 9102.29 0
v 25049.53 9094.54 0
v 25043.72 9099.28 0
v 25045.12 9090.89 0
v 25041.85 9097.64 0
v 25040.17 9089.98 0
v 25039.89 9097.47 0
v 25017.54 9089.55 0
v 25017.26 9097.05 0
v 25013.36 9089.09 0
v 25011.41 9096.33 0
v 25010.34 9087.74 0
v 25006.04 9093.88 0
v 25006.14 9083.91 0
v 25000.43 9088.77 0
v 25002.22 9078.20 0
v 24995.51 9081.55 0
v 25000.76 9073.31 0
v 24993.33 9074.34 0
v 25000.08 9062.05 0
v 24992.62 9061.34 0
v 25003.06 9049.94 0
v 24995.74 9048.28 0
v 25005.60 9037.75 0
v 24998.23 9036.38 0
v 25006.22 9032.45 0
v 24998.73 9032.60 0
v 25005.33 9025.35 0
v 24998.07 9027.21 0
v 24999.57 9006.09 0
v 24992.58 9008.81 0
v 24986.33 8976.58 0
v 24979.55 8979.79 0
v 24982.02 8969.21 0
v 24976.09 8973.81 0
v 24975.55 8962.64 0
v 24970.59 8968.26 0
v 24970.35 8959.10 0
v 24967.45 8966.01 0
v 24963.14 8957.42 0
v 24962.59 8964.90 0
v 24955.94 8958.00 0
v 24957.62 8965.31 0
v 24946.28 8961.21 0
v 24949.40 8968.03 0
v 24936.98 8966.71 0
v 24941.76 8972.49 0
v 24910.43 8990.64 0
v 24915.23 8996.39 0
v 24902.09 8995.93 0
v 24905.54 9002.59 0
v 24896.27 8997.98 0
v 24898.04 9005.27 0
v 24890.20 8998.80 0
v 24890.52 9006.29 0
v 24878.55 8998.68 0
v 24877.89 9006.15 0
v 24868.85 8996.93 0
v 24867.04 9004.21 0
v 24860.14 8994.16 0
v 24856.83 9000.88 0
v 24853.78 8989.51 0
v 24849.08 8995.35 0
v 24843.78 8980.91 0
v 24838.75 8986.47 0
v 24823.03 8961.65 0
v 24818.26 8967.44 0
v 24800.27 8945.11 0
v 24796.13 8951.36 0
v 24779.77 8933.10 0
v 24776.35 8939.77 0
v 24759.97 8924.39 0
v 24757.24 8931.37 0
v 24741.79 8918.25 0
v 24738.82 8925.13 0
v 24735.68 8914.00 0
v 24731.31 8920.10 0
v 24725.10 8906.19 0
v 24720.30 8911.96 0
v 24692.50 8878.04 0
v 24687.69 8883.79 0
v 24656.85 8849.15 0
v 24652.28 8855.09 0
v 24648.78 8844.62 0
v 24646.17 8851.65 0
v 24633.36 8840.34 0
v 24632.33 8847.77 0
v 24586.18 8835.87 0
v 24585.36 8843.33 0
v 24568.18 8833.19 0
v 24566.55 8840.51 0
v 24561.84 8830.61 0
v 24558.13 8837.12 0
v 24556.92 8826.77 0
v 24551.50 8831.96 0
v 24535.84 8803.19 0
v 24530.37 8808.33 0
v 24530.43 8798.78 0
v 24526.46 8805.14 0
v 24524.60 8796.10 0
v 24521.83 8803.07 0
v 24514.97 8792.65 0
v 24513.60 8800.02 0
v 24472.55 8786.40 0
v 24471.86 8793.87 0
v 24450.32 8786.67 0
v 24450.86 8794.15 0
v 24441.90 8788.82 0
v 24445.13 8795.59 0
v 24429.70 8796.35 0
v 24434.54 8802.08 0
v 24403.17 8821.34 0
v 24407.93 8827.14 0
v 24382.08 8835.55 0
v 24386.03 8841.93 0
v 24371.60 8840.93 0
v 24374.31 8847.92 0
v 24360.16 8844.05 0
v 24361.45 8851.44 0
v 24332.68 8847.66 0
v 24333.18 8855.14 0
v 24295.26 8848.36 0
v 24295.24 8855.86 0
v 24250.93 8847.43 0
v 24251.13 8854.93 0
v 24233.45 8850.03 0
v 24234.97 8857.37 0
v 24220.53 8853.71 0
v 24223.05 8860.77 0
v 24194.61 8863.88 0
v 24197.72 8870.70 0
v 24134.79 8892.82 0
v 24138.24 8899.48 0
v 24098.10 8913.72 0
v 24101.73 8920.28 0
v 24082.10 8922.05 0
v 24085.31 8928.82 0
v 24072.14 8926.04 0
v 24074.56 8933.13 0
v 24064.37 8928.11 0
v 24065.72 8935.48 0
v 24031.99 8933.38 0
v 24033.07 8940.80 0
v 24021.93 8934.27 0
v 24022.09 8941.76 0
v 24015.05 8933.74 0
v 24014.24 8941.20 0
v 24004.75 8932.37 0
v 24003.45 8939.76 0
v 23998.45 8930.83 0
v 23997.52 8938.27 0
v 23915.06 8921.15 0
v 23913.82 8928.54 0
v 23880.30 8911.13 0
v 23878.18 8918.33 0
v 23874.70 8909.22 0
v 23871.75 8916.12 0
v 23872.82 8908.12 0
v 23867.83 8913.72 0
v 23865.93 8901.19 0
v 23860.38 8906.24 0
v 23861.85 8896.08 0
v 23855.75 8900.44 0
v 23857.47 8889.36 0
v 23850.98 8893.11 0
v 23845.33 8867.47 0
v 23838.69 8870.97 0
v 23839.14 8854.65 0
v 23832.26 8857.65 0
v 23832.51 8838.16 0
v 23825.60 8841.09 0
v 23828.23 8828.92 0
v 23821.54 8832.31 0
v 23823.74 8820.90 0
v 23817.45 8824.98 0
v 23805.82 8794.34 0
v 23799.73 8798.73 0
v 23788.50 8771.98 0
v 23782.73 8776.77 0
v 23774.87 8757.08 0
v 23769.43 8762.24 0
v 23759.61 8741.45 0
v 23754.33 8746.78 0
v 23750.57 8732.97 0
v 23745.80 8738.75 0
v 23738.69 8724.18 0
v 23734.56 8730.44 0
v 23727.00 8717.40 0
v 23723.72 8724.14 0
v 23716.81 8713.57 0
v 23714.67 8720.75 0
v 23685.55 8704.97 0
v 23683.77 8712.25 0
v 23670.24 8702.24 0
v 23669.38 8709.69 0
v 23637.87 8699.42 0
v 23637.71 8706.92 0
v 23562.20 8699.94 0
v 23562.19 8707.44 0
v 23553.10 8699.37 0
v 23552.06 8706.80 0
v 23536.29 8696.31 0
v 23535.89 8703.80 0
v 23513.06 8697.21 0
v 23513.09 8704.71 0
v 23494.05 8696.45 0
v 23493.97 8703.95 0
v 23481.09 8696.87 0
v 23481.56 8704.36 0
v 23473.26 8697.81 0
v 23475.29 8705.03 0
v 23432.93 8710.38 0
v 23435.25 8717.51 0
v 23426.79 8712.99 0
v 23430.16 8719.69 0
v 23421.88 8715.95 0
v 23426.24 8722.05 0
v 23412.06 8723.50 0
v 23417.08 8729.07 0
v 23402.54 8733.36 0
v 23407.82 8738.68 0
v 23390.37 8744.96 0
v 23395.55 8750.39 0
v 23373.07 8755.64 0
v 23372.87 8748.14 0
v 23381.57 8755.39 0
v 23380.52 8747.96 0
v 23390.54 8753.13 0
v 23388.16 8746.02 0
v 23394.71 8751.00 0
v 23391.22 8744.36 0
v 23372.88 8748.14 0
v 23373.06 8755.64 0
v 23362.28 8748.39 0
v 23362.30 8755.89 0
v 23351.98 8748.21 0
v 23351.45 8755.69 0
v 23350.90 8747.79 0
v 23347.88 8754.65 0
v 23336.42 8741.11 0
v 23333.07 8747.82 0
v 23326.72 8735.72 0
v 23322.95 8742.21 0
v 23316.66 8729.65 0
v 23312.54 8735.92 0
v 23308.34 8723.67 0
v 23303.51 8729.41 0
v 23301.78 8717.09 0
v 23296.57 8722.49 0
v 23298.46 8714.13 0
v 23292.78 8719.03 0
v 23293.67 8707.72 0
v 23287.38 8711.81 0
v 23284.30 8692.25 0
v 23277.85 8696.08 0
v 23276.84 8679.38 0
v 23270.25 8682.96 0
v 23270.73 8667.34 0
v 23263.71 8669.97 0
v 23267.86 8655.51 0
v 23260.51 8656.96 0
v 23267.02 8648.43 0
v 23259.53 8648.87 0
v 23266.76 8636.14 0
v 23259.27 8636.47 0
v 23266.10 8627.83 0
v 23258.65 8628.74 0
v 23265.10 8622.80 0
v 23257.82 8624.60 0
v 23263.06 8615.49 0
v 23255.93 8617.81 0
v 23258.13 8601.38 0
v 23251.23 8604.31 0
v 23247.42 8578.58 0
v 23240.66 8581.82 0
v 23240.08 8563.73 0
v 23233.40 8567.14 0
v 23235.77 8555.85 0
v 23229.62 8560.13 0
v 23221.93 8537.62 0
v 23216.02 8542.24 0
v 23212.98 8526.73 0
v 23207.02 8531.28 0
v 23208.45 8520.09 0
v 23201.73 8523.42 0
v 23207.76 8516.83 0
v 23200.26 8517.06 0
v 23208.30 8504.02 0
v 23200.80 8503.90 0
v 23208.35 8480.56 0
v 23200.85 8480.91 0
v 23206.70 8474.66 0
v 23199.81 8477.62 0
v 23200.24 8461.16 0
v 23193.66 8464.76 0
v 23195.48 8454.31 0
v 23189.74 8459.13 0
v 23167.26 8421.75 0
v 23161.67 8426.75 0
v 23155.60 8409.73 0
v 23150.06 8414.78 0
v 23152.64 8405.79 0
v 23146.50 8410.09 0
v 23151.19 8403.63 0
v 23144.12 8406.14 0
v 23143.09 8378.50 0
v 23135.95 8380.80 0
v 23129.58 8348.46 0
v 23137.03 8347.59 0
v 23131.23 8362.57 0
v 23138.58 8361.13 0
v 23135.89 8380.59 0
v 23143.15 8378.71 0
vn 0 0 1
f 1//1 2//1 4//1 3//1
f 3//1 4//1 6//1 5//1
f 5//1 6//1 8//1 7//1
f 7//1 8//1 10//1 9//1
f 9//1 10//1 12//1 11//1
f 11//1 12//1 14//1 13//1
f 13//1 14//1 16//1 15//1
f 15//1 16//1 18//1 17//1
f 17//1 18//1 20//1 19//1
f 19//1 20//1 22//1 21//1
f 21//1 22//1 24//1 23//1
f 23//1 24//1 26//1 25//1
f 25//1 26//1 28//1 27//1
f 27//1 28//1 30//1 29//1
f 29//1 30//1 32//1 31//1
f 31//1 32//1 34//1 33//1
f 33//1 34//1 36//1 35//1
f 35//1 36//1 38//1 37//1
f 37//1 38//1 40//1 39//1
f 39//1 40//1 42//1 41//1
f 41//1 42//1 44//1 43//1
f 43//1 44//1 46//1 45//1
f 45//1 46//1 48//1 47//1
f 47//1 48//1 50//1 49//1
f 49//1 50//1 52//1 51//1
f 51//1 52//1 54//1 53//1
f 53//1 54//1 56//1 55//1
f 55//1 56//1 58//1 57//1
f 57//1 58//1 60//1 59//1
f 59//1 60//1 62//1 61//1
f 61//1 62//1 64//1 63//1
f 63//1 64//1 66//1 65//1
f 65//1 66//1 68//1 67//1
f 67//1 68//1 70//1 69//1
f 69//1 70//1 72//1 71//1
f 71//1 72//1 74//1 73//1
f 73//1 74//1 76//1 75//1
f 75//1 76//1 78//1 77//1
f 77//1 78//1 80//1 79//1
f 81//1 82//1 84//1 83//1
f 83//1 84//1 86//1 85//1
f 85//1 86//1 88//1 87//1
f 87//1 88//1 90//1 89//1
f 89//1 90//1 92//1 91//1
f 93//1 94//1 96//1 95//1
f 97//1 98//1 100//1 99//1
f 101//1 102//1 104//1 103//1
f 103//1 104//1 106//1 105//1
f 105//1 106//1 108//1 107//1
f 107//1 108//1 110//1 109//1
f 109//1 110//1 112//1 111//1
f 111//1 112//1 114//1 113//1
f 113//1 114//1 116//1 115//1
f 115//1 116//1 118//1 117//1
f 117//1 118//1 120//1 119//1
f 119//1 120//1 122//1 121//1
f 121//1 122//1 124//1 123//1
f 123//1 124//1 126//1 125//1
f 125//1 126//1 128//1 127//1
f 127//1 128//1 130//1 129//1
f 129//1 130//1 132//1 131//1
f 131//1 132//1 134//1 133//1
f 133//1 134//1 136//1 135//1
f 135//1 136//1 138//1 137//1
f 137//1 138//1 140//1 139//1
f 139//1 140//1 142//1 141//1
f 141//1 142//1 144//1 143//1
f 143//1 144//1 146//1 145//1
f 145//1 146//1 148//1 147//1
f 147//1 148//1 150//1 149//1
f 151//1 152//1 154//1 153//1
f 153//1 154//1 156//1 155//1
f 155//1 156//1 158//1 157//1
f 157//1 158//1 160//1 159//1
f 159//1 160//1 162//1 161//1
f 161//1 162//1 164//1 163//1
f 163//1 164//1 166//1 165//1
f 165//1 166//1 168//1 167//1
f 167//1 168//1 170//1 169//1
f 169//1 170//1 172//1 171//1
f 171//1 172//1 174//1 173//1
f 173//1 174//1 176//1 175//1
f 175//1 176//1 178//1 177//1
f 177//1 178//1 180//1 179//1
f 179//1 180//1 182//1 181//1
f 181//1 182//1 184//1 183//1
f 183//1 184//1 186//1 185//1
f 185//1 186//1 188//1 187//1
f 187//1 188//1 190//1 189//1
f 189//1 190//1 192//1 191//1
f 191//1 192//1 194//1 193//1
f 193//1 194//1 196//1 195//1
f 195//1 196//1 198//1 197//1
f 197//1 198//1 200//1 199//1
f 199//1 200//1 202//1 201//1
f 203//1 204//1 206//1 205//1
f 205//1 206//1 208//1 207//1
f 207//1 208//1 210//1 209//1
f 209//1 210//1 212//1 211//1
f 211//1 212//1 214//1 213//1
f 213//1 214//1 216//1 215//1
f 215//1 216//1 218//1 217//1
f 217//1 218//1 220//1 219//1
f 219//1 220//1 222//1 221//1
f 221//1 222//1 224//1 223//1
f 223//1 224//1 226//1 225//1
f 225//1 226//1 228//1 227//1
f 227//1 228//1 230//1 229//1
f 229//1 230//1 232//1 231//1
f 231//1 232//1 234//1 233//1
f 233//1 234//1 236//1 235//1
f 235//1 236//1 238//1 237//1
f 237//1 238//1 240//1 239//1
f 239//1 240//1 242//1 241//1
f 241//1 242//1 244//1 243//1
f 243//1 244//1 246//1 245//1
f 245//1 246//1 248//1 247//1
f 247//1 248//1 250//1 249//1
f 249//1 250//1 252//1 251//1
f 251//1 252//1 254//1 253//1
f 253//1 254//1 256//1 255//1
f 255//1 256//1 258//1 257//1
f 257//1 258//1 260//1 259//1
f 259//1 260//1 262//1 261//1
f 261//1 262//1 264//1 263//1
f 263//1 264//1 266//1 265//1
f 265//1 266//1 268//1 267//1
f 267//1 268//1 270//1 269//1
f 269//1 270//1 272//1 271//1
f 271//1 272//1 274//1 273//1
f 275//1 276//1 278//1 277//1
f 277//1 278//1 280//1 279//1
f 279//1 280//1 282//1 281//1
f 281//1 282//1 284//1 283//1
f 283//1 284//1 286//1 285//1
f 285//1 286//1 288//1 287//1
f 287//1 288//1 290//1 289//1
f 289//1 290//1 292//1 291//1
f 291//1 292//1 294//1 293//1
f 293//1 294//1 296//1 295//1
f 295//1 296//1 298//1 297//1
f 297//1 298//1 300//1 299//1
f 299//1 300//1 302//1 301//1
f 301//1 302//1 304//1 303//1
f 303//1 304//1 306//1 305//1
f 305//1 306//1 308//1 307//1
f 307//1 308//1 310//1 309//1
f 309//1 310//1 312//1 311//1
f 311//1 312//1 314//1 313//1
f 313//1 314//1 316//1 315//1
f 315//1 316//1 318//1 317//1
f 317//1 318//1 320//1 319//1
f 319//1 320//1 322//1 321//1
f 321//1 322//1 324//1 323//1
f 323//1 324//1 326//1 325//1
f 325//1 326//1 328//1 327//1
f 327//1 328//1 330//1 329//1
f 331//1 332//1 334//1 333//1
f 333//1 334//1 336//1 335//1
f 335//1 336//1 338//1 337//1
f 337//1 338//1 340//1 339//1
f 339//1 340//1 342//1 341//1
f 341//1 342//1 344//1 343//1
f 343//1 344//1 346//1 345//1
f 347//1 348//1 350//1 349//1
f 351//1 352//1 354//1 353//1
f 353//1 354//1 356//1 355//1
f 355//1 356//1 358//1 357//1
f 357//1 358//1 360//1 359//1
f 361//1 362//1 364//1 363//1
f 363//1 364//1 366//1 365//1
f 365//1 366//1 368//1 367//1
f 369//1 370//1 372//1 371//1
f 371//1 372//1 374//1 373//1
f 373//1 374//1 376//1 375//1
f 377//1 378//1 380//1 379//1
f 381//1 382//1 384//1 383//1
f 385//1 386//1 388//1 387//1
f 389//1 390//1 392//1 391//1
f 391//1 392//1 394//1 393//1
f 393//1 394//1 396//1 395//1
f 395//1 396//1 398//1 397//1
f 397//1 398//1 400//1 399//1
f 401//1 402//1 404//1 403//1
f 403//1 404//1 406//1 405//1
f 405//1 406//1 408//1 407//1
f 409//1 410//1 412//1 411//1
f 413//1 414//1 416//1 415//1
f 415//1 416//1 418//1 417//1
f 417//1 418//1 420//1 419//1
f 419//1 420//1 422//1 421//1
f 421//1 422//1 424//1 423//1
f 423//1 424//1 426//1 425//1
f 425//1 426//1 428//1 427//1
f 427//1 428//1 430//1 429//1
f 429//1 430//1 432//1 431//1
f 431//1 432//1 434//1 433//1
f 433//1 434//1 436//1 435//1
f 435//1 436//1 438//1 437//1
f 437//1 438//1 440//1 439//1
f 441//1 442//1 444//1 443//1
f 443//1 444//1 446//1 445//1
f 445//1 446//1 448//1 447//1
f 447//1 448//1 450//1 449//1
f 449//1 450//1 452//1 451//1
f 451//1 452//1 454//1 453//1
f 453//1 454//1 456//1 455//1
f 455//1 456//1 458//1 457//1
f 457//1 458//1 460//1 459//1
f 459//1 460//1 462//1 461//1
f 461//1 462//1 464//1 463//1
f 463//1 464//1 466//1 465//1
f 465//1 466//1 468//1 467//1
f 467//1 468//1 470//1 469//1
f 469//1 470//1 472//1 471//1
f 471//1 472//1 474//1 473//1
f 473//1 474//1 476//1 475//1
f 475//1 476//1 478//1 477//1
f 477//1 478//1 480//1 479//1
f 479//1 480//1 482//1 481//1
f 481//1 482//1 484//1 483//1
f 483//1 484//1 486//1 485//1
f 485//1 486//1 488//1 487//1
f 487//1 488//1 490//1 489//1
f 489//1 490//1 492//1 491//1
f 491//1 492//1 494//1 493//1
f 493//1 494//1 496//1 495//1
f 495//1 496//1 498//1 497//1
f 497//1 498//1 500//1 499//1
f 499//1 500//1 502//1 501//1
f 501//1 502//1 504//1 503//1
f 503//1 504//1 506//1 505//1
f 505//1 506//1 508//1 507//1
f 507//1 508//1 510//1 509//1
f 511//1 512//1 514//1 513//1
f 513//1 514//1 516//1 515//1
f 515//1 516//1 518//1 517//1
f 517//1 518//1 520//1 519//1
f 521//1 522//1 524//1 523//1
f 525//1 526//1 528//1 527//1
f 527//1 528//1 530//1 529//1
f 529//1 530//1 532//1 531//1
f 531//1 532//1 534//1 533//1
f 533//1 534//1 536//1 535//1
f 535//1 536//1 538//1 537//1
f 539//1 540//1 542//1 541//1
f 543//1 544//1 546//1 545//1
f 545//1 546//1 548//1 547//1
f 549//1 550//1 552//1 551//1
f 553//1 554//1 556//1 555//1
f 555//1 556//1 558//1 557//1
f 557//1 558//1 560//1 559//1
f 559//1 560//1 562//1 561//1
f 561//1 562//1 564//1 563//1
f 565//1 566//1 568//1 567//1
f 567//1 568//1 570//1 569//1
f 569//1 570//1 572//1 571//1
f 571//1 572//1 574//1 573//1
f 575//1 576//1 578//1 577//1
f 577//1 578//1 580//1 579//1
f 579//1 580//1 582//1 581//1
f 581//1 582//1 584//1 583//1
f 583//1 584//1 586//1 585//1
f 585//1 586//1 588//1 587//1
f 589//1 590//1 592//1 591//1
f 591//1 592//1 594//1 593//1
f 595//1 596//1 598//1 597//1
f 597//1 598//1 600//1 599//1
f 599//1 600//1 602//1 601//1
f 601//1 602//1 604//1 603//1
f 603//1 604//1 606//1 605//1
f 605//1 606//1 608//1 607//1
f 607//1 608//1 610//1 609//1
f 609//1 610//1 612//1 611//1
f 611//1 612//1 614//1 613//1
f 613//1 614//1 616//1 615//1
f 615//1 616//1 618//1 617//1
f 617//1 618//1 620//1 619//1
f 619//1 620//1 622//1 621//1
f 621//1 622//1 624//1 623//1
f 623//1 624//1 626//1 625//1
f 625//1 626//1 628//1 627//1
f 627//1 628//1 630//1 629//1
f 629//1 630//1 632//1 631//1
f 631//1 632//1 634//1 633//1
f 633//1 634//1 636//1 635//1
f 635//1 636//1 638//1 637//1
f 637//1 638//1 640//1 639//1
f 639//1 640//1 642//1 641//1
f 641//1 642//1 644//1 643//1
f 643//1 644//1 646//1 645//1
f 645//1 646//1 648//1 647//1
f 647//1 648//1 650//1 649//1
f 649//1 650//1 652//1 651//1
f 651//1 652//1 654//1 653//1
f 653//1 654//1 656//1 655//1
f 655//1 656//1 658//1 657//1
f 657//1 658//1 660//1 659//1
f 659//1 660//1 662//1 661//1
f 661//1 662//1 664//1 663//1
f 663//1 664//1 666//1 665//1
f 665//1 666//1 668//1 667//1
f 667//1 668//1 670//1 669//1
f 669//1 670//1 672//1 671//1
f 671//1 672//1 674//1 673//1
f 673//1 674//1 676//1 675//1
f 675//1 676//1 678//1 677//1
f 677//1 678//1 680//1 679//1
f 679//1 680//1 682//1 681//1
f 681//1 682//1 684//1 683//1
f 683//1 684//1 686//1 685//1
f 685//1 686//1 688//1 687//1
f 687//1 688//1 690//1 689//1
f 689//1 690//1 692//1 691//1
f 691//1 692//1 694//1 693//1
f 693//1 694//1 696//1 695//1
f 695//1 696//1 698//1 697//1
f 697//1 698//1 700//1 699//1
f 699//1 700//1 702//1 701//1
f 701//1 702//1 704//1 703//1
f 703//1 704//1 706//1 705//1
f 705//1 706//1 708//1 707//1
f 707//1 708//1 710//1 709//1
f 709//1 710//1 712//1 711//1
f 711//1 712//1 714//1 713//1
f 713//1 714//1 716//1 715//1
f 715//1 716//1 718//1 717//1
f 717//1 718//1 720//1 719//1
f 719//1 720//1 722//1 721//1
f 721//1 722//1 724//1 723//1
f 723//1 724//1 726//1 725//1
f 725//1 726//1 728//1 727//1
f 727//1 728//1 730//1 729//1
f 729//1 730//1 732//1 731//1
f 731//1 732//1 734//1 733//1
f 733//1 734//1 736//1 735//1
f 735//1 736//1 738//1 737//1
f 737//1 738//1 740//1 739//1
f 739//1 740//1 742//1 741//1
f 741//1 742//1 744//1 743//1
f 743//1 744//1 746//1 745//1
f 745//1 746//1 748//1 747//1
f 747//1 748//1 750//1 749//1
f 749//1 750//1 752//1 751//1
f 751//1 752//1 754//1 753//1
f 753//1 754//1 756//1 755//1
f 755//1 756//1 758//1 757//1
f 757//1 758//1 760//1 759//1
f 759//1 760//1 762//1 761//1
f 761//1 762//1 764//1 763//1
f 763//1 764//1 766//1 765//1
f 765//1 766//1 768//1 767//1
f 767//1 768//1 770//1 769//1
f 769//1 770//1 772//1 771//1
f 771//1 772//1 774//1 773//1
f 773//1 774//1 776//1 775//1
f 775//1 776//1 778//1 777//1
f 777//1 778//1 780//1 779//1
f 779//1 780//1 782//1 781//1
f 781//1 782//1 784//1 783//1
f 783//1 784//1 786//1 785//1
f 785//1 786//1 788//1 787//1
f 787//1 788//1 790//1 789//1
f 789//1 790//1 792//1 791//1
f 791//1 792//1 794//1 793//1
f 793//1 794//1 796//1 795//1
f 795//1 796//1 798//1 797//1
f 797//1 798//1 800//1 799//1
f 799//1 800//1 802//1 801//1
f 801//1 802//1 804//1 803//1
f 803//1 804//1 806//1 805//1
f 805//1 806//1 808//1 807//1
f 807//1 808//1 810//1 809//1
f 809//1 810//1 812//1 811//1
f 811//1 812//1 814//1 813//1
f 813//1 814//1 816//1 815//1
f 815//1 816//1 818//1 817//1
f 817//1 818//1 820//1 819//1
f 819//1 820//1 822//1 821//1
f 821//1 822//1 824//1 823//1
f 823//1 824//1 826//1 825//1
f 825//1 826//1 828//1 827//1
f 827//1 828//1 830//1 829//1
f 829//1 830//1 832//1 831//1
f 831//1 832//1 834//1 833//1
f 833//1 834//1 836//1 835//1
f 835//1 836//1 838//1 837//1
f 837//1 838//1 840//1 839//1
f 839//1 840//1 842//1 841//1
f 841//1 842//1 844//1 843//1
f 843//1 844//1 846//1 845//1
f 845//1 846//1 848//1 847//1
f 847//1 848//1 850//1 849//1
f 849//1 850//1 852//1 851//1
f 851//1 852//1 854//1 853//1
f 853//1 854//1 856//1 855//1
f 855//1 856//1 858//1 857//1
f 857//1 858//1 860//1 859//1
f 859//1 860//1 862//1 861//1
f 861//1 862//1 864//1 863//1
f 863//1 864//1 866//1 865//1
f 865//1 866//1 868//1 867//1
f 867//1 868//1 870//1 869//1
f 869//1 870//1 872//1 871//1
f 871//1 872//1 874//1 873//1
f 873//1 874//1 876//1 875//1
f 875//1 876//1 878//1 877//1
f 877//1 878//1 880//1 879//1
f 879//1 880//1 882//1 881//1
f 881//1 882//1 884//1 883//1
f 883//1 884//1 886//1 885//1
f 885//1 886//1 888//1 887//1
f 887//1 888//1 890//1 889//1
f 889//1 890//1 892//1 891//1
f 891//1 892//1 894//1 893//1
f 893//1 894//1 896//1 895//1
f 895//1 896//1 898//1 897//1
f 897//1 898//1 900//1 899//1
f 899//1 900//1 902//1 901//1
f 901//1 902//1 904//1 903//1
f 903//1 904//1 906//1 905//1
f 905//1 906//1 908//1 907//1
f 907//1 908//1 910//1 909//1
f 909//1 910//1 912//1 911//1
f 911//1 912//1 914//1 913//1
f 913//1 914//1 916//1 915//1
f 915//1 916//1 918//1 917//1
f 917//1 918//1 920//1 919//1
f 919//1 920//1 922//1 921//1
f 921//1 922//1 924//1 923//1
f 923//1 924//1 926//1 925//1
f 925//1 926//1 928//1 927//1
f 927//1 928//1 930//1 929//1
f 929//1 930//1 932//1 931//1
f 931//1 932//1 934//1 933//1
f 933//1 934//1 936//1 935//1
f 935//1 936//1 938//1 937//1
f 937//1 938//1 940//1 939//1
f 939//1 940//1 942//1 941//1
f 941//1 942//1 944//1 943//1
f 943//1 944//1 946//1 945//1
f 945//1 946//1 948//1 947//1
f 947//1 948//1 950//1 949//1
f 949//1 950//1 952//1 951//1
f 951//1 952//1 954//1 953//1
f 953//1 954//1 956//1 955//1
f 955//1 956//1 958//1 957//1
f 957//1 958//1 960//1 959//1
f 959//1 960//1 962//1 961//1
f 961//1 962//1 964//1 963//1
f 963//1 964//1 966//1 965//1
f 965//1 966//1 968//1 967//1
f 967//1 968//1 970//1 969//1
f 969//1 970//1 972//1 971//1
f 971//1 972//1 974//1 973//1
f 973//1 974//1 976//1 975//1
f 975//1 976//1 978//1 977//1
f 977//1 978//1 980//1 979//1
f 979//1 980//1 982//1 981//1
f 981//1 982//1 984//1 983//1
f 983//1 984//1 986//1 985//1
f 985//1 986//1 988//1 987//1
f 987//1 988//1 990//1 989//1
f 989//1 990//1 992//1 991//1
f 991//1 992//1 994//1 993//1
f 993//1 994//1 996//1 995//1
f 995//1 996//1 998//1 997//1
f 997//1 998//1 1000//1 999//1
f 999//1 1000//1 1002//1 1001//1
f 1001//1 1002//1 1004//1 1003//1
f 1003//1 1004//1 1006//1 1005//1
f 1005//1 1006//1 1008//1 1007//1
f 1007//1 1008//1 1010//1 1009//1
f 1009//1 1010//1 1012//1 1011//1
f 1011//1 1012//1 1014//1 1013//1
f 1013//1 1014//1 1016//1 1015//1
f 1015//1 1016//1 1018//1 1017//1
f 1017//1 1018//1 1020//1 1019//1
f 1019//1 1020//1 1022//1 1021//1
f 1021//1 1022//1 1024//1 1023//1
f 1023//1 1024//1 1026//1 1025//1
f 1025//1 1026//1 1028//1 1027//1
f 1027//1 1028//1 1030//1 1029//1
f 1029//1 1030//1 1032//1 1031//1
f 1031//1 1032//1 1034//1 1033//1
f 1033//1 1034//1 1036//1 1035//1
f 1035//1 1036//1 1038//1 1037//1
f 1039//1 1040//1 1042//1 1041//1
f 1041//1 1042//1 1044//1 1043//1
f 1043//1 1044//1 1046//1 1045//1
f 1045//1 1046//1 1048//1 1047//1
f 1047//1 1048//1 1050//1 1049//1
f 1049//1 1050//1 1052//1 1051//1
f 1051//1 1052//1 1054//1 1053//1
f 1053//1 1054//1 1056//1 1055//1
f 1055//1 1056//1 1058//1 1057//1
f 1057//1 1058//1 1060//1 1059//1
f 1059//1 1060//1 1062//1 1061//1
f 1061//1 1062//1 1064//1 1063//1
f 1063//1 1064//1 1066//1 1065//1
f 1065//1 1066//1 1068//1 1067//1
f 1067//1 1068//1 1070//1 1069//1
f 1069//1 1070//1 1072//1 1071//1
f 1071//1 1072//1 1074//1 1073//1
f 1073//1 1074//1 1076//1 1075//1
f 1075//1 1076//1 1078//1 1077//1
f 1077//1 1078//1 1080//1 1079//1
f 1079//1 1080//1 1082//1 1081//1
f 1081//1 1082//1 1084//1 1083//1
f 1083//1 1084//1 1086//1 1085//1
f 1085//1 1086//1 1088//1 1087//1
f 1087//1 1088//1 1090//1 1089//1
f 1089//1 1090//1 1092//1 1091//1
f 1091//1 1092//1 1094//1 1093//1
f 1093//1 1094//1 1096//1 1095//1
f 1095//1 1096//1 1098//1 1097//1
f 1097//1 1098//1 1100//1 1099//1
f 1099//1 1100//1 1102//1 1101//1
f 1101//1 1102//1 1104//1 1103//1
f 1103//1 1104//1 1106//1 1105//1
f 1105//1 1106//1 1108//1 1107//1
f 1107//1 1108//1 1110//1 1109//1
f 1109//1 1110//1 1112//1 1111//1
f 1111//1 1112//1 1114//1 1113//1
f 1113//1 1114//1 1116//1 1115//1
f 1117//1 1118//1 1120//1 1119//1
f 1121//1 1122//1 1124//1 1123//1
f 1125//1 1126//1 1128//1 1127//1
f 1127//1 1128//1 1130//1 1129//1
f 1129//1 1130//1 1132//1 1131//1
f 1131//1 1132//1 1134//1 1133//1
f 1133//1 1134//1 1136//1 1135//1
f 1135//1 1136//1 1138//1 1137//1
f 1137//1 1138//1 1140//1 1139//1
f 1139//1 1140//1 1142//1 1141//1
f 1141//1 1142//1 1144//1 1143//1
f 1143//1 1144//1 1146//1 1145//1
f 1145//1 1146//1 1148//1 1147//1
f 1147//1 1148//1 1150//1 1149//1
f 1149//1 1150//1 1152//1 1151//1
f 1151//1 1152//1 1154//1 1153//1
f 1153//1 1154//1 1156//1 1155//1
f 1155//1 1156//1 1158//1 1157//1
f 1157//1 1158//1 1160//1 1159//1
f 1159//1 1160//1 1162//1 1161//1
f 1161//1 1162//1 1164//1 1163//1
f 1163//1 1164//1 1166//1 1165//1
f 1165//1 1166//1 1168//1 1167//1
f 1167//1 1168//1 1170//1 1169//1
f 1169//1 1170//1 1172//1 1171//1
f 1171//1 1172//1 1174//1 1173//1
f 1173//1 1174//1 1176//1 1175//1
f 1175//1 1176//1 1178//1 1177//1
f 1177//1 1178//1 1180//1 1179//1
f 1179//1 1180//1 1182//1 1181//1
f 1181//1 1182//1 1184//1 1183//1
f 1183//1 1184//1 1186//1 1185//1
f 1185//1 1186//1 1188//1 1187//1
f 1187//1 1188//1 1190//1 1189//1
f 1189//1 1190//1 1192//1 1191//1
f 1191//1 1192//1 1194//1 1193//1
f 1193//1 1194//1 1196//1 1195//1
f 1195//1 1196//1 1198//1 1197//1
f 1197//1 1198//1 1200//1 1199//1
f 1199//1 1200//1 1202//1 1201//1
f 1201//1 1202//1 1204//1 1203//1
f 1203//1 1204//1 1206//1 1205//1
f 1205//1 1206//1 1208//1 1207//1
f 1207//1 1208//1 1210//1 1209//1
f 1209//1 1210//1 1212//1 1211//1
f 1211//1 1212//1 1214//1 1213//1
f 1213//1 1214//1 1216//1 1215//1
f 1215//1 1216//1 1218//1 1217//1
f 1217//1 1218//1 1220//1 1219//1
f 1219//1 1220//1 1222//1 1221//1
f 1223//1 1224//1 1226//1 1225//1
f 1227//1 1228//1 1230//1 1229//1
f 1229//1 1230//1 1232//1 1231//1
f 1231//1 1232//1 1234//1 1233//1
f 1233//1 1234//1 1236//1 1235//1
f 1235//1 1236//1 1238//1 1237//1
f 1237//1 1238//1 1240//1 1239//1
f 1239//1 1240//1 1242//1 1241//1
f 1241//1 1242//1 1244//1 1243//1
f 1243//1 1244//1 1246//1 1245//1
f 1245//1 1246//1 1248//1 1247//1
f 1247//1 1248//1 1250//1 1249//1
f 1249//1 1250//1 1252//1 1251//1
f 1251//1 1252//1 1254//1 1253//1
f 1253//1 1254//1 1256//1 1255//1
f 1255//1 1256//1 1258//1 1257//1
f 1257//1 1258//1 1260//1 1259//1
f 1259//1 1260//1 1262//1 1261//1
f 1261//1 1262//1 1264//1 1263//1
f 1263//1 1264//1 1266//1 1265//1
f 1265//1 1266//1 1268//1 1267//1
f 1267//1 1268//1 1270//1 1269//1
f 1269//1 1270//1 1272//1 1271//1
f 1271//1 1272//1 1274//1 1273//1
f 1273//1 1274//1 1276//1 1275//1
f 1275//1 1276//1 1278//1 1277//1
f 1277//1 1278//1 1280//1 1279//1
f 1279//1 1280//1 1282//1 1281//1
f 1281//1 1282//1 1284//1 1283//1
f 1283//1 1284//1 1286//1 1285//1
f 1285//1 1286//1 1288//1 1287//1
f 1287//1 1288//1 1290//1 1289//1
f 1289//1 1290//1 1292//1 1291//1
f 1291//1 1292//1 1294//1 1293//1
f 1293//1 1294//1 1296//1 1295//1
f 1295//1 1296//1 1298//1 1297//1
f 1297//1 1298//1 1300//1 1299//1
f 1299//1 1300//1 1302//1 1301//1
f 1301//1 1302//1 1304//1 1303//1
f 1303//1 1304//1 1306//1 1305//1
f 1305//1 1306//1 1308//1 1307//1
f 1307//1 1308//1 1310//1 1309//1
f 1309//1 1310//1 1312//1 1311//1
f 1311//1 1312//1 1314//1 1313//1
f 1313//1 1314//1 1316//1 1315//1
f 1315//1 1316//1 1318//1 1317//1
f 1317//1 1318//1 1320//1 1319//1
f 1319//1 1320//1 1322//1 1321//1
f 1321//1 1322//1 1324//1 1323//1
f 1323//1 1324//1 1326//1 1325//1
f 1325//1 1326//1 1328//1 1327//1
f 1327//1 1328//1 1330//1 1329//1
f 1329//1 1330//1 1332//1 1331//1
f 1331//1 1332//1 1334//1 1333//1
f 1333//1 1334//1 1336//1 1335//1
f 1335//1 1336//1 1338//1 1337//1
f 1337//1 1338//1 1340//1 1339//1
f 1339//1 1340//1 1342//1 1341//1
f 1341//1 1342//1 1344//1 1343//1
f 1343//1 1344//1 1346//1 1345//1
f 1345//1 1346//1 1348//1 1347//1
f 1347//1 1348//1 1350//1 1349//1
f 1349//1 1350//1 1352//1 1351//1
f 1351//1 1352//1 1354//1 1353//1
f 1353//1 1354//1 1356//1 1355//1
f 1355//1 1356//1 1358//1 1357//1
f 1357//1 1358//1 1360//1 1359//1
f 1359//1 1360//1 1362//1 1361//1
f 1361//1 1362//1 1364//1 1363//1
f 1363//1 1364//1 1366//1 1365//1
f 1367//1 1368//1 1370//1 1369//1
f 1369//1 1370//1 1372//1 1371//1
f 1371//1 1372//1 1374//1 1373//1
f 1373//1 1374//1 1376//1 1375//1
f 1375//1 1376//1 1378//1 1377//1
f 1377//1 1378//1 1380//1 1379//1
f 1379//1 1380//1 1382//1 1381//1
f 1381//1 1382//1 1384//1 1383//1
f 1383//1 1384//1 1386//1 1385//1
f 1385//1 1386//1 1388//1 1387//1
f 1387//1 1388//1 1390//1 1389//1
f 1389//1 1390//1 1392//1 1391//1
f 1391//1 1392//1 1394//1 1393//1
f 1393//1 1394//1 1396//1 1395//1
f 1395//1 1396//1 1398//1 1397//1
f 1397//1 1398//1 1400//1 1399//1
f 1399//1 1400//1 1402//1 1401//1
f 1401//1 1402//1 1404//1 1403//1
f 1403//1 1404//1 1406//1 1405//1
f 1405//1 1406//1 1408//1 1407//1
f 1407//1 1408//1 1410//1 1409//1
f 1409//1 1410//1 1412//1 1411//1
f 1411//1 1412//1 1414//1 1413//1
f 1413//1 1414//1 1416//1 1415//1
f 1415//1 1416//1 1418//1 1417//1
f 1417//1 1418//1 1420//1 1419//1
f 1419//1 1420//1 1422//1 1421//1
f 1421//1 1422//1 1424//1 1423//1
f 1423//1 1424//1 1426//1 1425//1
f 1425//1 1426//1 1428//1 1427//1
f 1427//1 1428//1 1430//1 1429//1
f 1429//1 1430//1 1432//1 1431//1
f 1431//1 1432//1 1434//1 1433//1
f 1433//1 1434//1 1436//1 1435//1
f 1435//1 1436//1 1438//1 1437//1
f 1437//1 1438//1 1440//1 1439//1
f 1439//1 1440//1 1442//1 1441//1
f 1441//1 1442//1 1444//1 1443//1
f 1443//1 1444//1 1446//1 1445//1
f 1445//1 1446//1 1448//1 1447//1
f 1447//1 1448//1 1450//1 1449//1
f 1449//1 1450//1 1452//1 1451//1
f 1451//1 1452//1 1454//1 1453//1
f 1453//1 1454//1 1456//1 1455//1
f 1455//1 1456//1 1458//1 1457//1
f 1457//1 1458//1 1460//1 1459//1
f 1459//1 1460//1 1462//1 1461//1
f 1461//1 1462//1 1464//1 1463//1
f 1463//1 1464//1 1466//1 1465//1
f 1465//1 1466//1 1468//1 1467//1
f 1467//1 1468//1 1470//1 1469//1
f 1469//1 1470//1 1472//1 1471//1
f 1471//1 1472//1 1474//1 1473//1
f 1473//1 1474//1 1476//1 1475//1
f 1475//1 1476//1 1478//1 1477//1
f 1477//1 1478//1 1480//1 1479//1
f 1479//1 1480//1 1482//1 1481//1
f 1481//1 1482//1 1484//1 1483//1
f 1483//1 1484//1 1486//1 1485//1
f 1485//1 1486//1 1488//1 1487//1
f 1487//1 1488//1 1490//1 1489//1
f 1489//1 1490//1 1492//1 1491//1
f 1491//1 1492//1 1494//1 1493//1
f 1493//1 1494//1 1496//1 1495//1
f 1495//1 1496//1 1498//1 1497//1
f 1497//1 1498//1 1500//1 1499//1
f 1499//1 1500//1 1502//1 1501//1
f 1501//1 1502//1 1504//1 1503//1
f 1503//1 1504//1 1506//1 1505//1
f 1505//1 1506//1 1508//1 1507//1
f 1507//1 1508//1 1510//1 1509//1
f 1509//1 1510//1 1512//1 1511//1
f 1511//1 1512//1 1514//1 1513//1
f 1513//1 1514//1 1516//1 1515//1
f 1515//1 1516//1 1518//1 1517//1
f 1517//1 1518//1 1520//1 1519//1
f 1519//1 1520//1 1522//1 1521//1
f 1521//1 1522//1 1524//1 1523//1
f 1523//1 1524//1 1526//1 1525//1
f 1525//1 1526//1 1528//1 1527//1
f 1527//1 1528//1 1530//1 1529//1
f 1529//1 1530//1 1532//1 1531//1
f 1531//1 1532//1 1534//1 1533//1
f 1533//1 1534//1 1536//1 1535//1
f 1535//1 1536//1 1538//1 1537//1
f 1537//1 1538//1 1540//1 1539//1
f 1539//1 1540//1 1542//1 1541//1
f 1541//1 1542//1 1544//1 1543//1
f 1543//1 1544//1 1546//1 1545//1
f 1545//1 1546//1 1548//1 1547//1
f 1547//1 1548//1 1550//1 1549//1
f 1549//1 1550//1 1552//1 1551//1
f 1551//1 1552//1 1554//1 1553//1
f 1553//1 1554//1 1556//1 1555//1
f 1555//1 1556//1 1558//1 1557//1
f 1557//1 1558//1 1560//1 1559//1
f 1559//1 1560//1 1562//1 1561//1
f 1561//1 1562//1 1564//1 1563//1
f 1563//1 1564//1 1566//1 1565//1
f 1565//1 1566//1 1568//1 1567//1
f 1567//1 1568//1 1570//1 1569//1
f 1569//1 1570//1 1572//1 1571//1
f 1571//1 1572//1 1574//1 1573//1
f 1575//1 1576//1 1578//1 1577//1
f 1577//1 1578//1 1580//1 1579//1
f 1579//1 1580//1 1582//1 1581//1
f 1581//1 1582//1 1584//1 1583//1
f 1583//1 1584//1 1586//1 1585//1
f 1585//1 1586//1 1588//1 1587//1
f 1587//1 1588//1 1590//1 1589//1
f 1589//1 1590//1 1592//1 1591//1
f 1591//1 1592//1 1594//1 1593//1
f 1593//1 1594//1 1596//1 1595//1
f 1595//1 1596//1 1598//1 1597//1
f 1597//1 1598//1 1600//1 1599//1
f 1599//1 1600//1 1602//1 1601//1
f 1601//1 1602//1 1604//1 1603//1
f 1603//1 1604//1 1606//1 1605//1
f 1605//1 1606//1 1608//1 1607//1
f 1607//1 1608//1 1610//1 1609//1
f 1609//1 1610//1 1612//1 1611//1
f 1611//1 1612//1 1614//1 1613//1
f 1613//1 1614//1 1616//1 1615//1
f 1615//1 1616//1 1618//1 1617//1
f 1619//1 1620//1 1622//1 1621//1
f 1621//1 1622//1 1624//1 1623//1
f 1623//1 1624//1 1626//1 1625//1
f 1625//1 1626//1 1628//1 1627//1
f 1627//1 1628//1 1630//1 1629//1
f 1629//1 1630//1 1632//1 1631//1
f 1631//1 1632//1 1634//1 1633//1
f 1633//1 1634//1 1636//1 1635//1
f 1635//1 1636//1 1638//1 1637//1
f 1637//1 1638//1 1640//1 1639//1
f 1639//1 1640//1 1642//1 1641//1
f 1641//1 1642//1 1644//1 1643//1
f 1643//1 1644//1 1646//1 1645//1
f 1645//1 1646//1 1648//1 1647//1
f 1647//1 1648//1 1650//1 1649//1
f 1649//1 1650//1 1652//1 1651//1
f 1651//1 1652//1 1654//1 1653//1
f 1653//1 1654//1 1656//1 1655//1
f 1655//1 1656//1 1658//1 1657//1
f 1657//1 1658//1 1660//1 1659//1
f 1659//1 1660//1 1662//1 1661//1
f 1663//1 1664//1 1666//1 1665//1
f 1665//1 1666//1 1668//1 1667//1
f 1667//1 1668//1 1670//1 1669//1
f 1669//1 1670//1 1672//1 1671//1
f 1671//1 1672//1 1674//1 1673//1
f 1673//1 1674//1 1676//1 1675//1
f 1675//1 1676//1 1678//1 1677//1
f 1677//1 1678//1 1680//1 1679//1
f 1679//1 1680//1 1682//1 1681//1
f 1681//1 1682//1 1684//1 1683//1
f 1683//1 1684//1 1686//1 1685//1
f 1685//1 1686//1 1688//1 1687//1
f 1687//1 1688//1 1690//1 1689//1
f 1689//1 1690//1 1692//1 1691//1
f 1691//1 1692//1 1694//1 1693//1
f 1693//1 1694//1 1696//1 1695//1
f 1695//1 1696//1 1698//1 1697//1
f 1697//1 1698//1 1700//1 1699//1
f 1699//1 1700//1 1702//1 1701//1
f 1701//1 1702//1 1704//1 1703//1
f 1703//1 1704//1 1706//1 1705//1
f 1705//1 1706//1 1708//1 1707//1
f 1707//1 1708//1 1710//1 1709//1
f 1709//1 1710//1 1712//1 1711//1
f 1711//1 1712//1 1714//1 1713//1
f 1713//1 1714//1 1716//1 1715//1
f 1715//1 1716//1 1718//1 1717//1
f 1717//1 1718//1 1720//1 1719//1
f 1719//1 1720//1 1722//1 1721//1
f 1721//1 1722//1 1724//1 1723//1
f 1723//1 1724//1 1726//1 1725//1
f 1727//1 1728//1 1730//1 1729//1
f 1731//1 1732//1 1734//1 1733//1
f 1733//1 1734//1 1736//1 1735//1
f 1735//1 1736//1 1738//1 1737//1
f 1737//1 1738//1 1740//1 1739//1
f 1739//1 1740//1 1742//1 1741//1
f 1741//1 1742//1 1744//1 1743//1
f 1743//1 1744//1 1746//1 1745//1
f 1745//1 1746//1 1748//1 1747//1
f 1747//1 1748//1 1750//1 1749//1
f 1749//1 1750//1 1752//1 1751//1
f 1751//1 1752//1 1754//1 1753//1
f 1753//1 1754//1 1756//1 1755//1
f 1755//1 1756//1 1758//1 1757//1
f 1759//1 1760//1 1762//1 1761//1
f 1761//1 1762//1 1764//1 1763//1
f 1763//1 1764//1 1766//1 1765//1
f 1765//1 1766//1 1768//1 1767//1
f 1767//1 1768//1 1770//1 1769//1
f 1769//1 1770//1 1772//1 1771//1
f 1771//1 1772//1 1774//1 1773//1
f 1773//1 1774//1 1776//1 1775//1
f 1775//1 1776//1 1778//1 1777//1
f 1777//1 1778//1 1780//1 1779//1
f 1779//1 1780//1 1782//1 1781//1
f 1781//1 1782//1 1784//1 1783//1
f 1783//1 1784//1 1786//1 1785//1
f 1785//1 1786//1 1788//1 1787//1
f 1787//1 1788//1 1790//1 1789//1
f 1789//1 1790//1 1792//1 1791//1
f 1791//1 1792//1 1794//1 1793//1
f 1793//1 1794//1 1796//1 1795//1
f 1795//1 1796//1 1798//1 1797//1
f 1797//1 1798//1 1800//1 1799//1
f 1799//1 1800//1 1802//1 1801//1
f 1801//1 1802//1 1804//1 1803//1
f 1803//1 1804//1 1806//1 1805//1
f 1805//1 1806//1 1808//1 1807//1
f 1807//1 1808//1 1810//1 1809//1
f 1809//1 1810//1 1812//1 1811//1
f 1811//1 1812//1 1814//1 1813//1
f 1813//1 1814//1 1816//1 1815//1
f 1815//1 1816//1 1818//1 1817//1
f 1817//1 1818//1 1820//1 1819//1
f 1819//1 1820//1 1822//1 1821//1
f 1823//1 1824//1 1826//1 1825//1
f 1825//1 1826//1 1828//1 1827//1
f 1827//1 1828//1 1830//1 1829//1
f 1829//1 1830//1 1832//1 1831//1
f 1833//1 1834//1 1836//1 1835//1
f 1837//1 1838//1 1840//1 1839//1
f 1839//1 1840//1 1842//1 1841//1
f 1841//1 1842//1 1844//1 1843//1
f 1843//1 1844//1 1846//1 1845//1
f 1845//1 1846//1 1848//1 1847//1
f 1847//1 1848//1 1850//1 1849//1
f 1851//1 1852//1 1854//1 1853//1
f 1853//1 1854//1 1856//1 1855//1
f 1855//1 1856//1 1858//1 1857//1
f 1857//1 1858//1 1860//1 1859//1
f 1859//1 1860//1 1862//1 1861//1
f 1861//1 1862//1 1864//1 1863//1
f 1863//1 1864//1 1866//1 1865//1
f 1865//1 1866//1 1868//1 1867//1
f 1867//1 1868//1 1870//1 1869//1
f 1869//1 1870//1 1872//1 1871//1
f 1871//1 1872//1 1874//1 1873//1
f 1873//1 1874//1 1876//1 1875//1
f 1875//1 1876//1 1878//1 1877//1
f 1877//1 1878//1 1880//1 1879//1
f 1879//1 1880//1 1882//1 1881//1
f 1881//1 1882//1 1884//1 1883//1
f 1883//1 1884//1 1886//1 1885//1
f 1885//1 1886//1 1888//1 1887//1
f 1887//1 1888//1 1890//1 1889//1
f 1889//1 1890//1 1892//1 1891//1
f 1891//1 1892//1 1894//1 1893//1
f 1893//1 1894//1 1896//1 1895//1
f 1895//1 1896//1 1898//1 1897//1
f 1897//1 1898//1 1900//1 1899//1
f 1899//1 1900//1 1902//1 1901//1
f 1901//1 1902//1 1904//1 1903//1
f 1903//1 1904//1 1906//1 1905//1
f 1905//1 1906//1 1908//1 1907//1
f 1907//1 1908//1 1910//1 1909//1
f 1909//1 1910//1 1912//1 1911//1
f 1911//1 1912//1 1914//1 1913//1
f 1913//1 1914//1 1916//1 1915//1
f 1915//1 1916//1 1918//1 1917//1
f 1917//1 1918//1 1920//1 1919//1
f 1919//1 1920//1 1922//1 1921//1
f 1921//1 1922//1 1924//1 1923//1
f 1923//1 1924//1 1926//1 1925//1
f 1925//1 1926//1 1928//1 1927//1
f 1927//1 1928//1 1930//1 1929//1
f 1929//1 1930//1 1932//1 1931//1
f 1931//1 1932//1 1934//1 1933//1
f 1933//1 1934//1 1936//1 1935//1
f 1935//1 1936//1 1938//1 1937//1
f 1937//1 1938//1 1940//1 1939//1
f 1939//1 1940//1 1942//1 1941//1
f 1941//1 1942//1 1944//1 1943//1
f 1943//1 1944//1 1946//1 1945//1
f 1945//1 1946//1 1948//1 1947//1
f 1949//1 1950//1 1952//1 1951//1
f 1953//1 1954//1 1956//1 1955//1
f 1957//1 1958//1 1960//1 1959//1
f 1961//1 1962//1 1964//1 1963//1
f 1965//1 1966//1 1968//1 1967//1
f 1967//1 1968//1 1970//1 1969//1
f 1969//1 1970//1 1972//1 1971//1
f 1971//1 1972//1 1974//1 1973//1
f 1973//1 1974//1 1976//1 1975//1
f 1975//1 1976//1 1978//1 1977//1
f 1977//1 1978//1 1980//1 1979//1
f 1979//1 1980//1 1982//1 1981//1
f 1981//1 1982//1 1984//1 1983//1
f 1983//1 1984//1 1986//1 1985//1
f 1985//1 1986//1 1988//1 1987//1
f 1987//1 1988//1 1990//1 1989//1
f 1989//1 1990//1 1992//1 1991//1
f 1991//1 1992//1 1994//1 1993//1
f 1993//1 1994//1 1996//1 1995//1
f 1995//1 1996//1 1998//1 1997//1
f 1997//1 1998//1 2000//1 1999//1
f 1999//1 2000//1 2002//1 2001//1
f 2001//1 2002//1 2004//1 2003//1
f 2003//1 2004//1 2006//1 2005//1
f 2005//1 2006//1 2008//1 2007//1
f 2007//1 2008//1 2010//1 2009//1
f 2009//1 2010//1 2012//1 2011//1
f 2011//1 2012//1 2014//1 2013//1
f 2013//1 2014//1 2016//1 2015//1
f 2015//1 2016//1 2018//1 2017//1
f 2017//1 2018//1 2020//1 2019//1
f 2019//1 2020//1 2022//1 2021//1
f 2021//1 2022//1 2024//1 2023//1
f 2023//1 2024//1 2026//1 2025//1
f 2025//1 2026//1 2028//1 2027//1
f 2027//1 2028//1 2030//1 2029//1
f 2029//1 2030//1 2032//1 2031//1
f 2031//1 2032//1 2034//1 2033//1
f 2033//1 2034//1 2036//1 2035//1
f 2035//1 2036//1 2038//1 2037//1
f 2037//1 2038//1 2040//1 2039//1
f 2039//1 2040//1 2042//1 2041//1
f 2041//1 2042//1 2044//1 2043//1
f 2043//1 2044//1 2046//1 2045//1
f 2045//1 2046//1 2048//1 2047//1
f 2047//1 2048//1 2050//1 2049//1
f 2049//1 2050//1 2052//1 2051//1
f 2051//1 2052//1 2054//1 2053//1
f 2053//1 2054//1 2056//1 2055//1
f 2055//1 2056//1 2058//1 2057//1
f 2057//1 2058//1 2060//1 2059//1
f 2059//1 2060//1 2062//1 2061//1
f 2061//1 2062//1 2064//1 2063//1
f 2063//1 2064//1 2066//1 2065//1
f 2065//1 2066//1 2068//1 2067//1
f 2067//1 2068//1 2070//1 2069//1
f 2069//1 2070//1 2072//1 2071//1
f 2071//1 2072//1 2074//1 2073//1
f 2073//1 2074//1 2076//1 2075//1
f 2075//1 2076//1 2078//1 2077//1
f 2077//1 2078//1 2080//1 2079//1
f 2079//1 2080//1 2082//1 2081//1
f 2081//1 2082//1 2084//1 2083//1
f 2083//1 2084//1 2086//1 2085//1
f 2085//1 2086//1 2088//1 2087//1
f 2087//1 2088//1 2090//1 2089//1
f 2089//1 2090//1 2092//1 2091//1
f 2091//1 2092//1 2094//1 2093//1
f 2093//1 2094//1 2096//1 2095//1
f 2095//1 2096//1 2098//1 2097//1
f 2097//1 2098//1 2100//1 2099//1
f 2099//1 2100//1 2102//1 2101//1
f 2101//1 2102//1 2104//1 2103//1
f 2103//1 2104//1 2106//1 2105//1
f 2105//1 2106//1 2108//1 2107//1
f 2107//1 2108//1 2110//1 2109//1
f 2109//1 2110//1 2112//1 2111//1
f 2111//1 2112//1 2114//1 2113//1
f 2113//1 2114//1 2116//1 2115//1
f 2115//1 2116//1 2118//1 2117//1
f 2117//1 2118//1 2120//1 2119//1
f 2119//1 2120//1 2122//1 2121//1
f 2121//1 2122//1 2124//1 2123//1
f 2123//1 2124//1 2126//1 2125//1
f 2125//1 2126//1 2128//1 2127//1
f 2127//1 2128//1 2130//1 2129//1
f 2129//1 2130//1 2132//1 2131//1
f 2131//1 2132//1 2134//1 2133//1
f 2133//1 2134//1 2136//1 2135//1
f 2135//1 2136//1 2138//1 2137//1
f 2137//1 2138//1 2140//1 2139//1
f 2139//1 2140//1 2142//1 2141//1
f 2141//1 2142//1 2144//1 2143//1
f 2143//1 2144//1 2146//1 2145//1
f 2145//1 2146//1 2148//1 2147//1
f 2147//1 2148//1 2150//1 2149//1
f 2151//1 2152//1 2154//1 2153//1
f 2155//1 2156//1 2158//1 2157//1
f 2159//1 2160//1 2162//1 2161//1
f 2163//1 2164//1 2166//1 2165//1
f 2167//1 2168//1 2170//1 2169//1
f 2171//1 2172//1 2174//1 2173//1
f 2173//1 2174//1 2176//1 2175//1
f 2177//1 2178//1 2180//1 2179//1
f 2179//1 2180//1 2182//1 2181//1
f 2181//1 2182//1 2184//1 2183//1
f 2185//1 2186//1 2188//1 2187//1
f 2187//1 2188//1 2190//1 2189//1
f 2189//1 2190//1 2192//1 2191//1
f 2191//1 2192//1 2194//1 2193//1
f 2193//1 2194//1 2196//1 2195//1
f 2195//1 2196//1 2198//1 2197//1
f 2199//1 2200//1 2202//1 2201//1
f 2203//1 2204//1 2206//1 2205//1
f 2207//1 2208//1 2210//1 2209//1
f 2209//1 2210//1 2212//1 2211//1
f 2211//1 2212//1 2214//1 2213//1
f 2213//1 2214//1 2216//1 2215//1
f 2215//1 2216//1 2218//1 2217//1
f 2217//1 2218//1 2220//1 2219//1
f 2219//1 2220//1 2222//1 2221//1
f 2221//1 2222//1 2224//1 2223//1
f 2223//1 2224//1 2226//1 2225//1
f 2227//1 2228//1 2230//1 2229//1
f 2231//1 2232//1 2234//1 2233//1
f 2235//1 2236//1 2238//1 2237//1
f 2239//1 2240//1 2242//1 2241//1
f 2241//1 2242//1 2244//1 2243//1
f 2243//1 2244//1 2246//1 2245//1
f 2245//1 2246//1 2248//1 2247//1
f 2249//1 2250//1 2252//1 2251//1
f 2253//1 2254//1 2256//1 2255//1
f 2257//1 2258//1 2260//1 2259//1
f 2261//1 2262//1 2264//1 2263//1
f 2263//1 2264//1 2266//1 2265//1
f 2267//1 2268//1 2270//1 2269//1
f 2271//1 2272//1 2274//1 2273//1
f 2273//1 2274//1 2276//1 2275//1
f 2275//1 2276//1 2278//1 2277//1
f 2279//1 2280//1 2282//1 2281//1
f 2283//1 2284//1 2286//1 2285//1
f 2287//1 2288//1 2290//1 2289//1
f 2291//1 2292//1 2294//1 2293//1
f 2295//1 2296//1 2298//1 2297//1
f 2299//1 2300//1 2302//1 2301//1
f 2301//1 2302//1 2304//1 2303//1
f 2305//1 2306//1 2308//1 2307//1
f 2309//1 2310//1 2312//1 2311//1
f 2313//1 2314//1 2316//1 2315//1
f 2317//1 2318//1 2320//1 2319//1
f 2319//1 2320//1 2322//1 2321//1
f 2323//1 2324//1 2326//1 2325//1
f 2327//1 2328//1 2330//1 2329//1
f 2331//1 2332//1 2334//1 2333//1
f 2335//1 2336//1 2338//1 2337//1
f 2337//1 2338//1 2340//1 2339//1
f 2339//1 2340//1 2342//1 2341//1
f 2343//1 2344//1 2346//1 2345//1
f 2345//1 2346//1 2348//1 2347//1
f 2349//1 2350//1 2352//1 2351//1
f 2353//1 2354//1 2356//1 2355//1
f 2355//1 2356//1 2358//1 2357//1
f 2359//1 2360//1 2362//1 2361//1
f 2363//1 2364//1 2366//1 2365//1
f 2365//1 2366//1 2368//1 2367//1
f 2369//1 2370//1 2372//1 2371//1
f 2371//1 2372//1 2374//1 2373//1
f 2373//1 2374//1 2376//1 2375//1
f 2377//1 2378//1 2380//1 2379//1
f 2379//1 2380//1 2382//1 2381//1
f 2381//1 2382//1 2384//1 2383//1
f 2385//1 2386//1 2388//1 2387//1
f 2387//1 2388//1 2390//1 2389//1
f 2391//1 2392//1 2394//1 2393//1
f 2395//1 2396//1 2398//1 2397//1
f 2397//1 2398//1 2400//1 2399//1
f 2401//1 2402//1 2404//1 2403//1
f 2403//1 2404//1 2406//1 2405//1
f 2405//1 2406//1 2408//1 2407//1
f 2407//1 2408//1 2410//1 2409//1
f 2411//1 2412//1 2414//1 2413//1
f 2413//1 2414//1 2416//1 2415//1
f 2415//1 2416//1 2418//1 2417//1
f 2417//1 2418//1 2420//1 2419//1
f 2419//1 2420//1 2422//1 2421//1
f 2421//1 2422//1 2424//1 2423//1
f 2423//1 2424//1 2426//1 2425//1
f 2425//1 2426//1 2428//1 2427//1
f 2427//1 2428//1 2430//1 2429//1
f 2431//1 2432//1 2434//1 2433//1
f 2435//1 2436//1 2438//1 2437//1
f 2439//1 2440//1 2442//1 2441//1
f 2443//1 2444//1 2446//1 2445//1
f 2447//1 2448//1 2450//1 2449//1
f 2449//1 2450//1 2452//1 2451//1
f 2451//1 2452//1 2454//1 2453//1
f 2453//1 2454//1 2456//1 2455//1
f 2457//1 2458//1 2460//1 2459//1
f 2461//1 2462//1 2464//1 2463//1
f 2465//1 2466//1 2468//1 2467//1
f 2469//1 2470//1 2472//1 2471//1
f 2473//1 2474//1 2476//1 2475//1
f 2477//1 2478//1 2480//1 2479//1
f 2479//1 2480//1 2482//1 2481//1
f 2483//1 2484//1 2486//1 2485//1
f 2487//1 2488//1 2490//1 2489//1
f 2491//1 2492//1 2494//1 2493//1
f 2495//1 2496//1 2498//1 2497//1
f 2499//1 2500//1 2502//1 2501//1
f 2501//1 2502//1 2504//1 2503//1
f 2505//1 2506//1 2508//1 2507//1
f 2507//1 2508//1 2510//1 2509//1
f 2509//1 2510//1 2512//1 2511//1
f 2511//1 2512//1 2514//1 2513//1
f 2513//1 2514//1 2516//1 2515//1
f 2515//1 2516//1 2518//1 2517//1
f 2517//1 2518//1 2520//1 2519//1
f 2519//1 2520//1 2522//1 2521//1
f 2523//1 2524//1 2526//1 2525//1
f 2525//1 2526//1 2528//1 2527//1
f 2527//1 2528//1 2530//1 2529//1
f 2529//1 2530//1 2532//1 2531//1
f 2531//1 2532//1 2534//1 2533//1
f 2533//1 2534//1 2536//1 2535//1
f 2535//1 2536//1 2538//1 2537//1
f 2537//1 2538//1 2540//1 2539//1
f 2539//1 2540//1 2542//1 2541//1
f 2541//1 2542//1 2544//1 2543//1
f 2545//1 2546//1 2548//1 2547//1
f 2549//1 2550//1 2552//1 2551//1
f 2553//1 2554//1 2556//1 2555//1
f 2557//1 2558//1 2560//1 2559//1
f 2561//1 2562//1 2564//1 2563//1
f 2565//1 2566//1 2568//1 2567//1
f 2569//1 2570//1 2572//1 2571//1
f 2573//1 2574//1 2576//1 2575//1
f 2577//1 2578//1 2580//1 2579//1
f 2581//1 2582//1 2584//1 2583//1
f 2585//1 2586//1 2588//1 2587//1
f 2589//1 2590//1 2592//1 2591//1
f 2591//1 2592//1 2594//1 2593//1
f 2593//1 2594//1 2596//1 2595//1
f 2595//1 2596//1 2598//1 2597//1
f 2597//1 2598//1 2600//1 2599//1
f 2599//1 2600//1 2602//1 2601//1
f 2601//1 2602//1 2604//1 2603//1
f 2603//1 2604//1 2606//1 2605//1
f 2607//1 2608//1 2610//1 2609//1
f 2611//1 2612//1 2614//1 2613//1
f 2613//1 2614//1 2616//1 2615//1
f 2615//1 2616//1 2618//1 2617//1
f 2617//1 2618//1 2620//1 2619//1
f 2619//1 2620//1 2622//1 2621//1
f 2623//1 2624//1 2626//1 2625//1
f 2625//1 2626//1 2628//1 2627//1
f 2627//1 2628//1 2630//1 2629//1
f 2629//1 2630//1 2632//1 2631//1
f 2631//1 2632//1 2634//1 2633//1
f 2635//1 2636//1 2638//1 2637//1
f 2639//1 2640//1 2642//1 2641//1
f 2641//1 2642//1 2644//1 2643//1
f 2643//1 2644//1 2646//1 2645//1
f 2645//1 2646//1 2648//1 2647//1
f 2647//1 2648//1 2650//1 2649//1
f 2649//1 2650//1 2652//1 2651//1
f 2651//1 2652//1 2654//1 2653//1
f 2653//1 2654//1 2656//1 2655//1
f 2657//1 2658//1 2660//1 2659//1
f 2659//1 2660//1 2662//1 2661//1
f 2661//1 2662//1 2664//1 2663//1
f 2663//1 2664//1 2666//1 2665//1
f 2665//1 2666//1 2668//1 2667//1
f 2667//1 2668//1 2670//1 2669//1
f 2669//1 2670//1 2672//1 2671//1
f 2673//1 2674//1 2676//1 2675//1
f 2675//1 2676//1 2678//1 2677//1
f 2677//1 2678//1 2680//1 2679//1
f 2679//1 2680//1 2682//1 2681//1
f 2681//1 2682//1 2684//1 2683//1
f 2683//1 2684//1 2686//1 2685//1
f 2685//1 2686//1 2688//1 2687//1
f 2689//1 2690//1 2692//1 2691//1
f 2691//1 2692//1 2694//1 2693//1
f 2693//1 2694//1 2696//1 2695//1
f 2695//1 2696//1 2698//1 2697//1
f 2697//1 2698//1 2700//1 2699//1
f 2699//1 2700//1 2702//1 2701//1
f 2703//1 2704//1 2706//1 2705//1
f 2705//1 2706//1 2708//1 2707//1
f 2707//1 2708//1 2710//1 2709//1
f 2709//1 2710//1 2712//1 2711//1
f 2713//1 2714//1 2716//1 2715//1
f 2717//1 2718//1 2720//1 2719//1
f 2721//1 2722//1 2724//1 2723//1
f 2725//1 2726//1 2728//1 2727//1
f 2727//1 2728//1 2730//1 2729//1
f 2729//1 2730//1 2732//1 2731//1
f 2733//1 2734//1 2736//1 2735//1
f 2735//1 2736//1 2738//1 2737//1
f 2737//1 2738//1 2740//1 2739//1
f 2739//1 2740//1 2742//1 2741//1
f 2743//1 2744//1 2746//1 2745//1
f 2747//1 2748//1 2750//1 2749//1
f 2751//1 2752//1 2754//1 2753//1
f 2753//1 2754//1 2756//1 2755//1
f 2757//1 2758//1 2760//1 2759//1
f 2759//1 2760//1 2762//1 2761//1
f 2761//1 2762//1 2764//1 2763//1
f 2763//1 2764//1 2766//1 2765//1
f 2765//1 2766//1 2768//1 2767//1
f 2767//1 2768//1 2770//1 2769//1
f 2769//1 2770//1 2772//1 2771//1
f 2771//1 2772//1 2774//1 2773//1
f 2773//1 2774//1 2776//1 2775//1
f 2775//1 2776//1 2778//1 2777//1
f 2777//1 2778//1 2780//1 2779//1
f 2781//1 2782//1 2784//1 2783//1
f 2783//1 2784//1 2786//1 2785//1
f 2785//1 2786//1 2788//1 2787//1
f 2787//1 2788//1 2790//1 2789//1
f 2789//1 2790//1 2792//1 2791//1
f 2791//1 2792//1 2794//1 2793//1
f 2793//1 2794//1 2796//1 2795//1
f 2795//1 2796//1 2798//1 2797//1
f 2797//1 2798//1 2800//1 2799//1
f 2799//1 2800//1 2802//1 2801//1
f 2801//1 2802//1 2804//1 2803//1
f 2803//1 2804//1 2806//1 2805//1
f 2805//1 2806//1 2808//1 2807//1
f 2809//1 2810//1 2812//1 2811//1
f 2811//1 2812//1 2814//1 2813//1
f 2813//1 2814//1 2816//1 2815//1
f 2815//1 2816//1 2818//1 2817//1
f 2817//1 2818//1 2820//1 2819//1
f 2821//1 2822//1 2824//1 2823//1
f 2823//1 2824//1 2826//1 2825//1
f 2825//1 2826//1 2828//1 2827//1
f 2827//1 2828//1 2830//1 2829//1
f 2829//1 2830//1 2832//1 2831//1
f 2831//1 2832//1 2834//1 2833//1
f 2833//1 2834//1 2836//1 2835//1
f 2835//1 2836//1 2838//1 2837//1
f 2837//1 2838//1 2840//1 2839//1
f 2839//1 2840//1 2842//1 2841//1
f 2841//1 2842//1 2844//1 2843//1
f 2843//1 2844//1 2846//1 2845//1
f 2845//1 2846//1 2848//1 2847//1
f 2847//1 2848//1 2850//1 2849//1
f 2849//1 2850//1 2852//1 2851//1
f 2851//1 2852//1 2854//1 2853//1
f 2853//1 2854//1 2856//1 2855//1
f 2855//1 2856//1 2858//1 2857//1
f 2857//1 2858//1 2860//1 2859//1
f 2859//1 2860//1 2862//1 2861//1
f 2861//1 2862//1 2864//1 2863//1
f 2865//1 2866//1 2868//1 2867//1
f 2867//1 2868//1 2870//1 2869//1
f 2869//1 2870//1 2872//1 2871//1
f 2871//1 2872//1 2874//1 2873//1
f 2873//1 2874//1 2876//1 2875//1
f 2875//1 2876//1 2878//1 2877//1
f 2877//1 2878//1 2880//1 2879//1
f 2879//1 2880//1 2882//1 2881//1
f 2881//1 2882//1 2884//1 2883//1
f 2883//1 2884//1 2886//1 2885//1
f 2885//1 2886//1 2888//1 2887//1
f 2887//1 2888//1 2890//1 2889//1
f 2889//1 2890//1 2892//1 2891//1
f 2891//1 2892//1 2894//1 2893//1
f 2893//1 2894//1 2896//1 2895//1
f 2895//1 2896//1 2898//1 2897//1
f 2897//1 2898//1 2900//1 2899//1
f 2899//1 2900//1 2902//1 2901//1
f 2901//1 2902//1 2904//1 2903//1
f 2903//1 2904//1 2906//1 2905//1
f 2905//1 2906//1 2908//1 2907//1
f 2907//1 2908//1 2910//1 2909//1
f 2909//1 2910//1 2912//1 2911//1
f 2911//1 2912//1 2914//1 2913//1
f 2913//1 2914//1 2916//1 2915//1
f 2915//1 2916//1 2918//1 2917//1
f 2917//1 2918//1 2920//1 2919//1
f 2919//1 2920//1 2922//1 2921//1
f 2921//1 2922//1 2924//1 2923//1
f 2923//1 2924//1 2926//1 2925//1
f 2925//1 2926//1 2928//1 2927//1
f 2927//1 2928//1 2930//1 2929//1
f 2929//1 2930//1 2932//1 2931//1
f 2931//1 2932//1 2934//1 2933//1
f 2933//1 2934//1 2936//1 2935//1
f 2935//1 2936//1 2938//1 2937//1
f 2937//1 2938//1 2940//1 2939//1
f 2939//1 2940//1 2942//1 2941//1
f 2941//1 2942//1 2944//1 2943//1
f 2943//1 2944//1 2946//1 2945//1
f 2945//1 2946//1 2948//1 2947//1
f 2947//1 2948//1 2950//1 2949//1
f 2949//1 2950//1 2952//1 2951//1
f 2951//1 2952//1 2954//1 2953//1
f 2953//1 2954//1 2956//1 2955//1
f 2955//1 2956//1 2958//1 2957//1
f 2957//1 2958//1 2960//1 2959//1
f 2959//1 2960//1 2962//1 2961//1
f 2961//1 2962//1 2964//1 2963//1
f 2963//1 2964//1 2966//1 2965//1
f 2965//1 2966//1 2968//1 2967//1
f 2967//1 2968//1 2970//1 2969//1
f 2969//1 2970//1 2972//1 2971//1
f 2971//1 2972//1 2974//1 2973//1
f 2973//1 2974//1 2976//1 2975//1
f 2975//1 2976//1 2978//1 2977//1
f 2977//1 2978//1 2980//1 2979//1
f 2979//1 2980//1 2982//1 2981//1
f 2981//1 2982//1 2984//1 2983//1
f 2983//1 2984//1 2986//1 2985//1
f 2985//1 2986//1 2988//1 2987//1
f 2987//1 2988//1 2990//1 2989//1
f 2989//1 2990//1 2992//1 2991//1
f 2991//1 2992//1 2994//1 2993//1
f 2995//1 2996//1 2998//1 2997//1
f 2999//1 3000//1 3002//1 3001//1
f 3003//1 3004//1 3006//1 3005//1
f 3005//1 3006//1 3008//1 3007//1
f 3009//1 3010//1 3012//1 3011//1
f 3011//1 3012//1 3014//1 3013//1
f 3015//1 3016//1 3018//1 3017//1
f 3017//1 3018//1 3020//1 3019//1
f 3019//1 3020//1 3022//1 3021//1
f 3021//1 3022//1 3024//1 3023//1
f 3025//1 3026//1 3028//1 3027//1
f 3027//1 3028//1 3030//1 3029//1
f 3029//1 3030//1 3032//1 3031//1
f 3033//1 3034//1 3036//1 3035//1
f 3035//1 3036//1 3038//1 3037//1
f 3037//1 3038//1 3040//1 3039//1
f 3039//1 3040//1 3042//1 3041//1
f 3041//1 3042//1 3044//1 3043//1
f 3043//1 3044//1 3046//1 3045//1
f 3045//1 3046//1 3048//1 3047//1
f 3047//1 3048//1 3050//1 3049//1
f 3049//1 3050//1 3052//1 3051//1
f 3051//1 3052//1 3054//1 3053//1
f 3053//1 3054//1 3056//1 3055//1
f 3055//1 3056//1 3058//1 3057//1
f 3057//1 3058//1 3060//1 3059//1
f 3059//1 3060//1 3062//1 3061//1
f 3061//1 3062//1 3064//1 3063//1
f 3063//1 3064//1 3066//1 3065//1
f 3065//1 3066//1 3068//1 3067//1
f 3067//1 3068//1 3070//1 3069//1
f 3069//1 3070//1 3072//1 3071//1
f 3071//1 3072//1 3074//1 3073//1
f 3073//1 3074//1 3076//1 3075//1
f 3075//1 3076//1 3078//1 3077//1
f 3077//1 3078//1 3080//1 3079//1
f 3079//1 3080//1 3082//1 3081//1
f 3081//1 3082//1 3084//1 3083//1
f 3083//1 3084//1 3086//1 3085//1
f 3085//1 3086//1 3088//1 3087//1
f 3087//1 3088//1 3090//1 3089//1
f 3089//1 3090//1 3092//1 3091//1
f 3093//1 3094//1 3096//1 3095//1
f 3097//1 3098//1 3100//1 3099//1
f 3099//1 3100//1 3102//1 3101//1
f 3101//1 3102//1 3104//1 3103//1
f 3103//1 3104//1 3106//1 3105//1
f 3105//1 3106//1 3108//1 3107//1
f 3107//1 3108//1 3110//1 3109//1
f 3109//1 3110//1 3112//1 3111//1
f 3111//1 3112//1 3114//1 3113//1
f 3113//1 3114//1 3116//1 3115//1
f 3115//1 3116//1 3118//1 3117//1
f 3117//1 3118//1 3120//1 3119//1
f 3119//1 3120//1 3122//1 3121//1
f 3121//1 3122//1 3124//1 3123//1
f 3123//1 3124//1 3126//1 3125//1
f 3127//1 3128//1 3130//1 3129//1
f 3131//1 3132//1 3134//1 3133//1
f 3135//1 3136//1 3138//1 3137//1
f 3137//1 3138//1 3140//1 3139//1
f 3139//1 3140//1 3142//1 3141//1
f 3141//1 3142//1 3144//1 3143//1
f 3143//1 3144//1 3146//1 3145//1
f 3145//1 3146//1 3148//1 3147//1
f 3147//1 3148//1 3150//1 3149//1
f 3149//1 3150//1 3152//1 3151//1
f 3153//1 3154//1 3156//1 3155//1
f 3157//1 3158//1 3160//1 3159//1
f 3161//1 3162//1 3164//1 3163//1
f 3165//1 3166//1 3168//1 3167//1
f 3169//1 3170//1 3172//1 3171//1
f 3173//1 3174//1 3176//1 3175//1
f 3177//1 3178//1 3180//1 3179//1
f 3181//1 3182//1 3184//1 3183//1
f 3183//1 3184//1 3186//1 3185//1
f 3187//1 3188//1 3190//1 3189//1
f 3191//1 3192//1 3194//1 3193//1
f 3195//1 3196//1 3198//1 3197//1
f 3199//1 3200//1 3202//1 3201//1
f 3203//1 3204//1 3206//1 3205//1
f 3205//1 3206//1 3208//1 3207//1
f 3207//1 3208//1 3210//1 3209//1
f 3211//1 3212//1 3214//1 3213//1
f 3213//1 3214//1 3216//1 3215//1
f 3215//1 3216//1 3218//1 3217//1
f 3219//1 3220//1 3222//1 3221//1
f 3223//1 3224//1 3226//1 3225//1
f 3227//1 3228//1 3230//1 3229//1
f 3229//1 3230//1 3232//1 3231//1
f 3233//1 3234//1 3236//1 3235//1
f 3237//1 3238//1 3240//1 3239//1
f 3241//1 3242//1 3244//1 3243//1
f 3245//1 3246//1 3248//1 3247//1
f 3247//1 3248//1 3250//1 3249//1
f 3249//1 3250//1 3252//1 3251//1
f 3251//1 3252//1 3254//1 3253//1
f 3253//1 3254//1 3256//1 3255//1
f 3255//1 3256//1 3258//1 3257//1
f 3257//1 3258//1 3260//1 3259//1
f 3259//1 3260//1 3262//1 3261//1
f 3261//1 3262//1 3264//1 3263//1
f 3263//1 3264//1 3266//1 3265//1
f 3265//1 3266//1 3268//1 3267//1
f 3267//1 3268//1 3270//1 3269//1
f 3269//1 3270//1 3272//1 3271//1
f 3271//1 3272//1 3274//1 3273//1
f 3273//1 3274//1 3276//1 3275//1
f 3275//1 3276//1 3278//1 3277//1
f 3277//1 3278//1 3280//1 3279//1
f 3279//1 3280//1 3282//1 3281//1
f 3281//1 3282//1 3284//1 3283//1
f 3285//1 3286//1 3288//1 3287//1
f 3287//1 3288//1 3290//1 3289//1
f 3289//1 3290//1 3292//1 3291//1
f 3291//1 3292//1 3294//1 3293//1
f 3293//1 3294//1 3296//1 3295//1
f 3295//1 3296//1 3298//1 3297//1
f 3297//1 3298//1 3300//1 3299//1
f 3299//1 3300//1 3302//1 3301//1
f 3301//1 3302//1 3304//1 3303//1
f 3303//1 3304//1 3306//1 3305//1
f 3305//1 3306//1 3308//1 3307//1
f 3307//1 3308//1 3310//1 3309//1
f 3311//1 3312//1 3314//1 3313//1
f 3313//1 3314//1 3316//1 3315//1
f 3317//1 3318//1 3320//1 3319//1
f 3321//1 3322//1 3324//1 3323//1
f 3323//1 3324//1 3326//1 3325//1
f 3325//1 3326//1 3328//1 3327//1
f 3327//1 3328//1 3330//1 3329//1
f 3329//1 3330//1 3332//1 3331//1
f 3331//1 3332//1 3334//1 3333//1
f 3335//1 3336//1 3338//1 3337//1
f 3339//1 3340//1 3342//1 3341//1
f 3341//1 3342//1 3344//1 3343//1
f 3343//1 3344//1 3346//1 3345//1
f 3345//1 3346//1 3348//1 3347//1
f 3347//1 3348//1 3350//1 3349//1
f 3349//1 3350//1 3352//1 3351//1
f 3353//1 3354//1 3356//1 3355//1
f 3357//1 3358//1 3360//1 3359//1
f 3359//1 3360//1 3362//1 3361//1
f 3361//1 3362//1 3364//1 3363//1
f 3365//1 3366//1 3368//1 3367//1
f 3367//1 3368//1 3370//1 3369//1
f 3369//1 3370//1 3372//1 3371//1
f 3371//1 3372//1 3374//1 3373//1
f 3373//1 3374//1 3376//1 3375//1
f 3377//1 3378//1 3380//1 3379//1
f 3379//1 3380//1 3382//1 3381//1
f 3381//1 3382//1 3384//1 3383//1
f 3383//1 3384//1 3386//1 3385//1
f 3385//1 3386//1 3388//1 3387//1
f 3387//1 3388//1 3390//1 3389//1
f 3389//1 3390//1 3392//1 3391//1
f 3391//1 3392//1 3394//1 3393//1
f 3393//1 3394//1 3396//1 3395//1
f 3397//1 3398//1 3400//1 3399//1
f 3399//1 3400//1 3402//1 3401//1
f 3401//1 3402//1 3404//1 3403//1
f 3403//1 3404//1 3406//1 3405//1
f 3405//1 3406//1 3408//1 3407//1
f 3407//1 3408//1 3410//1 3409//1
f 3411//1 3412//1 3414//1 3413//1
f 3413//1 3414//1 3416//1 3415//1
f 3415//1 3416//1 3418//1 3417//1
f 3419//1 3420//1 3422//1 3421//1
f 3421//1 3422//1 3424//1 3423//1
f 3423//1 3424//1 3426//1 3425//1
f 3427//1 3428//1 3430//1 3429//1
f 3429//1 3430//1 3432//1 3431//1
f 3431//1 3432//1 3434//1 3433//1
f 3433//1 3434//1 3436//1 3435//1
f 3435//1 3436//1 3438//1 3437//1
f 3437//1 3438//1 3440//1 3439//1
f 3441//1 3442//1 3444//1 3443//1
f 3443//1 3444//1 3446//1 3445//1
f 3445//1 3446//1 3448//1 3447//1
f 3447//1 3448//1 3450//1 3449//1
f 3449//1 3450//1 3452//1 3451//1
f 3451//1 3452//1 3454//1 3453//1
f 3453//1 3454//1 3456//1 3455//1
f 3455//1 3456//1 3458//1 3457//1
f 3457//1 3458//1 3460//1 3459//1
f 3459//1 3460//1 3462//1 3461//1
f 3461//1 3462//1 3464//1 3463//1
f 3463//1 3464//1 3466//1 3465//1
f 3467//1 3468//1 3470//1 3469//1
f 3469//1 3470//1 3472//1 3471//1
f 3473//1 3474//1 3476//1 3475//1
f 3475//1 3476//1 3478//1 3477//1
f 3477//1 3478//1 3480//1 3479//1
f 3479//1 3480//1 3482//1 3481//1
f 3481//1 3482//1 3484//1 3483//1
f 3483//1 3484//1 3486//1 3485//1
f 3485//1 3486//1 3488//1 3487//1
f 3487//1 3488//1 3490//1 3489//1
f 3489//1 3490//1 3492//1 3491//1
f 3493//1 3494//1 3496//1 3495//1
f 3495//1 3496//1 3498//1 3497//1
f 3497//1 3498//1 3500//1 3499//1
f 3499//1 3500//1 3502//1 3501//1
f 3503//1 3504//1 3506//1 3505//1
f 3505//1 3506//1 3508//1 3507//1
f 3507//1 3508//1 3510//1 3509//1
f 3509//1 3510//1 3512//1 3511//1
f 3511//1 3512//1 3514//1 3513//1
f 3513//1 3514//1 3516//1 3515//1
f 3515//1 3516//1 3518//1 3517//1
f 3519//1 3520//1 3522//1 3521//1
f 3521//1 3522//1 3524//1 3523//1
f 3523//1 3524//1 3526//1 3525//1
f 3525//1 3526//1 3528//1 3527//1
f 3527//1 3528//1 3530//1 3529//1
f 3529//1 3530//1 3532//1 3531//1
f 3531//1 3532//1 3534//1 3533//1
f 3533//1 3534//1 3536//1 3535//1
f 3535//1 3536//1 3538//1 3537//1
f 3537//1 3538//1 3540//1 3539//1
f 3541//1 3542//1 3544//1 3543//1
f 3545//1 3546//1 3548//1 3547//1
f 3549//1 3550//1 3552//1 3551//1
f 3553//1 3554//1 3556//1 3555//1
f 3555//1 3556//1 3558//1 3557//1
f 3557//1 3558//1 3560//1 3559//1
f 3559//1 3560//1 3562//1 3561//1
f 3561//1 3562//1 3564//1 3563//1
f 3563//1 3564//1 3566//1 3565//1
f 3565//1 3566//1 3568//1 3567//1
f 3567//1 3568//1 3570//1 3569//1
f 3571//1 3572//1 3574//1 3573//1
f 3575//1 3576//1 3578//1 3577//1
f 3577//1 3578//1 3580//1 3579//1
f 3579//1 3580//1 3582//1 3581//1
f 3581//1 3582//1 3584//1 3583//1
f 3583//1 3584//1 3586//1 3585//1
f 3585//1 3586//1 3588//1 3587//1
f 3587//1 3588//1 3590//1 3589//1
f 3589//1 3590//1 3592//1 3591//1
f 3591//1 3592//1 3594//1 3593//1
f 3595//1 3596//1 3598//1 3597//1
f 3599//1 3600//1 3602//1 3601//1
f 3601//1 3602//1 3604//1 3603//1
f 3603//1 3604//1 3606//1 3605//1
f 3607//1 3608//1 3610//1 3609//1
f 3609//1 3610//1 3612//1 3611//1
f 3611//1 3612//1 3614//1 3613//1
f 3615//1 3616//1 3618//1 3617//1
f 3617//1 3618//1 3620//1 3619//1
f 3619//1 3620//1 3622//1 3621//1
f 3623//1 3624//1 3626//1 3625//1
f 3625//1 3626//1 3628//1 3627//1
f 3629//1 3630//1 3632//1 3631//1
f 3633//1 3634//1 3636//1 3635//1
f 3635//1 3636//1 3638//1 3637//1
f 3637//1 3638//1 3640//1 3639//1
f 3641//1 3642//1 3644//1 3643//1
f 3643//1 3644//1 3646//1 3645//1
f 3645//1 3646//1 3648//1 3647//1
f 3649//1 3650//1 3652//1 3651//1
f 3653//1 3654//1 3656//1 3655//1
f 3657//1 3658//1 3660//1 3659//1
f 3659//1 3660//1 3662//1 3661//1
f 3663//1 3664//1 3666//1 3665//1
f 3665//1 3666//1 3668//1 3667//1
f 3667//1 3668//1 3670//1 3669//1
f 3669//1 3670//1 3672//1 3671//1
f 3673//1 3674//1 3676//1 3675//1
f 3675//1 3676//1 3678//1 3677//1
f 3679//1 3680//1 3682//1 3681//1
f 3683//1 3684//1 3686//1 3685//1
f 3687//1 3688//1 3690//1 3689//1
f 3689//1 3690//1 3692//1 3691//1
f 3691//1 3692//1 3694//1 3693//1
f 3693//1 3694//1 3696//1 3695//1
f 3695//1 3696//1 3698//1 3697//1
f 3699//1 3700//1 3702//1 3701//1
f 3701//1 3702//1 3704//1 3703//1
f 3703//1 3704//1 3706//1 3705//1
f 3707//1 3708//1 3710//1 3709//1
f 3711//1 3712//1 3714//1 3713//1
f 3713//1 3714//1 3716//1 3715//1
f 3715//1 3716//1 3718//1 3717//1
f 3717//1 3718//1 3720//1 3719//1
f 3719//1 3720//1 3722//1 3721//1
f 3721//1 3722//1 3724//1 3723//1
f 3723//1 3724//1 3726//1 3725//1
f 3725//1 3726//1 3728//1 3727//1
f 3727//1 3728//1 3730//1 3729//1
f 3729//1 3730//1 3732//1 3731//1
f 3731//1 3732//1 3734//1 3733//1
f 3733//1 3734//1 3736//1 3735//1
f 3735//1 3736//1 3738//1 3737//1
f 3737//1 3738//1 3740//1 3739//1
f 3739//1 3740//1 3742//1 3741//1
f 3741//1 3742//1 3744//1 3743//1
f 3743//1 3744//1 3746//1 3745//1
f 3745//1 3746//1 3748//1 3747//1
f 3749//1 3750//1 3752//1 3751//1
f 3751//1 3752//1 3754//1 3753//1
f 3755//1 3756//1 3758//1 3757//1
f 3757//1 3758//1 3760//1 3759//1
f 3759//1 3760//1 3762//1 3761//1
f 3761//1 3762//1 3764//1 3763//1
f 3763//1 3764//1 3766//1 3765//1
f 3765//1 3766//1 3768//1 3767//1
f 3767//1 3768//1 3770//1 3769//1
f 3769//1 3770//1 3772//1 3771//1
f 3771//1 3772//1 3774//1 3773//1
f 3773//1 3774//1 3776//1 3775//1
f 3775//1 3776//1 3778//1 3777//1
f 3777//1 3778//1 3780//1 3779//1
f 3779//1 3780//1 3782//1 3781//1
f 3781//1 3782//1 3784//1 3783//1
f 3783//1 3784//1 3786//1 3785//1
f 3785//1 3786//1 3788//1 3787//1
f 3789//1 3790//1 3792//1 3791//1
f 3791//1 3792//1 3794//1 3793//1
f 3793//1 3794//1 3796//1 3795//1
f 3795//1 3796//1 3798//1 3797//1
f 3797//1 3798//1 3800//1 3799//1
f 3799//1 3800//1 3802//1 3801//1
f 3801//1 3802//1 3804//1 3803//1
f 3803//1 3804//1 3806//1 3805//1
f 3805//1 3806//1 3808//1 3807//1
f 3807//1 3808//1 3810//1 3809//1
f 3811//1 3812//1 3814//1 3813//1
f 3815//1 3816//1 3818//1 3817//1
f 3819//1 3820//1 3822//1 3821//1
f 3821//1 3822//1 3824//1 3823//1
f 3825//1 3826//1 3828//1 3827//1
f 3829//1 3830//1 3832//1 3831//1
f 3833//1 3834//1 3836//1 3835//1
f 3837//1 3838//1 3840//1 3839//1
f 3841//1 3842//1 3844//1 3843//1
f 3845//1 3846//1 3848//1 3847//1
f 3849//1 3850//1 3852//1 3851//1
f 3853//1 3854//1 3856//1 3855//1
f 3857//1 3858//1 3860//1 3859//1
f 3861//1 3862//1 3864//1 3863//1
f 3865//1 3866//1 3868//1 3867//1
f 3867//1 3868//1 3870//1 3869//1
f 3869//1 3870//1 3872//1 3871//1
f 3871//1 3872//1 3874//1 3873//1
f 3873//1 3874//1 3876//1 3875//1
f 3875//1 3876//1 3878//1 3877//1
f 3877//1 3878//1 3880//1 3879//1
f 3879//1 3880//1 3882//1 3881//1
f 3881//1 3882//1 3884//1 3883//1
f 3885//1 3886//1 3888//1 3887//1
f 3889//1 3890//1 3892//1 3891//1
f 3893//1 3894//1 3896//1 3895//1
f 3895//1 3896//1 3898//1 3897//1
f 3899//1 3900//1 3902//1 3901//1
f 3901//1 3902//1 3904//1 3903//1
f 3905//1 3906//1 3908//1 3907//1
f 3909//1 3910//1 3912//1 3911//1
f 3913//1 3914//1 3916//1 3915//1
f 3915//1 3916//1 3918//1 3917//1
f 3917//1 3918//1 3920//1 3919//1
f 3919//1 3920//1 3922//1 3921//1
f 3921//1 3922//1 3924//1 3923//1
f 3923//1 3924//1 3926//1 3925//1
f 3927//1 3928//1 3930//1 3929//1
f 3929//1 3930//1 3932//1 3931//1
f 3933//1 3934//1 3936//1 3935//1
f 3937//1 3938//1 3940//1 3939//1
f 3939//1 3940//1 3942//1 3941//1
f 3943//1 3944//1 3946//1 3945//1
f 3945//1 3946//1 3948//1 3947//1
f 3947//1 3948//1 3950//1 3949//1
f 3949//1 3950//1 3952//1 3951//1
f 3953//1 3954//1 3956//1 3955//1
f 3955//1 3956//1 3958//1 3957//1
f 3957//1 3958//1 3960//1 3959//1
f 3959//1 3960//1 3962//1 3961//1
f 3961//1 3962//1 3964//1 3963//1
f 3965//1 3966//1 3968//1 3967//1
f 3969//1 3970//1 3972//1 3971//1
f 3973//1 3974//1 3976//1 3975//1
f 3977//1 3978//1 3980//1 3979//1
f 3979//1 3980//1 3982//1 3981//1
f 3981//1 3982//1 3984//1 3983//1
f 3985//1 3986//1 3988//1 3987//1
f 3987//1 3988//1 3990//1 3989//1
f 3991//1 3992//1 3994//1 3993//1
f 3995//1 3996//1 3998//1 3997//1
f 3997//1 3998//1 4000//1 3999//1
f 3999//1 4000//1 4002//1 4001//1
f 4001//1 4002//1 4004//1 4003//1
f 4005//1 4006//1 4008//1 4007//1
f 4009//1 4010//1 4012//1 4011//1
f 4013//1 4014//1 4016//1 4015//1
f 4015//1 4016//1 4018//1 4017//1
f 4017//1 4018//1 4020//1 4019//1
f 4019//1 4020//1 4022//1 4021//1
f 4023//1 4024//1 4026//1 4025//1
f 4025//1 4026//1 4028//1 4027//1
f 4027//1 4028//1 4030//1 4029//1
f 4029//1 4030//1 4032//1 4031//1
f 4031//1 4032//1 4034//1 4033//1
f 4033//1 4034//1 4036//1 4035//1
f 4035//1 4036//1 4038//1 4037//1
f 4037//1 4038//1 4040//1 4039//1
f 4039//1 4040//1 4042//1 4041//1
f 4041//1 4042//1 4044//1 4043//1
f 4043//1 4044//1 4046//1 4045//1
f 4045//1 4046//1 4048//1 4047//1
f 4047//1 4048//1 4050//1 4049//1
f 4049//1 4050//1 4052//1 4051//1
f 4051//1 4052//1 4054//1 4053//1
f 4053//1 4054//1 4056//1 4055//1
f 4055//1 4056//1 4058//1 4057//1
f 4057//1 4058//1 4060//1 4059//1
f 4059//1 4060//1 4062//1 4061//1
f 4061//1 4062//1 4064//1 4063//1
f 4063//1 4064//1 4066//1 4065//1
f 4065//1 4066//1 4068//1 4067//1
f 4067//1 4068//1 4070//1 4069//1
f 4069//1 4070//1 4072//1 4071//1
f 4071//1 4072//1 4074//1 4073//1
f 4073//1 4074//1 4076//1 4075//1
f 4075//1 4076//1 4078//1 4077//1
f 4077//1 4078//1 4080//1 4079//1
f 4079//1 4080//1 4082//1 4081//1
f 4081//1 4082//1 4084//1 4083//1
f 4083//1 4084//1 4086//1 4085//1
f 4085//1 4086//1 4088//1 4087//1
f 4087//1 4088//1 4090//1 4089//1
f 4089//1 4090//1 4092//1 4091//1
f 4091//1 4092//1 4094//1 4093//1
f 4093//1 4094//1 4096//1 4095//1
f 4095//1 4096//1 4098//1 4097//1
f 4097//1 4098//1 4100//1 4099//1
f 4099//1 4100//1 4102//1 4101//1
f 4101//1 4102//1 4104//1 4103//1
f 4103//1 4104//1 4106//1 4105//1
f 4105//1 4106//1 4108//1 4107//1
f 4107//1 4108//1 4110//1 4109//1
f 4109//1 4110//1 4112//1 4111//1
f 4111//1 4112//1 4114//1 4113//1
f 4113//1 4114//1 4116//1 4115//1
f 4115//1 4116//1 4118//1 4117//1
f 4117//1 4118//1 4120//1 4119//1
f 4119//1 4120//1 4122//1 4121//1
f 4121//1 4122//1 4124//1 4123//1
f 4123//1 4124//1 4126//1 4125//1
f 4125//1 4126//1 4128//1 4127//1
f 4127//1 4128//1 4130//1 4129//1
f 4129//1 4130//1 4132//1 4131//1
f 4131//1 4132//1 4134//1 4133//1
f 4133//1 4134//1 4136//1 4135//1
f 4135//1 4136//1 4138//1 4137//1
f 4137//1 4138//1 4140//1 4139//1
f 4139//1 4140//1 4142//1 4141//1
f 4143//1 4144//1 4146//1 4145//1
f 4145//1 4146//1 4148//1 4147//1
f 4147//1 4148//1 4150//1 4149//1
f 4149//1 4150//1 4152//1 4151//1
f 4151//1 4152//1 4154//1 4153//1
f 4153//1 4154//1 4156//1 4155//1
f 4155//1 4156//1 4158//1 4157//1
f 4157//1 4158//1 4160//1 4159//1
f 4159//1 4160//1 4162//1 4161//1
f 4161//1 4162//1 4164//1 4163//1
f 4163//1 4164//1 4166//1 4165//1
f 4165//1 4166//1 4168//1 4167//1
f 4167//1 4168//1 4170//1 4169//1
f 4169//1 4170//1 4172//1 4171//1
f 4171//1 4172//1 4174//1 4173//1
f 4173//1 4174//1 4176//1 4175//1
f 4175//1 4176//1 4178//1 4177//1
f 4177//1 4178//1 4180//1 4179//1
f 4179//1 4180//1 4182//1 4181//1
f 4181//1 4182//1 4184//1 4183//1
f 4183//1 4184//1 4186//1 4185//1
f 4185//1 4186//1 4188//1 4187//1
f 4187//1 4188//1 4190//1 4189//1
f 4189//1 4190//1 4192//1 4191//1
f 4191//1 4192//1 4194//1 4193//1
f 4193//1 4194//1 4196//1 4195//1
f 4195//1 4196//1 4198//1 4197//1
f 4197//1 4198//1 4200//1 4199//1
f 4199//1 4200//1 4202//1 4201//1
f 4203//1 4204//1 4206//1 4205//1
f 4205//1 4206//1 4208//1 4207//1
f 4207//1 4208//1 4210//1 4209//1
f 4209//1 4210//1 4212//1 4211//1
f 4211//1 4212//1 4214//1 4213//1
f 4213//1 4214//1 4216//1 4215//1
f 4215//1 4216//1 4218//1 4217//1
f 4217//1 4218//1 4220//1 4219//1
f 4219//1 4220//1 4222//1 4221//1
f 4221//1 4222//1 4224//1 4223//1
f 4223//1 4224//1 4226//1 4225//1
f 4225//1 4226//1 4228//1 4227//1
f 4227//1 4228//1 4230//1 4229//1
f 4229//1 4230//1 4232//1 4231//1
f 4231//1 4232//1 4234//1 4233//1
f 4233//1 4234//1 4236//1 4235//1
f 4237//1 4238//1 4240//1 4239//1
f 4239//1 4240//1 4242//1 4241//1
f 4241//1 4242//1 4244//1 4243//1
f 4245//1 4246//1 4248//1 4247//1
f 4247//1 4248//1 4250//1 4249//1
f 4249//1 4250//1 4252//1 4251//1
f 4251//1 4252//1 4254//1 4253//1
f 4255//1 4256//1 4258//1 4257//1
f 4257//1 4258//1 4260//1 4259//1
f 4259//1 4260//1 4262//1 4261//1
f 4261//1 4262//1 4264//1 4263//1
f 4263//1 4264//1 4266//1 4265//1
f 4265//1 4266//1 4268//1 4267//1
f 4267//1 4268//1 4270//1 4269//1
f 4269//1 4270//1 4272//1 4271//1
f 4271//1 4272//1 4274//1 4273//1
f 4275//1 4276//1 4278//1 4277//1
f 4277//1 4278//1 4280//1 4279//1
f 4281//1 4282//1 4284//1 4283//1
f 4283//1 4284//1 4286//1 4285//1
f 4285//1 4286//1 4288//1 4287//1
f 4287//1 4288//1 4290//1 4289//1
f 4291//1 4292//1 4294//1 4293//1
f 4295//1 4296//1 4298//1 4297//1
f 4299//1 4300//1 4302//1 4301//1
f 4303//1 4304//1 4306//1 4305//1
f 4305//1 4306//1 4308//1 4307//1
f 4309//1 4310//1 4312//1 4311//1
f 4311//1 4312//1 4314//1 4313//1
f 4313//1 4314//1 4316//1 4315//1
f 4315//1 4316//1 4318//1 4317//1
f 4317//1 4318//1 4320//1 4319//1
f 4319//1 4320//1 4322//1 4321//1
f 4321//1 4322//1 4324//1 4323//1
f 4323//1 4324//1 4326//1 4325//1
f 4325//1 4326//1 4328//1 4327//1
f 4327//1 4328//1 4330//1 4329//1
f 4329//1 4330//1 4332//1 4331//1
f 4331//1 4332//1 4334//1 4333//1
f 4333//1 4334//1 4336//1 4335//1
f 4335//1 4336//1 4338//1 4337//1
f 4337//1 4338//1 4340//1 4339//1
f 4339//1 4340//1 4342//1 4341//1
f 4341//1 4342//1 4344//1 4343//1
f 4343//1 4344//1 4346//1 4345//1
f 4345//1 4346//1 4348//1 4347//1
f 4347//1 4348//1 4350//1 4349//1
f 4349//1 4350//1 4352//1 4351//1
f 4351//1 4352//1 4354//1 4353//1
f 4353//1 4354//1 4356//1 4355//1
f 4355//1 4356//1 4358//1 4357//1
f 4357//1 4358//1 4360//1 4359//1
f 4359//1 4360//1 4362//1 4361//1
f 4363//1 4364//1 4366//1 4365//1
f 4367//1 4368//1 4370//1 4369//1
f 4371//1 4372//1 4374//1 4373//1
f 4373//1 4374//1 4376//1 4375//1
f 4375//1 4376//1 4378//1 4377//1
f 4379//1 4380//1 4382//1 4381//1
f 4381//1 4382//1 4384//1 4383//1
f 4383//1 4384//1 4386//1 4385//1
f 4385//1 4386//1 4388//1 4387//1
f 4387//1 4388//1 4390//1 4389//1
f 4389//1 4390//1 4392//1 4391//1
f 4391//1 4392//1 4394//1 4393//1
f 4393//1 4394//1 4396//1 4395//1
f 4395//1 4396//1 4398//1 4397//1
f 4399//1 4400//1 4402//1 4401//1
f 4403//1 4404//1 4406//1 4405//1
f 4407//1 4408//1 4410//1 4409//1
f 4409//1 4410//1 4412//1 4411//1
f 4411//1 4412//1 4414//1 4413//1
f 4413//1 4414//1 4416//1 4415//1
f 4415//1 4416//1 4418//1 4417//1
f 4417//1 4418//1 4420//1 4419//1
f 4419//1 4420//1 4422//1 4421//1
f 4421//1 4422//1 4424//1 4423//1
f 4423//1 4424//1 4426//1 4425//1
f 4425//1 4426//1 4428//1 4427//1
f 4427//1 4428//1 4430//1 4429//1
f 4429//1 4430//1 4432//1 4431//1
f 4431//1 4432//1 4434//1 4433//1
f 4433//1 4434//1 4436//1 4435//1
f 4435//1 4436//1 4438//1 4437//1
f 4439//1 4440//1 4442//1 4441//1
f 4443//1 4444//1 4446//1 4445//1
f 4445//1 4446//1 4448//1 4447//1
f 4447//1 4448//1 4450//1 4449//1
f 4449//1 4450//1 4452//1 4451//1
f 4451//1 4452//1 4454//1 4453//1
f 4453//1 4454//1 4456//1 4455//1
f 4455//1 4456//1 4458//1 4457//1
f 4457//1 4458//1 4460//1 4459//1
f 4459//1 4460//1 4462//1 4461//1
f 4463//1 4464//1 4466//1 4465//1
f 4467//1 4468//1 4470//1 4469//1
f 4469//1 4470//1 4472//1 4471//1
f 4473//1 4474//1 4476//1 4475//1
f 4475//1 4476//1 4478//1 4477//1
f 4477//1 4478//1 4480//1 4479//1
f 4479//1 4480//1 4482//1 4481//1
f 4483//1 4484//1 4486//1 4485//1
f 4487//1 4488//1 4490//1 4489//1
f 4491//1 4492//1 4494//1 4493//1
f 4495//1 4496//1 4498//1 4497//1
f 4499//1 4500//1 4502//1 4501//1
f 4503//1 4504//1 4506//1 4505//1
f 4505//1 4506//1 4508//1 4507//1
f 4509//1 4510//1 4512//1 4511//1
f 4513//1 4514//1 4516//1 4515//1
f 4515//1 4516//1 4518//1 4517//1
f 4517//1 4518//1 4520//1 4519//1
f 4519//1 4520//1 4522//1 4521//1
f 4523//1 4524//1 4526//1 4525//1
f 4525//1 4526//1 4528//1 4527//1
f 4529//1 4530//1 4532//1 4531//1
f 4531//1 4532//1 4534//1 4533//1
f 4533//1 4534//1 4536//1 4535//1
f 4535//1 4536//1 4538//1 4537//1
f 4537//1 4538//1 4540//1 4539//1
f 4539//1 4540//1 4542//1 4541//1
f 4541//1 4542//1 4544//1 4543//1
f 4545//1 4546//1 4548//1 4547//1
f 4549//1 4550//1 4552//1 4551//1
f 4553//1 4554//1 4556//1 4555//1
f 4557//1 4558//1 4560//1 4559//1
f 4559//1 4560//1 4562//1 4561//1
f 4563//1 4564//1 4566//1 4565//1
f 4565//1 4566//1 4568//1 4567//1
f 4567//1 4568//1 4570//1 4569//1
f 4569//1 4570//1 4572//1 4571//1
f 4573//1 4574//1 4576//1 4575//1
f 4575//1 4576//1 4578//1 4577//1
f 4577//1 4578//1 4580//1 4579//1
f 4579//1 4580//1 4582//1 4581//1
f 4583//1 4584//1 4586//1 4585//1
f 4587//1 4588//1 4590//1 4589//1
f 4589//1 4590//1 4592//1 4591//1
f 4593//1 4594//1 4596//1 4595//1
f 4595//1 4596//1 4598//1 4597//1
f 4599//1 4600//1 4602//1 4601//1
f 4601//1 4602//1 4604//1 4603//1
f 4603//1 4604//1 4606//1 4605//1
f 4607//1 4608//1 4610//1 4609//1
f 4609//1 4610//1 4612//1 4611//1
f 4611//1 4612//1 4614//1 4613//1
f 4613//1 4614//1 4616//1 4615//1
f 4617//1 4618//1 4620//1 4619//1
f 4619//1 4620//1 4622//1 4621//1
f 4621//1 4622//1 4624//1 4623//1
f 4625//1 4626//1 4628//1 4627//1
f 4627//1 4628//1 4630//1 4629//1
f 4631//1 4632//1 4634//1 4633//1
f 4635//1 4636//1 4638//1 4637//1
f 4637//1 4638//1 4640//1 4639//1
f 4641//1 4642//1 4644//1 4643//1
f 4645//1 4646//1 4648//1 4647//1
f 4649//1 4650//1 4652//1 4651//1
f 4651//1 4652//1 4654//1 4653//1
f 4653//1 4654//1 4656//1 4655//1
f 4657//1 4658//1 4660//1 4659//1
f 4661//1 4662//1 4664//1 4663//1
f 4665//1 4666//1 4668//1 4667//1
f 4669//1 4670//1 4672//1 4671//1
f 4673//1 4674//1 4676//1 4675//1
f 4677//1 4678//1 4680//1 4679//1
f 4681//1 4682//1 4684//1 4683//1
f 4685//1 4686//1 4688//1 4687//1
f 4689//1 4690//1 4692//1 4691//1
f 4693//1 4694//1 4696//1 4695//1
f 4697//1 4698//1 4700//1 4699//1
f 4701//1 4702//1 4704//1 4703//1
f 4703//1 4704//1 4706//1 4705//1
f 4705//1 4706//1 4708//1 4707//1
f 4707//1 4708//1 4710//1 4709//1
f 4709//1 4710//1 4712//1 4711//1
f 4711//1 4712//1 4714//1 4713//1
f 4713//1 4714//1 4716//1 4715//1
f 4715//1 4716//1 4718//1 4717//1
f 4717//1 4718//1 4720//1 4719//1
f 4719//1 4720//1 4722//1 4721//1
f 4721//1 4722//1 4724//1 4723//1
f 4723//1 4724//1 4726//1 4725//1
f 4725//1 4726//1 4728//1 4727//1
f 4727//1 4728//1 4730//1 4729//1
f 4729//1 4730//1 4732//1 4731//1
f 4731//1 4732//1 4734//1 4733//1
f 4733//1 4734//1 4736//1 4735//1
f 4735//1 4736//1 4738//1 4737//1
f 4737//1 4738//1 4740//1 4739//1
f 4739//1 4740//1 4742//1 4741//1
f 4741//1 4742//1 4744//1 4743//1
f 4743//1 4744//1 4746//1 4745//1
f 4745//1 4746//1 4748//1 4747//1
f 4747//1 4748//1 4750//1 4749//1
f 4749//1 4750//1 4752//1 4751//1
f 4751//1 4752//1 4754//1 4753//1
f 4753//1 4754//1 4756//1 4755//1
f 4755//1 4756//1 4758//1 4757//1
f 4757//1 4758//1 4760//1 4759//1
f 4759//1 4760//1 4762//1 4761//1
f 4761//1 4762//1 4764//1 4763//1
f 4763//1 4764//1 4766//1 4765//1
f 4765//1 4766//1 4768//1 4767//1
f 4767//1 4768//1 4770//1 4769//1
f 4769//1 4770//1 4772//1 4771//1
f 4771//1 4772//1 4774//1 4773//1
f 4773//1 4774//1 4776//1 4775//1
f 4775//1 4776//1 4778//1 4777//1
f 4777//1 4778//1 4780//1 4779//1
f 4779//1 4780//1 4782//1 4781//1
f 4781//1 4782//1 4784//1 4783//1
f 4783//1 4784//1 4786//1 4785//1
f 4785//1 4786//1 4788//1 4787//1
f 4787//1 4788//1 4790//1 4789//1
f 4789//1 4790//1 4792//1 4791//1
f 4791//1 4792//1 4794//1 4793//1
f 4793//1 4794//1 4796//1 4795//1
f 4795//1 4796//1 4798//1 4797//1
f 4797//1 4798//1 4800//1 4799//1
f 4799//1 4800//1 4802//1 4801//1
f 4801//1 4802//1 4804//1 4803//1
f 4803//1 4804//1 4806//1 4805//1
f 4805//1 4806//1 4808//1 4807//1
f 4807//1 4808//1 4810//1 4809//1
f 4809//1 4810//1 4812//1 4811//1
f 4811//1 4812//1 4814//1 4813//1
f 4813//1 4814//1 4816//1 4815//1
f 4815//1 4816//1 4818//1 4817//1
f 4817//1 4818//1 4820//1 4819//1
f 4819//1 4820//1 4822//1 4821//1
f 4821//1 4822//1 4824//1 4823//1
f 4823//1 4824//1 4826//1 4825//1
f 4825//1 4826//1 4828//1 4827//1
f 4827//1 4828//1 4830//1 4829//1
f 4829//1 4830//1 4832//1 4831//1
f 4831//1 4832//1 4834//1 4833//1
f 4833//1 4834//1 4836//1 4835//1
f 4835//1 4836//1 4838//1 4837//1
f 4837//1 4838//1 4840//1 4839//1
f 4839//1 4840//1 4842//1 4841//1
f 4841//1 4842//1 4844//1 4843//1
f 4843//1 4844//1 4846//1 4845//1
f 4845//1 4846//1 4848//1 4847//1
f 4847//1 4848//1 4850//1 4849//1
f 4849//1 4850//1 4852//1 4851//1
f 4851//1 4852//1 4854//1 4853//1
f 4853//1 4854//1 4856//1 4855//1
f 4855//1 4856//1 4858//1 4857//1
f 4857//1 4858//1 4860//1 4859//1
f 4859//1 4860//1 4862//1 4861//1
f 4861//1 4862//1 4864//1 4863//1
f 4863//1 4864//1 4866//1 4865//1
f 4865//1 4866//1 4868//1 4867//1
f 4867//1 4868//1 4870//1 4869//1
f 4869//1 4870//1 4872//1 4871//1
f 4871//1 4872//1 4874//1 4873//1
f 4873//1 4874//1 4876//1 4875//1
f 4875//1 4876//1 4878//1 4877//1
f 4877//1 4878//1 4880//1 4879//1
f 4879//1 4880//1 4882//1 4881//1
f 4881//1 4882//1 4884//1 4883//1
f 4883//1 4884//1 4886//1 4885//1
f 4885//1 4886//1 4888//1 4887//1
f 4887//1 4888//1 4890//1 4889//1
f 4889//1 4890//1 4892//1 4891//1
f 4893//1 4894//1 4896//1 4895//1
f 4895//1 4896//1 4898//1 4897//1
f 4897//1 4898//1 4900//1 4899//1
f 4899//1 4900//1 4902//1 4901//1
f 4901//1 4902//1 4904//1 4903//1
f 4903//1 4904//1 4906//1 4905//1
f 4905//1 4906//1 4908//1 4907//1
f 4907//1 4908//1 4910//1 4909//1
f 4909//1 4910//1 4912//1 4911//1
f 4913//1 4914//1 4916//1 4915//1
f 4917//1 4918//1 4920//1 4919//1
f 4921//1 4922//1 4924//1 4923//1
f 4923//1 4924//1 4926//1 4925//1
f 4925//1 4926//1 4928//1 4927//1
f 4927//1 4928//1 4930//1 4929//1
f 4929//1 4930//1 4932//1 4931//1
f 4931//1 4932//1 4934//1 4933//1
f 4935//1 4936//1 4938//1 4937//1
f 4937//1 4938//1 4940//1 4939//1
f 4939//1 4940//1 4942//1 4941//1
f 4941//1 4942//1 4944//1 4943//1
f 4945//1 4946//1 4948//1 4947//1
f 4947//1 4948//1 4950//1 4949//1
f 4949//1 4950//1 4952//1 4951//1
f 4953//1 4954//1 4956//1 4955//1
f 4955//1 4956//1 4958//1 4957//1
f 4957//1 4958//1 4960//1 4959//1
f 4959//1 4960//1 4962//1 4961//1
f 4961//1 4962//1 4964//1 4963//1
f 4963//1 4964//1 4966//1 4965//1
f 4965//1 4966//1 4968//1 4967//1
f 4967//1 4968//1 4970//1 4969//1
f 4969//1 4970//1 4972//1 4971//1
f 4971//1 4972//1 4974//1 4973//1
f 4973//1 4974//1 4976//1 4975//1
f 4975//1 4976//1 4978//1 4977//1
f 4977//1 4978//1 4980//1 4979//1
f 4979//1 4980//1 4982//1 4981//1
f 4981//1 4982//1 4984//1 4983//1
f 4983//1 4984//1 4986//1 4985//1
f 4985//1 4986//1 4988//1 4987//1
f 4987//1 4988//1 4990//1 4989//1
f 4989//1 4990//1 4992//1 4991//1
f 4991//1 4992//1 4994//1 4993//1
f 4993//1 4994//1 4996//1 4995//1
f 4995//1 4996//1 4998//1 4997//1
f 4997//1 4998//1 5000//1 4999//1
f 4999//1 5000//1 5002//1 5001//1
f 5001//1 5002//1 5004//1 5003//1
f 5003//1 5004//1 5006//1 5005//1
f 5005//1 5006//1 5008//1 5007//1
f 5007//1 5008//1 5010//1 5009//1
f 5009//1 5010//1 5012//1 5011//1
f 5011//1 5012//1 5014//1 5013//1
f 5013//1 5014//1 5016//1 5015//1
f 5015//1 5016//1 5018//1 5017//1
f 5017//1 5018//1 5020//1 5019//1
f 5019//1 5020//1 5022//1 5021//1
f 5021//1 5022//1 5024//1 5023//1
f 5023//1 5024//1 5026//1 5025//1
f 5025//1 5026//1 5028//1 5027//1
f 5027//1 5028//1 5030//1 5029//1
f 5029//1 5030//1 5032//1 5031//1
f 5031//1 5032//1 5034//1 5033//1
f 5033//1 5034//1 5036//1 5035//1
f 5035//1 5036//1 5038//1 5037//1
f 5037//1 5038//1 5040//1 5039//1
f 5039//1 5040//1 5042//1 5041//1
f 5041//1 5042//1 5044//1 5043//1
f 5043//1 5044//1 5046//1 5045//1
f 5045//1 5046//1 5048//1 5047//1
f 5047//1 5048//1 5050//1 5049//1
f 5049//1 5050//1 5052//1 5051//1
f 5051//1 5052//1 5054//1 5053//1
f 5053//1 5054//1 5056//1 5055//1
f 5055//1 5056//1 5058//1 5057//1
f 5057//1 5058//1 5060//1 5059//1
f 5059//1 5060//1 5062//1 5061//1
f 5061//1 5062//1 5064//1 5063//1
f 5063//1 5064//1 5066//1 5065//1
f 5065//1 5066//1 5068//1 5067//1
f 5067//1 5068//1 5070//1 5069//1
f 5071//1 5072//1 5074//1 5073//1
f 5075//1 5076//1 5078//1 5077//1
f 5079//1 5080//1 5082//1 5081//1
f 5083//1 5084//1 5086//1 5085//1
f 5087//1 5088//1 5090//1 5089//1
f 5091//1 5092//1 5094//1 5093//1
f 5093//1 5094//1 5096//1 5095//1
f 5097//1 5098//1 5100//1 5099//1
f 5099//1 5100//1 5102//1 5101//1
f 5101//1 5102//1 5104//1 5103//1
f 5103//1 5104//1 5106//1 5105//1
f 5105//1 5106//1 5108//1 5107//1
f 5107//1 5108//1 5110//1 5109//1
f 5109//1 5110//1 5112//1 5111//1
f 5113//1 5114//1 5116//1 5115//1
f 5117//1 5118//1 5120//1 5119//1
f 5121//1 5122//1 5124//1 5123//1
f 5125//1 5126//1 5128//1 5127//1
f 5127//1 5128//1 5130//1 5129//1
f 5129//1 5130//1 5132//1 5131//1
f 5131//1 5132//1 5134//1 5133//1
f 5133//1 5134//1 5136//1 5135//1
f 5135//1 5136//1 5138//1 5137//1
f 5137//1 5138//1 5140//1 5139//1
f 5139//1 5140//1 5142//1 5141//1
f 5141//1 5142//1 5144//1 5143//1
f 5143//1 5144//1 5146//1 5145//1
f 5145//1 5146//1 5148//1 5147//1
f 5147//1 5148//1 5150//1 5149//1
f 5149//1 5150//1 5152//1 5151//1
f 5151//1 5152//1 5154//1 5153//1
f 5153//1 5154//1 5156//1 5155//1
f 5155//1 5156//1 5158//1 5157//1
f 5157//1 5158//1 5160//1 5159//1
f 5159//1 5160//1 5162//1 5161//1
f 5163//1 5164//1 5166//1 5165//1
f 5167//1 5168//1 5170//1 5169//1
f 5169//1 5170//1 5172//1 5171//1
f 5171//1 5172//1 5174//1 5173//1
f 5173//1 5174//1 5176//1 5175//1
f 5175//1 5176//1 5178//1 5177//1
f 5177//1 5178//1 5180//1 5179//1
f 5179//1 5180//1 5182//1 5181//1
f 5181//1 5182//1 5184//1 5183//1
f 5183//1 5184//1 5186//1 5185//1
f 5185//1 5186//1 5188//1 5187//1
f 5187//1 5188//1 5190//1 5189//1
f 5189//1 5190//1 5192//1 5191//1
f 5191//1 5192//1 5194//1 5193//1
f 5193//1 5194//1 5196//1 5195//1
f 5195//1 5196//1 5198//1 5197//1
f 5197//1 5198//1 5200//1 5199//1
f 5199//1 5200//1 5202//1 5201//1
f 5201//1 5202//1 5204//1 5203//1
f 5205//1 5206//1 5208//1 5207//1
f 5209//1 5210//1 5212//1 5211//1
f 5211//1 5212//1 5214//1 5213//1
f 5213//1 5214//1 5216//1 5215//1
f 5215//1 5216//1 5218//1 5217//1
f 5217//1 5218//1 5220//1 5219//1
f 5219//1 5220//1 5222//1 5221//1
f 5221//1 5222//1 5224//1 5223//1
f 5223//1 5224//1 5226//1 5225//1
f 5225//1 5226//1 5228//1 5227//1
f 5227//1 5228//1 5230//1 5229//1
f 5229//1 5230//1 5232//1 5231//1
f 5231//1 5232//1 5234//1 5233//1
f 5233//1 5234//1 5236//1 5235//1
f 5235//1 5236//1 5238//1 5237//1
f 5237//1 5238//1 5240//1 5239//1
f 5239//1 5240//1 5242//1 5241//1
f 5241//1 5242//1 5244//1 5243//1
f 5243//1 5244//1 5246//1 5245//1
f 5245//1 5246//1 5248//1 5247//1
f 5247//1 5248//1 5250//1 5249//1
f 5249//1 5250//1 5252//1 5251//1
f 5251//1 5252//1 5254//1 5253//1
f 5253//1 5254//1 5256//1 5255//1
f 5255//1 5256//1 5258//1 5257//1
f 5257//1 5258//1 5260//1 5259//1
f 5259//1 5260//1 5262//1 5261//1
f 5261//1 5262//1 5264//1 5263//1
f 5263//1 5264//1 5266//1 5265//1
f 5265//1 5266//1 5268//1 5267//1
f 5267//1 5268//1 5270//1 5269//1
f 5269//1 5270//1 5272//1 5271//1
f 5271//1 5272//1 5274//1 5273//1
f 5273//1 5274//1 5276//1 5275//1
f 5275//1 5276//1 5278//1 5277//1
f 5277//1 5278//1 5280//1 5279//1
f 5279//1 5280//1 5282//1 5281//1
f 5281//1 5282//1 5284//1 5283//1
f 5283//1 5284//1 5286//1 5285//1
f 5285//1 5286//1 5288//1 5287//1
f 5287//1 5288//1 5290//1 5289//1
f 5289//1 5290//1 5292//1 5291//1
f 5291//1 5292//1 5294//1 5293//1
f 5293//1 5294//1 5296//1 5295//1
f 5295//1 5296//1 5298//1 5297//1
f 5297//1 5298//1 5300//1 5299//1
f 5299//1 5300//1 5302//1 5301//1
f 5301//1 5302//1 5304//1 5303//1
f 5303//1 5304//1 5306//1 5305//1
f 5305//1 5306//1 5308//1 5307//1
f 5307//1 5308//1 5310//1 5309//1
f 5309//1 5310//1 5312//1 5311//1
f 5313//1 5314//1 5316//1 5315//1
f 5317//1 5318//1 5320//1 5319//1
f 5319//1 5320//1 5322//1 5321//1
f 5321//1 5322//1 5324//1 5323//1
f 5323//1 5324//1 5326//1 5325//1
f 5325//1 5326//1 5328//1 5327//1
f 5329//1 5330//1 5332//1 5331//1
f 5331//1 5332//1 5334//1 5333//1
f 5333//1 5334//1 5336//1 5335//1
f 5335//1 5336//1 5338//1 5337//1
f 5337//1 5338//1 5340//1 5339//1
f 5339//1 5340//1 5342//1 5341//1
f 5341//1 5342//1 5344//1 5343//1
f 5343//1 5344//1 5346//1 5345//1
f 5345//1 5346//1 5348//1 5347//1
f 5347//1 5348//1 5350//1 5349//1
f 5349//1 5350//1 5352//1 5351//1
f 5351//1 5352//1 5354//1 5353//1
f 5353//1 5354//1 5356//1 5355//1
f 5355//1 5356//1 5358//1 5357//1
f 5357//1 5358//1 5360//1 5359//1
f 5359//1 5360//1 5362//1 5361//1
f 5361//1 5362//1 5364//1 5363//1
f 5363//1 5364//1 5366//1 5365//1
f 5365//1 5366//1 5368//1 5367//1
f 5367//1 5368//1 5370//1 5369//1
f 5369//1 5370//1 5372//1 5371//1
f 5371//1 5372//1 5374//1 5373//1
f 5373//1 5374//1 5376//1 5375//1
f 5375//1 5376//1 5378//1 5377//1
f 5377//1 5378//1 5380//1 5379//1
f 5379//1 5380//1 5382//1 5381//1
f 5381//1 5382//1 5384//1 5383//1
f 5383//1 5384//1 5386//1 5385//1
f 5385//1 5386//1 5388//1 5387//1
f 5387//1 5388//1 5390//1 5389//1
f 5389//1 5390//1 5392//1 5391//1
f 5391//1 5392//1 5394//1 5393//1
f 5395//1 5396//1 5398//1 5397//1
f 5397//1 5398//1 5400//1 5399//1
f 5399//1 5400//1 5402//1 5401//1
f 5401//1 5402//1 5404//1 5403//1
f 5403//1 5404//1 5406//1 5405//1
f 5405//1 5406//1 5408//1 5407//1
f 5407//1 5408//1 5410//1 5409//1
f 5409//1 5410//1 5412//1 5411//1
f 5411//1 5412//1 5414//1 5413//1
f 5413//1 5414//1 5416//1 5415//1
f 5415//1 5416//1 5418//1 5417//1
f 5417//1 5418//1 5420//1 5419//1
f 5419//1 5420//1 5422//1 5421//1
f 5421//1 5422//1 5424//1 5423//1
f 5423//1 5424//1 5426//1 5425//1
f 5425//1 5426//1 5428//1 5427//1
f 5427//1 5428//1 5430//1 5429//1
f 5431//1 5432//1 5434//1 5433//1
f 5433//1 5434//1 5436//1 5435//1
f 5435//1 5436//1 5438//1 5437//1
f 5437//1 5438//1 5440//1 5439//1
f 5439//1 5440//1 5442//1 5441//1
f 5441//1 5442//1 5444//1 5443//1
f 5443//1 5444//1 5446//1 5445//1
f 5445//1 5446//1 5448//1 5447//1
f 5447//1 5448//1 5450//1 5449//1
f 5449//1 5450//1 5452//1 5451//1
f 5451//1 5452//1 5454//1 5453//1
f 5455//1 5456//1 5458//1 5457//1
f 5457//1 5458//1 5460//1 5459//1
f 5459//1 5460//1 5462//1 5461//1
f 5461//1 5462//1 5464//1 5463//1
f 5463//1 5464//1 5466//1 5465//1
f 5465//1 5466//1 5468//1 5467//1
f 5467//1 5468//1 5470//1 5469//1
f 5469//1 5470//1 5472//1 5471//1
f 5471//1 5472//1 5474//1 5473//1
f 5473//1 5474//1 5476//1 5475//1
f 5475//1 5476//1 5478//1 5477//1
f 5477//1 5478//1 5480//1 5479//1
f 5479//1 5480//1 5482//1 5481//1
f 5481//1 5482//1 5484//1 5483//1
f 5483//1 5484//1 5486//1 5485//1
f 5485//1 5486//1 5488//1 5487//1
f 5487//1 5488//1 5490//1 5489//1
f 5489//1 5490//1 5492//1 5491//1
f 5491//1 5492//1 5494//1 5493//1
f 5493//1 5494//1 5496//1 5495//1
f 5495//1 5496//1 5498//1 5497//1
f 5497//1 5498//1 5500//1 5499//1
f 5499//1 5500//1 5502//1 5501//1
f 5501//1 5502//1 5504//1 5503//1
f 5503//1 5504//1 5506//1 5505//1
f 5505//1 5506//1 5508//1 5507//1
f 5507//1 5508//1 5510//1 5509//1
f 5509//1 5510//1 5512//1 5511//1
f 5511//1 5512//1 5514//1 5513//1
f 5513//1 5514//1 5516//1 5515//1
f 5515//1 5516//1 5518//1 5517//1
f 5517//1 5518//1 5520//1 5519//1
f 5519//1 5520//1 5522//1 5521//1
f 5521//1 5522//1 5524//1 5523//1
f 5523//1 5524//1 5526//1 5525//1
f 5525//1 5526//1 5528//1 5527//1
f 5527//1 5528//1 5530//1 5529//1
f 5529//1 5530//1 5532//1 5531//1
f 5531//1 5532//1 5534//1 5533//1
f 5533//1 5534//1 5536//1 5535//1
f 5535//1 5536//1 5538//1 5537//1
f 5537//1 5538//1 5540//1 5539//1
f 5539//1 5540//1 5542//1 5541//1
f 5541//1 5542//1 5544//1 5543//1
f 5543//1 5544//1 5546//1 5545//1
f 5545//1 5546//1 5548//1 5547//1
f 5547//1 5548//1 5550//1 5549//1
f 5549//1 5550//1 5552//1 5551//1
f 5551//1 5552//1 5554//1 5553//1
f 5553//1 5554//1 5556//1 5555//1
f 5555//1 5556//1 5558//1 5557//1
f 5557//1 5558//1 5560//1 5559//1
f 5559//1 5560//1 5562//1 5561//1
f 5561//1 5562//1 5564//1 5563//1
f 5563//1 5564//1 5566//1 5565//1
f 5565//1 5566//1 5568//1 5567//1
f 5567//1 5568//1 5570//1 5569//1
f 5569//1 5570//1 5572//1 5571//1
f 5571//1 5572//1 5574//1 5573//1
f 5573//1 5574//1 5576//1 5575//1
f 5577//1 5578//1 5580//1 5579//1
f 5579//1 5580//1 5582//1 5581//1
f 5581//1 5582//1 5584//1 5583//1
f 5583//1 5584//1 5586//1 5585//1
f 5585//1 5586//1 5588//1 5587//1
f 5587//1 5588//1 5590//1 5589//1
f 5589//1 5590//1 5592//1 5591//1
f 5591//1 5592//1 5594//1 5593//1
f 5593//1 5594//1 5596//1 5595//1
f 5595//1 5596//1 5598//1 5597//1
f 5597//1 5598//1 5600//1 5599//1
f 5599//1 5600//1 5602//1 5601//1
f 5601//1 5602//1 5604//1 5603//1
f 5603//1 5604//1 5606//1 5605//1
f 5605//1 5606//1 5608//1 5607//1
f 5607//1 5608//1 5610//1 5609//1
f 5611//1 5612//1 5614//1 5613//1
f 5613//1 5614//1 5616//1 5615//1
f 5615//1 5616//1 5618//1 5617//1
f 5617//1 5618//1 5620//1 5619//1
f 5619//1 5620//1 5622//1 5621//1
f 5621//1 5622//1 5624//1 5623//1
f 5623//1 5624//1 5626//1 5625//1
f 5625//1 5626//1 5628//1 5627//1
f 5627//1 5628//1 5630//1 5629//1
f 5629//1 5630//1 5632//1 5631//1
f 5631//1 5632//1 5634//1 5633//1
f 5633//1 5634//1 5636//1 5635//1
f 5635//1 5636//1 5638//1 5637//1
f 5637//1 5638//1 5640//1 5639//1
f 5639//1 5640//1 5642//1 5641//1
f 5641//1 5642//1 5644//1 5643//1
f 5643//1 5644//1 5646//1 5645//1
f 5645//1 5646//1 5648//1 5647//1
f 5647//1 5648//1 5650//1 5649//1
f 5649//1 5650//1 5652//1 5651//1
f 5651//1 5652//1 5654//1 5653//1
f 5653//1 5654//1 5656//1 5655//1
f 5655//1 5656//1 5658//1 5657//1
f 5657//1 5658//1 5660//1 5659//1
f 5659//1 5660//1 5662//1 5661//1
f 5661//1 5662//1 5664//1 5663//1
f 5663//1 5664//1 5666//1 5665//1
f 5665//1 5666//1 5668//1 5667//1
f 5667//1 5668//1 5670//1 5669//1
f 5669//1 5670//1 5672//1 5671//1
f 5673//1 5674//1 5676//1 5675//1
f 5675//1 5676//1 5678//1 5677//1
f 5677//1 5678//1 5680//1 5679//1
f 5679//1 5680//1 5682//1 5681//1
f 5681//1 5682//1 5684//1 5683//1
f 5683//1 5684//1 5686//1 5685//1
f 5685//1 5686//1 5688//1 5687//1
f 5687//1 5688//1 5690//1 5689//1
f 5689//1 5690//1 5692//1 5691//1
f 5691//1 5692//1 5694//1 5693//1
f 5693//1 5694//1 5696//1 5695//1
f 5695//1 5696//1 5698//1 5697//1
f 5697//1 5698//1 5700//1 5699//1
f 5699//1 5700//1 5702//1 5701//1
f 5701//1 5702//1 5704//1 5703//1
f 5703//1 5704//1 5706//1 5705//1
f 5705//1 5706//1 5708//1 5707//1
f 5707//1 5708//1 5710//1 5709//1
f 5709//1 5710//1 5712//1 5711//1
f 5711//1 5712//1 5714//1 5713//1
f 5713//1 5714//1 5716//1 5715//1
f 5715//1 5716//1 5718//1 5717//1
f 5717//1 5718//1 5720//1 5719//1
f 5719//1 5720//1 5722//1 5721//1
f 5721//1 5722//1 5724//1 5723//1
f 5723//1 5724//1 5726//1 5725//1
f 5725//1 5726//1 5728//1 5727//1
f 5727//1 5728//1 5730//1 5729//1
f 5729//1 5730//1 5732//1 5731//1
f 5731//1 5732//1 5734//1 5733//1
f 5733//1 5734//1 5736//1 5735//1
f 5735//1 5736//1 5738//1 5737//1
f 5737//1 5738//1 5740//1 5739//1
f 5739//1 5740//1 5742//1 5741//1
f 5741//1 5742//1 5744//1 5743//1
f 5743//1 5744//1 5746//1 5745//1
f 5745//1 5746//1 5748//1 5747//1
f 5747//1 5748//1 5750//1 5749//1
f 5749//1 5750//1 5752//1 5751//1
f 5751//1 5752//1 5754//1 5753//1
f 5753//1 5754//1 5756//1 5755//1
f 5755//1 5756//1 5758//1 5757//1
f 5757//1 5758//1 5760//1 5759//1
f 5759//1 5760//1 5762//1 5761//1
f 5761//1 5762//1 5764//1 5763//1
f 5763//1 5764//1 5766//1 5765//1
f 5765//1 5766//1 5768//1 5767//1
f 5767//1 5768//1 5770//1 5769//1
f 5769//1 5770//1 5772//1 5771//1
f 5771//1 5772//1 5774//1 5773//1
f 5773//1 5774//1 5776//1 5775//1
f 5775//1 5776//1 5778//1 5777//1
f 5777//1 5778//1 5780//1 5779//1
f 5779//1 5780//1 5782//1 5781//1
f 5783//1 5784//1 5786//1 5785//1
f 5785//1 5786//1 5788//1 5787//1
f 5787//1 5788//1 5790//1 5789//1
f 5789//1 5790//1 5792//1 5791//1
f 5791//1 5792//1 5794//1 5793//1
f 5793//1 5794//1 5796//1 5795//1
f 5795//1 5796//1 5798//1 5797//1
f 5797//1 5798//1 5800//1 5799//1
f 5799//1 5800//1 5802//1 5801//1
f 5801//1 5802//1 5804//1 5803//1
f 5803//1 5804//1 5806//1 5805//1
f 5805//1 5806//1 5808//1 5807//1
f 5807//1 5808//1 5810//1 5809//1
f 5809//1 5810//1 5812//1 5811//1
f 5813//1 5814//1 5816//1 5815//1
f 5815//1 5816//1 5818//1 5817//1
f 5819//1 5820//1 5822//1 5821//1
f 5821//1 5822//1 5824//1 5823//1
f 5823//1 5824//1 5826//1 5825//1
f 5827//1 5828//1 5830//1 5829//1
f 5831//1 5832//1 5834//1 5833//1
f 5833//1 5834//1 5836//1 5835//1
f 5835//1 5836//1 5838//1 5837//1
f 5837//1 5838//1 5840//1 5839//1
f 5839//1 5840//1 5842//1 5841//1
f 5841//1 5842//1 5844//1 5843//1
f 5843//1 5844//1 5846//1 5845//1
f 5845//1 5846//1 5848//1 5847//1
f 5847//1 5848//1 5850//1 5849//1
f 5849//1 5850//1 5852//1 5851//1
f 5851//1 5852//1 5854//1 5853//1
f 5853//1 5854//1 5856//1 5855//1
f 5855//1 5856//1 5858//1 5857//1
f 5857//1 5858//1 5860//1 5859//1
f 5859//1 5860//1 5862//1 5861//1
f 5861//1 5862//1 5864//1 5863//1
f 5863//1 5864//1 5866//1 5865//1
f 5865//1 5866//1 5868//1 5867//1
f 5867//1 5868//1 5870//1 5869//1
f 5869//1 5870//1 5872//1 5871//1
f 5871//1 5872//1 5874//1 5873//1
f 5873//1 5874//1 5876//1 5875//1
f 5875//1 5876//1 5878//1 5877//1
f 5877//1 5878//1 5880//1 5879//1
f 5879//1 5880//1 5882//1 5881//1
f 5881//1 5882//1 5884//1 5883//1
f 5883//1 5884//1 5886//1 5885//1
f 5885//1 5886//1 5888//1 5887//1
f 5887//1 5888//1 5890//1 5889//1
f 5889//1 5890//1 5892//1 5891//1
f 5891//1 5892//1 5894//1 5893//1
f 5893//1 5894//1 5896//1 5895//1
f 5895//1 5896//1 5898//1 5897//1
f 5897//1 5898//1 5900//1 5899//1
f 5899//1 5900//1 5902//1 5901//1
f 5901//1 5902//1 5904//1 5903//1
f 5903//1 5904//1 5906//1 5905//1
f 5905//1 5906//1 5908//1 5907//1
f 5907//1 5908//1 5910//1 5909//1
f 5909//1 5910//1 5912//1 5911//1
f 5911//1 5912//1 5914//1 5913//1
f 5913//1 5914//1 5916//1 5915//1
f 5915//1 5916//1 5918//1 5917//1
f 5917//1 5918//1 5920//1 5919//1
f 5919//1 5920//1 5922//1 5921//1
f 5921//1 5922//1 5924//1 5923//1
f 5923//1 5924//1 5926//1 5925//1
f 5925//1 5926//1 5928//1 5927//1
f 5927//1 5928//1 5930//1 5929//1
f 5929//1 5930//1 5932//1 5931//1
f 5931//1 5932//1 5934//1 5933//1
f 5933//1 5934//1 5936//1 5935//1
f 5935//1 5936//1 5938//1 5937//1
f 5937//1 5938//1 5940//1 5939//1
f 5939//1 5940//1 5942//1 5941//1
f 5941//1 5942//1 5944//1 5943//1
f 5943//1 5944//1 5946//1 5945//1
f 5945//1 5946//1 5948//1 5947//1
f 5947//1 5948//1 5950//1 5949//1
f 5949//1 5950//1 5952//1 5951//1
f 5951//1 5952//1 5954//1 5953//1
f 5953//1 5954//1 5956//1 5955//1
f 5955//1 5956//1 5958//1 5957//1
f 5957//1 5958//1 5960//1 5959//1
f 5959//1 5960//1 5962//1 5961//1
f 5961//1 5962//1 5964//1 5963//1
f 5963//1 5964//1 5966//1 5965//1
f 5965//1 5966//1 5968//1 5967//1
f 5967//1 5968//1 5970//1 5969//1
f 5969//1 5970//1 5972//1 5971//1
f 5971//1 5972//1 5974//1 5973//1
f 5973//1 5974//1 5976//1 5975//1
f 5975//1 5976//1 5978//1 5977//1
f 5977//1 5978//1 5980//1 5979//1
f 5979//1 5980//1 5982//1 5981//1
f 5981//1 5982//1 5984//1 5983//1
f 5983//1 5984//1 5986//1 5985//1
f 5985//1 5986//1 5988//1 5987//1
f 5987//1 5988//1 5990//1 5989//1
f 5989//1 5990//1 5992//1 5991//1
f 5991//1 5992//1 5994//1 5993//1
f 5993//1 5994//1 5996//1 5995//1
f 5995//1 5996//1 5998//1 5997//1
f 5997//1 5998//1 6000//1 5999//1
f 5999//1 6000//1 6002//1 6001//1
f 6001//1 6002//1 6004//1 6003//1
f 6003//1 6004//1 6006//1 6005//1
f 6005//1 6006//1 6008//1 6007//1
f 6007//1 6008//1 6010//1 6009//1
f 6009//1 6010//1 6012//1 6011//1
f 6011//1 6012//1 6014//1 6013//1
f 6013//1 6014//1 6016//1 6015//1
f 6015//1 6016//1 6018//1 6017//1
f 6017//1 6018//1 6020//1 6019//1
f 6019//1 6020//1 6022//1 6021//1
f 6021//1 6022//1 6024//1 6023//1
f 6023//1 6024//1 6026//1 6025//1
f 6025//1 6026//1 6028//1 6027//1
f 6027//1 6028//1 6030//1 6029//1
f 6029//1 6030//1 6032//1 6031//1
f 6031//1 6032//1 6034//1 6033//1
f 6033//1 6034//1 6036//1 6035//1
f 6035//1 6036//1 6038//1 6037//1
f 6037//1 6038//1 6040//1 6039//1
f 6041//1 6042//1 6044//1 6043//1
f 6043//1 6044//1 6046//1 6045//1
f 6045//1 6046//1 6048//1 6047//1
f 6047//1 6048//1 6050//1 6049//1
f 6049//1 6050//1 6052//1 6051//1
f 6051//1 6052//1 6054//1 6053//1
f 6053//1 6054//1 6056//1 6055//1
f 6055//1 6056//1 6058//1 6057//1
f 6057//1 6058//1 6060//1 6059//1
f 6059//1 6060//1 6062//1 6061//1
f 6061//1 6062//1 6064//1 6063//1
f 6063//1 6064//1 6066//1 6065//1
f 6067//1 6068//1 6070//1 6069//1
f 6069//1 6070//1 6072//1 6071//1
f 6071//1 6072//1 6074//1 6073//1
f 6073//1 6074//1 6076//1 6075//1
f 6075//1 6076//1 6078//1 6077//1
f 6077//1 6078//1 6080//1 6079//1
f 6079//1 6080//1 6082//1 6081//1
f 6081//1 6082//1 6084//1 6083//1
f 6083//1 6084//1 6086//1 6085//1
f 6085//1 6086//1 6088//1 6087//1
f 6087//1 6088//1 6090//1 6089//1
f 6089//1 6090//1 6092//1 6091//1
f 6091//1 6092//1 6094//1 6093//1
f 6093//1 6094//1 6096//1 6095//1
f 6095//1 6096//1 6098//1 6097//1
f 6097//1 6098//1 6100//1 6099//1
f 6099//1 6100//1 6102//1 6101//1
f 6101//1 6102//1 6104//1 6103//1
f 6103//1 6104//1 6106//1 6105//1
f 6105//1 6106//1 6108//1 6107//1
f 6107//1 6108//1 6110//1 6109//1
f 6109//1 6110//1 6112//1 6111//1
f 6111//1 6112//1 6114//1 6113//1
f 6113//1 6114//1 6116//1 6115//1
f 6115//1 6116//1 6118//1 6117//1
f 6117//1 6118//1 6120//1 6119//1
f 6119//1 6120//1 6122//1 6121//1
f 6121//1 6122//1 6124//1 6123//1
f 6123//1 6124//1 6126//1 6125//1
f 6125//1 6126//1 6128//1 6127//1
f 6127//1 6128//1 6130//1 6129//1
f 6129//1 6130//1 6132//1 6131//1
f 6131//1 6132//1 6134//1 6133//1
f 6133//1 6134//1 6136//1 6135//1
f 6135//1 6136//1 6138//1 6137//1
f 6137//1 6138//1 6140//1 6139//1
f 6139//1 6140//1 6142//1 6141//1
f 6141//1 6142//1 6144//1 6143//1
f 6143//1 6144//1 6146//1 6145//1
f 6145//1 6146//1 6148//1 6147//1
f 6147//1 6148//1 6150//1 6149//1
f 6149//1 6150//1 6152//1 6151//1
f 6151//1 6152//1 6154//1 6153//1
f 6153//1 6154//1 6156//1 6155//1
f 6155//1 6156//1 6158//1 6157//1
f 6157//1 6158//1 6160//1 6159//1
f 6159//1 6160//1 6162//1 6161//1
f 6161//1 6162//1 6164//1 6163//1
f 6163//1 6164//1 6166//1 6165//1
f 6165//1 6166//1 6168//1 6167//1
f 6167//1 6168//1 6170//1 6169//1
f 6169//1 6170//1 6172//1 6171//1
f 6171//1 6172//1 6174//1 6173//1
f 6173//1 6174//1 6176//1 6175//1
f 6175//1 6176//1 6178//1 6177//1
f 6177//1 6178//1 6180//1 6179//1
f 6179//1 6180//1 6182//1 6181//1
f 6181//1 6182//1 6184//1 6183//1
f 6183//1 6184//1 6186//1 6185//1
f 6185//1 6186//1 6188//1 6187//1
f 6187//1 6188//1 6190//1 6189//1
f 6189//1 6190//1 6192//1 6191//1
f 6191//1 6192//1 6194//1 6193//1
f 6193//1 6194//1 6196//1 6195//1
f 6195//1 6196//1 6198//1 6197//1
f 6197//1 6198//1 6200//1 6199//1
f 6199//1 6200//1 6202//1 6201//1
f 6201//1 6202//1 6204//1 6203//1
f 6203//1 6204//1 6206//1 6205//1
f 6205//1 6206//1 6208//1 6207//1
f 6207//1 6208//1 6210//1 6209//1
f 6209//1 6210//1 6212//1 6211//1
f 6211//1 6212//1 6214//1 6213//1
f 6213//1 6214//1 6216//1 6215//1
f 6215//1 6216//1 6218//1 6217//1
f 6217//1 6218//1 6220//1 6219//1
f 6219//1 6220//1 6222//1 6221//1
f 6223//1 6224//1 6226//1 6225//1
f 6225//1 6226//1 6228//1 6227//1
f 6227//1 6228//1 6230//1 6229//1
f 6229//1 6230//1 6232//1 6231//1
f 6233//1 6234//1 6236//1 6235//1
f 6235//1 6236//1 6238//1 6237//1
f 6237//1 6238//1 6240//1 6239//1
f 6241//1 6242//1 6244//1 6243//1
f 6243//1 6244//1 6246//1 6245//1
f 6245//1 6246//1 6248//1 6247//1
f 6247//1 6248//1 6250//1 6249//1
f 6251//1 6252//1 6254//1 6253//1
f 6253//1 6254//1 6256//1 6255//1
f 6255//1 6256//1 6258//1 6257//1
f 6257//1 6258//1 6260//1 6259//1
f 6259//1 6260//1 6262//1 6261//1
f 6261//1 6262//1 6264//1 6263//1
f 6263//1 6264//1 6266//1 6265//1
f 6265//1 6266//1 6268//1 6267//1
f 6267//1 6268//1 6270//1 6269//1
f 6269//1 6270//1 6272//1 6271//1
f 6271//1 6272//1 6274//1 6273//1
f 6273//1 6274//1 6276//1 6275//1
f 6275//1 6276//1 6278//1 6277//1
f 6277//1 6278//1 6280//1 6279//1
f 6279//1 6280//1 6282//1 6281//1
f 6281//1 6282//1 6284//1 6283//1
f 6283//1 6284//1 6286//1 6285//1
f 6285//1 6286//1 6288//1 6287//1
f 6287//1 6288//1 6290//1 6289//1
f 6289//1 6290//1 6292//1 6291//1
f 6291//1 6292//1 6294//1 6293//1
f 6293//1 6294//1 6296//1 6295//1
f 6295//1 6296//1 6298//1 6297//1
f 6297//1 6298//1 6300//1 6299//1
f 6299//1 6300//1 6302//1 6301//1
f 6301//1 6302//1 6304//1 6303//1
f 6303//1 6304//1 6306//1 6305//1
f 6305//1 6306//1 6308//1 6307//1
f 6307//1 6308//1 6310//1 6309//1
f 6311//1 6312//1 6314//1 6313//1
f 6313//1 6314//1 6316//1 6315//1
f 6315//1 6316//1 6318//1 6317//1
f 6317//1 6318//1 6320//1 6319//1
f 6319//1 6320//1 6322//1 6321//1
f 6321//1 6322//1 6324//1 6323//1
f 6323//1 6324//1 6326//1 6325//1
f 6325//1 6326//1 6328//1 6327//1
f 6327//1 6328//1 6330//1 6329//1
f 6329//1 6330//1 6332//1 6331//1
f 6331//1 6332//1 6334//1 6333//1
f 6333//1 6334//1 6336//1 6335//1
f 6335//1 6336//1 6338//1 6337//1
f 6337//1 6338//1 6340//1 6339//1
f 6339//1 6340//1 6342//1 6341//1
f 6341//1 6342//1 6344//1 6343//1
f 6343//1 6344//1 6346//1 6345//1
f 6345//1 6346//1 6348//1 6347//1
f 6347//1 6348//1 6350//1 6349//1
f 6349//1 6350//1 6352//1 6351//1
f 6351//1 6352//1 6354//1 6353//1
f 6353//1 6354//1 6356//1 6355//1
f 6355//1 6356//1 6358//1 6357//1
f 6357//1 6358//1 6360//1 6359//1
f 6359//1 6360//1 6362//1 6361//1
f 6361//1 6362//1 6364//1 6363//1
f 6363//1 6364//1 6366//1 6365//1
f 6365//1 6366//1 6368//1 6367//1
f 6367//1 6368//1 6370//1 6369//1
f 6369//1 6370//1 6372//1 6371//1
f 6371//1 6372//1 6374//1 6373//1
f 6373//1 6374//1 6376//1 6375//1
f 6375//1 6376//1 6378//1 6377//1
f 6377//1 6378//1 6380//1 6379//1
f 6379//1 6380//1 6382//1 6381//1
f 6381//1 6382//1 6384//1 6383//1
f 6383//1 6384//1 6386//1 6385//1
f 6385//1 6386//1 6388//1 6387//1
f 6387//1 6388//1 6390//1 6389//1
f 6389//1 6390//1 6392//1 6391//1
f 6391//1 6392//1 6394//1 6393//1
f 6393//1 6394//1 6396//1 6395//1
f 6395//1 6396//1 6398//1 6397//1
f 6397//1 6398//1 6400//1 6399//1
f 6401//1 6402//1 6404//1 6403//1
f 6403//1 6404//1 6406//1 6405//1
f 6405//1 6406//1 6408//1 6407//1
f 6407//1 6408//1 6410//1 6409//1
f 6409//1 6410//1 6412//1 6411//1
f 6411//1 6412//1 6414//1 6413//1
f 6413//1 6414//1 6416//1 6415//1
f 6415//1 6416//1 6418//1 6417//1
f 6417//1 6418//1 6420//1 6419//1
f 6419//1 6420//1 6422//1 6421//1
f 6421//1 6422//1 6424//1 6423//1
f 6423//1 6424//1 6426//1 6425//1
f 6425//1 6426//1 6428//1 6427//1
f 6427//1 6428//1 6430//1 6429//1
f 6431//1 6432//1 6434//1 6433//1
f 6433//1 6434//1 6436//1 6435//1
f 6435//1 6436//1 6438//1 6437//1
f 6437//1 6438//1 6440//1 6439//1
f 6439//1 6440//1 6442//1 6441//1
f 6441//1 6442//1 6444//1 6443//1
f 6443//1 6444//1 6446//1 6445//1
f 6445//1 6446//1 6448//1 6447//1
f 6447//1 6448//1 6450//1 6449//1
f 6449//1 6450//1 6452//1 6451//1
f 6451//1 6452//1 6454//1 6453//1
f 6453//1 6454//1 6456//1 6455//1
f 6455//1 6456//1 6458//1 6457//1
f 6457//1 6458//1 6460//1 6459//1
f 6461//1 6462//1 6464//1 6463//1
f 6463//1 6464//1 6466//1 6465//1
f 6465//1 6466//1 6468//1 6467//1
f 6467//1 6468//1 6470//1 6469//1
f 6469//1 6470//1 6472//1 6471//1
f 6471//1 6472//1 6474//1 6473//1
f 6473//1 6474//1 6476//1 6475//1
f 6475//1 6476//1 6478//1 6477//1
f 6477//1 6478//1 6480//1 6479//1
f 6479//1 6480//1 6482//1 6481//1
f 6481//1 6482//1 6484//1 6483//1
f 6483//1 6484//1 6486//1 6485//1
f 6485//1 6486//1 6488//1 6487//1
f 6487//1 6488//1 6490//1 6489//1
f 6489//1 6490//1 6492//1 6491//1
f 6491//1 6492//1 6494//1 6493//1
f 6493//1 6494//1 6496//1 6495//1
f 6495//1 6496//1 6498//1 6497//1
f 6497//1 6498//1 6500//1 6499//1
f 6499//1 6500//1 6502//1 6501//1
f 6501//1 6502//1 6504//1 6503//1
f 6503//1 6504//1 6506//1 6505//1
f 6505//1 6506//1 6508//1 6507//1
f 6507//1 6508//1 6510//1 6509//1
f 6509//1 6510//1 6512//1 6511//1
f 6511//1 6512//1 6514//1 6513//1
f 6513//1 6514//1 6516//1 6515//1
f 6515//1 6516//1 6518//1 6517//1
f 6517//1 6518//1 6520//1 6519//1
f 6519//1 6520//1 6522//1 6521//1
f 6521//1 6522//1 6524//1 6523//1
f 6523//1 6524//1 6526//1 6525//1
f 6525//1 6526//1 6528//1 6527//1
f 6527//1 6528//1 6530//1 6529//1
f 6529//1 6530//1 6532//1 6531//1
f 6531//1 6532//1 6534//1 6533//1
f 6533//1 6534//1 6536//1 6535//1
f 6535//1 6536//1 6538//1 6537//1
f 6537//1 6538//1 6540//1 6539//1
f 6539//1 6540//1 6542//1 6541//1
f 6541//1 6542//1 6544//1 6543//1
f 6543//1 6544//1 6546//1 6545//1
f 6545//1 6546//1 6548//1 6547//1
f 6547//1 6548//1 6550//1 6549//1
f 6549//1 6550//1 6552//1 6551//1
f 6551//1 6552//1 6554//1 6553//1
f 6553//1 6554//1 6556//1 6555//1
f 6555//1 6556//1 6558//1 6557//1
f 6557//1 6558//1 6560//1 6559//1
f 6559//1 6560//1 6562//1 6561//1
f 6561//1 6562//1 6564//1 6563//1
f 6563//1 6564//1 6566//1 6565//1
f 6565//1 6566//1 6568//1 6567//1
f 6567//1 6568//1 6570//1 6569//1
f 6569//1 6570//1 6572//1 6571//1
f 6571//1 6572//1 6574//1 6573//1
f 6573//1 6574//1 6576//1 6575//1
f 6575//1 6576//1 6578//1 6577//1
f 6577//1 6578//1 6580//1 6579//1
f 6581//1 6582//1 6584//1 6583//1
f 6583//1 6584//1 6586//1 6585//1
f 6585//1 6586//1 6588//1 6587//1
f 6587//1 6588//1 6590//1 6589//1
f 6589//1 6590//1 6592//1 6591//1
f 6593//1 6594//1 6596//1 6595//1
f 6595//1 6596//1 6598//1 6597//1
f 6599//1 6600//1 6602//1 6601//1
f 6601//1 6602//1 6604//1 6603//1
f 6605//1 6606//1 6608//1 6607//1
f 6607//1 6608//1 6610//1 6609//1
f 6611//1 6612//1 6614//1 6613//1
f 6615//1 6616//1 6618//1 6617//1
f 6619//1 6620//1 6622//1 6621//1
f 6621//1 6622//1 6624//1 6623//1
f 6623//1 6624//1 6626//1 6625//1
f 6625//1 6626//1 6628//1 6627//1
f 6629//1 6630//1 6632//1 6631//1
f 6633//1 6634//1 6636//1 6635//1
f 6635//1 6636//1 6638//1 6637//1
f 6637//1 6638//1 6640//1 6639//1
f 6639//1 6640//1 6642//1 6641//1
f 6641//1 6642//1 6644//1 6643//1
f 6643//1 6644//1 6646//1 6645//1
f 6645//1 6646//1 6648//1 6647//1
f 6647//1 6648//1 6650//1 6649//1
f 6649//1 6650//1 6652//1 6651//1
f 6653//1 6654//1 6656//1 6655//1
f 6655//1 6656//1 6658//1 6657//1
f 6657//1 6658//1 6660//1 6659//1
f 6659//1 6660//1 6662//1 6661//1
f 6661//1 6662//1 6664//1 6663//1
f 6663//1 6664//1 6666//1 6665//1
f 6665//1 6666//1 6668//1 6667//1
f 6669//1 6670//1 6672//1 6671//1
f 6673//1 6674//1 6676//1 6675//1
f 6675//1 6676//1 6678//1 6677//1
f 6679//1 6680//1 6682//1 6681//1
f 6683//1 6684//1 6686//1 6685//1
f 6685//1 6686//1 6688//1 6687//1
f 6687//1 6688//1 6690//1 6689//1
f 6691//1 6692//1 6694//1 6693//1
f 6693//1 6694//1 6696//1 6695//1
f 6697//1 6698//1 6700//1 6699//1
f 6701//1 6702//1 6704//1 6703//1
f 6703//1 6704//1 6706//1 6705//1
f 6707//1 6708//1 6710//1 6709//1
f 6709//1 6710//1 6712//1 6711//1
f 6713//1 6714//1 6716//1 6715//1
f 6715//1 6716//1 6718//1 6717//1
f 6719//1 6720//1 6722//1 6721//1
f 6723//1 6724//1 6726//1 6725//1
f 6725//1 6726//1 6728//1 6727//1
f 6727//1 6728//1 6730//1 6729//1
f 6729//1 6730//1 6732//1 6731//1
f 6731//1 6732//1 6734//1 6733//1
f 6735//1 6736//1 6738//1 6737//1
f 6737//1 6738//1 6740//1 6739//1
f 6741//1 6742//1 6744//1 6743//1
f 6743//1 6744//1 6746//1 6745//1
f 6745//1 6746//1 6748//1 6747//1
f 6747//1 6748//1 6750//1 6749//1
f 6751//1 6752//1 6754//1 6753//1
f 6753//1 6754//1 6756//1 6755//1
f 6755//1 6756//1 6758//1 6757//1
f 6757//1 6758//1 6760//1 6759//1
f 6759//1 6760//1 6762//1 6761//1
f 6761//1 6762//1 6764//1 6763//1
f 6763//1 6764//1 6766//1 6765//1
f 6767//1 6768//1 6770//1 6769//1
f 6769//1 6770//1 6772//1 6771//1
f 6771//1 6772//1 6774//1 6773//1
f 6773//1 6774//1 6776//1 6775//1
f 6775//1 6776//1 6778//1 6777//1
f 6777//1 6778//1 6780//1 6779//1
f 6779//1 6780//1 6782//1 6781//1
f 6781//1 6782//1 6784//1 6783//1
f 6783//1 6784//1 6786//1 6785//1
f 6785//1 6786//1 6788//1 6787//1
f 6787//1 6788//1 6790//1 6789//1
f 6789//1 6790//1 6792//1 6791//1
f 6793//1 6794//1 6796//1 6795//1
f 6797//1 6798//1 6800//1 6799//1
f 6799//1 6800//1 6802//1 6801//1
f 6801//1 6802//1 6804//1 6803//1
f 6803//1 6804//1 6806//1 6805//1
f 6805//1 6806//1 6808//1 6807//1
f 6807//1 6808//1 6810//1 6809//1
f 6809//1 6810//1 6812//1 6811//1
f 6811//1 6812//1 6814//1 6813//1
f 6813//1 6814//1 6816//1 6815//1
f 6815//1 6816//1 6818//1 6817//1
f 6817//1 6818//1 6820//1 6819//1
f 6821//1 6822//1 6824//1 6823//1
f 6823//1 6824//1 6826//1 6825//1
f 6827//1 6828//1 6830//1 6829//1
f 6829//1 6830//1 6832//1 6831//1
f 6831//1 6832//1 6834//1 6833//1
f 6833//1 6834//1 6836//1 6835//1
f 6835//1 6836//1 6838//1 6837//1
f 6837//1 6838//1 6840//1 6839//1
f 6841//1 6842//1 6844//1 6843//1
f 6843//1 6844//1 6846//1 6845//1
f 6845//1 6846//1 6848//1 6847//1
f 6849//1 6850//1 6852//1 6851//1
f 6851//1 6852//1 6854//1 6853//1
f 6855//1 6856//1 6858//1 6857//1
f 6859//1 6860//1 6862//1 6861//1
f 6863//1 6864//1 6866//1 6865//1
f 6867//1 6868//1 6870//1 6869//1
f 6871//1 6872//1 6874//1 6873//1
f 6875//1 6876//1 6878//1 6877//1
f 6877//1 6878//1 6880//1 6879//1
f 6879//1 6880//1 6882//1 6881//1
f 6881//1 6882//1 6884//1 6883//1
f 6883//1 6884//1 6886//1 6885//1
f 6885//1 6886//1 6888//1 6887//1
f 6887//1 6888//1 6890//1 6889//1
f 6889//1 6890//1 6892//1 6891//1
f 6891//1 6892//1 6894//1 6893//1
f 6893//1 6894//1 6896//1 6895//1
f 6897//1 6898//1 6900//1 6899//1
f 6901//1 6902//1 6904//1 6903//1
f 6903//1 6904//1 6906//1 6905//1
f 6905//1 6906//1 6908//1 6907//1
f 6909//1 6910//1 6912//1 6911//1
f 6913//1 6914//1 6916//1 6915//1
f 6915//1 6916//1 6918//1 6917//1
f 6917//1 6918//1 6920//1 6919//1
f 6919//1 6920//1 6922//1 6921//1
f 6923//1 6924//1 6926//1 6925//1
f 6927//1 6928//1 6930//1 6929//1
f 6931//1 6932//1 6934//1 6933//1
f 6933//1 6934//1 6936//1 6935//1
f 6935//1 6936//1 6938//1 6937//1
f 6937//1 6938//1 6940//1 6939//1
f 6939//1 6940//1 6942//1 6941//1
f 6943//1 6944//1 6946//1 6945//1
f 6947//1 6948//1 6950//1 6949//1
f 6951//1 6952//1 6954//1 6953//1
f 6955//1 6956//1 6958//1 6957//1
f 6957//1 6958//1 6960//1 6959//1
f 6961//1 6962//1 6964//1 6963//1
f 6963//1 6964//1 6966//1 6965//1
f 6965//1 6966//1 6968//1 6967//1
f 6967//1 6968//1 6970//1 6969//1
f 6969//1 6970//1 6972//1 6971//1
f 6971//1 6972//1 6974//1 6973//1
f 6973//1 6974//1 6976//1 6975//1
f 6977//1 6978//1 6980//1 6979//1
f 6981//1 6982//1 6984//1 6983//1
f 6983//1 6984//1 6986//1 6985//1
f 6985//1 6986//1 6988//1 6987//1
f 6987//1 6988//1 6990//1 6989//1
f 6989//1 6990//1 6992//1 6991//1
f 6991//1 6992//1 6994//1 6993//1
f 6993//1 6994//1 6996//1 6995//1
f 6995//1 6996//1 6998//1 6997//1
f 6999//1 7000//1 7002//1 7001//1
f 7003//1 7004//1 7006//1 7005//1
f 7005//1 7006//1 7008//1 7007//1
f 7007//1 7008//1 7010//1 7009//1
f 7009//1 7010//1 7012//1 7011//1
f 7013//1 7014//1 7016//1 7015//1
f 7017//1 7018//1 7020//1 7019//1
f 7019//1 7020//1 7022//1 7021//1
f 7021//1 7022//1 7024//1 7023//1
f 7025//1 7026//1 7028//1 7027//1
f 7029//1 7030//1 7032//1 7031//1
f 7033//1 7034//1 7036//1 7035//1
f 7035//1 7036//1 7038//1 7037//1
f 7037//1 7038//1 7040//1 7039//1
f 7041//1 7042//1 7044//1 7043//1
f 7043//1 7044//1 7046//1 7045//1
f 7045//1 7046//1 7048//1 7047//1
f 7047//1 7048//1 7050//1 7049//1
f 7049//1 7050//1 7052//1 7051//1
f 7051//1 7052//1 7054//1 7053//1
f 7053//1 7054//1 7056//1 7055//1
f 7057//1 7058//1 7060//1 7059//1
f 7059//1 7060//1 7062//1 7061//1
f 7063//1 7064//1 7066//1 7065//1
f 7067//1 7068//1 7070//1 7069//1
f 7069//1 7070//1 7072//1 7071//1
f 7071//1 7072//1 7074//1 7073//1
f 7075//1 7076//1 7078//1 7077//1
f 7079//1 7080//1 7082//1 7081//1
f 7083//1 7084//1 7086//1 7085//1
f 7085//1 7086//1 7088//1 7087//1
f 7087//1 7088//1 7090//1 7089//1
f 7089//1 7090//1 7092//1 7091//1
f 7091//1 7092//1 7094//1 7093//1
f 7093//1 7094//1 7096//1 7095//1
f 7095//1 7096//1 7098//1 7097//1
f 7097//1 7098//1 7100//1 7099//1
f 7099//1 7100//1 7102//1 7101//1
f 7101//1 7102//1 7104//1 7103//1
f 7103//1 7104//1 7106//1 7105//1
f 7105//1 7106//1 7108//1 7107//1
f 7107//1 7108//1 7110//1 7109//1
f 7109//1 7110//1 7112//1 7111//1
f 7113//1 7114//1 7116//1 7115//1
f 7115//1 7116//1 7118//1 7117//1
f 7119//1 7120//1 7122//1 7121//1
f 7121//1 7122//1 7124//1 7123//1
f 7125//1 7126//1 7128//1 7127//1
f 7129//1 7130//1 7132//1 7131//1
f 7131//1 7132//1 7134//1 7133//1
f 7133//1 7134//1 7136//1 7135//1
f 7137//1 7138//1 7140//1 7139//1
f 7141//1 7142//1 7144//1 7143//1
f 7145//1 7146//1 7148//1 7147//1
f 7149//1 7150//1 7152//1 7151//1
f 7153//1 7154//1 7156//1 7155//1
f 7157//1 7158//1 7160//1 7159//1
f 7161//1 7162//1 7164//1 7163//1
f 7165//1 7166//1 7168//1 7167//1
f 7169//1 7170//1 7172//1 7171//1
f 7173//1 7174//1 7176//1 7175//1
f 7177//1 7178//1 7180//1 7179//1
f 7181//1 7182//1 7184//1 7183//1
f 7183//1 7184//1 7186//1 7185//1
f 7187//1 7188//1 7190//1 7189//1
f 7191//1 7192//1 7194//1 7193//1
f 7193//1 7194//1 7196//1 7195//1
f 7195//1 7196//1 7198//1 7197//1
f 7197//1 7198//1 7200//1 7199//1
f 7199//1 7200//1 7202//1 7201//1
f 7203//1 7204//1 7206//1 7205//1
f 7205//1 7206//1 7208//1 7207//1
f 7207//1 7208//1 7210//1 7209//1
f 7209//1 7210//1 7212//1 7211//1
f 7211//1 7212//1 7214//1 7213//1
f 7213//1 7214//1 7216//1 7215//1
f 7215//1 7216//1 7218//1 7217//1
f 7217//1 7218//1 7220//1 7219//1
f 7219//1 7220//1 7222//1 7221//1
f 7221//1 7222//1 7224//1 7223//1
f 7223//1 7224//1 7226//1 7225//1
f 7225//1 7226//1 7228//1 7227//1
f 7227//1 7228//1 7230//1 7229//1
f 7229//1 7230//1 7232//1 7231//1
f 7231//1 7232//1 7234//1 7233//1
f 7233//1 7234//1 7236//1 7235//1
f 7237//1 7238//1 7240//1 7239//1
f 7239//1 7240//1 7242//1 7241//1
f 7241//1 7242//1 7244//1 7243//1
f 7243//1 7244//1 7246//1 7245//1
f 7245//1 7246//1 7248//1 7247//1
f 7247//1 7248//1 7250//1 7249//1
f 7249//1 7250//1 7252//1 7251//1
f 7251//1 7252//1 7254//1 7253//1
f 7253//1 7254//1 7256//1 7255//1
f 7255//1 7256//1 7258//1 7257//1
f 7257//1 7258//1 7260//1 7259//1
f 7259//1 7260//1 7262//1 7261//1
f 7261//1 7262//1 7264//1 7263//1
f 7263//1 7264//1 7266//1 7265//1
f 7265//1 7266//1 7268//1 7267//1
f 7267//1 7268//1 7270//1 7269//1
f 7269//1 7270//1 7272//1 7271//1
f 7271//1 7272//1 7274//1 7273//1
f 7273//1 7274//1 7276//1 7275//1
f 7275//1 7276//1 7278//1 7277//1
f 7277//1 7278//1 7280//1 7279//1
f 7279//1 7280//1 7282//1 7281//1
f 7281//1 7282//1 7284//1 7283//1
f 7283//1 7284//1 7286//1 7285//1
f 7285//1 7286//1 7288//1 7287//1
f 7287//1 7288//1 7290//1 7289//1
f 7289//1 7290//1 7292//1 7291//1
f 7291//1 7292//1 7294//1 7293//1
f 7295//1 7296//1 7298//1 7297//1
f 7297//1 7298//1 7300//1 7299//1
f 7299//1 7300//1 7302//1 7301//1
f 7301//1 7302//1 7304//1 7303//1
f 7303//1 7304//1 7306//1 7305//1
f 7305//1 7306//1 7308//1 7307//1
f 7307//1 7308//1 7310//1 7309//1
f 7309//1 7310//1 7312//1 7311//1
f 7311//1 7312//1 7314//1 7313//1
f 7315//1 7316//1 7318//1 7317//1
f 7319//1 7320//1 7322//1 7321//1
f 7321//1 7322//1 7324//1 7323//1
f 7323//1 7324//1 7326//1 7325//1
f 7325//1 7326//1 7328//1 7327//1
f 7327//1 7328//1 7330//1 7329//1
f 7329//1 7330//1 7332//1 7331//1
f 7331//1 7332//1 7334//1 7333//1
f 7333//1 7334//1 7336//1 7335//1
f 7335//1 7336//1 7338//1 7337//1
f 7337//1 7338//1 7340//1 7339//1
f 7339//1 7340//1 7342//1 7341//1
f 7341//1 7342//1 7344//1 7343//1
f 7345//1 7346//1 7348//1 7347//1
f 7349//1 7350//1 7352//1 7351//1
f 7353//1 7354//1 7356//1 7355//1
f 7355//1 7356//1 7358//1 7357//1
f 7357//1 7358//1 7360//1 7359//1
f 7359//1 7360//1 7362//1 7361//1
f 7361//1 7362//1 7364//1 7363//1
f 7365//1 7366//1 7368//1 7367//1
f 7367//1 7368//1 7370//1 7369//1
f 7369//1 7370//1 7372//1 7371//1
f 7373//1 7374//1 7376//1 7375//1
f 7377//1 7378//1 7380//1 7379//1
f 7379//1 7380//1 7382//1 7381//1
f 7381//1 7382//1 7384//1 7383//1
f 7385//1 7386//1 7388//1 7387//1
f 7389//1 7390//1 7392//1 7391//1
f 7393//1 7394//1 7396//1 7395//1
f 7397//1 7398//1 7400//1 7399//1
f 7401//1 7402//1 7404//1 7403//1
f 7405//1 7406//1 7408//1 7407//1
f 7407//1 7408//1 7410//1 7409//1
f 7409//1 7410//1 7412//1 7411//1
f 7411//1 7412//1 7414//1 7413//1
f 7413//1 7414//1 7416//1 7415//1
f 7415//1 7416//1 7418//1 7417//1
f 7417//1 7418//1 7420//1 7419//1
f 7419//1 7420//1 7422//1 7421//1
f 7421//1 7422//1 7424//1 7423//1
f 7423//1 7424//1 7426//1 7425//1
f 7425//1 7426//1 7428//1 7427//1
f 7429//1 7430//1 7432//1 7431//1
f 7431//1 7432//1 7434//1 7433//1
f 7433//1 7434//1 7436//1 7435//1
f 7435//1 7436//1 7438//1 7437//1
f 7437//1 7438//1 7440//1 7439//1
f 7439//1 7440//1 7442//1 7441//1
f 7441//1 7442//1 7444//1 7443//1
f 7443//1 7444//1 7446//1 7445//1
f 7445//1 7446//1 7448//1 7447//1
f 7447//1 7448//1 7450//1 7449//1
f 7449//1 7450//1 7452//1 7451//1
f 7451//1 7452//1 7454//1 7453//1
f 7453//1 7454//1 7456//1 7455//1
f 7455//1 7456//1 7458//1 7457//1
f 7457//1 7458//1 7460//1 7459//1
f 7459//1 7460//1 7462//1 7461//1
f 7461//1 7462//1 7464//1 7463//1
f 7463//1 7464//1 7466//1 7465//1
f 7465//1 7466//1 7468//1 7467//1
f 7469//1 7470//1 7472//1 7471//1
f 7473//1 7474//1 7476//1 7475//1
f 7475//1 7476//1 7478//1 7477//1
f 7477//1 7478//1 7480//1 7479//1
f 7479//1 7480//1 7482//1 7481//1
f 7481//1 7482//1 7484//1 7483//1
f 7483//1 7484//1 7486//1 7485//1
f 7485//1 7486//1 7488//1 7487//1
f 7487//1 7488//1 7490//1 7489//1
f 7489//1 7490//1 7492//1 7491//1
f 7491//1 7492//1 7494//1 7493//1
f 7493//1 7494//1 7496//1 7495//1
f 7495//1 7496//1 7498//1 7497//1
f 7497//1 7498//1 7500//1 7499//1
f 7501//1 7502//1 7504//1 7503//1
f 7505//1 7506//1 7508//1 7507//1
f 7509//1 7510//1 7512//1 7511//1
f 7511//1 7512//1 7514//1 7513//1
f 7513//1 7514//1 7516//1 7515//1
f 7515//1 7516//1 7518//1 7517//1
f 7517//1 7518//1 7520//1 7519//1
f 7519//1 7520//1 7522//1 7521//1
f 7521//1 7522//1 7524//1 7523//1
f 7523//1 7524//1 7526//1 7525//1
f 7525//1 7526//1 7528//1 7527//1
f 7527//1 7528//1 7530//1 7529//1
f 7529//1 7530//1 7532//1 7531//1
f 7531//1 7532//1 7534//1 7533//1
f 7535//1 7536//1 7538//1 7537//1
f 7537//1 7538//1 7540//1 7539//1
f 7539//1 7540//1 7542//1 7541//1
f 7541//1 7542//1 7544//1 7543//1
f 7545//1 7546//1 7548//1 7547//1
f 7549//1 7550//1 7552//1 7551//1
f 7551//1 7552//1 7554//1 7553//1
f 7553//1 7554//1 7556//1 7555//1
f 7555//1 7556//1 7558//1 7557//1
f 7559//1 7560//1 7562//1 7561//1
f 7563//1 7564//1 7566//1 7565//1
f 7565//1 7566//1 7568//1 7567//1
f 7567//1 7568//1 7570//1 7569//1
f 7569//1 7570//1 7572//1 7571//1
f 7571//1 7572//1 7574//1 7573//1
f 7573//1 7574//1 7576//1 7575//1
f 7575//1 7576//1 7578//1 7577//1
f 7577//1 7578//1 7580//1 7579//1
f 7579//1 7580//1 7582//1 7581//1
f 7581//1 7582//1 7584//1 7583//1
f 7583//1 7584//1 7586//1 7585//1
f 7585//1 7586//1 7588//1 7587//1
f 7587//1 7588//1 7590//1 7589//1
f 7589//1 7590//1 7592//1 7591//1
f 7591//1 7592//1 7594//1 7593//1
f 7593//1 7594//1 7596//1 7595//1
f 7595//1 7596//1 7598//1 7597//1
f 7597//1 7598//1 7600//1 7599//1
f 7599//1 7600//1 7602//1 7601//1
f 7601//1 7602//1 7604//1 7603//1
f 7603//1 7604//1 7606//1 7605//1
f 7605//1 7606//1 7608//1 7607//1
f 7607//1 7608//1 7610//1 7609//1
f 7609//1 7610//1 7612//1 7611//1
f 7611//1 7612//1 7614//1 7613//1
f 7613//1 7614//1 7616//1 7615//1
f 7615//1 7616//1 7618//1 7617//1
f 7617//1 7618//1 7620//1 7619//1
f 7619//1 7620//1 7622//1 7621//1
f 7621//1 7622//1 7624//1 7623//1
f 7623//1 7624//1 7626//1 7625//1
f 7625//1 7626//1 7628//1 7627//1
f 7627//1 7628//1 7630//1 7629//1
f 7631//1 7632//1 7634//1 7633//1
f 7635//1 7636//1 7638//1 7637//1
f 7637//1 7638//1 7640//1 7639//1
f 7639//1 7640//1 7642//1 7641//1
f 7641//1 7642//1 7644//1 7643//1
f 7643//1 7644//1 7646//1 7645//1
f 7645//1 7646//1 7648//1 7647//1
f 7649//1 7650//1 7652//1 7651//1
f 7651//1 7652//1 7654//1 7653//1
f 7655//1 7656//1 7658//1 7657//1
f 7657//1 7658//1 7660//1 7659//1
f 7659//1 7660//1 7662//1 7661//1
f 7661//1 7662//1 7664//1 7663//1
f 7663//1 7664//1 7666//1 7665//1
f 7665//1 7666//1 7668//1 7667//1
f 7667//1 7668//1 7670//1 7669//1
f 7669//1 7670//1 7672//1 7671//1
f 7671//1 7672//1 7674//1 7673//1
f 7673//1 7674//1 7676//1 7675//1
f 7675//1 7676//1 7678//1 7677//1
f 7677//1 7678//1 7680//1 7679//1
f 7679//1 7680//1 7682//1 7681//1
f 7681//1 7682//1 7684//1 7683//1
f 7683//1 7684//1 7686//1 7685//1
f 7685//1 7686//1 7688//1 7687//1
f 7687//1 7688//1 7690//1 7689//1
f 7689//1 7690//1 7692//1 7691//1
f 7691//1 7692//1 7694//1 7693//1
f 7693//1 7694//1 7696//1 7695//1
f 7695//1 7696//1 7698//1 7697//1
f 7697//1 7698//1 7700//1 7699//1
f 7699//1 7700//1 7702//1 7701//1
f 7701//1 7702//1 7704//1 7703//1
f 7703//1 7704//1 7706//1 7705//1
f 7705//1 7706//1 7708//1 7707//1
f 7707//1 7708//1 7710//1 7709//1
f 7709//1 7710//1 7712//1 7711//1
f 7711//1 7712//1 7714//1 7713//1
f 7713//1 7714//1 7716//1 7715//1
f 7715//1 7716//1 7718//1 7717//1
f 7717//1 7718//1 7720//1 7719//1
f 7719//1 7720//1 7722//1 7721//1
f 7721//1 7722//1 7724//1 7723//1
f 7723//1 7724//1 7726//1 7725//1
f 7725//1 7726//1 7728//1 7727//1
f 7729//1 7730//1 7732//1 7731//1
f 7731//1 7732//1 7734//1 7733//1
f 7733//1 7734//1 7736//1 7735//1
f 7735//1 7736//1 7738//1 7737//1
f 7737//1 7738//1 7740//1 7739//1
f 7739//1 7740//1 7742//1 7741//1
f 7741//1 7742//1 7744//1 7743//1
f 7743//1 7744//1 7746//1 7745//1
f 7745//1 7746//1 7748//1 7747//1
f 7747//1 7748//1 7750//1 7749//1
f 7749//1 7750//1 7752//1 7751//1
f 7751//1 7752//1 7754//1 7753//1
f 7753//1 7754//1 7756//1 7755//1
f 7755//1 7756//1 7758//1 7757//1
f 7757//1 7758//1 7760//1 7759//1
f 7759//1 7760//1 7762//1 7761//1
f 7761//1 7762//1 7764//1 7763//1
f 7763//1 7764//1 7766//1 7765//1
f 7765//1 7766//1 7768//1 7767//1
f 7767//1 7768//1 7770//1 7769//1
f 7769//1 7770//1 7772//1 7771//1
f 7771//1 7772//1 7774//1 7773//1
f 7773//1 7774//1 7776//1 7775//1
f 7775//1 7776//1 7778//1 7777//1
f 7777//1 7778//1 7780//1 7779//1
f 7779//1 7780//1 7782//1 7781//1
f 7781//1 7782//1 7784//1 7783//1
f 7783//1 7784//1 7786//1 7785//1
f 7785//1 7786//1 7788//1 7787//1
f 7787//1 7788//1 7790//1 7789//1
f 7789//1 7790//1 7792//1 7791//1
f 7791//1 7792//1 7794//1 7793//1
f 7793//1 7794//1 7796//1 7795//1
f 7797//1 7798//1 7800//1 7799//1
f 7799//1 7800//1 7802//1 7801//1
f 7801//1 7802//1 7804//1 7803//1
f 7805//1 7806//1 7808//1 7807//1
f 7807//1 7808//1 7810//1 7809//1
f 7809//1 7810//1 7812//1 7811//1
f 7813//1 7814//1 7816//1 7815//1
f 7817//1 7818//1 7820//1 7819//1
f 7821//1 7822//1 7824//1 7823//1
f 7823//1 7824//1 7826//1 7825//1
f 7825//1 7826//1 7828//1 7827//1
f 7827//1 7828//1 7830//1 7829//1
f 7829//1 7830//1 7832//1 7831//1
f 7831//1 7832//1 7834//1 7833//1
f 7833//1 7834//1 7836//1 7835//1
f 7835//1 7836//1 7838//1 7837//1
f 7837//1 7838//1 7840//1 7839//1
f 7839//1 7840//1 7842//1 7841//1
f 7841//1 7842//1 7844//1 7843//1
f 7843//1 7844//1 7846//1 7845//1
f 7845//1 7846//1 7848//1 7847//1
f 7847//1 7848//1 7850//1 7849//1
f 7849//1 7850//1 7852//1 7851//1
f 7851//1 7852//1 7854//1 7853//1
f 7855//1 7856//1 7858//1 7857//1
f 7857//1 7858//1 7860//1 7859//1
f 7859//1 7860//1 7862//1 7861//1
f 7861//1 7862//1 7864//1 7863//1
f 7863//1 7864//1 7866//1 7865//1
f 7865//1 7866//1 7868//1 7867//1
f 7867//1 7868//1 7870//1 7869//1
f 7869//1 7870//1 7872//1 7871//1
f 7871//1 7872//1 7874//1 7873//1
f 7873//1 7874//1 7876//1 7875//1
f 7875//1 7876//1 7878//1 7877//1
f 7877//1 7878//1 7880//1 7879//1
f 7879//1 7880//1 7882//1 7881//1
f 7881//1 7882//1 7884//1 7883//1
f 7883//1 7884//1 7886//1 7885//1
f 7885//1 7886//1 7888//1 7887//1
f 7887//1 7888//1 7890//1 7889//1
f 7889//1 7890//1 7892//1 7891//1
f 7891//1 7892//1 7894//1 7893//1
f 7893//1 7894//1 7896//1 7895//1
f 7895//1 7896//1 7898//1 7897//1
f 7897//1 7898//1 7900//1 7899//1
f 7899//1 7900//1 7902//1 7901//1
f 7901//1 7902//1 7904//1 7903//1
f 7903//1 7904//1 7906//1 7905//1
f 7905//1 7906//1 7908//1 7907//1
f 7907//1 7908//1 7910//1 7909//1
f 7909//1 7910//1 7912//1 7911//1
f 7911//1 7912//1 7914//1 7913//1
f 7913//1 7914//1 7916//1 7915//1
f 7915//1 7916//1 7918//1 7917//1
f 7917//1 7918//1 7920//1 7919//1
f 7919//1 7920//1 7922//1 7921//1
f 7921//1 7922//1 7924//1 7923//1
f 7923//1 7924//1 7926//1 7925//1
f 7925//1 7926//1 7928//1 7927//1
f 7927//1 7928//1 7930//1 7929//1
f 7929//1 7930//1 7932//1 7931//1
f 7931//1 7932//1 7934//1 7933//1
f 7933//1 7934//1 7936//1 7935//1
f 7935//1 7936//1 7938//1 7937//1
f 7937//1 7938//1 7940//1 7939//1
f 7939//1 7940//1 7942//1 7941//1
f 7941//1 7942//1 7944//1 7943//1
f 7943//1 7944//1 7946//1 7945//1
f 7945//1 7946//1 7948//1 7947//1
f 7947//1 7948//1 7950//1 7949//1
f 7949//1 7950//1 7952//1 7951//1
f 7951//1 7952//1 7954//1 7953//1
f 7953//1 7954//1 7956//1 7955//1
f 7955//1 7956//1 7958//1 7957//1
f 7957//1 7958//1 7960//1 7959//1
f 7959//1 7960//1 7962//1 7961//1
f 7961//1 7962//1 7964//1 7963//1
f 7963//1 7964//1 7966//1 7965//1
f 7965//1 7966//1 7968//1 7967//1
f 7967//1 7968//1 7970//1 7969//1
f 7969//1 7970//1 7972//1 7971//1
f 7971//1 7972//1 7974//1 7973//1
f 7973//1 7974//1 7976//1 7975//1
f 7975//1 7976//1 7978//1 7977//1
f 7977//1 7978//1 7980//1 7979//1
f 7979//1 7980//1 7982//1 7981//1
f 7981//1 7982//1 7984//1 7983//1
f 7983//1 7984//1 7986//1 7985//1
f 7985//1 7986//1 7988//1 7987//1
f 7987//1 7988//1 7990//1 7989//1
f 7989//1 7990//1 7992//1 7991//1
f 7991//1 7992//1 7994//1 7993//1
f 7995//1 7996//1 7998//1 7997//1
f 7997//1 7998//1 8000//1 7999//1
f 7999//1 8000//1 8002//1 8001//1
f 8001//1 8002//1 8004//1 8003//1
f 8005//1 8006//1 8008//1 8007//1
f 8009//1 8010//1 8012//1 8011//1
f 8011//1 8012//1 8014//1 8013//1
f 8013//1 8014//1 8016//1 8015//1
f 8015//1 8016//1 8018//1 8017//1
f 8017//1 8018//1 8020//1 8019//1
f 8019//1 8020//1 8022//1 8021//1
f 8021//1 8022//1 8024//1 8023//1
f 8025//1 8026//1 8028//1 8027//1
f 8029//1 8030//1 8032//1 8031//1
f 8033//1 8034//1 8036//1 8035//1
f 8037//1 8038//1 8040//1 8039//1
f 8039//1 8040//1 8042//1 8041//1
f 8041//1 8042//1 8044//1 8043//1
f 8045//1 8046//1 8048//1 8047//1
f 8047//1 8048//1 8050//1 8049//1
f 8049//1 8050//1 8052//1 8051//1
f 8051//1 8052//1 8054//1 8053//1
f 8053//1 8054//1 8056//1 8055//1
f 8057//1 8058//1 8060//1 8059//1
f 8059//1 8060//1 8062//1 8061//1
f 8061//1 8062//1 8064//1 8063//1
f 8063//1 8064//1 8066//1 8065//1
f 8065//1 8066//1 8068//1 8067//1
f 8067//1 8068//1 8070//1 8069//1
f 8069//1 8070//1 8072//1 8071//1
f 8071//1 8072//1 8074//1 8073//1
f 8075//1 8076//1 8078//1 8077//1
f 8077//1 8078//1 8080//1 8079//1
f 8079//1 8080//1 8082//1 8081//1
f 8081//1 8082//1 8084//1 8083//1
f 8085//1 8086//1 8088//1 8087//1
f 8087//1 8088//1 8090//1 8089//1
f 8089//1 8090//1 8092//1 8091//1
f 8091//1 8092//1 8094//1 8093//1
f 8093//1 8094//1 8096//1 8095//1
f 8097//1 8098//1 8100//1 8099//1
f 8099//1 8100//1 8102//1 8101//1
f 8101//1 8102//1 8104//1 8103//1
f 8103//1 8104//1 8106//1 8105//1
f 8105//1 8106//1 8108//1 8107//1
f 8107//1 8108//1 8110//1 8109//1
f 8109//1 8110//1 8112//1 8111//1
f 8111//1 8112//1 8114//1 8113//1
f 8113//1 8114//1 8116//1 8115//1
f 8115//1 8116//1 8118//1 8117//1
f 8119//1 8120//1 8122//1 8121//1
f 8121//1 8122//1 8124//1 8123//1
f 8123//1 8124//1 8126//1 8125//1
f 8125//1 8126//1 8128//1 8127//1
f 8127//1 8128//1 8130//1 8129//1
f 8129//1 8130//1 8132//1 8131//1
f 8131//1 8132//1 8134//1 8133//1
f 8133//1 8134//1 8136//1 8135//1
f 8135//1 8136//1 8138//1 8137//1
f 8137//1 8138//1 8140//1 8139//1
f 8139//1 8140//1 8142//1 8141//1
f 8141//1 8142//1 8144//1 8143//1
f 8143//1 8144//1 8146//1 8145//1
f 8145//1 8146//1 8148//1 8147//1
f 8147//1 8148//1 8150//1 8149//1
f 8149//1 8150//1 8152//1 8151//1
f 8151//1 8152//1 8154//1 8153//1
f 8153//1 8154//1 8156//1 8155//1
f 8155//1 8156//1 8158//1 8157//1
f 8157//1 8158//1 8160//1 8159//1
f 8161//1 8162//1 8164//1 8163//1
f 8163//1 8164//1 8166//1 8165//1
f 8165//1 8166//1 8168//1 8167//1
f 8167//1 8168//1 8170//1 8169//1
f 8169//1 8170//1 8172//1 8171//1
f 8171//1 8172//1 8174//1 8173//1
f 8173//1 8174//1 8176//1 8175//1
f 8175//1 8176//1 8178//1 8177//1
f 8179//1 8180//1 8182//1 8181//1
f 8181//1 8182//1 8184//1 8183//1
f 8183//1 8184//1 8186//1 8185//1
f 8185//1 8186//1 8188//1 8187//1
f 8187//1 8188//1 8190//1 8189//1
f 8189//1 8190//1 8192//1 8191//1
f 8191//1 8192//1 8194//1 8193//1
f 8193//1 8194//1 8196//1 8195//1
f 8195//1 8196//1 8198//1 8197//1
f 8197//1 8198//1 8200//1 8199//1
f 8199//1 8200//1 8202//1 8201//1
f 8201//1 8202//1 8204//1 8203//1
f 8203//1 8204//1 8206//1 8205//1
f 8205//1 8206//1 8208//1 8207//1
f 8207//1 8208//1 8210//1 8209//1
f 8209//1 8210//1 8212//1 8211//1
f 8211//1 8212//1 8214//1 8213//1
f 8215//1 8216//1 8218//1 8217//1
f 8219//1 8220//1 8222//1 8221//1
f 8221//1 8222//1 8224//1 8223//1
f 8223//1 8224//1 8226//1 8225//1
f 8225//1 8226//1 8228//1 8227//1
f 8227//1 8228//1 8230//1 8229//1
f 8229//1 8230//1 8232//1 8231//1
f 8231//1 8232//1 8234//1 8233//1
f 8233//1 8234//1 8236//1 8235//1
f 8235//1 8236//1 8238//1 8237//1
f 8237//1 8238//1 8240//1 8239//1
f 8239//1 8240//1 8242//1 8241//1
f 8241//1 8242//1 8244//1 8243//1
f 8243//1 8244//1 8246//1 8245//1
f 8245//1 8246//1 8248//1 8247//1
f 8247//1 8248//1 8250//1 8249//1
f 8249//1 8250//1 8252//1 8251//1
f 8251//1 8252//1 8254//1 8253//1
f 8253//1 8254//1 8256//1 8255//1
f 8255//1 8256//1 8258//1 8257//1
f 8257//1 8258//1 8260//1 8259//1
f 8259//1 8260//1 8262//1 8261//1
f 8263//1 8264//1 8266//1 8265//1
f 8267//1 8268//1 8270//1 8269//1
f 8269//1 8270//1 8272//1 8271//1
f 8271//1 8272//1 8274//1 8273//1
f 8273//1 8274//1 8276//1 8275//1
f 8275//1 8276//1 8278//1 8277//1
f 8277//1 8278//1 8280//1 8279//1
f 8279//1 8280//1 8282//1 8281//1
f 8281//1 8282//1 8284//1 8283//1
f 8283//1 8284//1 8286//1 8285//1
f 8285//1 8286//1 8288//1 8287//1
f 8287//1 8288//1 8290//1 8289//1
f 8289//1 8290//1 8292//1 8291//1
f 8291//1 8292//1 8294//1 8293//1
f 8293//1 8294//1 8296//1 8295//1
f 8295//1 8296//1 8298//1 8297//1
f 8297//1 8298//1 8300//1 8299//1
f 8299//1 8300//1 8302//1 8301//1
f 8301//1 8302//1 8304//1 8303//1
f 8303//1 8304//1 8306//1 8305//1
f 8305//1 8306//1 8308//1 8307//1
f 8307//1 8308//1 8310//1 8309//1
f 8309//1 8310//1 8312//1 8311//1
f 8313//1 8314//1 8316//1 8315//1
f 8315//1 8316//1 8318//1 8317//1
f 8317//1 8318//1 8320//1 8319//1
f 8319//1 8320//1 8322//1 8321//1
f 8321//1 8322//1 8324//1 8323//1
f 8323//1 8324//1 8326//1 8325//1
f 8325//1 8326//1 8328//1 8327//1
f 8327//1 8328//1 8330//1 8329//1
f 8329//1 8330//1 8332//1 8331//1
f 8331//1 8332//1 8334//1 8333//1
f 8333//1 8334//1 8336//1 8335//1
f 8335//1 8336//1 8338//1 8337//1
f 8337//1 8338//1 8340//1 8339//1
f 8339//1 8340//1 8342//1 8341//1
f 8341//1 8342//1 8344//1 8343//1
f 8343//1 8344//1 8346//1 8345//1
f 8345//1 8346//1 8348//1 8347//1
f 8347//1 8348//1 8350//1 8349//1
f 8351//1 8352//1 8354//1 8353//1
f 8353//1 8354//1 8356//1 8355//1
f 8355//1 8356//1 8358//1 8357//1
f 8357//1 8358//1 8360//1 8359//1
f 8359//1 8360//1 8362//1 8361//1
f 8361//1 8362//1 8364//1 8363//1
f 8363//1 8364//1 8366//1 8365//1
f 8365//1 8366//1 8368//1 8367//1
f 8367//1 8368//1 8370//1 8369//1
f 8369//1 8370//1 8372//1 8371//1
f 8371//1 8372//1 8374//1 8373//1
f 8373//1 8374//1 8376//1 8375//1
f 8375//1 8376//1 8378//1 8377//1
f 8377//1 8378//1 8380//1 8379//1
f 8379//1 8380//1 8382//1 8381//1
f 8381//1 8382//1 8384//1 8383//1
f 8383//1 8384//1 8386//1 8385//1
f 8387//1 8388//1 8390//1 8389//1
f 8389//1 8390//1 8392//1 8391//1
f 8391//1 8392//1 8394//1 8393//1
f 8393//1 8394//1 8396//1 8395//1
f 8397//1 8398//1 8400//1 8399//1
f 8399//1 8400//1 8402//1 8401//1
f 8401//1 8402//1 8404//1 8403//1
f 8405//1 8406//1 8408//1 8407//1
f 8407//1 8408//1 8410//1 8409//1
f 8409//1 8410//1 8412//1 8411//1
f 8411//1 8412//1 8414//1 8413//1
f 8413//1 8414//1 8416//1 8415//1
f 8415//1 8416//1 8418//1 8417//1
f 8417//1 8418//1 8420//1 8419//1
f 8419//1 8420//1 8422//1 8421//1
f 8421//1 8422//1 8424//1 8423//1
f 8425//1 8426//1 8428//1 8427//1
f 8427//1 8428//1 8430//1 8429//1
f 8429//1 8430//1 8432//1 8431//1
f 8431//1 8432//1 8434//1 8433//1
f 8433//1 8434//1 8436//1 8435//1
f 8437//1 8438//1 8440//1 8439//1
f 8441//1 8442//1 8444//1 8443//1
f 8445//1 8446//1 8448//1 8447//1
f 8449//1 8450//1 8452//1 8451//1
f 8451//1 8452//1 8454//1 8453//1
f 8455//1 8456//1 8458//1 8457//1
f 8459//1 8460//1 8462//1 8461//1
f 8461//1 8462//1 8464//1 8463//1
f 8463//1 8464//1 8466//1 8465//1
f 8465//1 8466//1 8468//1 8467//1
f 8467//1 8468//1 8470//1 8469//1
f 8469//1 8470//1 8472//1 8471//1
f 8471//1 8472//1 8474//1 8473//1
f 8473//1 8474//1 8476//1 8475//1
f 8475//1 8476//1 8478//1 8477//1
f 8477//1 8478//1 8480//1 8479//1
f 8479//1 8480//1 8482//1 8481//1
f 8481//1 8482//1 8484//1 8483//1
f 8483//1 8484//1 8486//1 8485//1
f 8485//1 8486//1 8488//1 8487//1
f 8487//1 8488//1 8490//1 8489//1
f 8489//1 8490//1 8492//1 8491//1
f 8491//1 8492//1 8494//1 8493//1
f 8493//1 8494//1 8496//1 8495//1
f 8495//1 8496//1 8498//1 8497//1
f 8497//1 8498//1 8500//1 8499//1
f 8499//1 8500//1 8502//1 8501//1
f 8501//1 8502//1 8504//1 8503//1
f 8503//1 8504//1 8506//1 8505//1
f 8505//1 8506//1 8508//1 8507//1
f 8507//1 8508//1 8510//1 8509//1
f 8509//1 8510//1 8512//1 8511//1
f 8511//1 8512//1 8514//1 8513//1
f 8513//1 8514//1 8516//1 8515//1
f 8515//1 8516//1 8518//1 8517//1
f 8517//1 8518//1 8520//1 8519//1
f 8519//1 8520//1 8522//1 8521//1
f 8521//1 8522//1 8524//1 8523//1
f 8523//1 8524//1 8526//1 8525//1
f 8525//1 8526//1 8528//1 8527//1
f 8527//1 8528//1 8530//1 8529//1
f 8529//1 8530//1 8532//1 8531//1
f 8531//1 8532//1 8534//1 8533//1
f 8533//1 8534//1 8536//1 8535//1
f 8535//1 8536//1 8538//1 8537//1
f 8537//1 8538//1 8540//1 8539//1
f 8539//1 8540//1 8542//1 8541//1
f 8541//1 8542//1 8544//1 8543//1
f 8543//1 8544//1 8546//1 8545//1
f 8545//1 8546//1 8548//1 8547//1
f 8547//1 8548//1 8550//1 8549//1
f 8549//1 8550//1 8552//1 8551//1
f 8551//1 8552//1 8554//1 8553//1
f 8553//1 8554//1 8556//1 8555//1
f 8555//1 8556//1 8558//1 8557//1
f 8557//1 8558//1 8560//1 8559//1
f 8559//1 8560//1 8562//1 8561//1
f 8561//1 8562//1 8564//1 8563//1
f 8563//1 8564//1 8566//1 8565//1
f 8565//1 8566//1 8568//1 8567//1
f 8567//1 8568//1 8570//1 8569//1
f 8569//1 8570//1 8572//1 8571//1
f 8571//1 8572//1 8574//1 8573//1
f 8573//1 8574//1 8576//1 8575//1
f 8575//1 8576//1 8578//1 8577//1
f 8577//1 8578//1 8580//1 8579//1
f 8579//1 8580//1 8582//1 8581//1
f 8581//1 8582//1 8584//1 8583//1
f 8583//1 8584//1 8586//1 8585//1
f 8585//1 8586//1 8588//1 8587//1
f 8587//1 8588//1 8590//1 8589//1
f 8589//1 8590//1 8592//1 8591//1
f 8591//1 8592//1 8594//1 8593//1
f 8593//1 8594//1 8596//1 8595//1
f 8595//1 8596//1 8598//1 8597//1
f 8597//1 8598//1 8600//1 8599//1
f 8599//1 8600//1 8602//1 8601//1
f 8601//1 8602//1 8604//1 8603//1
f 8603//1 8604//1 8606//1 8605//1
f 8605//1 8606//1 8608//1 8607//1
f 8607//1 8608//1 8610//1 8609//1
f 8609//1 8610//1 8612//1 8611//1
f 8611//1 8612//1 8614//1 8613//1
f 8613//1 8614//1 8616//1 8615//1
f 8615//1 8616//1 8618//1 8617//1
f 8617//1 8618//1 8620//1 8619//1
f 8619//1 8620//1 8622//1 8621//1
f 8621//1 8622//1 8624//1 8623//1
f 8623//1 8624//1 8626//1 8625//1
f 8625//1 8626//1 8628//1 8627//1
f 8627//1 8628//1 8630//1 8629//1
f 8629//1 8630//1 8632//1 8631//1
f 8631//1 8632//1 8634//1 8633//1
f 8633//1 8634//1 8636//1 8635//1
f 8635//1 8636//1 8638//1 8637//1
f 8637//1 8638//1 8640//1 8639//1
f 8639//1 8640//1 8642//1 8641//1
f 8641//1 8642//1 8644//1 8643//1
f 8643//1 8644//1 8646//1 8645//1
f 8645//1 8646//1 8648//1 8647//1
f 8647//1 8648//1 8650//1 8649//1
f 8649//1 8650//1 8652//1 8651//1
f 8651//1 8652//1 8654//1 8653//1
f 8653//1 8654//1 8656//1 8655//1
f 8655//1 8656//1 8658//1 8657//1
f 8657//1 8658//1 8660//1 8659//1
f 8659//1 8660//1 8662//1 8661//1
f 8661//1 8662//1 8664//1 8663//1
f 8663//1 8664//1 8666//1 8665//1
f 8665//1 8666//1 8668//1 8667//1
f 8667//1 8668//1 8670//1 8669//1
f 8669//1 8670//1 8672//1 8671//1
f 8671//1 8672//1 8674//1 8673//1
f 8673//1 8674//1 8676//1 8675//1
f 8675//1 8676//1 8678//1 8677//1
f 8677//1 8678//1 8680//1 8679//1
f 8679//1 8680//1 8682//1 8681//1
f 8681//1 8682//1 8684//1 8683//1
f 8683//1 8684//1 8686//1 8685//1
f 8685//1 8686//1 8688//1 8687//1
f 8687//1 8688//1 8690//1 8689//1
f 8689//1 8690//1 8692//1 8691//1
f 8691//1 8692//1 8694//1 8693//1
f 8693//1 8694//1 8696//1 8695//1
f 8695//1 8696//1 8698//1 8697//1
f 8697//1 8698//1 8700//1 8699//1
f 8699//1 8700//1 8702//1 8701//1
f 8703//1 8704//1 8706//1 8705//1
f 8705//1 8706//1 8708//1 8707//1
f 8707//1 8708//1 8710//1 8709//1
f 8709//1 8710//1 8712//1 8711//1
f 8711//1 8712//1 8714//1 8713//1
f 8713//1 8714//1 8716//1 8715//1
f 8715//1 8716//1 8718//1 8717//1
f 8717//1 8718//1 8720//1 8719//1
f 8719//1 8720//1 8722//1 8721//1
f 8721//1 8722//1 8724//1 8723//1
f 8723//1 8724//1 8726//1 8725//1
f 8725//1 8726//1 8728//1 8727//1
f 8727//1 8728//1 8730//1 8729//1
f 8729//1 8730//1 8732//1 8731//1
f 8731//1 8732//1 8734//1 8733//1
f 8733//1 8734//1 8736//1 8735//1
f 8735//1 8736//1 8738//1 8737//1
f 8737//1 8738//1 8740//1 8739//1
f 8739//1 8740//1 8742//1 8741//1
f 8741//1 8742//1 8744//1 8743//1
f 8743//1 8744//1 8746//1 8745//1
f 8745//1 8746//1 8748//1 8747//1
f 8747//1 8748//1 8750//1 8749//1
f 8749//1 8750//1 8752//1 8751//1
f 8751//1 8752//1 8754//1 8753//1
f 8753//1 8754//1 8756//1 8755//1
f 8757//1 8758//1 8760//1 8759//1
f 8759//1 8760//1 8762//1 8761//1
f 8761//1 8762//1 8764//1 8763//1
f 8763//1 8764//1 8766//1 8765//1
f 8765//1 8766//1 8768//1 8767//1
f 8767//1 8768//1 8770//1 8769//1
f 8769//1 8770//1 8772//1 8771//1
f 8771//1 8772//1 8774//1 8773//1
f 8773//1 8774//1 8776//1 8775//1
f 8775//1 8776//1 8778//1 8777//1
f 8777//1 8778//1 8780//1 8779//1
f 8779//1 8780//1 8782//1 8781//1
f 8781//1 8782//1 8784//1 8783//1
f 8783//1 8784//1 8786//1 8785//1
f 8785//1 8786//1 8788//1 8787//1
f 8787//1 8788//1 8790//1 8789//1
f 8789//1 8790//1 8792//1 8791//1
f 8791//1 8792//1 8794//1 8793//1
f 8793//1 8794//1 8796//1 8795//1
f 8795//1 8796//1 8798//1 8797//1
f 8797//1 8798//1 8800//1 8799//1
f 8799//1 8800//1 8802//1 8801//1
f 8801//1 8802//1 8804//1 8803//1
f 8803//1 8804//1 8806//1 8805//1
f 8805//1 8806//1 8808//1 8807//1
f 8807//1 8808//1 8810//1 8809//1
f 8809//1 8810//1 8812//1 8811//1
f 8811//1 8812//1 8814//1 8813//1
f 8813//1 8814//1 8816//1 8815//1
f 8815//1 8816//1 8818//1 8817//1
f 8817//1 8818//1 8820//1 8819//1
f 8819//1 8820//1 8822//1 8821//1
f 8821//1 8822//1 8824//1 8823//1
f 8823//1 8824//1 8826//1 8825//1
f 8825//1 8826//1 8828//1 8827//1
f 8827//1 8828//1 8830//1 8829//1
f 8829//1 8830//1 8832//1 8831//1
f 8831//1 8832//1 8834//1 8833//1
f 8833//1 8834//1 8836//1 8835//1
f 8835//1 8836//1 8838//1 8837//1
f 8837//1 8838//1 8840//1 8839//1
f 8839//1 8840//1 8842//1 8841//1
f 8841//1 8842//1 8844//1 8843//1
f 8843//1 8844//1 8846//1 8845//1
f 8845//1 8846//1 8848//1 8847//1
f 8847//1 8848//1 8850//1 8849//1
f 8849//1 8850//1 8852//1 8851//1
f 8851//1 8852//1 8854//1 8853//1
f 8853//1 8854//1 8856//1 8855//1
f 8855//1 8856//1 8858//1 8857//1
f 8857//1 8858//1 8860//1 8859//1
f 8859//1 8860//1 8862//1 8861//1
f 8861//1 8862//1 8864//1 8863//1
f 8863//1 8864//1 8866//1 8865//1
f 8865//1 8866//1 8868//1 8867//1
f 8867//1 8868//1 8870//1 8869//1
f 8869//1 8870//1 8872//1 8871//1
f 8871//1 8872//1 8874//1 8873//1
f 8873//1 8874//1 8876//1 8875//1
f 8875//1 8876//1 8878//1 8877//1
f 8877//1 8878//1 8880//1 8879//1
f 8879//1 8880//1 8882//1 8881//1
f 8881//1 8882//1 8884//1 8883//1
f 8885//1 8886//1 8888//1 8887//1
f 8889//1 8890//1 8892//1 8891//1
f 8891//1 8892//1 8894//1 8893//1
f 8893//1 8894//1 8896//1 8895//1
f 8897//1 8898//1 8900//1 8899//1
f 8899//1 8900//1 8902//1 8901//1
f 8903//1 8904//1 8906//1 8905//1
f 8905//1 8906//1 8908//1 8907//1
f 8907//1 8908//1 8910//1 8909//1
f 8909//1 8910//1 8912//1 8911//1
f 8911//1 8912//1 8914//1 8913//1
f 8913//1 8914//1 8916//1 8915//1
f 8915//1 8916//1 8918//1 8917//1
f 8917//1 8918//1 8920//1 8919//1
f 8919//1 8920//1 8922//1 8921//1
f 8923//1 8924//1 8926//1 8925//1
f 8925//1 8926//1 8928//1 8927//1
f 8927//1 8928//1 8930//1 8929//1
f 8929//1 8930//1 8932//1 8931//1
f 8931//1 8932//1 8934//1 8933//1
f 8933//1 8934//1 8936//1 8935//1
f 8935//1 8936//1 8938//1 8937//1
f 8937//1 8938//1 8940//1 8939//1
f 8939//1 8940//1 8942//1 8941//1
f 8941//1 8942//1 8944//1 8943//1
f 8943//1 8944//1 8946//1 8945//1
f 8945//1 8946//1 8948//1 8947//1
f 8947//1 8948//1 8950//1 8949//1
f 8949//1 8950//1 8952//1 8951//1
f 8951//1 8952//1 8954//1 8953//1
f 8953//1 8954//1 8956//1 8955//1
f 8955//1 8956//1 8958//1 8957//1
f 8957//1 8958//1 8960//1 8959//1
f 8959//1 8960//1 8962//1 8961//1
f 8961//1 8962//1 8964//1 8963//1
f 8963//1 8964//1 8966//1 8965//1
f 8965//1 8966//1 8968//1 8967//1
f 8967//1 8968//1 8970//1 8969//1
f 8969//1 8970//1 8972//1 8971//1
f 8971//1 8972//1 8974//1 8973//1
f 8973//1 8974//1 8976//1 8975//1
f 8975//1 8976//1 8978//1 8977//1
f 8977//1 8978//1 8980//1 8979//1
f 8979//1 8980//1 8982//1 8981//1
f 8981//1 8982//1 8984//1 8983//1
f 8983//1 8984//1 8986//1 8985//1
f 8985//1 8986//1 8988//1 8987//1
f 8987//1 8988//1 8990//1 8989//1
f 8989//1 8990//1 8992//1 8991//1
f 8991//1 8992//1 8994//1 8993//1
f 8993//1 8994//1 8996//1 8995//1
f 8995//1 8996//1 8998//1 8997//1
f 8997//1 8998//1 9000//1 8999//1
f 8999//1 9000//1 9002//1 9001//1
f 9001//1 9002//1 9004//1 9003//1
f 9003//1 9004//1 9006//1 9005//1
f 9005//1 9006//1 9008//1 9007//1
f 9007//1 9008//1 9010//1 9009//1
f 9009//1 9010//1 9012//1 9011//1
f 9011//1 9012//1 9014//1 9013//1
f 9013//1 9014//1 9016//1 9015//1
f 9015//1 9016//1 9018//1 9017//1
f 9017//1 9018//1 9020//1 9019//1
f 9019//1 9020//1 9022//1 9021//1
f 9021//1 9022//1 9024//1 9023//1
f 9023//1 9024//1 9026//1 9025//1
f 9025//1 9026//1 9028//1 9027//1
f 9027//1 9028//1 9030//1 9029//1
f 9029//1 9030//1 9032//1 9031//1
f 9031//1 9032//1 9034//1 9033//1
f 9033//1 9034//1 9036//1 9035//1
f 9035//1 9036//1 9038//1 9037//1
f 9037//1 9038//1 9040//1 9039//1
f 9039//1 9040//1 9042//1 9041//1
f 9041//1 9042//1 9044//1 9043//1
f 9043//1 9044//1 9046//1 9045//1
f 9045//1 9046//1 9048//1 9047//1
f 9047//1 9048//1 9050//1 9049//1
f 9049//1 9050//1 9052//1 9051//1
f 9051//1 9052//1 9054//1 9053//1
f 9053//1 9054//1 9056//1 9055//1
f 9055//1 9056//1 9058//1 9057//1
f 9057//1 9058//1 9060//1 9059//1
f 9059//1 9060//1 9062//1 9061//1
f 9061//1 9062//1 9064//1 9063//1
f 9063//1 9064//1 9066//1 9065//1
f 9065//1 9066//1 9068//1 9067//1
f 9067//1 9068//1 9070//1 9069//1
f 9071//1 9072//1 9074//1 9073//1
f 9075//1 9076//1 9078//1 9077//1
f 9077//1 9078//1 9080//1 9079//1
f 9079//1 9080//1 9082//1 9081//1
f 9081//1 9082//1 9084//1 9083//1
f 9083//1 9084//1 9086//1 9085//1
f 9087//1 9088//1 9090//1 9089//1
f 9091//1 9092//1 9094//1 9093//1
f 9093//1 9094//1 9096//1 9095//1
f 9097//1 9098//1 9100//1 9099//1
f 9101//1 9102//1 9104//1 9103//1
f 9103//1 9104//1 9106//1 9105//1
f 9105//1 9106//1 9108//1 9107//1
f 9107//1 9108//1 9110//1 9109//1
f 9109//1 9110//1 9112//1 9111//1
f 9111//1 9112//1 9114//1 9113//1
f 9113//1 9114//1 9116//1 9115//1
f 9115//1 9116//1 9118//1 9117//1
f 9117//1 9118//1 9120//1 9119//1
f 9119//1 9120//1 9122//1 9121//1
f 9121//1 9122//1 9124//1 9123//1
f 9123//1 9124//1 9126//1 9125//1
f 9125//1 9126//1 9128//1 9127//1
f 9127//1 9128//1 9130//1 9129//1
f 9129//1 9130//1 9132//1 9131//1
f 9131//1 9132//1 9134//1 9133//1
f 9133//1 9134//1 9136//1 9135//1
f 9135//1 9136//1 9138//1 9137//1
f 9137//1 9138//1 9140//1 9139//1
f 9139//1 9140//1 9142//1 9141//1
f 9141//1 9142//1 9144//1 9143//1
f 9143//1 9144//1 9146//1 9145//1
f 9145//1 9146//1 9148//1 9147//1
f 9147//1 9148//1 9150//1 9149//1
f 9149//1 9150//1 9152//1 9151//1
f 9151//1 9152//1 9154//1 9153//1
f 9153//1 9154//1 9156//1 9155//1
f 9155//1 9156//1 9158//1 9157//1
f 9157//1 9158//1 9160//1 9159//1
f 9159//1 9160//1 9162//1 9161//1
f 9161//1 9162//1 9164//1 9163//1
f 9163//1 9164//1 9166//1 9165//1
f 9165//1 9166//1 9168//1 9167//1
f 9167//1 9168//1 9170//1 9169//1
f 9169//1 9170//1 9172//1 9171//1
f 9171//1 9172//1 9174//1 9173//1
f 9173//1 9174//1 9176//1 9175//1
f 9175//1 9176//1 9178//1 9177//1
f 9177//1 9178//1 9180//1 9179//1
f 9179//1 9180//1 9182//1 9181//1
f 9181//1 9182//1 9184//1 9183//1
f 9183//1 9184//1 9186//1 9185//1
f 9185//1 9186//1 9188//1 9187//1
f 9187//1 9188//1 9190//1 9189//1
f 9189//1 9190//1 9192//1 9191//1
f 9191//1 9192//1 9194//1 9193//1
f 9193//1 9194//1 9196//1 9195//1
f 9195//1 9196//1 9198//1 9197//1
f 9197//1 9198//1 9200//1 9199//1
f 9199//1 9200//1 9202//1 9201//1
f 9201//1 9202//1 9204//1 9203//1
f 9203//1 9204//1 9206//1 9205//1
f 9205//1 9206//1 9208//1 9207//1
f 9207//1 9208//1 9210//1 9209//1
f 9209//1 9210//1 9212//1 9211//1
f 9211//1 9212//1 9214//1 9213//1
f 9213//1 9214//1 9216//1 9215//1
f 9215//1 9216//1 9218//1 9217//1
f 9217//1 9218//1 9220//1 9219//1
f 9219//1 9220//1 9222//1 9221//1
f 9221//1 9222//1 9224//1 9223//1
f 9223//1 9224//1 9226//1 9225//1
f 9225//1 9226//1 9228//1 9227//1
f 9227//1 9228//1 9230//1 9229//1
f 9229//1 9230//1 9232//1 9231//1
f 9231//1 9232//1 9234//1 9233//1
f 9233//1 9234//1 9236//1 9235//1
f 9235//1 9236//1 9238//1 9237//1
f 9237//1 9238//1 9240//1 9239//1
f 9239//1 9240//1 9242//1 9241//1
f 9241//1 9242//1 9244//1 9243//1
f 9243//1 9244//1 9246//1 9245//1
f 9245//1 9246//1 9248//1 9247//1
f 9247//1 9248//1 9250//1 9249//1
f 9249//1 9250//1 9252//1 9251//1
f 9251//1 9252//1 9254//1 9253//1
f 9253//1 9254//1 9256//1 9255//1
f 9255//1 9256//1 9258//1 9257//1
f 9257//1 9258//1 9260//1 9259//1
f 9259//1 9260//1 9262//1 9261//1
f 9261//1 9262//1 9264//1 9263//1
f 9263//1 9264//1 9266//1 9265//1
f 9265//1 9266//1 9268//1 9267//1
f 9267//1 9268//1 9270//1 9269//1
f 9269//1 9270//1 9272//1 9271//1
f 9271//1 9272//1 9274//1 9273//1
f 9273//1 9274//1 9276//1 9275//1
f 9275//1 9276//1 9278//1 9277//1
f 9277//1 9278//1 9280//1 9279//1
f 9279//1 9280//1 9282//1 9281//1
f 9281//1 9282//1 9284//1 9283//1
f 9283//1 9284//1 9286//1 9285//1
f 9285//1 9286//1 9288//1 9287//1
f 9287//1 9288//1 9290//1 9289//1
f 9289//1 9290//1 9292//1 9291//1
f 9291//1 9292//1 9294//1 9293//1
f 9293//1 9294//1 9296//1 9295//1
f 9295//1 9296//1 9298//1 9297//1
f 9297//1 9298//1 9300//1 9299//1
f 9299//1 9300//1 9302//1 9301//1
f 9301//1 9302//1 9304//1 9303//1
f 9303//1 9304//1 9306//1 9305//1
f 9305//1 9306//1 9308//1 9307//1
f 9307//1 9308//1 9310//1 9309//1
f 9309//1 9310//1 9312//1 9311//1
f 9311//1 9312//1 9314//1 9313//1
f 9313//1 9314//1 9316//1 9315//1
f 9315//1 9316//1 9318//1 9317//1
f 9317//1 9318//1 9320//1 9319//1
f 9319//1 9320//1 9322//1 9321//1
f 9321//1 9322//1 9324//1 9323//1
f 9323//1 9324//1 9326//1 9325//1
f 9325//1 9326//1 9328//1 9327//1
f 9327//1 9328//1 9330//1 9329//1
f 9329//1 9330//1 9332//1 9331//1
f 9331//1 9332//1 9334//1 9333//1
f 9333//1 9334//1 9336//1 9335//1
f 9335//1 9336//1 9338//1 9337//1
f 9337//1 9338//1 9340//1 9339//1
f 9339//1 9340//1 9342//1 9341//1
f 9341//1 9342//1 9344//1 9343//1
f 9343//1 9344//1 9346//1 9345//1
f 9345//1 9346//1 9348//1 9347//1
f 9347//1 9348//1 9350//1 9349//1
f 9349//1 9350//1 9352//1 9351//1
f 9351//1 9352//1 9354//1 9353//1
f 9353//1 9354//1 9356//1 9355//1
f 9355//1 9356//1 9358//1 9357//1
f 9357//1 9358//1 9360//1 9359//1
f 9359//1 9360//1 9362//1 9361//1
f 9361//1 9362//1 9364//1 9363//1
f 9363//1 9364//1 9366//1 9365//1
f 9365//1 9366//1 9368//1 9367//1
f 9367//1 9368//1 9370//1 9369//1
f 9369//1 9370//1 9372//1 9371//1
f 9371//1 9372//1 9374//1 9373//1
f 9373//1 9374//1 9376//1 9375//1
f 9375//1 9376//1 9378//1 9377//1
f 9377//1 9378//1 9380//1 9379//1
f 9379//1 9380//1 9382//1 9381//1
f 9381//1 9382//1 9384//1 9383//1
f 9383//1 9384//1 9386//1 9385//1
f 9385//1 9386//1 9388//1 9387//1
f 9387//1 9388//1 9390//1 9389//1
f 9389//1 9390//1 9392//1 9391//1
f 9391//1 9392//1 9394//1 9393//1
f 9393//1 9394//1 9396//1 9395//1
f 9395//1 9396//1 9398//1 9397//1
f 9397//1 9398//1 9400//1 9399//1
f 9399//1 9400//1 9402//1 9401//1
f 9401//1 9402//1 9404//1 9403//1
f 9403//1 9404//1 9406//1 9405//1
f 9405//1 9406//1 9408//1 9407//1
f 9407//1 9408//1 9410//1 9409//1
f 9409//1 9410//1 9412//1 9411//1
f 9411//1 9412//1 9414//1 9413//1
f 9413//1 9414//1 9416//1 9415//1
f 9415//1 9416//1 9418//1 9417//1
f 9417//1 9418//1 9420//1 9419//1
f 9419//1 9420//1 9422//1 9421//1
f 9421//1 9422//1 9424//1 9423//1
f 9423//1 9424//1 9426//1 9425//1
f 9425//1 9426//1 9428//1 9427//1
f 9427//1 9428//1 9430//1 9429//1
f 9429//1 9430//1 9432//1 9431//1
f 9431//1 9432//1 9434//1 9433//1
f 9433//1 9434//1 9436//1 9435//1
f 9435//1 9436//1 9438//1 9437//1
f 9437//1 9438//1 9440//1 9439//1
f 9439//1 9440//1 9442//1 9441//1
f 9441//1 9442//1 9444//1 9443//1
f 9443//1 9444//1 9446//1 9445//1
f 9445//1 9446//1 9448//1 9447//1
f 9447//1 9448//1 9450//1 9449//1
f 9449//1 9450//1 9452//1 9451//1
f 9451//1 9452//1 9454//1 9453//1
f 9453//1 9454//1 9456//1 9455//1
f 9455//1 9456//1 9458//1 9457//1
f 9457//1 9458//1 9460//1 9459//1
f 9459//1 9460//1 9462//1 9461//1
f 9461//1 9462//1 9464//1 9463//1
f 9463//1 9464//1 9466//1 9465//1
f 9465//1 9466//1 9468//1 9467//1
f 9467//1 9468//1 9470//1 9469//1
f 9469//1 9470//1 9472//1 9471//1
f 9471//1 9472//1 9474//1 9473//1
f 9473//1 9474//1 9476//1 9475//1
f 9475//1 9476//1 9478//1 9477//1
f 9477//1 9478//1 9480//1 9479//1
f 9479//1 9480//1 9482//1 9481//1
f 9481//1 9482//1 9484//1 9483//1
f 9483//1 9484//1 9486//1 9485//1
f 9485//1 9486//1 9488//1 9487//1
f 9487//1 9488//1 9490//1 9489//1
f 9489//1 9490//1 9492//1 9491//1
f 9491//1 9492//1 9494//1 9493//1
f 9493//1 9494//1 9496//1 9495//1
f 9495//1 9496//1 9498//1 9497//1
f 9497//1 9498//1 9500//1 9499//1
f 9499//1 9500//1 9502//1 9501//1
f 9501//1 9502//1 9504//1 9503//1
f 9503//1 9504//1 9506//1 9505//1
f 9505//1 9506//1 9508//1 9507//1
f 9507//1 9508//1 9510//1 9509//1
f 9509//1 9510//1 9512//1 9511//1
f 9511//1 9512//1 9514//1 9513//1
f 9513//1 9514//1 9516//1 9515//1
f 9515//1 9516//1 9518//1 9517//1
f 9517//1 9518//1 9520//1 9519//1
f 9519//1 9520//1 9522//1 9521//1
f 9521//1 9522//1 9524//1 9523//1
f 9523//1 9524//1 9526//1 9525//1
f 9525//1 9526//1 9528//1 9527//1
f 9527//1 9528//1 9530//1 9529//1
f 9529//1 9530//1 9532//1 9531//1
f 9531//1 9532//1 9534//1 9533//1
f 9533//1 9534//1 9536//1 9535//1
f 9535//1 9536//1 9538//1 9537//1
f 9537//1 9538//1 9540//1 9539//1
f 9539//1 9540//1 9542//1 9541//1
f 9541//1 9542//1 9544//1 9543//1
f 9543//1 9544//1 9546//1 9545//1
f 9545//1 9546//1 9548//1 9547//1
f 9547//1 9548//1 9550//1 9549//1
f 9549//1 9550//1 9552//1 9551//1
f 9551//1 9552//1 9554//1 9553//1
f 9553//1 9554//1 9556//1 9555//1
f 9555//1 9556//1 9558//1 9557//1
f 9557//1 9558//1 9560//1 9559//1
f 9559//1 9560//1 9562//1 9561//1
f 9561//1 9562//1 9564//1 9563//1
f 9563//1 9564//1 9566//1 9565//1
f 9565//1 9566//1 9568//1 9567//1
f 9567//1 9568//1 9570//1 9569//1
f 9569//1 9570//1 9572//1 9571//1
f 9571//1 9572//1 9574//1 9573//1
f 9573//1 9574//1 9576//1 9575//1
f 9575//1 9576//1 9578//1 9577//1
f 9577//1 9578//1 9580//1 9579//1
f 9579//1 9580//1 9582//1 9581//1
f 9581//1 9582//1 9584//1 9583//1
f 9583//1 9584//1 9586//1 9585//1
f 9585//1 9586//1 9588//1 9587//1
f 9587//1 9588//1 9590//1 9589//1
f 9589//1 9590//1 9592//1 9591//1
f 9591//1 9592//1 9594//1 9593//1
f 9593//1 9594//1 9596//1 9595//1
f 9595//1 9596//1 9598//1 9597//1
f 9597//1 9598//1 9600//1 9599//1
f 9599//1 9600//1 9602//1 9601//1
f 9601//1 9602//1 9604//1 9603//1
f 9603//1 9604//1 9606//1 9605//1
f 9605//1 9606//1 9608//1 9607//1
f 9607//1 9608//1 9610//1 9609//1
f 9609//1 9610//1 9612//1 9611//1
f 9611//1 9612//1 9614//1 9613//1
f 9613//1 9614//1 9616//1 9615//1
f 9615//1 9616//1 9618//1 9617//1
f 9617//1 9618//1 9620//1 9619//1
f 9619//1 9620//1 9622//1 9621//1
f 9623//1 9624//1 9626//1 9625//1
f 9625//1 9626//1 9628//1 9627//1
f 9627//1 9628//1 9630//1 9629//1
f 9631//1 9632//1 9634//1 9633//1
f 9635//1 9636//1 9638//1 9637//1
f 9639//1 9640//1 9642//1 9641//1
f 9641//1 9642//1 9644//1 9643//1
f 9645//1 9646//1 9648//1 9647//1
f 9647//1 9648//1 9650//1 9649//1
f 9649//1 9650//1 9652//1 9651//1
f 9651//1 9652//1 9654//1 9653//1
f 9653//1 9654//1 9656//1 9655//1
f 9655//1 9656//1 9658//1 9657//1
f 9657//1 9658//1 9660//1 9659//1
f 9659//1 9660//1 9662//1 9661//1
f 9661//1 9662//1 9664//1 9663//1
f 9663//1 9664//1 9666//1 9665//1
f 9665//1 9666//1 9668//1 9667//1
f 9667//1 9668//1 9670//1 9669//1
f 9669//1 9670//1 9672//1 9671//1
f 9671//1 9672//1 9674//1 9673//1
f 9673//1 9674//1 9676//1 9675//1
f 9675//1 9676//1 9678//1 9677//1
f 9677//1 9678//1 9680//1 9679//1
f 9679//1 9680//1 9682//1 9681//1
f 9681//1 9682//1 9684//1 9683//1
f 9683//1 9684//1 9686//1 9685//1
f 9685//1 9686//1 9688//1 9687//1
f 9687//1 9688//1 9690//1 9689//1
f 9689//1 9690//1 9692//1 9691//1
f 9691//1 9692//1 9694//1 9693//1
f 9693//1 9694//1 9696//1 9695//1
f 9695//1 9696//1 9698//1 9697//1
f 9697//1 9698//1 9700//1 9699//1
f 9699//1 9700//1 9702//1 9701//1
f 9701//1 9702//1 9704//1 9703//1
f 9703//1 9704//1 9706//1 9705//1
f 9705//1 9706//1 9708//1 9707//1
f 9707//1 9708//1 9710//1 9709//1
f 9709//1 9710//1 9712//1 9711//1
f 9711//1 9712//1 9714//1 9713//1
f 9713//1 9714//1 9716//1 9715//1
f 9715//1 9716//1 9718//1 9717//1
f 9717//1 9718//1 9720//1 9719//1
f 9719//1 9720//1 9722//1 9721//1
f 9721//1 9722//1 9724//1 9723//1
f 9723//1 9724//1 9726//1 9725//1
f 9725//1 9726//1 9728//1 9727//1
f 9727//1 9728//1 9730//1 9729//1
f 9729//1 9730//1 9732//1 9731//1
f 9731//1 9732//1 9734//1 9733//1
f 9733//1 9734//1 9736//1 9735//1
f 9735//1 9736//1 9738//1 9737//1
f 9737//1 9738//1 9740//1 9739//1
f 9739//1 9740//1 9742//1 9741//1
f 9741//1 9742//1 9744//1 9743//1
f 9743//1 9744//1 9746//1 9745//1
f 9745//1 9746//1 9748//1 9747//1
f 9747//1 9748//1 9750//1 9749//1
f 9749//1 9750//1 9752//1 9751//1
f 9751//1 9752//1 9754//1 9753//1
f 9753//1 9754//1 9756//1 9755//1
f 9755//1 9756//1 9758//1 9757//1
f 9757//1 9758//1 9760//1 9759//1
f 9759//1 9760//1 9762//1 9761//1
f 9761//1 9762//1 9764//1 9763//1
f 9763//1 9764//1 9766//1 9765//1
f 9765//1 9766//1 9768//1 9767//1
f 9767//1 9768//1 9770//1 9769//1
f 9769//1 9770//1 9772//1 9771//1
f 9771//1 9772//1 9774//1 9773//1
f 9773//1 9774//1 9776//1 9775//1
f 9775//1 9776//1 9778//1 9777//1
f 9777//1 9778//1 9780//1 9779//1
f 9779//1 9780//1 9782//1 9781//1
f 9781//1 9782//1 9784//1 9783//1
f 9783//1 9784//1 9786//1 9785//1
f 9785//1 9786//1 9788//1 9787//1
f 9787//1 9788//1 9790//1 9789//1
f 9789//1 9790//1 9792//1 9791//1
f 9791//1 9792//1 9794//1 9793//1
f 9793//1 9794//1 9796//1 9795//1
f 9795//1 9796//1 9798//1 9797//1
f 9797//1 9798//1 9800//1 9799//1
f 9799//1 9800//1 9802//1 9801//1
f 9801//1 9802//1 9804//1 9803//1
f 9803//1 9804//1 9806//1 9805//1
f 9807//1 9808//1 9810//1 9809//1
f 9811//1 9812//1 9814//1 9813//1
f 9815//1 9816//1 9818//1 9817//1
f 9817//1 9818//1 9820//1 9819//1
f 9819//1 9820//1 9822//1 9821//1
f 9821//1 9822//1 9824//1 9823//1
f 9823//1 9824//1 9826//1 9825//1
f 9825//1 9826//1 9828//1 9827//1
f 9827//1 9828//1 9830//1 9829//1
f 9829//1 9830//1 9832//1 9831//1
f 9831//1 9832//1 9834//1 9833//1
f 9833//1 9834//1 9836//1 9835//1
f 9837//1 9838//1 9840//1 9839//1
f 9839//1 9840//1 9842//1 9841//1
f 9843//1 9844//1 9846//1 9845//1
f 9847//1 9848//1 9850//1 9849//1
f 9851//1 9852//1 9854//1 9853//1
f 9853//1 9854//1 9856//1 9855//1
f 9855//1 9856//1 9858//1 9857//1
f 9857//1 9858//1 9860//1 9859//1
f 9859//1 9860//1 9862//1 9861//1
f 9861//1 9862//1 9864//1 9863//1
f 9863//1 9864//1 9866//1 9865//1
f 9865//1 9866//1 9868//1 9867//1
f 9869//1 9870//1 9872//1 9871//1
f 9873//1 9874//1 9876//1 9875//1
f 9877//1 9878//1 9880//1 9879//1
f 9879//1 9880//1 9882//1 9881//1
f 9881//1 9882//1 9884//1 9883//1
f 9883//1 9884//1 9886//1 9885//1
f 9887//1 9888//1 9890//1 9889//1
f 9889//1 9890//1 9892//1 9891//1
f 9891//1 9892//1 9894//1 9893//1
f 9895//1 9896//1 9898//1 9897//1
f 9899//1 9900//1 9902//1 9901//1
f 9901//1 9902//1 9904//1 9903//1
f 9903//1 9904//1 9906//1 9905//1
f 9905//1 9906//1 9908//1 9907//1
f 9907//1 9908//1 9910//1 9909//1
f 9909//1 9910//1 9912//1 9911//1
f 9911//1 9912//1 9914//1 9913//1
f 9913//1 9914//1 9916//1 9915//1
f 9915//1 9916//1 9918//1 9917//1
f 9917//1 9918//1 9920//1 9919//1
f 9919//1 9920//1 9922//1 9921//1
f 9921//1 9922//1 9924//1 9923//1
f 9923//1 9924//1 9926//1 9925//1
f 9925//1 9926//1 9928//1 9927//1
f 9927//1 9928//1 9930//1 9929//1
f 9929//1 9930//1 9932//1 9931//1
f 9931//1 9932//1 9934//1 9933//1
f 9933//1 9934//1 9936//1 9935//1
f 9935//1 9936//1 9938//1 9937//1
f 9937//1 9938//1 9940//1 9939//1
f 9939//1 9940//1 9942//1 9941//1
f 9941//1 9942//1 9944//1 9943//1
f 9943//1 9944//1 9946//1 9945//1
f 9945//1 9946//1 9948//1 9947//1
f 9947//1 9948//1 9950//1 9949//1
f 9949//1 9950//1 9952//1 9951//1
f 9951//1 9952//1 9954//1 9953//1
f 9953//1 9954//1 9956//1 9955//1
f 9955//1 9956//1 9958//1 9957//1
f 9957//1 9958//1 9960//1 9959//1
f 9959//1 9960//1 9962//1 9961//1
f 9961//1 9962//1 9964//1 9963//1
f 9963//1 9964//1 9966//1 9965//1
f 9965//1 9966//1 9968//1 9967//1
f 9967//1 9968//1 9970//1 9969//1
f 9969//1 9970//1 9972//1 9971//1
f 9971//1 9972//1 9974//1 9973//1
f 9973//1 9974//1 9976//1 9975//1
f 9975//1 9976//1 9978//1 9977//1
f 9977//1 9978//1 9980//1 9979//1
f 9979//1 9980//1 9982//1 9981//1
f 9981//1 9982//1 9984//1 9983//1
f 9983//1 9984//1 9986//1 9985//1
f 9985//1 9986//1 9988//1 9987//1
f 9987//1 9988//1 9990//1 9989//1
f 9989//1 9990//1 9992//1 9991//1
f 9991//1 9992//1 9994//1 9993//1
f 9993//1 9994//1 9996//1 9995//1
f 9997//1 9998//1 10000//1 9999//1
f 10001//1 10002//1 10004//1 10003//1
f 10005//1 10006//1 10008//1 10007//1
f 10007//1 10008//1 10010//1 10009//1
f 10011//1 10012//1 10014//1 10013//1
f 10015//1 10016//1 10018//1 10017//1
f 10017//1 10018//1 10020//1 10019//1
f 10019//1 10020//1 10022//1 10021//1
f 10021//1 10022//1 10024//1 10023//1
f 10023//1 10024//1 10026//1 10025//1
f 10025//1 10026//1 10028//1 10027//1
f 10029//1 10030//1 10032//1 10031//1
f 10031//1 10032//1 10034//1 10033//1
f 10035//1 10036//1 10038//1 10037//1
f 10039//1 10040//1 10042//1 10041//1
f 10043//1 10044//1 10046//1 10045//1
f 10045//1 10046//1 10048//1 10047//1
f 10049//1 10050//1 10052//1 10051//1
f 10051//1 10052//1 10054//1 10053//1
f 10053//1 10054//1 10056//1 10055//1
f 10055//1 10056//1 10058//1 10057//1
f 10057//1 10058//1 10060//1 10059//1
f 10059//1 10060//1 10062//1 10061//1
f 10061//1 10062//1 10064//1 10063//1
f 10065//1 10066//1 10068//1 10067//1
f 10067//1 10068//1 10070//1 10069//1
f 10069//1 10070//1 10072//1 10071//1
f 10073//1 10074//1 10076//1 10075//1
f 10075//1 10076//1 10078//1 10077//1
f 10079//1 10080//1 10082//1 10081//1
f 10081//1 10082//1 10084//1 10083//1
f 10083//1 10084//1 10086//1 10085//1
f 10085//1 10086//1 10088//1 10087//1
f 10087//1 10088//1 10090//1 10089//1
f 10089//1 10090//1 10092//1 10091//1
f 10091//1 10092//1 10094//1 10093//1
f 10093//1 10094//1 10096//1 10095//1
f 10097//1 10098//1 10100//1 10099//1
f 10099//1 10100//1 10102//1 10101//1
f 10101//1 10102//1 10104//1 10103//1
f 10103//1 10104//1 10106//1 10105//1
f 10105//1 10106//1 10108//1 10107//1
f 10107//1 10108//1 10110//1 10109//1
f 10109//1 10110//1 10112//1 10111//1
f 10111//1 10112//1 10114//1 10113//1
f 10115//1 10116//1 10118//1 10117//1
f 10117//1 10118//1 10120//1 10119//1
f 10121//1 10122//1 10124//1 10123//1
f 10123//1 10124//1 10126//1 10125//1
f 10125//1 10126//1 10128//1 10127//1
f 10127//1 10128//1 10130//1 10129//1
f 10129//1 10130//1 10132//1 10131//1
f 10131//1 10132//1 10134//1 10133//1
f 10133//1 10134//1 10136//1 10135//1
f 10135//1 10136//1 10138//1 10137//1
f 10137//1 10138//1 10140//1 10139//1
f 10139//1 10140//1 10142//1 10141//1
f 10141//1 10142//1 10144//1 10143//1
f 10143//1 10144//1 10146//1 10145//1
f 10145//1 10146//1 10148//1 10147//1
f 10147//1 10148//1 10150//1 10149//1
f 10149//1 10150//1 10152//1 10151//1
f 10151//1 10152//1 10154//1 10153//1
f 10153//1 10154//1 10156//1 10155//1
f 10155//1 10156//1 10158//1 10157//1
f 10157//1 10158//1 10160//1 10159//1
f 10159//1 10160//1 10162//1 10161//1
f 10161//1 10162//1 10164//1 10163//1
f 10163//1 10164//1 10166//1 10165//1
f 10165//1 10166//1 10168//1 10167//1
f 10167//1 10168//1 10170//1 10169//1
f 10169//1 10170//1 10172//1 10171//1
f 10171//1 10172//1 10174//1 10173//1
f 10173//1 10174//1 10176//1 10175//1
f 10175//1 10176//1 10178//1 10177//1
f 10177//1 10178//1 10180//1 10179//1
f 10179//1 10180//1 10182//1 10181//1
f 10181//1 10182//1 10184//1 10183//1
f 10183//1 10184//1 10186//1 10185//1
f 10185//1 10186//1 10188//1 10187//1
f 10187//1 10188//1 10190//1 10189//1
f 10189//1 10190//1 10192//1 10191//1
f 10191//1 10192//1 10194//1 10193//1
f 10193//1 10194//1 10196//1 10195//1
f 10195//1 10196//1 10198//1 10197//1
f 10197//1 10198//1 10200//1 10199//1
f 10199//1 10200//1 10202//1 10201//1
f 10201//1 10202//1 10204//1 10203//1
f 10203//1 10204//1 10206//1 10205//1
f 10205//1 10206//1 10208//1 10207//1
f 10207//1 10208//1 10210//1 10209//1
f 10209//1 10210//1 10212//1 10211//1
f 10211//1 10212//1 10214//1 10213//1
f 10213//1 10214//1 10216//1 10215//1
f 10215//1 10216//1 10218//1 10217//1
f 10217//1 10218//1 10220//1 10219//1
f 10219//1 10220//1 10222//1 10221//1
f 10221//1 10222//1 10224//1 10223//1
f 10223//1 10224//1 10226//1 10225//1
f 10225//1 10226//1 10228//1 10227//1
f 10227//1 10228//1 10230//1 10229//1
f 10229//1 10230//1 10232//1 10231//1
f 10231//1 10232//1 10234//1 10233//1
f 10233//1 10234//1 10236//1 10235//1
f 10235//1 10236//1 10238//1 10237//1
f 10237//1 10238//1 10240//1 10239//1
f 10241//1 10242//1 10244//1 10243//1
f 10243//1 10244//1 10246//1 10245//1
f 10245//1 10246//1 10248//1 10247//1
f 10247//1 10248//1 10250//1 10249//1
f 10249//1 10250//1 10252//1 10251//1
f 10251//1 10252//1 10254//1 10253//1
f 10253//1 10254//1 10256//1 10255//1
f 10255//1 10256//1 10258//1 10257//1
f 10257//1 10258//1 10260//1 10259//1
f 10259//1 10260//1 10262//1 10261//1
f 10261//1 10262//1 10264//1 10263//1
f 10263//1 10264//1 10266//1 10265//1
f 10265//1 10266//1 10268//1 10267//1
f 10267//1 10268//1 10270//1 10269//1
f 10269//1 10270//1 10272//1 10271//1
f 10271//1 10272//1 10274//1 10273//1
f 10273//1 10274//1 10276//1 10275//1
f 10275//1 10276//1 10278//1 10277//1
f 10277//1 10278//1 10280//1 10279//1
f 10279//1 10280//1 10282//1 10281//1
f 10281//1 10282//1 10284//1 10283//1
f 10283//1 10284//1 10286//1 10285//1
f 10285//1 10286//1 10288//1 10287//1
f 10287//1 10288//1 10290//1 10289//1
f 10289//1 10290//1 10292//1 10291//1
f 10291//1 10292//1 10294//1 10293//1
f 10293//1 10294//1 10296//1 10295//1
f 10295//1 10296//1 10298//1 10297//1
f 10297//1 10298//1 10300//1 10299//1
f 10299//1 10300//1 10302//1 10301//1
f 10301//1 10302//1 10304//1 10303//1
f 10303//1 10304//1 10306//1 10305//1
f 10305//1 10306//1 10308//1 10307//1
f 10307//1 10308//1 10310//1 10309//1
f 10309//1 10310//1 10312//1 10311//1
f 10311//1 10312//1 10314//1 10313//1
f 10313//1 10314//1 10316//1 10315//1
f 10315//1 10316//1 10318//1 10317//1
f 10317//1 10318//1 10320//1 10319//1
f 10319//1 10320//1 10322//1 10321//1
f 10321//1 10322//1 10324//1 10323//1
f 10323//1 10324//1 10326//1 10325//1
f 10325//1 10326//1 10328//1 10327//1
f 10327//1 10328//1 10330//1 10329//1
f 10329//1 10330//1 10332//1 10331//1
f 10331//1 10332//1 10334//1 10333//1
f 10333//1 10334//1 10336//1 10335//1
f 10335//1 10336//1 10338//1 10337//1
f 10337//1 10338//1 10340//1 10339//1
f 10341//1 10342//1 10344//1 10343//1
f 10343//1 10344//1 10346//1 10345//1
f 10345//1 10346//1 10348//1 10347//1
f 10347//1 10348//1 10350//1 10349//1
f 10349//1 10350//1 10352//1 10351//1
f 10351//1 10352//1 10354//1 10353//1
f 10353//1 10354//1 10356//1 10355//1
f 10355//1 10356//1 10358//1 10357//1
f 10357//1 10358//1 10360//1 10359//1
f 10359//1 10360//1 10362//1 10361//1
f 10361//1 10362//1 10364//1 10363//1
f 10363//1 10364//1 10366//1 10365//1
f 10365//1 10366//1 10368//1 10367//1
f 10367//1 10368//1 10370//1 10369//1
f 10369//1 10370//1 10372//1 10371//1
f 10373//1 10374//1 10376//1 10375//1
f 10377//1 10378//1 10380//1 10379//1
f 10379//1 10380//1 10382//1 10381//1
f 10381//1 10382//1 10384//1 10383//1
f 10383//1 10384//1 10386//1 10385//1
f 10387//1 10388//1 10390//1 10389//1
f 10391//1 10392//1 10394//1 10393//1
f 10395//1 10396//1 10398//1 10397//1
f 10397//1 10398//1 10400//1 10399//1
f 10399//1 10400//1 10402//1 10401//1
f 10401//1 10402//1 10404//1 10403//1
f 10403//1 10404//1 10406//1 10405//1
f 10405//1 10406//1 10408//1 10407//1
f 10407//1 10408//1 10410//1 10409//1
f 10409//1 10410//1 10412//1 10411//1
f 10411//1 10412//1 10414//1 10413//1
f 10413//1 10414//1 10416//1 10415//1
f 10415//1 10416//1 10418//1 10417//1
f 10417//1 10418//1 10420//1 10419//1
f 10419//1 10420//1 10422//1 10421//1
f 10421//1 10422//1 10424//1 10423//1
f 10423//1 10424//1 10426//1 10425//1
f 10425//1 10426//1 10428//1 10427//1
f 10427//1 10428//1 10430//1 10429//1
f 10429//1 10430//1 10432//1 10431//1
f 10431//1 10432//1 10434//1 10433//1
f 10435//1 10436//1 10438//1 10437//1
f 10437//1 10438//1 10440//1 10439//1
f 10439//1 10440//1 10442//1 10441//1
f 10443//1 10444//1 10446//1 10445//1
f 10445//1 10446//1 10448//1 10447//1
f 10447//1 10448//1 10450//1 10449//1
f 10449//1 10450//1 10452//1 10451//1
f 10451//1 10452//1 10454//1 10453//1
f 10453//1 10454//1 10456//1 10455//1
f 10455//1 10456//1 10458//1 10457//1
f 10457//1 10458//1 10460//1 10459//1
f 10459//1 10460//1 10462//1 10461//1
f 10461//1 10462//1 10464//1 10463//1
f 10463//1 10464//1 10466//1 10465//1
f 10465//1 10466//1 10468//1 10467//1
f 10467//1 10468//1 10470//1 10469//1
f 10469//1 10470//1 10472//1 10471//1
f 10471//1 10472//1 10474//1 10473//1
f 10473//1 10474//1 10476//1 10475//1
f 10475//1 10476//1 10478//1 10477//1
f 10477//1 10478//1 10480//1 10479//1
f 10479//1 10480//1 10482//1 10481//1
f 10481//1 10482//1 10484//1 10483//1
f 10483//1 10484//1 10486//1 10485//1
f 10485//1 10486//1 10488//1 10487//1
f 10487//1 10488//1 10490//1 10489//1
f 10489//1 10490//1 10492//1 10491//1
f 10491//1 10492//1 10494//1 10493//1
f 10493//1 10494//1 10496//1 10495//1
f 10495//1 10496//1 10498//1 10497//1
f 10497//1 10498//1 10500//1 10499//1
f 10499//1 10500//1 10502//1 10501//1
f 10501//1 10502//1 10504//1 10503//1
f 10503//1 10504//1 10506//1 10505//1
f 10505//1 10506//1 10508//1 10507//1
f 10509//1 10510//1 10512//1 10511//1
f 10511//1 10512//1 10514//1 10513//1
f 10515//1 10516//1 10518//1 10517//1
f 10517//1 10518//1 10520//1 10519//1
f 10519//1 10520//1 10522//1 10521//1
f 10521//1 10522//1 10524//1 10523//1
f 10523//1 10524//1 10526//1 10525//1
f 10525//1 10526//1 10528//1 10527//1
f 10527//1 10528//1 10530//1 10529//1
f 10529//1 10530//1 10532//1 10531//1
f 10531//1 10532//1 10534//1 10533//1
f 10533//1 10534//1 10536//1 10535//1
f 10535//1 10536//1 10538//1 10537//1
f 10537//1 10538//1 10540//1 10539//1
f 10541//1 10542//1 10544//1 10543//1
f 10545//1 10546//1 10548//1 10547//1
f 10547//1 10548//1 10550//1 10549//1
f 10549//1 10550//1 10552//1 10551//1
f 10551//1 10552//1 10554//1 10553//1
f 10553//1 10554//1 10556//1 10555//1
f 10555//1 10556//1 10558//1 10557//1
f 10557//1 10558//1 10560//1 10559//1
f 10559//1 10560//1 10562//1 10561//1
f 10561//1 10562//1 10564//1 10563//1
f 10563//1 10564//1 10566//1 10565//1
f 10565//1 10566//1 10568//1 10567//1
f 10567//1 10568//1 10570//1 10569//1
f 10571//1 10572//1 10574//1 10573//1
f 10575//1 10576//1 10578//1 10577//1
f 10577//1 10578//1 10580//1 10579//1
f 10579//1 10580//1 10582//1 10581//1
f 10581//1 10582//1 10584//1 10583//1
f 10583//1 10584//1 10586//1 10585//1
f 10585//1 10586//1 10588//1 10587//1
f 10587//1 10588//1 10590//1 10589//1
f 10589//1 10590//1 10592//1 10591//1
f 10591//1 10592//1 10594//1 10593//1
f 10593//1 10594//1 10596//1 10595//1
f 10595//1 10596//1 10598//1 10597//1
f 10597//1 10598//1 10600//1 10599//1
f 10599//1 10600//1 10602//1 10601//1
f 10601//1 10602//1 10604//1 10603//1
f 10603//1 10604//1 10606//1 10605//1
f 10605//1 10606//1 10608//1 10607//1
f 10607//1 10608//1 10610//1 10609//1
f 10609//1 10610//1 10612//1 10611//1
f 10611//1 10612//1 10614//1 10613//1
f 10613//1 10614//1 10616//1 10615//1
f 10615//1 10616//1 10618//1 10617//1
f 10617//1 10618//1 10620//1 10619//1
f 10619//1 10620//1 10622//1 10621//1
f 10621//1 10622//1 10624//1 10623//1
f 10623//1 10624//1 10626//1 10625//1
f 10625//1 10626//1 10628//1 10627//1
f 10627//1 10628//1 10630//1 10629//1
f 10629//1 10630//1 10632//1 10631//1
f 10631//1 10632//1 10634//1 10633//1
f 10635//1 10636//1 10638//1 10637//1
f 10637//1 10638//1 10640//1 10639//1
f 10639//1 10640//1 10642//1 10641//1
f 10641//1 10642//1 10644//1 10643//1
f 10643//1 10644//1 10646//1 10645//1
f 10645//1 10646//1 10648//1 10647//1
f 10647//1 10648//1 10650//1 10649//1
f 10649//1 10650//1 10652//1 10651//1
f 10651//1 10652//1 10654//1 10653//1
f 10653//1 10654//1 10656//1 10655//1
f 10655//1 10656//1 10658//1 10657//1
f 10657//1 10658//1 10660//1 10659//1
f 10659//1 10660//1 10662//1 10661//1
f 10661//1 10662//1 10664//1 10663//1
f 10663//1 10664//1 10666//1 10665//1
f 10665//1 10666//1 10668//1 10667//1
f 10667//1 10668//1 10670//1 10669//1
f 10669//1 10670//1 10672//1 10671//1
f 10671//1 10672//1 10674//1 10673//1
f 10673//1 10674//1 10676//1 10675//1
f 10675//1 10676//1 10678//1 10677//1
f 10677//1 10678//1 10680//1 10679//1
f 10679//1 10680//1 10682//1 10681//1
f 10681//1 10682//1 10684//1 10683//1
f 10683//1 10684//1 10686//1 10685//1
f 10685//1 10686//1 10688//1 10687//1
f 10687//1 10688//1 10690//1 10689//1
f 10689//1 10690//1 10692//1 10691//1
f 10691//1 10692//1 10694//1 10693//1
f 10693//1 10694//1 10696//1 10695//1
f 10695//1 10696//1 10698//1 10697//1
f 10697//1 10698//1 10700//1 10699//1
f 10699//1 10700//1 10702//1 10701//1
f 10701//1 10702//1 10704//1 10703//1
f 10703//1 10704//1 10706//1 10705//1
f 10705//1 10706//1 10708//1 10707//1
f 10707//1 10708//1 10710//1 10709//1
f 10709//1 10710//1 10712//1 10711//1
f 10711//1 10712//1 10714//1 10713//1
f 10713//1 10714//1 10716//1 10715//1
f 10715//1 10716//1 10718//1 10717//1
f 10717//1 10718//1 10720//1 10719//1
f 10719//1 10720//1 10722//1 10721//1
f 10721//1 10722//1 10724//1 10723//1
f 10723//1 10724//1 10726//1 10725//1
f 10725//1 10726//1 10728//1 10727//1
f 10727//1 10728//1 10730//1 10729//1
f 10729//1 10730//1 10732//1 10731//1
f 10731//1 10732//1 10734//1 10733//1
f 10733//1 10734//1 10736//1 10735//1
f 10735//1 10736//1 10738//1 10737//1
f 10737//1 10738//1 10740//1 10739//1
f 10739//1 10740//1 10742//1 10741//1
f 10741//1 10742//1 10744//1 10743//1
f 10743//1 10744//1 10746//1 10745//1
f 10745//1 10746//1 10748//1 10747//1
f 10747//1 10748//1 10750//1 10749//1
f 10749//1 10750//1 10752//1 10751//1
f 10753//1 10754//1 10756//1 10755//1
f 10757//1 10758//1 10760//1 10759//1
f 10761//1 10762//1 10764//1 10763//1
f 10765//1 10766//1 10768//1 10767//1
f 10767//1 10768//1 10770//1 10769//1
f 10769//1 10770//1 10772//1 10771//1
f 10771//1 10772//1 10774//1 10773//1
f 10773//1 10774//1 10776//1 10775//1
f 10775//1 10776//1 10778//1 10777//1
f 10779//1 10780//1 10782//1 10781//1
f 10781//1 10782//1 10784//1 10783//1
f 10785//1 10786//1 10788//1 10787//1
f 10787//1 10788//1 10790//1 10789//1
f 10789//1 10790//1 10792//1 10791//1
f 10793//1 10794//1 10796//1 10795//1
f 10795//1 10796//1 10798//1 10797//1
f 10797//1 10798//1 10800//1 10799//1
f 10799//1 10800//1 10802//1 10801//1
f 10801//1 10802//1 10804//1 10803//1
f 10803//1 10804//1 10806//1 10805//1
f 10805//1 10806//1 10808//1 10807//1
f 10807//1 10808//1 10810//1 10809//1
f 10809//1 10810//1 10812//1 10811//1
f 10811//1 10812//1 10814//1 10813//1
f 10813//1 10814//1 10816//1 10815//1
f 10815//1 10816//1 10818//1 10817//1
f 10817//1 10818//1 10820//1 10819//1
f 10819//1 10820//1 10822//1 10821//1
f 10821//1 10822//1 10824//1 10823//1
f 10823//1 10824//1 10826//1 10825//1
f 10825//1 10826//1 10828//1 10827//1
f 10827//1 10828//1 10830//1 10829//1
f 10831//1 10832//1 10834//1 10833//1
f 10835//1 10836//1 10838//1 10837//1
f 10837//1 10838//1 10840//1 10839//1
f 10839//1 10840//1 10842//1 10841//1
f 10841//1 10842//1 10844//1 10843//1
f 10845//1 10846//1 10848//1 10847//1
f 10849//1 10850//1 10852//1 10851//1
f 10853//1 10854//1 10856//1 10855//1
f 10855//1 10856//1 10858//1 10857//1
f 10857//1 10858//1 10860//1 10859//1
f 10859//1 10860//1 10862//1 10861//1
f 10861//1 10862//1 10864//1 10863//1
f 10863//1 10864//1 10866//1 10865//1
f 10865//1 10866//1 10868//1 10867//1
f 10869//1 10870//1 10872//1 10871//1
f 10871//1 10872//1 10874//1 10873//1
f 10873//1 10874//1 10876//1 10875//1
f 10875//1 10876//1 10878//1 10877//1
f 10879//1 10880//1 10882//1 10881//1
f 10883//1 10884//1 10886//1 10885//1
f 10887//1 10888//1 10890//1 10889//1
f 10891//1 10892//1 10894//1 10893//1
f 10893//1 10894//1 10896//1 10895//1
f 10895//1 10896//1 10898//1 10897//1
f 10897//1 10898//1 10900//1 10899//1
f 10901//1 10902//1 10904//1 10903//1
f 10903//1 10904//1 10906//1 10905//1
f 10905//1 10906//1 10908//1 10907//1
f 10907//1 10908//1 10910//1 10909//1
f 10909//1 10910//1 10912//1 10911//1
f 10911//1 10912//1 10914//1 10913//1
f 10913//1 10914//1 10916//1 10915//1
f 10915//1 10916//1 10918//1 10917//1
f 10917//1 10918//1 10920//1 10919//1
f 10919//1 10920//1 10922//1 10921//1
f 10921//1 10922//1 10924//1 10923//1
f 10923//1 10924//1 10926//1 10925//1
f 10925//1 10926//1 10928//1 10927//1
f 10927//1 10928//1 10930//1 10929//1
f 10929//1 10930//1 10932//1 10931//1
f 10933//1 10934//1 10936//1 10935//1
f 10937//1 10938//1 10940//1 10939//1
f 10939//1 10940//1 10942//1 10941//1
f 10941//1 10942//1 10944//1 10943//1
f 10943//1 10944//1 10946//1 10945//1
f 10945//1 10946//1 10948//1 10947//1
f 10947//1 10948//1 10950//1 10949//1
f 10949//1 10950//1 10952//1 10951//1
f 10951//1 10952//1 10954//1 10953//1
f 10953//1 10954//1 10956//1 10955//1
f 10955//1 10956//1 10958//1 10957//1
f 10957//1 10958//1 10960//1 10959//1
f 10959//1 10960//1 10962//1 10961//1
f 10961//1 10962//1 10964//1 10963//1
f 10963//1 10964//1 10966//1 10965//1
f 10965//1 10966//1 10968//1 10967//1
f 10967//1 10968//1 10970//1 10969//1
f 10969//1 10970//1 10972//1 10971//1
f 10971//1 10972//1 10974//1 10973//1
f 10973//1 10974//1 10976//1 10975//1
f 10977//1 10978//1 10980//1 10979//1
f 10981//1 10982//1 10984//1 10983//1
f 10983//1 10984//1 10986//1 10985//1
f 10985//1 10986//1 10988//1 10987//1
f 10987//1 10988//1 10990//1 10989//1
f 10989//1 10990//1 10992//1 10991//1
f 10991//1 10992//1 10994//1 10993//1
f 10993//1 10994//1 10996//1 10995//1
f 10995//1 10996//1 10998//1 10997//1
f 10997//1 10998//1 11000//1 10999//1
f 10999//1 11000//1 11002//1 11001//1
f 11001//1 11002//1 11004//1 11003//1
f 11003//1 11004//1 11006//1 11005//1
f 11005//1 11006//1 11008//1 11007//1
f 11007//1 11008//1 11010//1 11009//1
f 11009//1 11010//1 11012//1 11011//1
f 11011//1 11012//1 11014//1 11013//1
f 11013//1 11014//1 11016//1 11015//1
f 11015//1 11016//1 11018//1 11017//1
f 11017//1 11018//1 11020//1 11019//1
f 11019//1 11020//1 11022//1 11021//1
f 11021//1 11022//1 11024//1 11023//1
f 11023//1 11024//1 11026//1 11025//1
f 11025//1 11026//1 11028//1 11027//1
f 11027//1 11028//1 11030//1 11029//1
f 11029//1 11030//1 11032//1 11031//1
f 11031//1 11032//1 11034//1 11033//1
f 11033//1 11034//1 11036//1 11035//1
f 11035//1 11036//1 11038//1 11037//1
f 11037//1 11038//1 11040//1 11039//1
f 11039//1 11040//1 11042//1 11041//1
f 11041//1 11042//1 11044//1 11043//1
f 11043//1 11044//1 11046//1 11045//1
f 11045//1 11046//1 11048//1 11047//1
f 11047//1 11048//1 11050//1 11049//1
f 11049//1 11050//1 11052//1 11051//1
f 11051//1 11052//1 11054//1 11053//1
f 11053//1 11054//1 11056//1 11055//1
f 11055//1 11056//1 11058//1 11057//1
f 11057//1 11058//1 11060//1 11059//1
f 11061//1 11062//1 11064//1 11063//1
f 11063//1 11064//1 11066//1 11065//1
f 11065//1 11066//1 11068//1 11067//1
f 11067//1 11068//1 11070//1 11069//1
f 11069//1 11070//1 11072//1 11071//1
f 11071//1 11072//1 11074//1 11073//1
f 11073//1 11074//1 11076//1 11075//1
f 11075//1 11076//1 11078//1 11077//1
f 11077//1 11078//1 11080//1 11079//1
f 11079//1 11080//1 11082//1 11081//1
f 11081//1 11082//1 11084//1 11083//1
f 11083//1 11084//1 11086//1 11085//1
f 11085//1 11086//1 11088//1 11087//1
f 11087//1 11088//1 11090//1 11089//1
f 11089//1 11090//1 11092//1 11091//1
f 11091//1 11092//1 11094//1 11093//1
f 11093//1 11094//1 11096//1 11095//1
f 11095//1 11096//1 11098//1 11097//1
f 11097//1 11098//1 11100//1 11099//1
f 11099//1 11100//1 11102//1 11101//1
f 11101//1 11102//1 11104//1 11103//1
f 11103//1 11104//1 11106//1 11105//1
f 11105//1 11106//1 11108//1 11107//1
f 11107//1 11108//1 11110//1 11109//1
f 11109//1 11110//1 11112//1 11111//1
f 11111//1 11112//1 11114//1 11113//1
f 11113//1 11114//1 11116//1 11115//1
f 11115//1 11116//1 11118//1 11117//1
f 11117//1 11118//1 11120//1 11119//1
f 11119//1 11120//1 11122//1 11121//1
f 11121//1 11122//1 11124//1 11123//1
f 11123//1 11124//1 11126//1 11125//1
f 11125//1 11126//1 11128//1 11127//1
f 11127//1 11128//1 11130//1 11129//1
f 11129//1 11130//1 11132//1 11131//1
f 11131//1 11132//1 11134//1 11133//1
f 11133//1 11134//1 11136//1 11135//1
f 11135//1 11136//1 11138//1 11137//1
f 11137//1 11138//1 11140//1 11139//1
f 11139//1 11140//1 11142//1 11141//1
f 11141//1 11142//1 11144//1 11143//1
f 11143//1 11144//1 11146//1 11145//1
f 11145//1 11146//1 11148//1 11147//1
f 11147//1 11148//1 11150//1 11149//1
f 11149//1 11150//1 11152//1 11151//1
f 11151//1 11152//1 11154//1 11153//1
f 11153//1 11154//1 11156//1 11155//1
f 11155//1 11156//1 11158//1 11157//1
f 11157//1 11158//1 11160//1 11159//1
f 11159//1 11160//1 11162//1 11161//1
f 11161//1 11162//1 11164//1 11163//1
f 11163//1 11164//1 11166//1 11165//1
f 11165//1 11166//1 11168//1 11167//1
f 11167//1 11168//1 11170//1 11169//1
f 11169//1 11170//1 11172//1 11171//1
f 11171//1 11172//1 11174//1 11173//1
f 11173//1 11174//1 11176//1 11175//1
f 11175//1 11176//1 11178//1 11177//1
f 11177//1 11178//1 11180//1 11179//1
f 11179//1 11180//1 11182//1 11181//1
f 11181//1 11182//1 11184//1 11183//1
f 11183//1 11184//1 11186//1 11185//1
f 11185//1 11186//1 11188//1 11187//1
f 11187//1 11188//1 11190//1 11189//1
f 11189//1 11190//1 11192//1 11191//1
f 11191//1 11192//1 11194//1 11193//1
f 11193//1 11194//1 11196//1 11195//1
f 11195//1 11196//1 11198//1 11197//1
f 11197//1 11198//1 11200//1 11199//1
f 11199//1 11200//1 11202//1 11201//1
f 11201//1 11202//1 11204//1 11203//1
f 11203//1 11204//1 11206//1 11205//1
f 11205//1 11206//1 11208//1 11207//1
f 11207//1 11208//1 11210//1 11209//1
f 11209//1 11210//1 11212//1 11211//1
f 11211//1 11212//1 11214//1 11213//1
f 11213//1 11214//1 11216//1 11215//1
f 11215//1 11216//1 11218//1 11217//1
f 11217//1 11218//1 11220//1 11219//1
f 11219//1 11220//1 11222//1 11221//1
f 11221//1 11222//1 11224//1 11223//1
f 11223//1 11224//1 11226//1 11225//1
f 11225//1 11226//1 11228//1 11227//1
f 11227//1 11228//1 11230//1 11229//1
f 11229//1 11230//1 11232//1 11231//1
f 11231//1 11232//1 11234//1 11233//1
f 11233//1 11234//1 11236//1 11235//1
f 11235//1 11236//1 11238//1 11237//1
f 11237//1 11238//1 11240//1 11239//1
f 11239//1 11240//1 11242//1 11241//1
f 11241//1 11242//1 11244//1 11243//1
f 11243//1 11244//1 11246//1 11245//1
f 11245//1 11246//1 11248//1 11247//1
f 11247//1 11248//1 11250//1 11249//1
f 11249//1 11250//1 11252//1 11251//1
f 11251//1 11252//1 11254//1 11253//1
f 11253//1 11254//1 11256//1 11255//1
f 11255//1 11256//1 11258//1 11257//1
f 11257//1 11258//1 11260//1 11259//1
f 11259//1 11260//1 11262//1 11261//1
f 11261//1 11262//1 11264//1 11263//1
f 11263//1 11264//1 11266//1 11265//1
f 11265//1 11266//1 11268//1 11267//1
f 11267//1 11268//1 11270//1 11269//1
f 11269//1 11270//1 11272//1 11271//1
f 11271//1 11272//1 11274//1 11273//1
f 11273//1 11274//1 11276//1 11275//1
f 11275//1 11276//1 11278//1 11277//1
f 11277//1 11278//1 11280//1 11279//1
f 11279//1 11280//1 11282//1 11281//1
f 11281//1 11282//1 11284//1 11283//1
f 11283//1 11284//1 11286//1 11285//1
f 11285//1 11286//1 11288//1 11287//1
f 11287//1 11288//1 11290//1 11289//1
f 11289//1 11290//1 11292//1 11291//1
f 11291//1 11292//1 11294//1 11293//1
f 11293//1 11294//1 11296//1 11295//1
f 11295//1 11296//1 11298//1 11297//1
f 11297//1 11298//1 11300//1 11299//1
f 11299//1 11300//1 11302//1 11301//1
f 11301//1 11302//1 11304//1 11303//1
f 11303//1 11304//1 11306//1 11305//1
f 11305//1 11306//1 11308//1 11307//1
f 11307//1 11308//1 11310//1 11309//1
f 11309//1 11310//1 11312//1 11311//1
f 11311//1 11312//1 11314//1 11313//1
f 11313//1 11314//1 11316//1 11315//1
f 11315//1 11316//1 11318//1 11317//1
f 11317//1 11318//1 11320//1 11319//1
f 11319//1 11320//1 11322//1 11321//1
f 11321//1 11322//1 11324//1 11323//1
f 11323//1 11324//1 11326//1 11325//1
f 11325//1 11326//1 11328//1 11327//1
f 11327//1 11328//1 11330//1 11329//1
f 11329//1 11330//1 11332//1 11331//1
f 11331//1 11332//1 11334//1 11333//1
f 11333//1 11334//1 11336//1 11335//1
f 11335//1 11336//1 11338//1 11337//1
f 11337//1 11338//1 11340//1 11339//1
f 11339//1 11340//1 11342//1 11341//1
f 11341//1 11342//1 11344//1 11343//1
f 11343//1 11344//1 11346//1 11345//1
f 11345//1 11346//1 11348//1 11347//1
f 11347//1 11348//1 11350//1 11349//1
f 11349//1 11350//1 11352//1 11351//1
f 11351//1 11352//1 11354//1 11353//1
f 11353//1 11354//1 11356//1 11355//1
f 11355//1 11356//1 11358//1 11357//1
f 11357//1 11358//1 11360//1 11359//1
f 11359//1 11360//1 11362//1 11361//1
f 11361//1 11362//1 11364//1 11363//1
f 11363//1 11364//1 11366//1 11365//1
f 11365//1 11366//1 11368//1 11367//1
f 11367//1 11368//1 11370//1 11369//1
f 11369//1 11370//1 11372//1 11371//1
f 11371//1 11372//1 11374//1 11373//1
f 11373//1 11374//1 11376//1 11375//1
f 11375//1 11376//1 11378//1 11377//1
f 11377//1 11378//1 11380//1 11379//1
f 11379//1 11380//1 11382//1 11381//1
f 11381//1 11382//1 11384//1 11383//1
f 11383//1 11384//1 11386//1 11385//1
f 11385//1 11386//1 11388//1 11387//1
f 11387//1 11388//1 11390//1 11389//1
f 11389//1 11390//1 11392//1 11391//1
f 11391//1 11392//1 11394//1 11393//1
f 11393//1 11394//1 11396//1 11395//1
f 11395//1 11396//1 11398//1 11397//1
f 11397//1 11398//1 11400//1 11399//1
f 11399//1 11400//1 11402//1 11401//1
f 11401//1 11402//1 11404//1 11403//1
f 11403//1 11404//1 11406//1 11405//1
f 11405//1 11406//1 11408//1 11407//1
f 11407//1 11408//1 11410//1 11409//1
f 11409//1 11410//1 11412//1 11411//1
f 11411//1 11412//1 11414//1 11413//1
f 11413//1 11414//1 11416//1 11415//1
f 11415//1 11416//1 11418//1 11417//1
f 11417//1 11418//1 11420//1 11419//1
f 11419//1 11420//1 11422//1 11421//1
f 11421//1 11422//1 11424//1 11423//1
f 11423//1 11424//1 11426//1 11425//1
f 11425//1 11426//1 11428//1 11427//1
f 11427//1 11428//1 11430//1 11429//1
f 11429//1 11430//1 11432//1 11431//1
f 11431//1 11432//1 11434//1 11433//1
f 11433//1 11434//1 11436//1 11435//1
f 11435//1 11436//1 11438//1 11437//1
f 11437//1 11438//1 11440//1 11439//1
f 11439//1 11440//1 11442//1 11441//1
f 11441//1 11442//1 11444//1 11443//1
f 11443//1 11444//1 11446//1 11445//1
f 11445//1 11446//1 11448//1 11447//1
f 11447//1 11448//1 11450//1 11449//1
f 11449//1 11450//1 11452//1 11451//1
f 11451//1 11452//1 11454//1 11453//1
f 11453//1 11454//1 11456//1 11455//1
f 11455//1 11456//1 11458//1 11457//1
f 11457//1 11458//1 11460//1 11459//1
f 11459//1 11460//1 11462//1 11461//1
f 11461//1 11462//1 11464//1 11463//1
f 11463//1 11464//1 11466//1 11465//1
f 11465//1 11466//1 11468//1 11467//1
f 11467//1 11468//1 11470//1 11469//1
f 11469//1 11470//1 11472//1 11471//1
f 11471//1 11472//1 11474//1 11473//1
f 11473//1 11474//1 11476//1 11475//1
f 11475//1 11476//1 11478//1 11477//1
f 11477//1 11478//1 11480//1 11479//1
f 11479//1 11480//1 11482//1 11481//1
f 11481//1 11482//1 11484//1 11483//1
f 11483//1 11484//1 11486//1 11485//1
f 11485//1 11486//1 11488//1 11487//1
f 11487//1 11488//1 11490//1 11489//1
f 11489//1 11490//1 11492//1 11491//1
f 11491//1 11492//1 11494//1 11493//1
f 11493//1 11494//1 11496//1 11495//1
f 11495//1 11496//1 11498//1 11497//1
f 11497//1 11498//1 11500//1 11499//1
f 11499//1 11500//1 11502//1 11501//1
f 11501//1 11502//1 11504//1 11503//1
f 11503//1 11504//1 11506//1 11505//1
f 11505//1 11506//1 11508//1 11507//1
f 11507//1 11508//1 11510//1 11509//1
f 11509//1 11510//1 11512//1 11511//1
f 11511//1 11512//1 11514//1 11513//1
f 11513//1 11514//1 11516//1 11515//1
f 11515//1 11516//1 11518//1 11517//1
f 11517//1 11518//1 11520//1 11519//1
f 11519//1 11520//1 11522//1 11521//1
f 11521//1 11522//1 11524//1 11523//1
f 11523//1 11524//1 11526//1 11525//1
f 11525//1 11526//1 11528//1 11527//1
f 11527//1 11528//1 11530//1 11529//1
f 11529//1 11530//1 11532//1 11531//1
f 11531//1 11532//1 11534//1 11533//1
f 11533//1 11534//1 11536//1 11535//1
f 11535//1 11536//1 11538//1 11537//1
f 11537//1 11538//1 11540//1 11539//1
f 11539//1 11540//1 11542//1 11541//1
f 11541//1 11542//1 11544//1 11543//1
f 11543//1 11544//1 11546//1 11545//1
f 11545//1 11546//1 11548//1 11547//1
f 11547//1 11548//1 11550//1 11549//1
f 11549//1 11550//1 11552//1 11551//1
f 11551//1 11552//1 11554//1 11553//1
f 11553//1 11554//1 11556//1 11555//1
f 11555//1 11556//1 11558//1 11557//1
f 11557//1 11558//1 11560//1 11559//1
f 11559//1 11560//1 11562//1 11561//1
f 11561//1 11562//1 11564//1 11563//1
f 11563//1 11564//1 11566//1 11565//1
f 11565//1 11566//1 11568//1 11567//1
f 11567//1 11568//1 11570//1 11569//1
f 11569//1 11570//1 11572//1 11571//1
f 11571//1 11572//1 11574//1 11573//1
f 11573//1 11574//1 11576//1 11575//1
f 11575//1 11576//1 11578//1 11577//1
f 11577//1 11578//1 11580//1 11579//1
f 11579//1 11580//1 11582//1 11581//1
f 11581//1 11582//1 11584//1 11583//1
f 11583//1 11584//1 11586//1 11585//1
f 11585//1 11586//1 11588//1 11587//1
f 11587//1 11588//1 11590//1 11589//1
f 11589//1 11590//1 11592//1 11591//1
f 11591//1 11592//1 11594//1 11593//1
f 11593//1 11594//1 11596//1 11595//1
f 11595//1 11596//1 11598//1 11597//1
f 11597//1 11598//1 11600//1 11599//1
f 11599//1 11600//1 11602//1 11601//1
f 11601//1 11602//1 11604//1 11603//1
f 11603//1 11604//1 11606//1 11605//1
f 11605//1 11606//1 11608//1 11607//1
f 11607//1 11608//1 11610//1 11609//1
f 11609//1 11610//1 11612//1 11611//1
f 11611//1 11612//1 11614//1 11613//1
f 11613//1 11614//1 11616//1 11615//1
f 11615//1 11616//1 11618//1 11617//1
f 11617//1 11618//1 11620//1 11619//1
f 11619//1 11620//1 11622//1 11621//1
f 11621//1 11622//1 11624//1 11623//1
f 11623//1 11624//1 11626//1 11625//1
f 11625//1 11626//1 11628//1 11627//1
f 11627//1 11628//1 11630//1 11629//1
f 11629//1 11630//1 11632//1 11631//1
f 11631//1 11632//1 11634//1 11633//1
f 11633//1 11634//1 11636//1 11635//1
f 11635//1 11636//1 11638//1 11637//1
f 11637//1 11638//1 11640//1 11639//1
f 11639//1 11640//1 11642//1 11641//1
f 11641//1 11642//1 11644//1 11643//1
f 11643//1 11644//1 11646//1 11645//1
f 11645//1 11646//1 11648//1 11647//1
f 11647//1 11648//1 11650//1 11649//1
f 11649//1 11650//1 11652//1 11651//1
f 11651//1 11652//1 11654//1 11653//1
f 11653//1 11654//1 11656//1 11655//1
f 11655//1 11656//1 11658//1 11657//1
f 11657//1 11658//1 11660//1 11659//1
f 11659//1 11660//1 11662//1 11661//1
f 11661//1 11662//1 11664//1 11663//1
f 11663//1 11664//1 11666//1 11665//1
f 11665//1 11666//1 11668//1 11667//1
f 11667//1 11668//1 11670//1 11669//1
f 11669//1 11670//1 11672//1 11671//1
f 11671//1 11672//1 11674//1 11673//1
f 11673//1 11674//1 11676//1 11675//1
f 11675//1 11676//1 11678//1 11677//1
f 11677//1 11678//1 11680//1 11679//1
f 11679//1 11680//1 11682//1 11681//1
f 11681//1 11682//1 11684//1 11683//1
f 11683//1 11684//1 11686//1 11685//1
f 11685//1 11686//1 11688//1 11687//1
f 11687//1 11688//1 11690//1 11689//1
f 11691//1 11692//1 11694//1 11693//1
f 11695//1 11696//1 11698//1 11697//1
f 11697//1 11698//1 11700//1 11699//1
f 11701//1 11702//1 11704//1 11703//1
f 11703//1 11704//1 11706//1 11705//1
f 11705//1 11706//1 11708//1 11707//1
f 11709//1 11710//1 11712//1 11711//1
f 11713//1 11714//1 11716//1 11715//1
f 11715//1 11716//1 11718//1 11717//1
f 11717//1 11718//1 11720//1 11719//1
f 11721//1 11722//1 11724//1 11723//1
f 11723//1 11724//1 11726//1 11725//1
f 11727//1 11728//1 11730//1 11729//1
f 11731//1 11732//1 11734//1 11733//1
f 11733//1 11734//1 11736//1 11735//1
f 11735//1 11736//1 11738//1 11737//1
f 11737//1 11738//1 11740//1 11739//1
f 11739//1 11740//1 11742//1 11741//1
f 11741//1 11742//1 11744//1 11743//1
f 11743//1 11744//1 11746//1 11745//1
f 11745//1 11746//1 11748//1 11747//1
f 11747//1 11748//1 11750//1 11749//1
f 11749//1 11750//1 11752//1 11751//1
f 11751//1 11752//1 11754//1 11753//1
f 11753//1 11754//1 11756//1 11755//1
f 11755//1 11756//1 11758//1 11757//1
f 11757//1 11758//1 11760//1 11759//1
f 11759//1 11760//1 11762//1 11761//1
f 11761//1 11762//1 11764//1 11763//1
f 11763//1 11764//1 11766//1 11765//1
f 11765//1 11766//1 11768//1 11767//1
f 11767//1 11768//1 11770//1 11769//1
f 11769//1 11770//1 11772//1 11771//1
f 11771//1 11772//1 11774//1 11773//1
f 11773//1 11774//1 11776//1 11775//1
f 11775//1 11776//1 11778//1 11777//1
f 11777//1 11778//1 11780//1 11779//1
f 11779//1 11780//1 11782//1 11781//1
f 11781//1 11782//1 11784//1 11783//1
f 11783//1 11784//1 11786//1 11785//1
f 11785//1 11786//1 11788//1 11787//1
f 11787//1 11788//1 11790//1 11789//1
f 11789//1 11790//1 11792//1 11791//1
f 11791//1 11792//1 11794//1 11793//1
f 11793//1 11794//1 11796//1 11795//1
f 11795//1 11796//1 11798//1 11797//1
f 11797//1 11798//1 11800//1 11799//1
f 11799//1 11800//1 11802//1 11801//1
f 11801//1 11802//1 11804//1 11803//1
f 11803//1 11804//1 11806//1 11805//1
f 11805//1 11806//1 11808//1 11807//1
f 11807//1 11808//1 11810//1 11809//1
f 11809//1 11810//1 11812//1 11811//1
f 11811//1 11812//1 11814//1 11813//1
f 11813//1 11814//1 11816//1 11815//1
f 11815//1 11816//1 11818//1 11817//1
f 11817//1 11818//1 11820//1 11819//1
f 11819//1 11820//1 11822//1 11821//1
f 11821//1 11822//1 11824//1 11823//1
f 11823//1 11824//1 11826//1 11825//1
f 11825//1 11826//1 11828//1 11827//1
f 11827//1 11828//1 11830//1 11829//1
f 11829//1 11830//1 11832//1 11831//1
f 11831//1 11832//1 11834//1 11833//1
f 11833//1 11834//1 11836//1 11835//1
f 11835//1 11836//1 11838//1 11837//1
f 11837//1 11838//1 11840//1 11839//1
f 11839//1 11840//1 11842//1 11841//1
f 11841//1 11842//1 11844//1 11843//1
f 11843//1 11844//1 11846//1 11845//1
f 11845//1 11846//1 11848//1 11847//1
f 11847//1 11848//1 11850//1 11849//1
f 11849//1 11850//1 11852//1 11851//1
f 11851//1 11852//1 11854//1 11853//1
f 11853//1 11854//1 11856//1 11855//1
f 11855//1 11856//1 11858//1 11857//1
f 11857//1 11858//1 11860//1 11859//1
f 11859//1 11860//1 11862//1 11861//1
f 11861//1 11862//1 11864//1 11863//1
f 11863//1 11864//1 11866//1 11865//1
f 11867//1 11868//1 11870//1 11869//1
f 11869//1 11870//1 11872//1 11871//1
f 11871//1 11872//1 11874//1 11873//1
f 11873//1 11874//1 11876//1 11875//1
f 11875//1 11876//1 11878//1 11877//1
f 11877//1 11878//1 11880//1 11879//1
f 11879//1 11880//1 11882//1 11881//1
f 11881//1 11882//1 11884//1 11883//1
f 11883//1 11884//1 11886//1 11885//1
f 11885//1 11886//1 11888//1 11887//1
f 11887//1 11888//1 11890//1 11889//1
f 11889//1 11890//1 11892//1 11891//1
f 11891//1 11892//1 11894//1 11893//1
f 11893//1 11894//1 11896//1 11895//1
f 11895//1 11896//1 11898//1 11897//1
f 11897//1 11898//1 11900//1 11899//1
f 11899//1 11900//1 11902//1 11901//1
f 11901//1 11902//1 11904//1 11903//1
f 11903//1 11904//1 11906//1 11905//1
f 11905//1 11906//1 11908//1 11907//1
f 11907//1 11908//1 11910//1 11909//1
f 11909//1 11910//1 11912//1 11911//1
f 11911//1 11912//1 11914//1 11913//1
f 11913//1 11914//1 11916//1 11915//1
f 11915//1 11916//1 11918//1 11917//1
f 11917//1 11918//1 11920//1 11919//1
f 11919//1 11920//1 11922//1 11921//1
f 11921//1 11922//1 11924//1 11923//1
f 11923//1 11924//1 11926//1 11925//1
f 11925//1 11926//1 11928//1 11927//1
f 11927//1 11928//1 11930//1 11929//1
f 11929//1 11930//1 11932//1 11931//1
f 11931//1 11932//1 11934//1 11933//1
f 11935//1 11936//1 11938//1 11937//1
f 11937//1 11938//1 11940//1 11939//1
f 11939//1 11940//1 11942//1 11941//1
f 11941//1 11942//1 11944//1 11943//1
f 11943//1 11944//1 11946//1 11945//1
f 11945//1 11946//1 11948//1 11947//1
f 11947//1 11948//1 11950//1 11949//1
f 11951//1 11952//1 11954//1 11953//1
f 11953//1 11954//1 11956//1 11955//1
f 11955//1 11956//1 11958//1 11957//1
f 11957//1 11958//1 11960//1 11959//1
f 11959//1 11960//1 11962//1 11961//1
f 11961//1 11962//1 11964//1 11963//1
f 11963//1 11964//1 11966//1 11965//1
f 11965//1 11966//1 11968//1 11967//1
f 11967//1 11968//1 11970//1 11969//1
f 11969//1 11970//1 11972//1 11971//1
f 11971//1 11972//1 11974//1 11973//1
f 11973//1 11974//1 11976//1 11975//1
f 11975//1 11976//1 11978//1 11977//1
f 11977//1 11978//1 11980//1 11979//1
f 11979//1 11980//1 11982//1 11981//1
f 11981//1 11982//1 11984//1 11983//1
f 11983//1 11984//1 11986//1 11985//1
f 11985//1 11986//1 11988//1 11987//1
f 11987//1 11988//1 11990//1 11989//1
f 11989//1 11990//1 11992//1 11991//1
f 11991//1 11992//1 11994//1 11993//1
f 11993//1 11994//1 11996//1 11995//1
f 11995//1 11996//1 11998//1 11997//1
f 11997//1 11998//1 12000//1 11999//1
f 11999//1 12000//1 12002//1 12001//1
f 12001//1 12002//1 12004//1 12003//1
f 12003//1 12004//1 12006//1 12005//1
f 12005//1 12006//1 12008//1 12007//1
f 12007//1 12008//1 12010//1 12009//1
f 12009//1 12010//1 12012//1 12011//1
f 12011//1 12012//1 12014//1 12013//1
f 12013//1 12014//1 12016//1 12015//1
f 12015//1 12016//1 12018//1 12017//1
f 12017//1 12018//1 12020//1 12019//1
f 12019//1 12020//1 12022//1 12021//1
f 12021//1 12022//1 12024//1 12023//1
f 12023//1 12024//1 12026//1 12025//1
f 12025//1 12026//1 12028//1 12027//1
f 12027//1 12028//1 12030//1 12029//1
f 12029//1 12030//1 12032//1 12031//1
f 12031//1 12032//1 12034//1 12033//1
f 12033//1 12034//1 12036//1 12035//1
f 12035//1 12036//1 12038//1 12037//1
f 12037//1 12038//1 12040//1 12039//1
f 12039//1 12040//1 12042//1 12041//1
f 12041//1 12042//1 12044//1 12043//1
f 12043//1 12044//1 12046//1 12045//1
f 12045//1 12046//1 12048//1 12047//1
f 12047//1 12048//1 12050//1 12049//1
f 12049//1 12050//1 12052//1 12051//1
f 12051//1 12052//1 12054//1 12053//1
f 12053//1 12054//1 12056//1 12055//1
f 12055//1 12056//1 12058//1 12057//1
f 12057//1 12058//1 12060//1 12059//1
f 12059//1 12060//1 12062//1 12061//1
f 12061//1 12062//1 12064//1 12063//1
f 12063//1 12064//1 12066//1 12065//1
f 12065//1 12066//1 12068//1 12067//1
f 12067//1 12068//1 12070//1 12069//1
f 12069//1 12070//1 12072//1 12071//1
f 12071//1 12072//1 12074//1 12073//1
f 12073//1 12074//1 12076//1 12075//1
f 12075//1 12076//1 12078//1 12077//1
f 12077//1 12078//1 12080//1 12079//1
f 12079//1 12080//1 12082//1 12081//1
f 12081//1 12082//1 12084//1 12083//1
f 12085//1 12086//1 12088//1 12087//1
f 12087//1 12088//1 12090//1 12089//1
f 12089//1 12090//1 12092//1 12091//1
f 12091//1 12092//1 12094//1 12093//1
f 12093//1 12094//1 12096//1 12095//1
f 12095//1 12096//1 12098//1 12097//1
f 12097//1 12098//1 12100//1 12099//1
f 12099//1 12100//1 12102//1 12101//1
f 12101//1 12102//1 12104//1 12103//1
f 12103//1 12104//1 12106//1 12105//1
f 12105//1 12106//1 12108//1 12107//1
f 12107//1 12108//1 12110//1 12109//1
f 12109//1 12110//1 12112//1 12111//1
f 12111//1 12112//1 12114//1 12113//1
f 12113//1 12114//1 12116//1 12115//1
f 12115//1 12116//1 12118//1 12117//1
f 12117//1 12118//1 12120//1 12119//1
f 12119//1 12120//1 12122//1 12121//1
f 12121//1 12122//1 12124//1 12123//1
f 12123//1 12124//1 12126//1 12125//1
f 12125//1 12126//1 12128//1 12127//1
f 12127//1 12128//1 12130//1 12129//1
f 12129//1 12130//1 12132//1 12131//1
f 12131//1 12132//1 12134//1 12133//1
f 12133//1 12134//1 12136//1 12135//1
f 12135//1 12136//1 12138//1 12137//1
f 12137//1 12138//1 12140//1 12139//1
f 12139//1 12140//1 12142//1 12141//1
f 12141//1 12142//1 12144//1 12143//1
f 12143//1 12144//1 12146//1 12145//1
f 12145//1 12146//1 12148//1 12147//1
f 12147//1 12148//1 12150//1 12149//1
f 12149//1 12150//1 12152//1 12151//1
f 12151//1 12152//1 12154//1 12153//1
f 12153//1 12154//1 12156//1 12155//1
f 12157//1 12158//1 12160//1 12159//1
f 12159//1 12160//1 12162//1 12161//1
f 12161//1 12162//1 12164//1 12163//1
f 12163//1 12164//1 12166//1 12165//1
f 12165//1 12166//1 12168//1 12167//1
f 12167//1 12168//1 12170//1 12169//1
f 12169//1 12170//1 12172//1 12171//1
f 12173//1 12174//1 12176//1 12175//1
f 12175//1 12176//1 12178//1 12177//1
f 12177//1 12178//1 12180//1 12179//1
f 12179//1 12180//1 12182//1 12181//1
f 12181//1 12182//1 12184//1 12183//1
f 12185//1 12186//1 12188//1 12187//1
f 12187//1 12188//1 12190//1 12189//1
f 12189//1 12190//1 12192//1 12191//1
f 12191//1 12192//1 12194//1 12193//1
f 12193//1 12194//1 12196//1 12195//1
f 12195//1 12196//1 12198//1 12197//1
f 12197//1 12198//1 12200//1 12199//1
f 12199//1 12200//1 12202//1 12201//1
f 12201//1 12202//1 12204//1 12203//1
f 12203//1 12204//1 12206//1 12205//1
f 12205//1 12206//1 12208//1 12207//1
f 12207//1 12208//1 12210//1 12209//1
f 12209//1 12210//1 12212//1 12211//1
f 12211//1 12212//1 12214//1 12213//1
f 12213//1 12214//1 12216//1 12215//1
f 12215//1 12216//1 12218//1 12217//1
f 12217//1 12218//1 12220//1 12219//1
f 12219//1 12220//1 12222//1 12221//1
f 12221//1 12222//1 12224//1 12223//1
f 12223//1 12224//1 12226//1 12225//1
f 12225//1 12226//1 12228//1 12227//1
f 12227//1 12228//1 12230//1 12229//1
f 12229//1 12230//1 12232//1 12231//1
f 12231//1 12232//1 12234//1 12233//1
f 12233//1 12234//1 12236//1 12235//1
f 12235//1 12236//1 12238//1 12237//1
f 12237//1 12238//1 12240//1 12239//1
f 12239//1 12240//1 12242//1 12241//1
f 12241//1 12242//1 12244//1 12243//1
f 12243//1 12244//1 12246//1 12245//1
f 12245//1 12246//1 12248//1 12247//1
f 12247//1 12248//1 12250//1 12249//1
f 12249//1 12250//1 12252//1 12251//1
f 12251//1 12252//1 12254//1 12253//1
f 12253//1 12254//1 12256//1 12255//1
f 12255//1 12256//1 12258//1 12257//1
f 12257//1 12258//1 12260//1 12259//1
f 12259//1 12260//1 12262//1 12261//1
f 12261//1 12262//1 12264//1 12263//1
f 12263//1 12264//1 12266//1 12265//1
f 12265//1 12266//1 12268//1 12267//1
f 12267//1 12268//1 12270//1 12269//1
f 12269//1 12270//1 12272//1 12271//1
f 12271//1 12272//1 12274//1 12273//1
f 12273//1 12274//1 12276//1 12275//1
f 12275//1 12276//1 12278//1 12277//1
f 12277//1 12278//1 12280//1 12279//1
f 12279//1 12280//1 12282//1 12281//1
f 12281//1 12282//1 12284//1 12283//1
f 12283//1 12284//1 12286//1 12285//1
f 12285//1 12286//1 12288//1 12287//1
f 12287//1 12288//1 12290//1 12289//1
f 12289//1 12290//1 12292//1 12291//1
f 12291//1 12292//1 12294//1 12293//1
f 12293//1 12294//1 12296//1 12295//1
f 12295//1 12296//1 12298//1 12297//1
f 12297//1 12298//1 12300//1 12299//1
f 12299//1 12300//1 12302//1 12301//1
f 12301//1 12302//1 12304//1 12303//1
f 12303//1 12304//1 12306//1 12305//1
f 12305//1 12306//1 12308//1 12307//1
f 12307//1 12308//1 12310//1 12309//1
f 12309//1 12310//1 12312//1 12311//1
f 12313//1 12314//1 12316//1 12315//1
f 12315//1 12316//1 12318//1 12317//1
f 12317//1 12318//1 12320//1 12319//1
f 12321//1 12322//1 12324//1 12323//1
f 12323//1 12324//1 12326//1 12325//1
f 12325//1 12326//1 12328//1 12327//1
f 12327//1 12328//1 12330//1 12329//1
f 12329//1 12330//1 12332//1 12331//1
f 12331//1 12332//1 12334//1 12333//1
f 12333//1 12334//1 12336//1 12335//1
f 12335//1 12336//1 12338//1 12337//1
f 12337//1 12338//1 12340//1 12339//1
f 12339//1 12340//1 12342//1 12341//1
f 12341//1 12342//1 12344//1 12343//1
f 12343//1 12344//1 12346//1 12345//1
f 12345//1 12346//1 12348//1 12347//1
f 12347//1 12348//1 12350//1 12349//1
f 12349//1 12350//1 12352//1 12351//1
f 12351//1 12352//1 12354//1 12353//1
f 12353//1 12354//1 12356//1 12355//1
f 12357//1 12358//1 12360//1 12359//1
f 12359//1 12360//1 12362//1 12361//1
f 12361//1 12362//1 12364//1 12363//1
f 12363//1 12364//1 12366//1 12365//1
f 12365//1 12366//1 12368//1 12367//1
f 12367//1 12368//1 12370//1 12369//1
f 12369//1 12370//1 12372//1 12371//1
f 12371//1 12372//1 12374//1 12373//1
f 12373//1 12374//1 12376//1 12375//1
f 12375//1 12376//1 12378//1 12377//1
f 12377//1 12378//1 12380//1 12379//1
f 12379//1 12380//1 12382//1 12381//1
f 12381//1 12382//1 12384//1 12383//1
f 12383//1 12384//1 12386//1 12385//1
f 12385//1 12386//1 12388//1 12387//1
f 12387//1 12388//1 12390//1 12389//1
f 12389//1 12390//1 12392//1 12391//1
f 12391//1 12392//1 12394//1 12393//1
f 12393//1 12394//1 12396//1 12395//1
f 12395//1 12396//1 12398//1 12397//1
f 12397//1 12398//1 12400//1 12399//1
f 12399//1 12400//1 12402//1 12401//1
f 12401//1 12402//1 12404//1 12403//1
f 12403//1 12404//1 12406//1 12405//1
f 12405//1 12406//1 12408//1 12407//1
f 12407//1 12408//1 12410//1 12409//1
f 12409//1 12410//1 12412//1 12411//1
f 12411//1 12412//1 12414//1 12413//1
f 12415//1 12416//1 12418//1 12417//1
f 12417//1 12418//1 12420//1 12419//1
f 12419//1 12420//1 12422//1 12421//1
f 12421//1 12422//1 12424//1 12423//1
f 12423//1 12424//1 12426//1 12425//1
f 12425//1 12426//1 12428//1 12427//1
f 12427//1 12428//1 12430//1 12429//1
f 12429//1 12430//1 12432//1 12431//1
f 12431//1 12432//1 12434//1 12433//1
f 12433//1 12434//1 12436//1 12435//1
f 12435//1 12436//1 12438//1 12437//1
f 12437//1 12438//1 12440//1 12439//1
f 12439//1 12440//1 12442//1 12441//1
f 12441//1 12442//1 12444//1 12443//1
f 12443//1 12444//1 12446//1 12445//1
f 12447//1 12448//1 12450//1 12449//1
f 12449//1 12450//1 12452//1 12451//1
f 12451//1 12452//1 12454//1 12453//1
f 12455//1 12456//1 12458//1 12457//1
f 12457//1 12458//1 12460//1 12459//1
f 12459//1 12460//1 12462//1 12461//1
f 12461//1 12462//1 12464//1 12463//1
f 12463//1 12464//1 12466//1 12465//1
f 12465//1 12466//1 12468//1 12467//1
f 12469//1 12470//1 12472//1 12471//1
f 12473//1 12474//1 12476//1 12475//1
f 12477//1 12478//1 12480//1 12479//1
f 12479//1 12480//1 12482//1 12481//1
f 12481//1 12482//1 12484//1 12483//1
f 12483//1 12484//1 12486//1 12485//1
f 12485//1 12486//1 12488//1 12487//1
f 12487//1 12488//1 12490//1 12489//1
f 12489//1 12490//1 12492//1 12491//1
f 12491//1 12492//1 12494//1 12493//1
f 12493//1 12494//1 12496//1 12495//1
f 12495//1 12496//1 12498//1 12497//1
f 12497//1 12498//1 12500//1 12499//1
f 12499//1 12500//1 12502//1 12501//1
f 12501//1 12502//1 12504//1 12503//1
f 12503//1 12504//1 12506//1 12505//1
f 12505//1 12506//1 12508//1 12507//1
f 12507//1 12508//1 12510//1 12509//1
f 12509//1 12510//1 12512//1 12511//1
f 12511//1 12512//1 12514//1 12513//1
f 12513//1 12514//1 12516//1 12515//1
f 12515//1 12516//1 12518//1 12517//1
f 12517//1 12518//1 12520//1 12519//1
f 12519//1 12520//1 12522//1 12521//1
f 12521//1 12522//1 12524//1 12523//1
f 12523//1 12524//1 12526//1 12525//1
f 12525//1 12526//1 12528//1 12527//1
f 12527//1 12528//1 12530//1 12529//1
f 12531//1 12532//1 12534//1 12533//1
f 12533//1 12534//1 12536//1 12535//1
f 12535//1 12536//1 12538//1 12537//1
f 12537//1 12538//1 12540//1 12539//1
f 12539//1 12540//1 12542//1 12541//1
f 12541//1 12542//1 12544//1 12543//1
f 12543//1 12544//1 12546//1 12545//1
f 12545//1 12546//1 12548//1 12547//1
f 12547//1 12548//1 12550//1 12549//1
f 12549//1 12550//1 12552//1 12551//1
f 12551//1 12552//1 12554//1 12553//1
f 12555//1 12556//1 12558//1 12557//1
f 12557//1 12558//1 12560//1 12559//1
f 12559//1 12560//1 12562//1 12561//1
f 12561//1 12562//1 12564//1 12563//1
f 12563//1 12564//1 12566//1 12565//1
f 12565//1 12566//1 12568//1 12567//1
f 12567//1 12568//1 12570//1 12569//1
f 12569//1 12570//1 12572//1 12571//1
f 12571//1 12572//1 12574//1 12573//1
f 12573//1 12574//1 12576//1 12575//1
f 12575//1 12576//1 12578//1 12577//1
f 12577//1 12578//1 12580//1 12579//1
f 12579//1 12580//1 12582//1 12581//1
f 12581//1 12582//1 12584//1 12583//1
f 12583//1 12584//1 12586//1 12585//1
f 12587//1 12588//1 12590//1 12589//1
f 12589//1 12590//1 12592//1 12591//1
f 12591//1 12592//1 12594//1 12593//1
f 12593//1 12594//1 12596//1 12595//1
f 12595//1 12596//1 12598//1 12597//1
f 12597//1 12598//1 12600//1 12599//1
f 12599//1 12600//1 12602//1 12601//1
f 12601//1 12602//1 12604//1 12603//1
f 12605//1 12606//1 12608//1 12607//1
f 12607//1 12608//1 12610//1 12609//1
f 12609//1 12610//1 12612//1 12611//1
f 12611//1 12612//1 12614//1 12613//1
f 12615//1 12616//1 12618//1 12617//1
f 12617//1 12618//1 12620//1 12619//1
f 12619//1 12620//1 12622//1 12621//1
f 12621//1 12622//1 12624//1 12623//1
f 12625//1 12626//1 12628//1 12627//1
f 12629//1 12630//1 12632//1 12631//1
f 12633//1 12634//1 12636//1 12635//1
f 12637//1 12638//1 12640//1 12639//1
f 12641//1 12642//1 12644//1 12643//1
f 12643//1 12644//1 12646//1 12645//1
f 12645//1 12646//1 12648//1 12647//1
f 12647//1 12648//1 12650//1 12649//1
f 12649//1 12650//1 12652//1 12651//1
f 12653//1 12654//1 12656//1 12655//1
f 12655//1 12656//1 12658//1 12657//1
f 12657//1 12658//1 12660//1 12659//1
f 12659//1 12660//1 12662//1 12661//1
f 12661//1 12662//1 12664//1 12663//1
f 12665//1 12666//1 12668//1 12667//1
f 12667//1 12668//1 12670//1 12669//1
f 12671//1 12672//1 12674//1 12673//1
f 12673//1 12674//1 12676//1 12675//1
f 12675//1 12676//1 12678//1 12677//1
f 12679//1 12680//1 12682//1 12681//1
f 12681//1 12682//1 12684//1 12683//1
f 12683//1 12684//1 12686//1 12685//1
f 12685//1 12686//1 12688//1 12687//1
f 12687//1 12688//1 12690//1 12689//1
f 12689//1 12690//1 12692//1 12691//1
f 12691//1 12692//1 12694//1 12693//1
f 12693//1 12694//1 12696//1 12695//1
f 12695//1 12696//1 12698//1 12697//1
f 12697//1 12698//1 12700//1 12699//1
f 12699//1 12700//1 12702//1 12701//1
f 12701//1 12702//1 12704//1 12703//1
f 12705//1 12706//1 12708//1 12707//1
f 12707//1 12708//1 12710//1 12709//1
f 12709//1 12710//1 12712//1 12711//1
f 12711//1 12712//1 12714//1 12713//1
f 12713//1 12714//1 12716//1 12715//1
f 12715//1 12716//1 12718//1 12717//1
f 12717//1 12718//1 12720//1 12719//1
f 12719//1 12720//1 12722//1 12721//1
f 12721//1 12722//1 12724//1 12723//1
f 12723//1 12724//1 12726//1 12725//1
f 12725//1 12726//1 12728//1 12727//1
f 12727//1 12728//1 12730//1 12729//1
f 12731//1 12732//1 12734//1 12733//1
f 12733//1 12734//1 12736//1 12735//1
f 12735//1 12736//1 12738//1 12737//1
f 12737//1 12738//1 12740//1 12739//1
f 12741//1 12742//1 12744//1 12743//1
f 12743//1 12744//1 12746//1 12745//1
f 12745//1 12746//1 12748//1 12747//1
f 12747//1 12748//1 12750//1 12749//1
f 12751//1 12752//1 12754//1 12753//1
f 12753//1 12754//1 12756//1 12755//1
f 12757//1 12758//1 12760//1 12759//1
f 12761//1 12762//1 12764//1 12763//1
f 12763//1 12764//1 12766//1 12765//1
f 12765//1 12766//1 12768//1 12767//1
f 12767//1 12768//1 12770//1 12769//1
f 12769//1 12770//1 12772//1 12771//1
f 12771//1 12772//1 12774//1 12773//1
f 12773//1 12774//1 12776//1 12775//1
f 12777//1 12778//1 12780//1 12779//1
f 12779//1 12780//1 12782//1 12781//1
f 12781//1 12782//1 12784//1 12783//1
f 12783//1 12784//1 12786//1 12785//1
f 12785//1 12786//1 12788//1 12787//1
f 12787//1 12788//1 12790//1 12789//1
f 12789//1 12790//1 12792//1 12791//1
f 12791//1 12792//1 12794//1 12793//1
f 12795//1 12796//1 12798//1 12797//1
f 12799//1 12800//1 12802//1 12801//1
f 12803//1 12804//1 12806//1 12805//1
f 12807//1 12808//1 12810//1 12809//1
f 12811//1 12812//1 12814//1 12813//1
f 12815//1 12816//1 12818//1 12817//1
f 12819//1 12820//1 12822//1 12821//1
f 12821//1 12822//1 12824//1 12823//1
f 12823//1 12824//1 12826//1 12825//1
f 12827//1 12828//1 12830//1 12829//1
f 12829//1 12830//1 12832//1 12831//1
f 12831//1 12832//1 12834//1 12833//1
f 12835//1 12836//1 12838//1 12837//1
f 12839//1 12840//1 12842//1 12841//1
f 12843//1 12844//1 12846//1 12845//1
f 12847//1 12848//1 12850//1 12849//1
f 12849//1 12850//1 12852//1 12851//1
f 12853//1 12854//1 12856//1 12855//1
f 12857//1 12858//1 12860//1 12859//1
f 12859//1 12860//1 12862//1 12861//1
f 12863//1 12864//1 12866//1 12865//1
f 12865//1 12866//1 12868//1 12867//1
f 12867//1 12868//1 12870//1 12869//1
f 12869//1 12870//1 12872//1 12871//1
f 12871//1 12872//1 12874//1 12873//1
f 12873//1 12874//1 12876//1 12875//1
f 12875//1 12876//1 12878//1 12877//1
f 12877//1 12878//1 12880//1 12879//1
f 12879//1 12880//1 12882//1 12881//1
f 12881//1 12882//1 12884//1 12883//1
f 12883//1 12884//1 12886//1 12885//1
f 12885//1 12886//1 12888//1 12887//1
f 12887//1 12888//1 12890//1 12889//1
f 12891//1 12892//1 12894//1 12893//1
f 12893//1 12894//1 12896//1 12895//1
f 12895//1 12896//1 12898//1 12897//1
f 12897//1 12898//1 12900//1 12899//1
f 12899//1 12900//1 12902//1 12901//1
f 12901//1 12902//1 12904//1 12903//1
f 12903//1 12904//1 12906//1 12905//1
f 12905//1 12906//1 12908//1 12907//1
f 12907//1 12908//1 12910//1 12909//1
f 12911//1 12912//1 12914//1 12913//1
f 12915//1 12916//1 12918//1 12917//1
f 12919//1 12920//1 12922//1 12921//1
f 12921//1 12922//1 12924//1 12923//1
f 12923//1 12924//1 12926//1 12925//1
f 12925//1 12926//1 12928//1 12927//1
f 12929//1 12930//1 12932//1 12931//1
f 12931//1 12932//1 12934//1 12933//1
f 12933//1 12934//1 12936//1 12935//1
f 12935//1 12936//1 12938//1 12937//1
f 12939//1 12940//1 12942//1 12941//1
f 12943//1 12944//1 12946//1 12945//1
f 12947//1 12948//1 12950//1 12949//1
f 12951//1 12952//1 12954//1 12953//1
f 12955//1 12956//1 12958//1 12957//1
f 12957//1 12958//1 12960//1 12959//1
f 12959//1 12960//1 12962//1 12961//1
f 12961//1 12962//1 12964//1 12963//1
f 12963//1 12964//1 12966//1 12965//1
f 12965//1 12966//1 12968//1 12967//1
f 12967//1 12968//1 12970//1 12969//1
f 12969//1 12970//1 12972//1 12971//1
f 12971//1 12972//1 12974//1 12973//1
f 12973//1 12974//1 12976//1 12975//1
f 12975//1 12976//1 12978//1 12977//1
f 12977//1 12978//1 12980//1 12979//1
f 12979//1 12980//1 12982//1 12981//1
f 12981//1 12982//1 12984//1 12983//1
f 12985//1 12986//1 12988//1 12987//1
f 12987//1 12988//1 12990//1 12989//1
f 12989//1 12990//1 12992//1 12991//1
f 12991//1 12992//1 12994//1 12993//1
f 12993//1 12994//1 12996//1 12995//1
f 12995//1 12996//1 12998//1 12997//1
f 12997//1 12998//1 13000//1 12999//1
f 12999//1 13000//1 13002//1 13001//1
f 13001//1 13002//1 13004//1 13003//1
f 13003//1 13004//1 13006//1 13005//1
f 13005//1 13006//1 13008//1 13007//1
f 13007//1 13008//1 13010//1 13009//1
f 13009//1 13010//1 13012//1 13011//1
f 13011//1 13012//1 13014//1 13013//1
f 13015//1 13016//1 13018//1 13017//1
f 13017//1 13018//1 13020//1 13019//1
f 13019//1 13020//1 13022//1 13021//1
f 13021//1 13022//1 13024//1 13023//1
f 13023//1 13024//1 13026//1 13025//1
f 13025//1 13026//1 13028//1 13027//1
f 13027//1 13028//1 13030//1 13029//1
f 13029//1 13030//1 13032//1 13031//1
f 13031//1 13032//1 13034//1 13033//1
f 13033//1 13034//1 13036//1 13035//1
f 13035//1 13036//1 13038//1 13037//1
f 13039//1 13040//1 13042//1 13041//1
f 13043//1 13044//1 13046//1 13045//1
f 13045//1 13046//1 13048//1 13047//1
f 13047//1 13048//1 13050//1 13049//1
f 13049//1 13050//1 13052//1 13051//1
f 13051//1 13052//1 13054//1 13053//1
f 13053//1 13054//1 13056//1 13055//1
f 13055//1 13056//1 13058//1 13057//1
f 13057//1 13058//1 13060//1 13059//1
f 13059//1 13060//1 13062//1 13061//1
f 13063//1 13064//1 13066//1 13065//1
f 13065//1 13066//1 13068//1 13067//1
f 13069//1 13070//1 13072//1 13071//1
f 13071//1 13072//1 13074//1 13073//1
f 13075//1 13076//1 13078//1 13077//1
f 13079//1 13080//1 13082//1 13081//1
f 13083//1 13084//1 13086//1 13085//1
f 13085//1 13086//1 13088//1 13087//1
f 13087//1 13088//1 13090//1 13089//1
f 13091//1 13092//1 13094//1 13093//1
f 13093//1 13094//1 13096//1 13095//1
f 13097//1 13098//1 13100//1 13099//1
f 13101//1 13102//1 13104//1 13103//1
f 13105//1 13106//1 13108//1 13107//1
f 13107//1 13108//1 13110//1 13109//1
f 13109//1 13110//1 13112//1 13111//1
f 13113//1 13114//1 13116//1 13115//1
f 13117//1 13118//1 13120//1 13119//1
f 13119//1 13120//1 13122//1 13121//1
f 13121//1 13122//1 13124//1 13123//1
f 13123//1 13124//1 13126//1 13125//1
f 13125//1 13126//1 13128//1 13127//1
f 13127//1 13128//1 13130//1 13129//1
f 13129//1 13130//1 13132//1 13131//1
f 13131//1 13132//1 13134//1 13133//1
f 13133//1 13134//1 13136//1 13135//1
f 13135//1 13136//1 13138//1 13137//1
f 13137//1 13138//1 13140//1 13139//1
f 13139//1 13140//1 13142//1 13141//1
f 13141//1 13142//1 13144//1 13143//1
f 13143//1 13144//1 13146//1 13145//1
f 13147//1 13148//1 13150//1 13149//1
f 13149//1 13150//1 13152//1 13151//1
f 13153//1 13154//1 13156//1 13155//1
f 13155//1 13156//1 13158//1 13157//1
f 13157//1 13158//1 13160//1 13159//1
f 13161//1 13162//1 13164//1 13163//1
f 13165//1 13166//1 13168//1 13167//1
f 13167//1 13168//1 13170//1 13169//1
f 13169//1 13170//1 13172//1 13171//1
f 13171//1 13172//1 13174//1 13173//1
f 13173//1 13174//1 13176//1 13175//1
f 13175//1 13176//1 13178//1 13177//1
f 13177//1 13178//1 13180//1 13179//1
f 13179//1 13180//1 13182//1 13181//1
f 13181//1 13182//1 13184//1 13183//1
f 13183//1 13184//1 13186//1 13185//1
f 13185//1 13186//1 13188//1 13187//1
f 13187//1 13188//1 13190//1 13189//1
f 13189//1 13190//1 13192//1 13191//1
f 13191//1 13192//1 13194//1 13193//1
f 13193//1 13194//1 13196//1 13195//1
f 13195//1 13196//1 13198//1 13197//1
f 13197//1 13198//1 13200//1 13199//1
f 13199//1 13200//1 13202//1 13201//1
f 13201//1 13202//1 13204//1 13203//1
f 13203//1 13204//1 13206//1 13205//1
f 13205//1 13206//1 13208//1 13207//1
f 13207//1 13208//1 13210//1 13209//1
f 13209//1 13210//1 13212//1 13211//1
f 13211//1 13212//1 13214//1 13213//1
f 13213//1 13214//1 13216//1 13215//1
f 13215//1 13216//1 13218//1 13217//1
f 13217//1 13218//1 13220//1 13219//1
f 13219//1 13220//1 13222//1 13221//1
f 13221//1 13222//1 13224//1 13223//1
f 13223//1 13224//1 13226//1 13225//1
f 13225//1 13226//1 13228//1 13227//1
f 13227//1 13228//1 13230//1 13229//1
f 13229//1 13230//1 13232//1 13231//1
f 13231//1 13232//1 13234//1 13233//1
f 13233//1 13234//1 13236//1 13235//1
f 13235//1 13236//1 13238//1 13237//1
f 13237//1 13238//1 13240//1 13239//1
f 13239//1 13240//1 13242//1 13241//1
f 13241//1 13242//1 13244//1 13243//1
f 13243//1 13244//1 13246//1 13245//1
f 13245//1 13246//1 13248//1 13247//1
f 13247//1 13248//1 13250//1 13249//1
f 13249//1 13250//1 13252//1 13251//1
f 13251//1 13252//1 13254//1 13253//1
f 13255//1 13256//1 13258//1 13257//1
f 13257//1 13258//1 13260//1 13259//1
f 13259//1 13260//1 13262//1 13261//1
f 13261//1 13262//1 13264//1 13263//1
f 13263//1 13264//1 13266//1 13265//1
f 13265//1 13266//1 13268//1 13267//1
f 13269//1 13270//1 13272//1 13271//1
f 13273//1 13274//1 13276//1 13275//1
f 13275//1 13276//1 13278//1 13277//1
f 13277//1 13278//1 13280//1 13279//1
f 13279//1 13280//1 13282//1 13281//1
f 13281//1 13282//1 13284//1 13283//1
f 13283//1 13284//1 13286//1 13285//1
f 13285//1 13286//1 13288//1 13287//1
f 13287//1 13288//1 13290//1 13289//1
f 13289//1 13290//1 13292//1 13291//1
f 13291//1 13292//1 13294//1 13293//1
f 13293//1 13294//1 13296//1 13295//1
f 13295//1 13296//1 13298//1 13297//1
f 13297//1 13298//1 13300//1 13299//1
f 13299//1 13300//1 13302//1 13301//1
f 13301//1 13302//1 13304//1 13303//1
f 13303//1 13304//1 13306//1 13305//1
f 13305//1 13306//1 13308//1 13307//1
f 13307//1 13308//1 13310//1 13309//1
f 13311//1 13312//1 13314//1 13313//1
f 13313//1 13314//1 13316//1 13315//1
f 13315//1 13316//1 13318//1 13317//1
f 13317//1 13318//1 13320//1 13319//1
f 13321//1 13322//1 13324//1 13323//1
f 13323//1 13324//1 13326//1 13325//1
f 13325//1 13326//1 13328//1 13327//1
f 13327//1 13328//1 13330//1 13329//1
f 13329//1 13330//1 13332//1 13331//1
f 13331//1 13332//1 13334//1 13333//1
f 13333//1 13334//1 13336//1 13335//1
f 13335//1 13336//1 13338//1 13337//1
f 13339//1 13340//1 13342//1 13341//1
f 13343//1 13344//1 13346//1 13345//1
f 13347//1 13348//1 13350//1 13349//1
f 13349//1 13350//1 13352//1 13351//1
f 13351//1 13352//1 13354//1 13353//1
f 13353//1 13354//1 13356//1 13355//1
f 13355//1 13356//1 13358//1 13357//1
f 13357//1 13358//1 13360//1 13359//1
f 13359//1 13360//1 13362//1 13361//1
f 13361//1 13362//1 13364//1 13363//1
f 13363//1 13364//1 13366//1 13365//1
f 13365//1 13366//1 13368//1 13367//1
f 13367//1 13368//1 13370//1 13369//1
f 13369//1 13370//1 13372//1 13371//1
f 13371//1 13372//1 13374//1 13373//1
f 13373//1 13374//1 13376//1 13375//1
f 13375//1 13376//1 13378//1 13377//1
f 13377//1 13378//1 13380//1 13379//1
f 13379//1 13380//1 13382//1 13381//1
f 13381//1 13382//1 13384//1 13383//1
f 13383//1 13384//1 13386//1 13385//1
f 13385//1 13386//1 13388//1 13387//1
f 13387//1 13388//1 13390//1 13389//1
f 13389//1 13390//1 13392//1 13391//1
f 13391//1 13392//1 13394//1 13393//1
f 13393//1 13394//1 13396//1 13395//1
f 13395//1 13396//1 13398//1 13397//1
f 13397//1 13398//1 13400//1 13399//1
f 13399//1 13400//1 13402//1 13401//1
f 13401//1 13402//1 13404//1 13403//1
f 13403//1 13404//1 13406//1 13405//1
f 13405//1 13406//1 13408//1 13407//1
f 13407//1 13408//1 13410//1 13409//1
f 13409//1 13410//1 13412//1 13411//1
f 13411//1 13412//1 13414//1 13413//1
f 13413//1 13414//1 13416//1 13415//1
f 13415//1 13416//1 13418//1 13417//1
f 13417//1 13418//1 13420//1 13419//1
f 13419//1 13420//1 13422//1 13421//1
f 13421//1 13422//1 13424//1 13423//1
f 13423//1 13424//1 13426//1 13425//1
f 13425//1 13426//1 13428//1 13427//1
f 13427//1 13428//1 13430//1 13429//1
f 13429//1 13430//1 13432//1 13431//1
f 13433//1 13434//1 13436//1 13435//1
f 13435//1 13436//1 13438//1 13437//1
f 13439//1 13440//1 13442//1 13441//1
f 13441//1 13442//1 13444//1 13443//1
f 13443//1 13444//1 13446//1 13445//1
f 13445//1 13446//1 13448//1 13447//1
f 13449//1 13450//1 13452//1 13451//1
f 13451//1 13452//1 13454//1 13453//1
f 13455//1 13456//1 13458//1 13457//1
f 13459//1 13460//1 13462//1 13461//1
f 13461//1 13462//1 13464//1 13463//1
f 13463//1 13464//1 13466//1 13465//1
f 13465//1 13466//1 13468//1 13467//1
f 13467//1 13468//1 13470//1 13469//1
f 13469//1 13470//1 13472//1 13471//1
f 13471//1 13472//1 13474//1 13473//1
f 13473//1 13474//1 13476//1 13475//1
f 13475//1 13476//1 13478//1 13477//1
f 13477//1 13478//1 13480//1 13479//1
f 13479//1 13480//1 13482//1 13481//1
f 13481//1 13482//1 13484//1 13483//1
f 13483//1 13484//1 13486//1 13485//1
f 13485//1 13486//1 13488//1 13487//1
f 13487//1 13488//1 13490//1 13489//1
f 13489//1 13490//1 13492//1 13491//1
f 13491//1 13492//1 13494//1 13493//1
f 13493//1 13494//1 13496//1 13495//1
f 13495//1 13496//1 13498//1 13497//1
f 13497//1 13498//1 13500//1 13499//1
f 13499//1 13500//1 13502//1 13501//1
f 13501//1 13502//1 13504//1 13503//1
f 13503//1 13504//1 13506//1 13505//1
f 13505//1 13506//1 13508//1 13507//1
f 13507//1 13508//1 13510//1 13509//1
f 13509//1 13510//1 13512//1 13511//1
f 13511//1 13512//1 13514//1 13513//1
f 13513//1 13514//1 13516//1 13515//1
f 13515//1 13516//1 13518//1 13517//1
f 13517//1 13518//1 13520//1 13519//1
f 13519//1 13520//1 13522//1 13521//1
f 13521//1 13522//1 13524//1 13523//1
f 13523//1 13524//1 13526//1 13525//1
f 13525//1 13526//1 13528//1 13527//1
f 13527//1 13528//1 13530//1 13529//1
f 13529//1 13530//1 13532//1 13531//1
f 13531//1 13532//1 13534//1 13533//1
f 13533//1 13534//1 13536//1 13535//1
f 13535//1 13536//1 13538//1 13537//1
f 13537//1 13538//1 13540//1 13539//1
f 13539//1 13540//1 13542//1 13541//1
f 13541//1 13542//1 13544//1 13543//1
f 13543//1 13544//1 13546//1 13545//1
f 13545//1 13546//1 13548//1 13547//1
f 13547//1 13548//1 13550//1 13549//1
f 13549//1 13550//1 13552//1 13551//1
f 13551//1 13552//1 13554//1 13553//1
f 13553//1 13554//1 13556//1 13555//1
f 13555//1 13556//1 13558//1 13557//1
f 13557//1 13558//1 13560//1 13559//1
f 13559//1 13560//1 13562//1 13561//1
f 13561//1 13562//1 13564//1 13563//1
f 13563//1 13564//1 13566//1 13565//1
f 13565//1 13566//1 13568//1 13567//1
f 13567//1 13568//1 13570//1 13569//1
f 13569//1 13570//1 13572//1 13571//1
f 13571//1 13572//1 13574//1 13573//1
f 13573//1 13574//1 13576//1 13575//1
f 13575//1 13576//1 13578//1 13577//1
f 13577//1 13578//1 13580//1 13579//1
f 13579//1 13580//1 13582//1 13581//1
f 13581//1 13582//1 13584//1 13583//1
f 13583//1 13584//1 13586//1 13585//1
f 13585//1 13586//1 13588//1 13587//1
f 13587//1 13588//1 13590//1 13589//1
f 13589//1 13590//1 13592//1 13591//1
f 13591//1 13592//1 13594//1 13593//1
f 13593//1 13594//1 13596//1 13595//1
f 13595//1 13596//1 13598//1 13597//1
f 13597//1 13598//1 13600//1 13599//1
f 13599//1 13600//1 13602//1 13601//1
f 13601//1 13602//1 13604//1 13603//1
f 13603//1 13604//1 13606//1 13605//1
f 13605//1 13606//1 13608//1 13607//1
f 13607//1 13608//1 13610//1 13609//1
f 13609//1 13610//1 13612//1 13611//1
f 13611//1 13612//1 13614//1 13613//1
f 13613//1 13614//1 13616//1 13615//1
f 13615//1 13616//1 13618//1 13617//1
f 13619//1 13620//1 13622//1 13621//1
f 13621//1 13622//1 13624//1 13623//1
f 13625//1 13626//1 13628//1 13627//1
f 13627//1 13628//1 13630//1 13629//1
f 13631//1 13632//1 13634//1 13633//1
f 13635//1 13636//1 13638//1 13637//1
f 13639//1 13640//1 13642//1 13641//1
f 13643//1 13644//1 13646//1 13645//1
f 13645//1 13646//1 13648//1 13647//1
f 13647//1 13648//1 13650//1 13649//1
f 13649//1 13650//1 13652//1 13651//1
f 13651//1 13652//1 13654//1 13653//1
f 13653//1 13654//1 13656//1 13655//1
f 13655//1 13656//1 13658//1 13657//1
f 13657//1 13658//1 13660//1 13659//1
f 13659//1 13660//1 13662//1 13661//1
f 13661//1 13662//1 13664//1 13663//1
f 13663//1 13664//1 13666//1 13665//1
f 13665//1 13666//1 13668//1 13667//1
f 13667//1 13668//1 13670//1 13669//1
f 13669//1 13670//1 13672//1 13671//1
f 13671//1 13672//1 13674//1 13673//1
f 13673//1 13674//1 13676//1 13675//1
f 13675//1 13676//1 13678//1 13677//1
f 13677//1 13678//1 13680//1 13679//1
f 13679//1 13680//1 13682//1 13681//1
f 13681//1 13682//1 13684//1 13683//1
f 13683//1 13684//1 13686//1 13685//1
f 13685//1 13686//1 13688//1 13687//1
f 13687//1 13688//1 13690//1 13689//1
f 13689//1 13690//1 13692//1 13691//1
f 13691//1 13692//1 13694//1 13693//1
f 13693//1 13694//1 13696//1 13695//1
f 13695//1 13696//1 13698//1 13697//1
f 13697//1 13698//1 13700//1 13699//1
f 13699//1 13700//1 13702//1 13701//1
f 13701//1 13702//1 13704//1 13703//1
f 13705//1 13706//1 13708//1 13707//1
f 13707//1 13708//1 13710//1 13709//1
f 13709//1 13710//1 13712//1 13711//1
f 13711//1 13712//1 13714//1 13713//1
f 13713//1 13714//1 13716//1 13715//1
f 13715//1 13716//1 13718//1 13717//1
f 13717//1 13718//1 13720//1 13719//1
f 13719//1 13720//1 13722//1 13721//1
f 13721//1 13722//1 13724//1 13723//1
f 13725//1 13726//1 13728//1 13727//1
f 13727//1 13728//1 13730//1 13729//1
f 13729//1 13730//1 13732//1 13731//1
f 13731//1 13732//1 13734//1 13733//1
f 13733//1 13734//1 13736//1 13735//1
f 13735//1 13736//1 13738//1 13737//1
f 13737//1 13738//1 13740//1 13739//1
f 13739//1 13740//1 13742//1 13741//1
f 13741//1 13742//1 13744//1 13743//1
f 13743//1 13744//1 13746//1 13745//1
f 13745//1 13746//1 13748//1 13747//1
f 13747//1 13748//1 13750//1 13749//1
f 13749//1 13750//1 13752//1 13751//1
f 13751//1 13752//1 13754//1 13753//1
f 13753//1 13754//1 13756//1 13755//1
f 13755//1 13756//1 13758//1 13757//1
f 13757//1 13758//1 13760//1 13759//1
f 13759//1 13760//1 13762//1 13761//1
f 13761//1 13762//1 13764//1 13763//1
f 13763//1 13764//1 13766//1 13765//1
f 13765//1 13766//1 13768//1 13767//1
f 13767//1 13768//1 13770//1 13769//1
f 13769//1 13770//1 13772//1 13771//1
f 13771//1 13772//1 13774//1 13773//1
f 13773//1 13774//1 13776//1 13775//1
f 13775//1 13776//1 13778//1 13777//1
f 13777//1 13778//1 13780//1 13779//1
f 13779//1 13780//1 13782//1 13781//1
f 13781//1 13782//1 13784//1 13783//1
f 13783//1 13784//1 13786//1 13785//1
f 13785//1 13786//1 13788//1 13787//1
f 13787//1 13788//1 13790//1 13789//1
f 13789//1 13790//1 13792//1 13791//1
f 13791//1 13792//1 13794//1 13793//1
f 13793//1 13794//1 13796//1 13795//1
f 13795//1 13796//1 13798//1 13797//1
f 13797//1 13798//1 13800//1 13799//1
f 13799//1 13800//1 13802//1 13801//1
f 13801//1 13802//1 13804//1 13803//1
f 13803//1 13804//1 13806//1 13805//1
f 13805//1 13806//1 13808//1 13807//1
f 13807//1 13808//1 13810//1 13809//1
f 13809//1 13810//1 13812//1 13811//1
f 13811//1 13812//1 13814//1 13813//1
f 13813//1 13814//1 13816//1 13815//1
f 13815//1 13816//1 13818//1 13817//1
f 13817//1 13818//1 13820//1 13819//1
f 13819//1 13820//1 13822//1 13821//1
f 13821//1 13822//1 13824//1 13823//1
f 13823//1 13824//1 13826//1 13825//1
f 13825//1 13826//1 13828//1 13827//1
f 13827//1 13828//1 13830//1 13829//1
f 13829//1 13830//1 13832//1 13831//1
f 13831//1 13832//1 13834//1 13833//1
f 13833//1 13834//1 13836//1 13835//1
f 13835//1 13836//1 13838//1 13837//1
f 13837//1 13838//1 13840//1 13839//1
f 13839//1 13840//1 13842//1 13841//1
f 13841//1 13842//1 13844//1 13843//1
f 13843//1 13844//1 13846//1 13845//1
f 13845//1 13846//1 13848//1 13847//1
f 13847//1 13848//1 13850//1 13849//1
f 13849//1 13850//1 13852//1 13851//1
f 13851//1 13852//1 13854//1 13853//1
f 13853//1 13854//1 13856//1 13855//1
f 13855//1 13856//1 13858//1 13857//1
f 13857//1 13858//1 13860//1 13859//1
f 13859//1 13860//1 13862//1 13861//1
f 13861//1 13862//1 13864//1 13863//1
f 13863//1 13864//1 13866//1 13865//1
f 13865//1 13866//1 13868//1 13867//1
f 13867//1 13868//1 13870//1 13869//1
f 13869//1 13870//1 13872//1 13871//1
f 13871//1 13872//1 13874//1 13873//1
f 13873//1 13874//1 13876//1 13875//1
f 13875//1 13876//1 13878//1 13877//1
f 13877//1 13878//1 13880//1 13879//1
f 13879//1 13880//1 13882//1 13881//1
f 13881//1 13882//1 13884//1 13883//1
f 13883//1 13884//1 13886//1 13885//1
f 13885//1 13886//1 13888//1 13887//1
f 13887//1 13888//1 13890//1 13889//1
f 13889//1 13890//1 13892//1 13891//1
f 13891//1 13892//1 13894//1 13893//1
f 13893//1 13894//1 13896//1 13895//1
f 13895//1 13896//1 13898//1 13897//1
f 13897//1 13898//1 13900//1 13899//1
f 13899//1 13900//1 13902//1 13901//1
f 13901//1 13902//1 13904//1 13903//1
f 13903//1 13904//1 13906//1 13905//1
f 13905//1 13906//1 13908//1 13907//1
f 13907//1 13908//1 13910//1 13909//1
f 13909//1 13910//1 13912//1 13911//1
f 13911//1 13912//1 13914//1 13913//1
f 13913//1 13914//1 13916//1 13915//1
f 13915//1 13916//1 13918//1 13917//1
f 13917//1 13918//1 13920//1 13919//1
f 13919//1 13920//1 13922//1 13921//1
f 13921//1 13922//1 13924//1 13923//1
f 13923//1 13924//1 13926//1 13925//1
f 13925//1 13926//1 13928//1 13927//1
f 13927//1 13928//1 13930//1 13929//1
f 13929//1 13930//1 13932//1 13931//1
f 13931//1 13932//1 13934//1 13933//1
f 13933//1 13934//1 13936//1 13935//1
f 13935//1 13936//1 13938//1 13937//1
f 13937//1 13938//1 13940//1 13939//1
f 13939//1 13940//1 13942//1 13941//1
f 13941//1 13942//1 13944//1 13943//1
f 13943//1 13944//1 13946//1 13945//1
f 13945//1 13946//1 13948//1 13947//1
f 13947//1 13948//1 13950//1 13949//1
f 13949//1 13950//1 13952//1 13951//1
f 13951//1 13952//1 13954//1 13953//1
f 13953//1 13954//1 13956//1 13955//1
f 13955//1 13956//1 13958//1 13957//1
f 13957//1 13958//1 13960//1 13959//1
f 13959//1 13960//1 13962//1 13961//1
f 13961//1 13962//1 13964//1 13963//1
f 13963//1 13964//1 13966//1 13965//1
f 13965//1 13966//1 13968//1 13967//1
f 13967//1 13968//1 13970//1 13969//1
f 13969//1 13970//1 13972//1 13971//1
f 13971//1 13972//1 13974//1 13973//1
f 13973//1 13974//1 13976//1 13975//1
f 13975//1 13976//1 13978//1 13977//1
f 13977//1 13978//1 13980//1 13979//1
f 13979//1 13980//1 13982//1 13981//1
f 13981//1 13982//1 13984//1 13983//1
f 13983//1 13984//1 13986//1 13985//1
f 13985//1 13986//1 13988//1 13987//1
f 13987//1 13988//1 13990//1 13989//1
f 13989//1 13990//1 13992//1 13991//1
f 13991//1 13992//1 13994//1 13993//1
f 13993//1 13994//1 13996//1 13995//1
f 13995//1 13996//1 13998//1 13997//1
f 13997//1 13998//1 14000//1 13999//1
f 13999//1 14000//1 14002//1 14001//1
f 14001//1 14002//1 14004//1 14003//1
f 14003//1 14004//1 14006//1 14005//1
f 14005//1 14006//1 14008//1 14007//1
f 14007//1 14008//1 14010//1 14009//1
f 14009//1 14010//1 14012//1 14011//1
f 14011//1 14012//1 14014//1 14013//1
f 14013//1 14014//1 14016//1 14015//1
f 14015//1 14016//1 14018//1 14017//1
f 14017//1 14018//1 14020//1 14019//1
f 14019//1 14020//1 14022//1 14021//1
f 14021//1 14022//1 14024//1 14023//1
f 14023//1 14024//1 14026//1 14025//1
f 14025//1 14026//1 14028//1 14027//1
f 14029//1 14030//1 14032//1 14031//1
f 14031//1 14032//1 14034//1 14033//1
f 14033//1 14034//1 14036//1 14035//1
f 14035//1 14036//1 14038//1 14037//1
f 14037//1 14038//1 14040//1 14039//1
f 14039//1 14040//1 14042//1 14041//1
f 14041//1 14042//1 14044//1 14043//1
f 14043//1 14044//1 14046//1 14045//1
f 14045//1 14046//1 14048//1 14047//1
f 14047//1 14048//1 14050//1 14049//1
f 14051//1 14052//1 14054//1 14053//1
f 14053//1 14054//1 14056//1 14055//1
f 14055//1 14056//1 14058//1 14057//1
f 14057//1 14058//1 14060//1 14059//1
f 14059//1 14060//1 14062//1 14061//1
f 14061//1 14062//1 14064//1 14063//1
f 14063//1 14064//1 14066//1 14065//1
f 14065//1 14066//1 14068//1 14067//1
f 14067//1 14068//1 14070//1 14069//1
f 14071//1 14072//1 14074//1 14073//1
f 14073//1 14074//1 14076//1 14075//1
f 14075//1 14076//1 14078//1 14077//1
f 14077//1 14078//1 14080//1 14079//1
f 14079//1 14080//1 14082//1 14081//1
f 14081//1 14082//1 14084//1 14083//1
f 14083//1 14084//1 14086//1 14085//1
f 14085//1 14086//1 14088//1 14087//1
f 14087//1 14088//1 14090//1 14089//1
f 14089//1 14090//1 14092//1 14091//1
f 14091//1 14092//1 14094//1 14093//1
f 14093//1 14094//1 14096//1 14095//1
f 14095//1 14096//1 14098//1 14097//1
f 14097//1 14098//1 14100//1 14099//1
f 14099//1 14100//1 14102//1 14101//1
f 14101//1 14102//1 14104//1 14103//1
f 14103//1 14104//1 14106//1 14105//1
f 14105//1 14106//1 14108//1 14107//1
f 14107//1 14108//1 14110//1 14109//1
f 14109//1 14110//1 14112//1 14111//1
f 14111//1 14112//1 14114//1 14113//1
f 14113//1 14114//1 14116//1 14115//1
f 14115//1 14116//1 14118//1 14117//1
f 14117//1 14118//1 14120//1 14119//1
f 14119//1 14120//1 14122//1 14121//1
f 14121//1 14122//1 14124//1 14123//1
f 14123//1 14124//1 14126//1 14125//1
f 14125//1 14126//1 14128//1 14127//1
f 14127//1 14128//1 14130//1 14129//1
f 14129//1 14130//1 14132//1 14131//1
f 14131//1 14132//1 14134//1 14133//1
f 14133//1 14134//1 14136//1 14135//1
f 14135//1 14136//1 14138//1 14137//1
f 14137//1 14138//1 14140//1 14139//1
f 14139//1 14140//1 14142//1 14141//1
f 14141//1 14142//1 14144//1 14143//1
f 14143//1 14144//1 14146//1 14145//1
f 14145//1 14146//1 14148//1 14147//1
f 14147//1 14148//1 14150//1 14149//1
f 14151//1 14152//1 14154//1 14153//1
f 14155//1 14156//1 14158//1 14157//1
f 14157//1 14158//1 14160//1 14159//1
f 14159//1 14160//1 14162//1 14161//1
f 14161//1 14162//1 14164//1 14163//1
f 14163//1 14164//1 14166//1 14165//1
f 14165//1 14166//1 14168//1 14167//1
f 14167//1 14168//1 14170//1 14169//1
f 14169//1 14170//1 14172//1 14171//1
f 14171//1 14172//1 14174//1 14173//1
f 14173//1 14174//1 14176//1 14175//1
f 14175//1 14176//1 14178//1 14177//1
f 14177//1 14178//1 14180//1 14179//1
f 14179//1 14180//1 14182//1 14181//1
f 14183//1 14184//1 14186//1 14185//1
f 14185//1 14186//1 14188//1 14187//1
f 14187//1 14188//1 14190//1 14189//1
f 14189//1 14190//1 14192//1 14191//1
f 14191//1 14192//1 14194//1 14193//1
f 14193//1 14194//1 14196//1 14195//1
f 14195//1 14196//1 14198//1 14197//1
f 14197//1 14198//1 14200//1 14199//1
f 14199//1 14200//1 14202//1 14201//1
f 14201//1 14202//1 14204//1 14203//1
f 14203//1 14204//1 14206//1 14205//1
f 14205//1 14206//1 14208//1 14207//1
f 14207//1 14208//1 14210//1 14209//1
f 14209//1 14210//1 14212//1 14211//1
f 14211//1 14212//1 14214//1 14213//1
f 14213//1 14214//1 14216//1 14215//1
f 14215//1 14216//1 14218//1 14217//1
f 14219//1 14220//1 14222//1 14221//1
f 14221//1 14222//1 14224//1 14223//1
f 14223//1 14224//1 14226//1 14225//1
f 14227//1 14228//1 14230//1 14229//1
f 14229//1 14230//1 14232//1 14231//1
f 14231//1 14232//1 14234//1 14233//1
f 14233//1 14234//1 14236//1 14235//1
f 14235//1 14236//1 14238//1 14237//1
f 14237//1 14238//1 14240//1 14239//1
f 14239//1 14240//1 14242//1 14241//1
f 14241//1 14242//1 14244//1 14243//1
f 14243//1 14244//1 14246//1 14245//1
f 14245//1 14246//1 14248//1 14247//1
f 14247//1 14248//1 14250//1 14249//1
f 14249//1 14250//1 14252//1 14251//1
f 14251//1 14252//1 14254//1 14253//1
f 14253//1 14254//1 14256//1 14255//1
f 14255//1 14256//1 14258//1 14257//1
f 14257//1 14258//1 14260//1 14259//1
f 14259//1 14260//1 14262//1 14261//1
f 14261//1 14262//1 14264//1 14263//1
f 14263//1 14264//1 14266//1 14265//1
f 14265//1 14266//1 14268//1 14267//1
f 14267//1 14268//1 14270//1 14269//1
f 14269//1 14270//1 14272//1 14271//1
f 14271//1 14272//1 14274//1 14273//1
f 14273//1 14274//1 14276//1 14275//1
f 14275//1 14276//1 14278//1 14277//1
f 14277//1 14278//1 14280//1 14279//1
f 14279//1 14280//1 14282//1 14281//1
f 14281//1 14282//1 14284//1 14283//1
f 14283//1 14284//1 14286//1 14285//1
f 14285//1 14286//1 14288//1 14287//1
f 14287//1 14288//1 14290//1 14289//1
f 14289//1 14290//1 14292//1 14291//1
f 14291//1 14292//1 14294//1 14293//1
f 14293//1 14294//1 14296//1 14295//1
f 14295//1 14296//1 14298//1 14297//1
f 14297//1 14298//1 14300//1 14299//1
f 14299//1 14300//1 14302//1 14301//1
f 14301//1 14302//1 14304//1 14303//1
f 14303//1 14304//1 14306//1 14305//1
f 14305//1 14306//1 14308//1 14307//1
f 14307//1 14308//1 14310//1 14309//1
f 14309//1 14310//1 14312//1 14311//1
f 14311//1 14312//1 14314//1 14313//1
f 14313//1 14314//1 14316//1 14315//1
f 14315//1 14316//1 14318//1 14317//1
f 14317//1 14318//1 14320//1 14319//1
f 14319//1 14320//1 14322//1 14321//1
f 14321//1 14322//1 14324//1 14323//1
f 14323//1 14324//1 14326//1 14325//1
f 14325//1 14326//1 14328//1 14327//1
f 14327//1 14328//1 14330//1 14329//1
f 14329//1 14330//1 14332//1 14331//1
f 14331//1 14332//1 14334//1 14333//1
f 14333//1 14334//1 14336//1 14335//1
f 14335//1 14336//1 14338//1 14337//1
f 14337//1 14338//1 14340//1 14339//1
f 14339//1 14340//1 14342//1 14341//1
f 14341//1 14342//1 14344//1 14343//1
f 14343//1 14344//1 14346//1 14345//1
f 14345//1 14346//1 14348//1 14347//1
f 14347//1 14348//1 14350//1 14349//1
f 14349//1 14350//1 14352//1 14351//1
f 14351//1 14352//1 14354//1 14353//1
f 14353//1 14354//1 14356//1 14355//1
f 14355//1 14356//1 14358//1 14357//1
f 14357//1 14358//1 14360//1 14359//1
f 14359//1 14360//1 14362//1 14361//1
f 14361//1 14362//1 14364//1 14363//1
f 14363//1 14364//1 14366//1 14365//1
f 14365//1 14366//1 14368//1 14367//1
f 14367//1 14368//1 14370//1 14369//1
f 14369//1 14370//1 14372//1 14371//1
f 14371//1 14372//1 14374//1 14373//1
f 14373//1 14374//1 14376//1 14375//1
f 14375//1 14376//1 14378//1 14377//1
f 14377//1 14378//1 14380//1 14379//1
f 14379//1 14380//1 14382//1 14381//1
f 14381//1 14382//1 14384//1 14383//1
f 14383//1 14384//1 14386//1 14385//1
f 14385//1 14386//1 14388//1 14387//1
f 14387//1 14388//1 14390//1 14389//1
f 14389//1 14390//1 14392//1 14391//1
f 14391//1 14392//1 14394//1 14393//1
f 14393//1 14394//1 14396//1 14395//1
f 14395//1 14396//1 14398//1 14397//1
f 14397//1 14398//1 14400//1 14399//1
f 14399//1 14400//1 14402//1 14401//1
f 14401//1 14402//1 14404//1 14403//1
f 14403//1 14404//1 14406//1 14405//1
f 14405//1 14406//1 14408//1 14407//1
f 14407//1 14408//1 14410//1 14409//1
f 14409//1 14410//1 14412//1 14411//1
f 14411//1 14412//1 14414//1 14413//1
f 14413//1 14414//1 14416//1 14415//1
f 14415//1 14416//1 14418//1 14417//1
f 14417//1 14418//1 14420//1 14419//1
f 14419//1 14420//1 14422//1 14421//1
f 14421//1 14422//1 14424//1 14423//1
f 14423//1 14424//1 14426//1 14425//1
f 14425//1 14426//1 14428//1 14427//1
f 14427//1 14428//1 14430//1 14429//1
f 14429//1 14430//1 14432//1 14431//1
f 14431//1 14432//1 14434//1 14433//1
f 14433//1 14434//1 14436//1 14435//1
f 14435//1 14436//1 14438//1 14437//1
f 14437//1 14438//1 14440//1 14439//1
f 14439//1 14440//1 14442//1 14441//1
f 14441//1 14442//1 14444//1 14443//1
f 14443//1 14444//1 14446//1 14445//1
f 14445//1 14446//1 14448//1 14447//1
f 14447//1 14448//1 14450//1 14449//1
f 14449//1 14450//1 14452//1 14451//1
f 14451//1 14452//1 14454//1 14453//1
f 14453//1 14454//1 14456//1 14455//1
f 14455//1 14456//1 14458//1 14457//1
f 14457//1 14458//1 14460//1 14459//1
f 14459//1 14460//1 14462//1 14461//1
f 14461//1 14462//1 14464//1 14463//1
f 14463//1 14464//1 14466//1 14465//1
f 14465//1 14466//1 14468//1 14467//1
f 14467//1 14468//1 14470//1 14469//1
f 14469//1 14470//1 14472//1 14471//1
f 14471//1 14472//1 14474//1 14473//1
f 14473//1 14474//1 14476//1 14475//1
f 14475//1 14476//1 14478//1 14477//1
f 14477//1 14478//1 14480//1 14479//1
f 14479//1 14480//1 14482//1 14481//1
f 14481//1 14482//1 14484//1 14483//1
f 14483//1 14484//1 14486//1 14485//1
f 14485//1 14486//1 14488//1 14487//1
f 14487//1 14488//1 14490//1 14489//1
f 14489//1 14490//1 14492//1 14491//1
f 14491//1 14492//1 14494//1 14493//1
f 14493//1 14494//1 14496//1 14495//1
f 14495//1 14496//1 14498//1 14497//1
f 14497//1 14498//1 14500//1 14499//1
f 14499//1 14500//1 14502//1 14501//1
f 14501//1 14502//1 14504//1 14503//1
f 14503//1 14504//1 14506//1 14505//1
f 14505//1 14506//1 14508//1 14507//1
f 14507//1 14508//1 14510//1 14509//1
f 14509//1 14510//1 14512//1 14511//1
f 14511//1 14512//1 14514//1 14513//1
f 14513//1 14514//1 14516//1 14515//1
f 14515//1 14516//1 14518//1 14517//1
f 14517//1 14518//1 14520//1 14519//1
f 14519//1 14520//1 14522//1 14521//1
f 14521//1 14522//1 14524//1 14523//1
f 14523//1 14524//1 14526//1 14525//1
f 14525//1 14526//1 14528//1 14527//1
f 14527//1 14528//1 14530//1 14529//1
f 14529//1 14530//1 14532//1 14531//1
f 14531//1 14532//1 14534//1 14533//1
f 14533//1 14534//1 14536//1 14535//1
f 14535//1 14536//1 14538//1 14537//1
f 14537//1 14538//1 14540//1 14539//1
f 14539//1 14540//1 14542//1 14541//1
f 14541//1 14542//1 14544//1 14543//1
f 14543//1 14544//1 14546//1 14545//1
f 14545//1 14546//1 14548//1 14547//1
f 14547//1 14548//1 14550//1 14549//1
f 14549//1 14550//1 14552//1 14551//1
f 14551//1 14552//1 14554//1 14553//1
f 14553//1 14554//1 14556//1 14555//1
f 14555//1 14556//1 14558//1 14557//1
f 14557//1 14558//1 14560//1 14559//1
f 14559//1 14560//1 14562//1 14561//1
f 14561//1 14562//1 14564//1 14563//1
f 14563//1 14564//1 14566//1 14565//1
f 14565//1 14566//1 14568//1 14567//1
f 14567//1 14568//1 14570//1 14569//1
f 14569//1 14570//1 14572//1 14571//1
f 14571//1 14572//1 14574//1 14573//1
f 14573//1 14574//1 14576//1 14575//1
f 14575//1 14576//1 14578//1 14577//1
f 14577//1 14578//1 14580//1 14579//1
f 14579//1 14580//1 14582//1 14581//1
f 14581//1 14582//1 14584//1 14583//1
f 14583//1 14584//1 14586//1 14585//1
f 14585//1 14586//1 14588//1 14587//1
f 14587//1 14588//1 14590//1 14589//1
f 14589//1 14590//1 14592//1 14591//1
f 14591//1 14592//1 14594//1 14593//1
f 14593//1 14594//1 14596//1 14595//1
f 14595//1 14596//1 14598//1 14597//1
f 14597//1 14598//1 14600//1 14599//1
f 14599//1 14600//1 14602//1 14601//1
f 14601//1 14602//1 14604//1 14603//1
f 14603//1 14604//1 14606//1 14605//1
f 14605//1 14606//1 14608//1 14607//1
f 14607//1 14608//1 14610//1 14609//1
f 14609//1 14610//1 14612//1 14611//1
f 14611//1 14612//1 14614//1 14613//1
f 14613//1 14614//1 14616//1 14615//1
f 14615//1 14616//1 14618//1 14617//1
f 14617//1 14618//1 14620//1 14619//1
f 14619//1 14620//1 14622//1 14621//1
f 14621//1 14622//1 14624//1 14623//1
f 14623//1 14624//1 14626//1 14625//1
f 14625//1 14626//1 14628//1 14627//1
f 14627//1 14628//1 14630//1 14629//1
f 14629//1 14630//1 14632//1 14631//1
f 14631//1 14632//1 14634//1 14633//1
f 14633//1 14634//1 14636//1 14635//1
f 14635//1 14636//1 14638//1 14637//1
f 14637//1 14638//1 14640//1 14639//1
f 14639//1 14640//1 14642//1 14641//1
f 14641//1 14642//1 14644//1 14643//1
f 14643//1 14644//1 14646//1 14645//1
f 14645//1 14646//1 14648//1 14647//1
f 14647//1 14648//1 14650//1 14649//1
f 14649//1 14650//1 14652//1 14651//1
f 14651//1 14652//1 14654//1 14653//1
f 14653//1 14654//1 14656//1 14655//1
f 14655//1 14656//1 14658//1 14657//1
f 14657//1 14658//1 14660//1 14659//1
f 14659//1 14660//1 14662//1 14661//1
f 14661//1 14662//1 14664//1 14663//1
f 14663//1 14664//1 14666//1 14665//1
f 14665//1 14666//1 14668//1 14667//1
f 14667//1 14668//1 14670//1 14669//1
f 14669//1 14670//1 14672//1 14671//1
f 14671//1 14672//1 14674//1 14673//1
f 14673//1 14674//1 14676//1 14675//1
f 14675//1 14676//1 14678//1 14677//1
f 14677//1 14678//1 14680//1 14679//1
f 14679//1 14680//1 14682//1 14681//1
f 14681//1 14682//1 14684//1 14683//1
f 14683//1 14684//1 14686//1 14685//1
f 14685//1 14686//1 14688//1 14687//1
f 14687//1 14688//1 14690//1 14689//1
f 14689//1 14690//1 14692//1 14691//1
f 14691//1 14692//1 14694//1 14693//1
f 14693//1 14694//1 14696//1 14695//1
f 14695//1 14696//1 14698//1 14697//1
f 14697//1 14698//1 14700//1 14699//1
f 14699//1 14700//1 14702//1 14701//1
f 14701//1 14702//1 14704//1 14703//1
f 14703//1 14704//1 14706//1 14705//1
f 14705//1 14706//1 14708//1 14707//1
f 14707//1 14708//1 14710//1 14709//1
f 14709//1 14710//1 14712//1 14711//1
f 14711//1 14712//1 14714//1 14713//1
f 14713//1 14714//1 14716//1 14715//1
f 14715//1 14716//1 14718//1 14717//1
f 14717//1 14718//1 14720//1 14719//1
f 14719//1 14720//1 14722//1 14721//1
f 14721//1 14722//1 14724//1 14723//1
f 14723//1 14724//1 14726//1 14725//1
f 14725//1 14726//1 14728//1 14727//1
f 14727//1 14728//1 14730//1 14729//1
f 14729//1 14730//1 14732//1 14731//1
f 14731//1 14732//1 14734//1 14733//1
f 14733//1 14734//1 14736//1 14735//1
f 14735//1 14736//1 14738//1 14737//1
f 14737//1 14738//1 14740//1 14739//1
f 14739//1 14740//1 14742//1 14741//1
f 14741//1 14742//1 14744//1 14743//1
f 14743//1 14744//1 14746//1 14745//1
f 14745//1 14746//1 14748//1 14747//1
f 14747//1 14748//1 14750//1 14749//1
f 14749//1 14750//1 14752//1 14751//1
f 14751//1 14752//1 14754//1 14753//1
f 14753//1 14754//1 14756//1 14755//1
f 14757//1 14758//1 14760//1 14759//1
f 14759//1 14760//1 14762//1 14761//1
f 14761//1 14762//1 14764//1 14763//1
f 14763//1 14764//1 14766//1 14765//1
f 14765//1 14766//1 14768//1 14767//1
f 14767//1 14768//1 14770//1 14769//1
f 14769//1 14770//1 14772//1 14771//1
f 14771//1 14772//1 14774//1 14773//1
f 14773//1 14774//1 14776//1 14775//1
f 14775//1 14776//1 14778//1 14777//1
f 14777//1 14778//1 14780//1 14779//1
f 14779//1 14780//1 14782//1 14781//1
f 14781//1 14782//1 14784//1 14783//1
f 14783//1 14784//1 14786//1 14785//1
f 14785//1 14786//1 14788//1 14787//1
f 14787//1 14788//1 14790//1 14789//1
f 14789//1 14790//1 14792//1 14791//1
f 14791//1 14792//1 14794//1 14793//1
f 14793//1 14794//1 14796//1 14795//1
f 14795//1 14796//1 14798//1 14797//1
f 14797//1 14798//1 14800//1 14799//1
f 14799//1 14800//1 14802//1 14801//1
f 14801//1 14802//1 14804//1 14803//1
f 14803//1 14804//1 14806//1 14805//1
f 14805//1 14806//1 14808//1 14807//1
f 14807//1 14808//1 14810//1 14809//1
f 14809//1 14810//1 14812//1 14811//1
f 14811//1 14812//1 14814//1 14813//1
f 14813//1 14814//1 14816//1 14815//1
f 14815//1 14816//1 14818//1 14817//1
f 14817//1 14818//1 14820//1 14819//1
f 14819//1 14820//1 14822//1 14821//1
f 14821//1 14822//1 14824//1 14823//1
f 14823//1 14824//1 14826//1 14825//1
f 14825//1 14826//1 14828//1 14827//1
f 14827//1 14828//1 14830//1 14829//1
f 14829//1 14830//1 14832//1 14831//1
f 14831//1 14832//1 14834//1 14833//1
f 14833//1 14834//1 14836//1 14835//1
f 14835//1 14836//1 14838//1 14837//1
f 14837//1 14838//1 14840//1 14839//1
f 14839//1 14840//1 14842//1 14841//1
f 14841//1 14842//1 14844//1 14843//1
f 14843//1 14844//1 14846//1 14845//1
f 14845//1 14846//1 14848//1 14847//1
f 14847//1 14848//1 14850//1 14849//1
f 14849//1 14850//1 14852//1 14851//1
f 14851//1 14852//1 14854//1 14853//1
f 14853//1 14854//1 14856//1 14855//1
f 14855//1 14856//1 14858//1 14857//1
f 14857//1 14858//1 14860//1 14859//1
f 14859//1 14860//1 14862//1 14861//1
f 14861//1 14862//1 14864//1 14863//1
f 14863//1 14864//1 14866//1 14865//1
f 14865//1 14866//1 14868//1 14867//1
f 14867//1 14868//1 14870//1 14869//1
f 14869//1 14870//1 14872//1 14871//1
f 14871//1 14872//1 14874//1 14873//1
f 14873//1 14874//1 14876//1 14875//1
f 14875//1 14876//1 14878//1 14877//1
f 14877//1 14878//1 14880//1 14879//1
f 14879//1 14880//1 14882//1 14881//1
f 14881//1 14882//1 14884//1 14883//1
f 14883//1 14884//1 14886//1 14885//1
f 14885//1 14886//1 14888//1 14887//1
f 14887//1 14888//1 14890//1 14889//1
f 14889//1 14890//1 14892//1 14891//1
f 14891//1 14892//1 14894//1 14893//1
f 14893//1 14894//1 14896//1 14895//1
f 14895//1 14896//1 14898//1 14897//1
f 14897//1 14898//1 14900//1 14899//1
f 14899//1 14900//1 14902//1 14901//1
f 14901//1 14902//1 14904//1 14903//1
f 14903//1 14904//1 14906//1 14905//1
f 14905//1 14906//1 14908//1 14907//1
f 14907//1 14908//1 14910//1 14909//1
f 14909//1 14910//1 14912//1 14911//1
f 14911//1 14912//1 14914//1 14913//1
f 14913//1 14914//1 14916//1 14915//1
f 14915//1 14916//1 14918//1 14917//1
f 14917//1 14918//1 14920//1 14919//1
f 14919//1 14920//1 14922//1 14921//1
f 14921//1 14922//1 14924//1 14923//1
f 14923//1 14924//1 14926//1 14925//1
f 14925//1 14926//1 14928//1 14927//1
f 14927//1 14928//1 14930//1 14929//1
f 14931//1 14932//1 14934//1 14933//1
f 14933//1 14934//1 14936//1 14935//1
f 14935//1 14936//1 14938//1 14937//1
f 14937//1 14938//1 14940//1 14939//1
f 14939//1 14940//1 14942//1 14941//1
f 14941//1 14942//1 14944//1 14943//1
f 14943//1 14944//1 14946//1 14945//1
f 14945//1 14946//1 14948//1 14947//1
f 14947//1 14948//1 14950//1 14949//1
f 14949//1 14950//1 14952//1 14951//1
f 14953//1 14954//1 14956//1 14955//1
f 14955//1 14956//1 14958//1 14957//1
f 14959//1 14960//1 14962//1 14961//1
f 14961//1 14962//1 14964//1 14963//1
f 14963//1 14964//1 14966//1 14965//1
f 14965//1 14966//1 14968//1 14967//1
f 14967//1 14968//1 14970//1 14969//1
f 14969//1 14970//1 14972//1 14971//1
f 14971//1 14972//1 14974//1 14973//1
f 14973//1 14974//1 14976//1 14975//1
f 14975//1 14976//1 14978//1 14977//1
f 14977//1 14978//1 14980//1 14979//1
f 14979//1 14980//1 14982//1 14981//1
f 14981//1 14982//1 14984//1 14983//1
f 14983//1 14984//1 14986//1 14985//1
f 14985//1 14986//1 14988//1 14987//1
f 14987//1 14988//1 14990//1 14989//1
f 14989//1 14990//1 14992//1 14991//1
f 14991//1 14992//1 14994//1 14993//1
f 14993//1 14994//1 14996//1 14995//1
f 14995//1 14996//1 14998//1 14997//1
f 14997//1 14998//1 15000//1 14999//1
f 14999//1 15000//1 15002//1 15001//1
f 15001//1 15002//1 15004//1 15003//1
f 15003//1 15004//1 15006//1 15005//1
f 15005//1 15006//1 15008//1 15007//1
f 15007//1 15008//1 15010//1 15009//1
f 15009//1 15010//1 15012//1 15011//1
f 15011//1 15012//1 15014//1 15013//1
f 15013//1 15014//1 15016//1 15015//1
f 15015//1 15016//1 15018//1 15017//1
f 15017//1 15018//1 15020//1 15019//1
f 15019//1 15020//1 15022//1 15021//1
f 15021//1 15022//1 15024//1 15023//1
f 15023//1 15024//1 15026//1 15025//1
f 15025//1 15026//1 15028//1 15027//1
f 15027//1 15028//1 15030//1 15029//1
f 15029//1 15030//1 15032//1 15031//1
f 15031//1 15032//1 15034//1 15033//1
f 15033//1 15034//1 15036//1 15035//1
f 15035//1 15036//1 15038//1 15037//1
f 15037//1 15038//1 15040//1 15039//1
f 15039//1 15040//1 15042//1 15041//1
f 15041//1 15042//1 15044//1 15043//1
f 15043//1 15044//1 15046//1 15045//1
f 15045//1 15046//1 15048//1 15047//1
f 15047//1 15048//1 15050//1 15049//1
f 15049//1 15050//1 15052//1 15051//1
f 15051//1 15052//1 15054//1 15053//1
f 15053//1 15054//1 15056//1 15055//1
f 15055//1 15056//1 15058//1 15057//1
f 15057//1 15058//1 15060//1 15059//1
f 15059//1 15060//1 15062//1 15061//1
f 15061//1 15062//1 15064//1 15063//1
f 15063//1 15064//1 15066//1 15065//1
f 15065//1 15066//1 15068//1 15067//1
f 15067//1 15068//1 15070//1 15069//1
f 15069//1 15070//1 15072//1 15071//1
f 15071//1 15072//1 15074//1 15073//1
f 15073//1 15074//1 15076//1 15075//1
f 15075//1 15076//1 15078//1 15077//1
f 15077//1 15078//1 15080//1 15079//1
f 15079//1 15080//1 15082//1 15081//1
f 15081//1 15082//1 15084//1 15083//1
f 15083//1 15084//1 15086//1 15085//1
f 15085//1 15086//1 15088//1 15087//1
f 15087//1 15088//1 15090//1 15089//1
f 15089//1 15090//1 15092//1 15091//1
f 15091//1 15092//1 15094//1 15093//1
f 15093//1 15094//1 15096//1 15095//1
f 15095//1 15096//1 15098//1 15097//1
f 15097//1 15098//1 15100//1 15099//1
f 15099//1 15100//1 15102//1 15101//1
f 15101//1 15102//1 15104//1 15103//1
f 15103//1 15104//1 15106//1 15105//1
f 15105//1 15106//1 15108//1 15107//1
f 15107//1 15108//1 15110//1 15109//1
f 15109//1 15110//1 15112//1 15111//1
f 15111//1 15112//1 15114//1 15113//1
f 15113//1 15114//1 15116//1 15115//1
f 15115//1 15116//1 15118//1 15117//1
f 15117//1 15118//1 15120//1 15119//1
f 15119//1 15120//1 15122//1 15121//1
f 15121//1 15122//1 15124//1 15123//1
f 15123//1 15124//1 15126//1 15125//1
f 15125//1 15126//1 15128//1 15127//1
f 15127//1 15128//1 15130//1 15129//1
f 15129//1 15130//1 15132//1 15131//1
f 15131//1 15132//1 15134//1 15133//1
f 15133//1 15134//1 15136//1 15135//1
f 15135//1 15136//1 15138//1 15137//1
f 15137//1 15138//1 15140//1 15139//1
f 15139//1 15140//1 15142//1 15141//1
f 15141//1 15142//1 15144//1 15143//1
f 15143//1 15144//1 15146//1 15145//1
f 15147//1 15148//1 15150//1 15149//1
f 15149//1 15150//1 15152//1 15151//1
f 15151//1 15152//1 15154//1 15153//1
f 15153//1 15154//1 15156//1 15155//1
f 15155//1 15156//1 15158//1 15157//1
f 15157//1 15158//1 15160//1 15159//1
f 15159//1 15160//1 15162//1 15161//1
f 15161//1 15162//1 15164//1 15163//1
f 15163//1 15164//1 15166//1 15165//1
f 15165//1 15166//1 15168//1 15167//1
f 15167//1 15168//1 15170//1 15169//1
f 15169//1 15170//1 15172//1 15171//1
f 15171//1 15172//1 15174//1 15173//1
f 15173//1 15174//1 15176//1 15175//1
f 15175//1 15176//1 15178//1 15177//1
f 15177//1 15178//1 15180//1 15179//1
f 15179//1 15180//1 15182//1 15181//1
f 15181//1 15182//1 15184//1 15183//1
f 15183//1 15184//1 15186//1 15185//1
f 15185//1 15186//1 15188//1 15187//1
f 15187//1 15188//1 15190//1 15189//1
f 15189//1 15190//1 15192//1 15191//1
f 15191//1 15192//1 15194//1 15193//1
f 15193//1 15194//1 15196//1 15195//1
f 15195//1 15196//1 15198//1 15197//1
f 15197//1 15198//1 15200//1 15199//1
f 15199//1 15200//1 15202//1 15201//1
f 15201//1 15202//1 15204//1 15203//1
f 15203//1 15204//1 15206//1 15205//1
f 15205//1 15206//1 15208//1 15207//1
f 15207//1 15208//1 15210//1 15209//1
f 15209//1 15210//1 15212//1 15211//1
f 15211//1 15212//1 15214//1 15213//1
f 15213//1 15214//1 15216//1 15215//1
f 15215//1 15216//1 15218//1 15217//1
f 15217//1 15218//1 15220//1 15219//1
f 15219//1 15220//1 15222//1 15221//1
f 15221//1 15222//1 15224//1 15223//1
f 15223//1 15224//1 15226//1 15225//1
f 15225//1 15226//1 15228//1 15227//1
f 15227//1 15228//1 15230//1 15229//1
f 15229//1 15230//1 15232//1 15231//1
f 15231//1 15232//1 15234//1 15233//1
f 15233//1 15234//1 15236//1 15235//1
f 15235//1 15236//1 15238//1 15237//1
f 15237//1 15238//1 15240//1 15239//1
f 15239//1 15240//1 15242//1 15241//1
f 15241//1 15242//1 15244//1 15243//1
f 15243//1 15244//1 15246//1 15245//1
f 15245//1 15246//1 15248//1 15247//1
f 15247//1 15248//1 15250//1 15249//1
f 15249//1 15250//1 15252//1 15251//1
f 15251//1 15252//1 15254//1 15253//1
f 15253//1 15254//1 15256//1 15255//1
f 15255//1 15256//1 15258//1 15257//1
f 15257//1 15258//1 15260//1 15259//1
f 15259//1 15260//1 15262//1 15261//1
f 15261//1 15262//1 15264//1 15263//1
f 15263//1 15264//1 15266//1 15265//1
f 15265//1 15266//1 15268//1 15267//1
f 15267//1 15268//1 15270//1 15269//1
f 15269//1 15270//1 15272//1 15271//1
f 15271//1 15272//1 15274//1 15273//1
f 15273//1 15274//1 15276//1 15275//1
f 15275//1 15276//1 15278//1 15277//1
f 15277//1 15278//1 15280//1 15279//1
f 15279//1 15280//1 15282//1 15281//1
f 15281//1 15282//1 15284//1 15283//1
f 15283//1 15284//1 15286//1 15285//1
f 15285//1 15286//1 15288//1 15287//1
f 15287//1 15288//1 15290//1 15289//1
f 15289//1 15290//1 15292//1 15291//1
f 15291//1 15292//1 15294//1 15293//1
f 15293//1 15294//1 15296//1 15295//1
f 15295//1 15296//1 15298//1 15297//1
f 15297//1 15298//1 15300//1 15299//1
f 15301//1 15302//1 15304//1 15303//1
f 15303//1 15304//1 15306//1 15305//1
f 15305//1 15306//1 15308//1 15307//1
f 15307//1 15308//1 15310//1 15309//1
f 15309//1 15310//1 15312//1 15311//1
f 15311//1 15312//1 15314//1 15313//1
f 15313//1 15314//1 15316//1 15315//1
f 15315//1 15316//1 15318//1 15317//1
f 15317//1 15318//1 15320//1 15319//1
f 15319//1 15320//1 15322//1 15321//1
f 15321//1 15322//1 15324//1 15323//1
f 15323//1 15324//1 15326//1 15325//1
f 15325//1 15326//1 15328//1 15327//1
f 15327//1 15328//1 15330//1 15329//1
f 15329//1 15330//1 15332//1 15331//1
f 15331//1 15332//1 15334//1 15333//1
f 15333//1 15334//1 15336//1 15335//1
f 15335//1 15336//1 15338//1 15337//1
f 15337//1 15338//1 15340//1 15339//1
f 15341//1 15342//1 15344//1 15343//1
f 15343//1 15344//1 15346//1 15345//1
f 15345//1 15346//1 15348//1 15347//1
f 15347//1 15348//1 15350//1 15349//1
f 15349//1 15350//1 15352//1 15351//1
f 15351//1 15352//1 15354//1 15353//1
f 15353//1 15354//1 15356//1 15355//1
f 15355//1 15356//1 15358//1 15357//1
f 15357//1 15358//1 15360//1 15359//1
f 15359//1 15360//1 15362//1 15361//1
f 15361//1 15362//1 15364//1 15363//1
f 15363//1 15364//1 15366//1 15365//1
f 15365//1 15366//1 15368//1 15367//1
f 15367//1 15368//1 15370//1 15369//1
f 15369//1 15370//1 15372//1 15371//1
f 15371//1 15372//1 15374//1 15373//1
f 15373//1 15374//1 15376//1 15375//1
f 15375//1 15376//1 15378//1 15377//1
f 15377//1 15378//1 15380//1 15379//1
f 15379//1 15380//1 15382//1 15381//1
f 15381//1 15382//1 15384//1 15383//1
f 15383//1 15384//1 15386//1 15385//1
f 15385//1 15386//1 15388//1 15387//1
f 15387//1 15388//1 15390//1 15389//1
f 15389//1 15390//1 15392//1 15391//1
f 15391//1 15392//1 15394//1 15393//1
f 15393//1 15394//1 15396//1 15395//1
f 15395//1 15396//1 15398//1 15397//1
f 15397//1 15398//1 15400//1 15399//1
f 15399//1 15400//1 15402//1 15401//1
f 15401//1 15402//1 15404//1 15403//1
f 15403//1 15404//1 15406//1 15405//1
f 15405//1 15406//1 15408//1 15407//1
f 15407//1 15408//1 15410//1 15409//1
f 15409//1 15410//1 15412//1 15411//1
f 15411//1 15412//1 15414//1 15413//1
f 15413//1 15414//1 15416//1 15415//1
f 15415//1 15416//1 15418//1 15417//1
f 15417//1 15418//1 15420//1 15419//1
f 15419//1 15420//1 15422//1 15421//1
f 15421//1 15422//1 15424//1 15423//1
f 15423//1 15424//1 15426//1 15425//1
f 15425//1 15426//1 15428//1 15427//1
f 15427//1 15428//1 15430//1 15429//1
f 15429//1 15430//1 15432//1 15431//1
f 15431//1 15432//1 15434//1 15433//1
f 15433//1 15434//1 15436//1 15435//1
f 15435//1 15436//1 15438//1 15437//1
f 15437//1 15438//1 15440//1 15439//1
f 15439//1 15440//1 15442//1 15441//1
f 15441//1 15442//1 15444//1 15443//1
f 15443//1 15444//1 15446//1 15445//1
f 15445//1 15446//1 15448//1 15447//1
f 15447//1 15448//1 15450//1 15449//1
f 15449//1 15450//1 15452//1 15451//1
f 15451//1 15452//1 15454//1 15453//1
f 15453//1 15454//1 15456//1 15455//1
f 15455//1 15456//1 15458//1 15457//1
f 15457//1 15458//1 15460//1 15459//1
f 15459//1 15460//1 15462//1 15461//1
f 15461//1 15462//1 15464//1 15463//1
f 15463//1 15464//1 15466//1 15465//1
f 15465//1 15466//1 15468//1 15467//1
f 15467//1 15468//1 15470//1 15469//1
f 15469//1 15470//1 15472//1 15471//1
f 15471//1 15472//1 15474//1 15473//1
f 15473//1 15474//1 15476//1 15475//1
f 15475//1 15476//1 15478//1 15477//1
f 15477//1 15478//1 15480//1 15479//1
f 15479//1 15480//1 15482//1 15481//1
f 15481//1 15482//1 15484//1 15483//1
f 15483//1 15484//1 15486//1 15485//1
f 15485//1 15486//1 15488//1 15487//1
f 15487//1 15488//1 15490//1 15489//1
f 15489//1 15490//1 15492//1 15491//1
f 15491//1 15492//1 15494//1 15493//1
f 15493//1 15494//1 15496//1 15495//1
f 15495//1 15496//1 15498//1 15497//1
f 15497//1 15498//1 15500//1 15499//1
f 15499//1 15500//1 15502//1 15501//1
f 15501//1 15502//1 15504//1 15503//1
f 15503//1 15504//1 15506//1 15505//1
f 15505//1 15506//1 15508//1 15507//1
f 15507//1 15508//1 15510//1 15509//1
f 15509//1 15510//1 15512//1 15511//1
f 15511//1 15512//1 15514//1 15513//1
f 15513//1 15514//1 15516//1 15515//1
f 15515//1 15516//1 15518//1 15517//1
f 15517//1 15518//1 15520//1 15519//1
f 15519//1 15520//1 15522//1 15521//1
f 15521//1 15522//1 15524//1 15523//1
f 15523//1 15524//1 15526//1 15525//1
f 15525//1 15526//1 15528//1 15527//1
f 15527//1 15528//1 15530//1 15529//1
f 15529//1 15530//1 15532//1 15531//1
f 15531//1 15532//1 15534//1 15533//1
f 15533//1 15534//1 15536//1 15535//1
f 15535//1 15536//1 15538//1 15537//1
f 15537//1 15538//1 15540//1 15539//1
f 15539//1 15540//1 15542//1 15541//1
f 15541//1 15542//1 15544//1 15543//1
f 15543//1 15544//1 15546//1 15545//1
f 15545//1 15546//1 15548//1 15547//1
f 15547//1 15548//1 15550//1 15549//1
f 15549//1 15550//1 15552//1 15551//1
f 15551//1 15552//1 15554//1 15553//1
f 15553//1 15554//1 15556//1 15555//1
f 15555//1 15556//1 15558//1 15557//1
f 15557//1 15558//1 15560//1 15559//1
f 15559//1 15560//1 15562//1 15561//1
f 15561//1 15562//1 15564//1 15563//1
f 15563//1 15564//1 15566//1 15565//1
f 15565//1 15566//1 15568//1 15567//1
f 15567//1 15568//1 15570//1 15569//1
f 15569//1 15570//1 15572//1 15571//1
f 15571//1 15572//1 15574//1 15573//1
f 15573//1 15574//1 15576//1 15575//1
f 15575//1 15576//1 15578//1 15577//1
f 15577//1 15578//1 15580//1 15579//1
f 15579//1 15580//1 15582//1 15581//1
f 15581//1 15582//1 15584//1 15583//1
f 15583//1 15584//1 15586//1 15585//1
f 15585//1 15586//1 15588//1 15587//1
f 15587//1 15588//1 15590//1 15589//1
f 15589//1 15590//1 15592//1 15591//1
f 15591//1 15592//1 15594//1 15593//1
f 15593//1 15594//1 15596//1 15595//1
f 15595//1 15596//1 15598//1 15597//1
f 15597//1 15598//1 15600//1 15599//1
f 15599//1 15600//1 15602//1 15601//1
f 15601//1 15602//1 15604//1 15603//1
f 15603//1 15604//1 15606//1 15605//1
f 15605//1 15606//1 15608//1 15607//1
f 15607//1 15608//1 15610//1 15609//1
f 15609//1 15610//1 15612//1 15611//1
f 15611//1 15612//1 15614//1 15613//1
f 15613//1 15614//1 15616//1 15615//1
f 15615//1 15616//1 15618//1 15617//1
f 15617//1 15618//1 15620//1 15619//1
f 15619//1 15620//1 15622//1 15621//1
f 15621//1 15622//1 15624//1 15623//1
f 15623//1 15624//1 15626//1 15625//1
f 15625//1 15626//1 15628//1 15627//1
f 15627//1 15628//1 15630//1 15629//1
f 15629//1 15630//1 15632//1 15631//1
f 15631//1 15632//1 15634//1 15633//1
f 15633//1 15634//1 15636//1 15635//1
f 15635//1 15636//1 15638//1 15637//1
f 15637//1 15638//1 15640//1 15639//1
f 15639//1 15640//1 15642//1 15641//1
f 15641//1 15642//1 15644//1 15643//1
f 15643//1 15644//1 15646//1 15645//1
f 15645//1 15646//1 15648//1 15647//1
f 15647//1 15648//1 15650//1 15649//1
f 15649//1 15650//1 15652//1 15651//1
f 15651//1 15652//1 15654//1 15653//1
f 15653//1 15654//1 15656//1 15655//1
f 15655//1 15656//1 15658//1 15657//1
f 15657//1 15658//1 15660//1 15659//1
f 15659//1 15660//1 15662//1 15661//1
f 15661//1 15662//1 15664//1 15663//1
f 15663//1 15664//1 15666//1 15665//1
f 15665//1 15666//1 15668//1 15667//1
f 15667//1 15668//1 15670//1 15669//1
f 15669//1 15670//1 15672//1 15671//1
f 15671//1 15672//1 15674//1 15673//1
f 15673//1 15674//1 15676//1 15675//1
f 15675//1 15676//1 15678//1 15677//1
f 15677//1 15678//1 15680//1 15679//1
f 15679//1 15680//1 15682//1 15681//1
f 15681//1 15682//1 15684//1 15683//1
f 15683//1 15684//1 15686//1 15685//1
f 15685//1 15686//1 15688//1 15687//1
f 15687//1 15688//1 15690//1 15689//1
f 15689//1 15690//1 15692//1 15691//1
f 15691//1 15692//1 15694//1 15693//1
f 15693//1 15694//1 15696//1 15695//1
f 15695//1 15696//1 15698//1 15697//1
f 15697//1 15698//1 15700//1 15699//1
f 15699//1 15700//1 15702//1 15701//1
f 15701//1 15702//1 15704//1 15703//1
f 15703//1 15704//1 15706//1 15705//1
f 15705//1 15706//1 15708//1 15707//1
f 15707//1 15708//1 15710//1 15709//1
f 15709//1 15710//1 15712//1 15711//1
f 15711//1 15712//1 15714//1 15713//1
f 15713//1 15714//1 15716//1 15715//1
f 15715//1 15716//1 15718//1 15717//1
f 15717//1 15718//1 15720//1 15719//1
f 15719//1 15720//1 15722//1 15721//1
f 15721//1 15722//1 15724//1 15723//1
f 15723//1 15724//1 15726//1 15725//1
f 15725//1 15726//1 15728//1 15727//1
f 15727//1 15728//1 15730//1 15729//1
f 15729//1 15730//1 15732//1 15731//1
f 15731//1 15732//1 15734//1 15733//1
f 15733//1 15734//1 15736//1 15735//1
f 15735//1 15736//1 15738//1 15737//1
f 15737//1 15738//1 15740//1 15739//1
f 15739//1 15740//1 15742//1 15741//1
f 15741//1 15742//1 15744//1 15743//1
f 15743//1 15744//1 15746//1 15745//1
f 15745//1 15746//1 15748//1 15747//1
f 15747//1 15748//1 15750//1 15749//1
f 15749//1 15750//1 15752//1 15751//1
f 15751//1 15752//1 15754//1 15753//1
f 15753//1 15754//1 15756//1 15755//1
f 15755//1 15756//1 15758//1 15757//1
f 15757//1 15758//1 15760//1 15759//1
f 15759//1 15760//1 15762//1 15761//1
f 15761//1 15762//1 15764//1 15763//1
f 15763//1 15764//1 15766//1 15765//1
f 15765//1 15766//1 15768//1 15767//1
f 15767//1 15768//1 15770//1 15769//1
f 15769//1 15770//1 15772//1 15771//1
f 15771//1 15772//1 15774//1 15773//1
f 15773//1 15774//1 15776//1 15775//1
f 15775//1 15776//1 15778//1 15777//1
f 15777//1 15778//1 15780//1 15779//1
f 15779//1 15780//1 15782//1 15781//1
f 15781//1 15782//1 15784//1 15783//1
f 15783//1 15784//1 15786//1 15785//1
f 15785//1 15786//1 15788//1 15787//1
f 15787//1 15788//1 15790//1 15789//1
f 15789//1 15790//1 15792//1 15791//1
f 15791//1 15792//1 15794//1 15793//1
f 15793//1 15794//1 15796//1 15795//1
f 15795//1 15796//1 15798//1 15797//1
f 15797//1 15798//1 15800//1 15799//1
f 15799//1 15800//1 15802//1 15801//1
f 15801//1 15802//1 15804//1 15803//1
f 15805//1 15806//1 15808//1 15807//1
f 15807//1 15808//1 15810//1 15809//1
f 15809//1 15810//1 15812//1 15811//1
f 15811//1 15812//1 15814//1 15813//1
f 15813//1 15814//1 15816//1 15815//1
f 15815//1 15816//1 15818//1 15817//1
f 15817//1 15818//1 15820//1 15819//1
f 15819//1 15820//1 15822//1 15821//1
f 15821//1 15822//1 15824//1 15823//1
f 15823//1 15824//1 15826//1 15825//1
f 15825//1 15826//1 15828//1 15827//1
f 15827//1 15828//1 15830//1 15829//1
f 15829//1 15830//1 15832//1 15831//1
f 15831//1 15832//1 15834//1 15833//1
f 15833//1 15834//1 15836//1 15835//1
f 15835//1 15836//1 15838//1 15837//1
f 15837//1 15838//1 15840//1 15839//1
f 15839//1 15840//1 15842//1 15841//1
f 15841//1 15842//1 15844//1 15843//1
f 15843//1 15844//1 15846//1 15845//1
f 15845//1 15846//1 15848//1 15847//1
f 15847//1 15848//1 15850//1 15849//1
f 15849//1 15850//1 15852//1 15851//1
f 15851//1 15852//1 15854//1 15853//1
f 15853//1 15854//1 15856//1 15855//1
f 15855//1 15856//1 15858//1 15857//1
f 15857//1 15858//1 15860//1 15859//1
f 15859//1 15860//1 15862//1 15861//1
f 15861//1 15862//1 15864//1 15863//1
f 15863//1 15864//1 15866//1 15865//1
f 15867//1 15868//1 15870//1 15869//1
f 15869//1 15870//1 15872//1 15871//1
f 15871//1 15872//1 15874//1 15873//1
f 15873//1 15874//1 15876//1 15875//1
f 15875//1 15876//1 15878//1 15877//1
f 15877//1 15878//1 15880//1 15879//1
f 15879//1 15880//1 15882//1 15881//1
f 15881//1 15882//1 15884//1 15883//1
f 15883//1 15884//1 15886//1 15885//1
f 15885//1 15886//1 15888//1 15887//1
f 15887//1 15888//1 15890//1 15889//1
f 15889//1 15890//1 15892//1 15891//1
f 15891//1 15892//1 15894//1 15893//1
f 15893//1 15894//1 15896//1 15895//1
f 15895//1 15896//1 15898//1 15897//1
f 15897//1 15898//1 15900//1 15899//1
f 15899//1 15900//1 15902//1 15901//1
f 15901//1 15902//1 15904//1 15903//1
f 15903//1 15904//1 15906//1 15905//1
f 15905//1 15906//1 15908//1 15907//1
f 15907//1 15908//1 15910//1 15909//1
f 15909//1 15910//1 15912//1 15911//1
f 15911//1 15912//1 15914//1 15913//1
f 15913//1 15914//1 15916//1 15915//1
f 15915//1 15916//1 15918//1 15917//1
f 15917//1 15918//1 15920//1 15919//1
f 15919//1 15920//1 15922//1 15921//1
f 15921//1 15922//1 15924//1 15923//1
f 15923//1 15924//1 15926//1 15925//1
f 15925//1 15926//1 15928//1 15927//1
f 15927//1 15928//1 15930//1 15929//1
f 15931//1 15932//1 15934//1 15933//1
f 15933//1 15934//1 15936//1 15935//1
f 15935//1 15936//1 15938//1 15937//1
f 15937//1 15938//1 15940//1 15939//1
f 15941//1 15942//1 15944//1 15943//1
f 15945//1 15946//1 15948//1 15947//1
f 15949//1 15950//1 15952//1 15951//1
f 15951//1 15952//1 15954//1 15953//1
f 15953//1 15954//1 15956//1 15955//1
f 15955//1 15956//1 15958//1 15957//1
f 15957//1 15958//1 15960//1 15959//1
f 15959//1 15960//1 15962//1 15961//1
f 15961//1 15962//1 15964//1 15963//1
f 15963//1 15964//1 15966//1 15965//1
f 15965//1 15966//1 15968//1 15967//1
f 15967//1 15968//1 15970//1 15969//1
f 15969//1 15970//1 15972//1 15971//1
f 15971//1 15972//1 15974//1 15973//1
f 15973//1 15974//1 15976//1 15975//1
f 15975//1 15976//1 15978//1 15977//1
f 15977//1 15978//1 15980//1 15979//1
f 15979//1 15980//1 15982//1 15981//1
f 15981//1 15982//1 15984//1 15983//1
f 15983//1 15984//1 15986//1 15985//1
f 15987//1 15988//1 15990//1 15989//1
f 15989//1 15990//1 15992//1 15991//1
f 15991//1 15992//1 15994//1 15993//1
f 15995//1 15996//1 15998//1 15997//1
f 15997//1 15998//1 16000//1 15999//1
f 15999//1 16000//1 16002//1 16001//1
f 16001//1 16002//1 16004//1 16003//1
f 16003//1 16004//1 16006//1 16005//1
f 16005//1 16006//1 16008//1 16007//1
f 16007//1 16008//1 16010//1 16009//1
f 16009//1 16010//1 16012//1 16011//1
f 16011//1 16012//1 16014//1 16013//1
f 16013//1 16014//1 16016//1 16015//1
f 16015//1 16016//1 16018//1 16017//1
f 16017//1 16018//1 16020//1 16019//1
f 16019//1 16020//1 16022//1 16021//1
f 16021//1 16022//1 16024//1 16023//1
f 16023//1 16024//1 16026//1 16025//1
f 16025//1 16026//1 16028//1 16027//1
f 16027//1 16028//1 16030//1 16029//1
f 16029//1 16030//1 16032//1 16031//1
f 16031//1 16032//1 16034//1 16033//1
f 16033//1 16034//1 16036//1 16035//1
f 16035//1 16036//1 16038//1 16037//1
f 16037//1 16038//1 16040//1 16039//1
f 16039//1 16040//1 16042//1 16041//1
f 16041//1 16042//1 16044//1 16043//1
f 16043//1 16044//1 16046//1 16045//1
f 16045//1 16046//1 16048//1 16047//1
f 16047//1 16048//1 16050//1 16049//1
f 16049//1 16050//1 16052//1 16051//1
f 16051//1 16052//1 16054//1 16053//1
f 16053//1 16054//1 16056//1 16055//1
f 16055//1 16056//1 16058//1 16057//1
f 16057//1 16058//1 16060//1 16059//1
f 16059//1 16060//1 16062//1 16061//1
f 16061//1 16062//1 16064//1 16063//1
f 16063//1 16064//1 16066//1 16065//1
f 16067//1 16068//1 16070//1 16069//1
f 16069//1 16070//1 16072//1 16071//1
f 16071//1 16072//1 16074//1 16073//1
f 16073//1 16074//1 16076//1 16075//1
f 16075//1 16076//1 16078//1 16077//1
f 16077//1 16078//1 16080//1 16079//1
f 16079//1 16080//1 16082//1 16081//1
f 16081//1 16082//1 16084//1 16083//1
f 16083//1 16084//1 16086//1 16085//1
f 16085//1 16086//1 16088//1 16087//1
f 16087//1 16088//1 16090//1 16089//1
f 16089//1 16090//1 16092//1 16091//1
f 16091//1 16092//1 16094//1 16093//1
f 16093//1 16094//1 16096//1 16095//1
f 16095//1 16096//1 16098//1 16097//1
f 16097//1 16098//1 16100//1 16099//1
f 16099//1 16100//1 16102//1 16101//1
f 16101//1 16102//1 16104//1 16103//1
f 16103//1 16104//1 16106//1 16105//1
f 16105//1 16106//1 16108//1 16107//1
f 16107//1 16108//1 16110//1 16109//1
f 16109//1 16110//1 16112//1 16111//1
f 16111//1 16112//1 16114//1 16113//1
f 16113//1 16114//1 16116//1 16115//1
f 16115//1 16116//1 16118//1 16117//1
f 16117//1 16118//1 16120//1 16119//1
f 16119//1 16120//1 16122//1 16121//1
f 16121//1 16122//1 16124//1 16123//1
f 16123//1 16124//1 16126//1 16125//1
f 16125//1 16126//1 16128//1 16127//1
f 16127//1 16128//1 16130//1 16129//1
f 16129//1 16130//1 16132//1 16131//1
f 16131//1 16132//1 16134//1 16133//1
f 16133//1 16134//1 16136//1 16135//1
f 16135//1 16136//1 16138//1 16137//1
f 16137//1 16138//1 16140//1 16139//1
f 16139//1 16140//1 16142//1 16141//1
f 16141//1 16142//1 16144//1 16143//1
f 16143//1 16144//1 16146//1 16145//1
f 16145//1 16146//1 16148//1 16147//1
f 16147//1 16148//1 16150//1 16149//1
f 16149//1 16150//1 16152//1 16151//1
f 16151//1 16152//1 16154//1 16153//1
f 16153//1 16154//1 16156//1 16155//1
f 16155//1 16156//1 16158//1 16157//1
f 16157//1 16158//1 16160//1 16159//1
f 16159//1 16160//1 16162//1 16161//1
f 16161//1 16162//1 16164//1 16163//1
f 16163//1 16164//1 16166//1 16165//1
f 16165//1 16166//1 16168//1 16167//1
f 16167//1 16168//1 16170//1 16169//1
f 16169//1 16170//1 16172//1 16171//1
f 16171//1 16172//1 16174//1 16173//1
f 16173//1 16174//1 16176//1 16175//1
f 16175//1 16176//1 16178//1 16177//1
f 16177//1 16178//1 16180//1 16179//1
f 16179//1 16180//1 16182//1 16181//1
f 16181//1 16182//1 16184//1 16183//1
f 16183//1 16184//1 16186//1 16185//1
f 16185//1 16186//1 16188//1 16187//1
f 16187//1 16188//1 16190//1 16189//1
f 16189//1 16190//1 16192//1 16191//1
f 16191//1 16192//1 16194//1 16193//1
f 16193//1 16194//1 16196//1 16195//1
f 16195//1 16196//1 16198//1 16197//1
f 16197//1 16198//1 16200//1 16199//1
f 16199//1 16200//1 16202//1 16201//1
f 16201//1 16202//1 16204//1 16203//1
f 16203//1 16204//1 16206//1 16205//1
f 16205//1 16206//1 16208//1 16207//1
f 16207//1 16208//1 16210//1 16209//1
f 16209//1 16210//1 16212//1 16211//1
f 16211//1 16212//1 16214//1 16213//1
f 16213//1 16214//1 16216//1 16215//1
f 16215//1 16216//1 16218//1 16217//1
f 16217//1 16218//1 16220//1 16219//1
f 16219//1 16220//1 16222//1 16221//1
f 16221//1 16222//1 16224//1 16223//1
f 16223//1 16224//1 16226//1 16225//1
f 16225//1 16226//1 16228//1 16227//1
f 16227//1 16228//1 16230//1 16229//1
f 16229//1 16230//1 16232//1 16231//1
f 16231//1 16232//1 16234//1 16233//1
f 16233//1 16234//1 16236//1 16235//1
f 16235//1 16236//1 16238//1 16237//1
f 16237//1 16238//1 16240//1 16239//1
f 16239//1 16240//1 16242//1 16241//1
f 16241//1 16242//1 16244//1 16243//1
f 16243//1 16244//1 16246//1 16245//1
f 16245//1 16246//1 16248//1 16247//1
f 16247//1 16248//1 16250//1 16249//1
f 16249//1 16250//1 16252//1 16251//1
f 16251//1 16252//1 16254//1 16253//1
f 16253//1 16254//1 16256//1 16255//1
f 16255//1 16256//1 16258//1 16257//1
f 16257//1 16258//1 16260//1 16259//1
f 16259//1 16260//1 16262//1 16261//1
f 16261//1 16262//1 16264//1 16263//1
f 16263//1 16264//1 16266//1 16265//1
f 16265//1 16266//1 16268//1 16267//1
f 16267//1 16268//1 16270//1 16269//1
f 16269//1 16270//1 16272//1 16271//1
f 16271//1 16272//1 16274//1 16273//1
f 16273//1 16274//1 16276//1 16275//1
f 16275//1 16276//1 16278//1 16277//1
f 16277//1 16278//1 16280//1 16279//1
f 16279//1 16280//1 16282//1 16281//1
f 16281//1 16282//1 16284//1 16283//1
f 16283//1 16284//1 16286//1 16285//1
f 16285//1 16286//1 16288//1 16287//1
f 16287//1 16288//1 16290//1 16289//1
f 16291//1 16292//1 16294//1 16293//1
f 16295//1 16296//1 16298//1 16297//1
f 16299//1 16300//1 16302//1 16301//1
f 16303//1 16304//1 16306//1 16305//1
f 16305//1 16306//1 16308//1 16307//1
f 16309//1 16310//1 16312//1 16311//1
f 16313//1 16314//1 16316//1 16315//1
f 16317//1 16318//1 16320//1 16319//1
f 16321//1 16322//1 16324//1 16323//1
f 16325//1 16326//1 16328//1 16327//1
f 16327//1 16328//1 16330//1 16329//1
f 16329//1 16330//1 16332//1 16331//1
f 16331//1 16332//1 16334//1 16333//1
f 16333//1 16334//1 16336//1 16335//1
f 16335//1 16336//1 16338//1 16337//1
f 16337//1 16338//1 16340//1 16339//1
f 16339//1 16340//1 16342//1 16341//1
f 16343//1 16344//1 16346//1 16345//1
f 16347//1 16348//1 16350//1 16349//1
f 16351//1 16352//1 16354//1 16353//1
f 16353//1 16354//1 16356//1 16355//1
f 16355//1 16356//1 16358//1 16357//1
f 16359//1 16360//1 16362//1 16361//1
f 16361//1 16362//1 16364//1 16363//1
f 16365//1 16366//1 16368//1 16367//1
f 16369//1 16370//1 16372//1 16371//1
f 16373//1 16374//1 16376//1 16375//1
f 16377//1 16378//1 16380//1 16379//1
f 16381//1 16382//1 16384//1 16383//1
f 16385//1 16386//1 16388//1 16387//1
f 16387//1 16388//1 16390//1 16389//1
f 16389//1 16390//1 16392//1 16391//1
f 16391//1 16392//1 16394//1 16393//1
f 16393//1 16394//1 16396//1 16395//1
f 16395//1 16396//1 16398//1 16397//1
f 16397//1 16398//1 16400//1 16399//1
f 16399//1 16400//1 16402//1 16401//1
f 16401//1 16402//1 16404//1 16403//1
f 16403//1 16404//1 16406//1 16405//1
f 16405//1 16406//1 16408//1 16407//1
f 16407//1 16408//1 16410//1 16409//1
f 16409//1 16410//1 16412//1 16411//1
f 16411//1 16412//1 16414//1 16413//1
f 16413//1 16414//1 16416//1 16415//1
f 16415//1 16416//1 16418//1 16417//1
f 16417//1 16418//1 16420//1 16419//1
f 16419//1 16420//1 16422//1 16421//1
f 16421//1 16422//1 16424//1 16423//1
f 16423//1 16424//1 16426//1 16425//1
f 16425//1 16426//1 16428//1 16427//1
f 16427//1 16428//1 16430//1 16429//1
f 16429//1 16430//1 16432//1 16431//1
f 16431//1 16432//1 16434//1 16433//1
f 16433//1 16434//1 16436//1 16435//1
f 16435//1 16436//1 16438//1 16437//1
f 16437//1 16438//1 16440//1 16439//1
f 16439//1 16440//1 16442//1 16441//1
f 16441//1 16442//1 16444//1 16443//1
f 16443//1 16444//1 16446//1 16445//1
f 16445//1 16446//1 16448//1 16447//1
f 16447//1 16448//1 16450//1 16449//1
f 16451//1 16452//1 16454//1 16453//1
f 16455//1 16456//1 16458//1 16457//1
f 16457//1 16458//1 16460//1 16459//1
f 16459//1 16460//1 16462//1 16461//1
f 16461//1 16462//1 16464//1 16463//1
f 16465//1 16466//1 16468//1 16467//1
f 16469//1 16470//1 16472//1 16471//1
f 16473//1 16474//1 16476//1 16475//1
f 16475//1 16476//1 16478//1 16477//1
f 16477//1 16478//1 16480//1 16479//1
f 16479//1 16480//1 16482//1 16481//1
f 16483//1 16484//1 16486//1 16485//1
f 16487//1 16488//1 16490//1 16489//1
f 16489//1 16490//1 16492//1 16491//1
f 16491//1 16492//1 16494//1 16493//1
f 16493//1 16494//1 16496//1 16495//1
f 16497//1 16498//1 16500//1 16499//1
f 16499//1 16500//1 16502//1 16501//1
f 16501//1 16502//1 16504//1 16503//1
f 16503//1 16504//1 16506//1 16505//1
f 16507//1 16508//1 16510//1 16509//1
f 16511//1 16512//1 16514//1 16513//1
f 16515//1 16516//1 16518//1 16517//1
f 16519//1 16520//1 16522//1 16521//1
f 16523//1 16524//1 16526//1 16525//1
f 16527//1 16528//1 16530//1 16529//1
f 16529//1 16530//1 16532//1 16531//1
f 16533//1 16534//1 16536//1 16535//1
f 16537//1 16538//1 16540//1 16539//1
f 16539//1 16540//1 16542//1 16541//1
f 16541//1 16542//1 16544//1 16543//1
f 16543//1 16544//1 16546//1 16545//1
f 16547//1 16548//1 16550//1 16549//1
f 16549//1 16550//1 16552//1 16551//1
f 16551//1 16552//1 16554//1 16553//1
f 16553//1 16554//1 16556//1 16555//1
f 16557//1 16558//1 16560//1 16559//1
f 16561//1 16562//1 16564//1 16563//1
f 16563//1 16564//1 16566//1 16565//1
f 16565//1 16566//1 16568//1 16567//1
f 16567//1 16568//1 16570//1 16569//1
f 16571//1 16572//1 16574//1 16573//1
f 16575//1 16576//1 16578//1 16577//1
f 16579//1 16580//1 16582//1 16581//1
f 16583//1 16584//1 16586//1 16585//1
f 16587//1 16588//1 16590//1 16589//1
f 16589//1 16590//1 16592//1 16591//1
f 16591//1 16592//1 16594//1 16593//1
f 16593//1 16594//1 16596//1 16595//1
f 16595//1 16596//1 16598//1 16597//1
f 16597//1 16598//1 16600//1 16599//1
f 16599//1 16600//1 16602//1 16601//1
f 16601//1 16602//1 16604//1 16603//1
f 16605//1 16606//1 16608//1 16607//1
f 16607//1 16608//1 16610//1 16609//1
f 16609//1 16610//1 16612//1 16611//1
f 16611//1 16612//1 16614//1 16613//1
f 16613//1 16614//1 16616//1 16615//1
f 16615//1 16616//1 16618//1 16617//1
f 16617//1 16618//1 16620//1 16619//1
f 16619//1 16620//1 16622//1 16621//1
f 16621//1 16622//1 16624//1 16623//1
f 16623//1 16624//1 16626//1 16625//1
f 16627//1 16628//1 16630//1 16629//1
f 16629//1 16630//1 16632//1 16631//1
f 16631//1 16632//1 16634//1 16633//1
f 16633//1 16634//1 16636//1 16635//1
f 16635//1 16636//1 16638//1 16637//1
f 16637//1 16638//1 16640//1 16639//1
f 16641//1 16642//1 16644//1 16643//1
f 16643//1 16644//1 16646//1 16645//1
f 16645//1 16646//1 16648//1 16647//1
f 16647//1 16648//1 16650//1 16649//1
f 16649//1 16650//1 16652//1 16651//1
f 16651//1 16652//1 16654//1 16653//1
f 16653//1 16654//1 16656//1 16655//1
f 16655//1 16656//1 16658//1 16657//1
f 16659//1 16660//1 16662//1 16661//1
f 16661//1 16662//1 16664//1 16663//1
f 16663//1 16664//1 16666//1 16665//1
f 16665//1 16666//1 16668//1 16667//1
f 16667//1 16668//1 16670//1 16669//1
f 16669//1 16670//1 16672//1 16671//1
f 16671//1 16672//1 16674//1 16673//1
f 16673//1 16674//1 16676//1 16675//1
f 16677//1 16678//1 16680//1 16679//1
f 16679//1 16680//1 16682//1 16681//1
f 16681//1 16682//1 16684//1 16683//1
f 16683//1 16684//1 16686//1 16685//1
f 16685//1 16686//1 16688//1 16687//1
f 16687//1 16688//1 16690//1 16689//1
f 16689//1 16690//1 16692//1 16691//1
f 16691//1 16692//1 16694//1 16693//1
f 16693//1 16694//1 16696//1 16695//1
f 16695//1 16696//1 16698//1 16697//1
f 16697//1 16698//1 16700//1 16699//1
f 16699//1 16700//1 16702//1 16701//1
f 16703//1 16704//1 16706//1 16705//1
f 16705//1 16706//1 16708//1 16707//1
f 16707//1 16708//1 16710//1 16709//1
f 16711//1 16712//1 16714//1 16713//1
f 16715//1 16716//1 16718//1 16717//1
f 16717//1 16718//1 16720//1 16719//1
f 16719//1 16720//1 16722//1 16721//1
f 16721//1 16722//1 16724//1 16723//1
f 16723//1 16724//1 16726//1 16725//1
f 16725//1 16726//1 16728//1 16727//1
f 16727//1 16728//1 16730//1 16729//1
f 16731//1 16732//1 16734//1 16733//1
f 16735//1 16736//1 16738//1 16737//1
f 16739//1 16740//1 16742//1 16741//1
f 16741//1 16742//1 16744//1 16743//1
f 16743//1 16744//1 16746//1 16745//1
f 16745//1 16746//1 16748//1 16747//1
f 16747//1 16748//1 16750//1 16749//1
f 16749//1 16750//1 16752//1 16751//1
f 16751//1 16752//1 16754//1 16753//1
f 16753//1 16754//1 16756//1 16755//1
f 16755//1 16756//1 16758//1 16757//1
f 16759//1 16760//1 16762//1 16761//1
f 16761//1 16762//1 16764//1 16763//1
f 16763//1 16764//1 16766//1 16765//1
f 16765//1 16766//1 16768//1 16767//1
f 16767//1 16768//1 16770//1 16769//1
f 16769//1 16770//1 16772//1 16771//1
f 16771//1 16772//1 16774//1 16773//1
f 16773//1 16774//1 16776//1 16775//1
f 16775//1 16776//1 16778//1 16777//1
f 16779//1 16780//1 16782//1 16781//1
f 16783//1 16784//1 16786//1 16785//1
f 16785//1 16786//1 16788//1 16787//1
f 16787//1 16788//1 16790//1 16789//1
f 16789//1 16790//1 16792//1 16791//1
f 16793//1 16794//1 16796//1 16795//1
f 16797//1 16798//1 16800//1 16799//1
f 16799//1 16800//1 16802//1 16801//1
f 16803//1 16804//1 16806//1 16805//1
f 16807//1 16808//1 16810//1 16809//1
f 16809//1 16810//1 16812//1 16811//1
f 16811//1 16812//1 16814//1 16813//1
f 16813//1 16814//1 16816//1 16815//1
f 16815//1 16816//1 16818//1 16817//1
f 16817//1 16818//1 16820//1 16819//1
f 16819//1 16820//1 16822//1 16821//1
f 16821//1 16822//1 16824//1 16823//1
f 16823//1 16824//1 16826//1 16825//1
f 16825//1 16826//1 16828//1 16827//1
f 16827//1 16828//1 16830//1 16829//1
f 16829//1 16830//1 16832//1 16831//1
f 16831//1 16832//1 16834//1 16833//1
f 16833//1 16834//1 16836//1 16835//1
f 16835//1 16836//1 16838//1 16837//1
f 16837//1 16838//1 16840//1 16839//1
f 16839//1 16840//1 16842//1 16841//1
f 16841//1 16842//1 16844//1 16843//1
f 16843//1 16844//1 16846//1 16845//1
f 16845//1 16846//1 16848//1 16847//1
f 16847//1 16848//1 16850//1 16849//1
f 16849//1 16850//1 16852//1 16851//1
f 16851//1 16852//1 16854//1 16853//1
f 16853//1 16854//1 16856//1 16855//1
f 16855//1 16856//1 16858//1 16857//1
f 16857//1 16858//1 16860//1 16859//1
f 16859//1 16860//1 16862//1 16861//1
f 16861//1 16862//1 16864//1 16863//1
f 16863//1 16864//1 16866//1 16865//1
f 16865//1 16866//1 16868//1 16867//1
f 16867//1 16868//1 16870//1 16869//1
f 16869//1 16870//1 16872//1 16871//1
f 16871//1 16872//1 16874//1 16873//1
f 16873//1 16874//1 16876//1 16875//1
f 16875//1 16876//1 16878//1 16877//1
f 16877//1 16878//1 16880//1 16879//1
f 16879//1 16880//1 16882//1 16881//1
f 16881//1 16882//1 16884//1 16883//1
f 16883//1 16884//1 16886//1 16885//1
f 16885//1 16886//1 16888//1 16887//1
f 16887//1 16888//1 16890//1 16889//1
f 16889//1 16890//1 16892//1 16891//1
f 16891//1 16892//1 16894//1 16893//1
f 16893//1 16894//1 16896//1 16895//1
f 16895//1 16896//1 16898//1 16897//1
f 16897//1 16898//1 16900//1 16899//1
f 16899//1 16900//1 16902//1 16901//1
f 16901//1 16902//1 16904//1 16903//1
f 16903//1 16904//1 16906//1 16905//1
f 16905//1 16906//1 16908//1 16907//1
f 16907//1 16908//1 16910//1 16909//1
f 16909//1 16910//1 16912//1 16911//1
f 16911//1 16912//1 16914//1 16913//1
f 16913//1 16914//1 16916//1 16915//1
f 16915//1 16916//1 16918//1 16917//1
f 16917//1 16918//1 16920//1 16919//1
f 16919//1 16920//1 16922//1 16921//1
f 16921//1 16922//1 16924//1 16923//1
f 16923//1 16924//1 16926//1 16925//1
f 16925//1 16926//1 16928//1 16927//1
f 16927//1 16928//1 16930//1 16929//1
f 16929//1 16930//1 16932//1 16931//1
f 16931//1 16932//1 16934//1 16933//1
f 16933//1 16934//1 16936//1 16935//1
f 16935//1 16936//1 16938//1 16937//1
f 16937//1 16938//1 16940//1 16939//1
f 16939//1 16940//1 16942//1 16941//1
f 16941//1 16942//1 16944//1 16943//1
f 16943//1 16944//1 16946//1 16945//1
f 16945//1 16946//1 16948//1 16947//1
f 16947//1 16948//1 16950//1 16949//1
f 16949//1 16950//1 16952//1 16951//1
f 16951//1 16952//1 16954//1 16953//1
f 16953//1 16954//1 16956//1 16955//1
f 16955//1 16956//1 16958//1 16957//1
f 16957//1 16958//1 16960//1 16959//1
f 16959//1 16960//1 16962//1 16961//1
f 16961//1 16962//1 16964//1 16963//1
f 16963//1 16964//1 16966//1 16965//1
f 16965//1 16966//1 16968//1 16967//1
f 16967//1 16968//1 16970//1 16969//1
f 16969//1 16970//1 16972//1 16971//1
f 16971//1 16972//1 16974//1 16973//1
f 16973//1 16974//1 16976//1 16975//1
f 16975//1 16976//1 16978//1 16977//1
f 16977//1 16978//1 16980//1 16979//1
f 16979//1 16980//1 16982//1 16981//1
f 16981//1 16982//1 16984//1 16983//1
f 16983//1 16984//1 16986//1 16985//1
f 16985//1 16986//1 16988//1 16987//1
f 16987//1 16988//1 16990//1 16989//1
f 16989//1 16990//1 16992//1 16991//1
f 16991//1 16992//1 16994//1 16993//1
f 16993//1 16994//1 16996//1 16995//1
f 16995//1 16996//1 16998//1 16997//1
f 16997//1 16998//1 17000//1 16999//1
f 16999//1 17000//1 17002//1 17001//1
f 17001//1 17002//1 17004//1 17003//1
f 17003//1 17004//1 17006//1 17005//1
f 17005//1 17006//1 17008//1 17007//1
f 17007//1 17008//1 17010//1 17009//1
f 17009//1 17010//1 17012//1 17011//1
f 17011//1 17012//1 17014//1 17013//1
f 17013//1 17014//1 17016//1 17015//1
f 17015//1 17016//1 17018//1 17017//1
f 17017//1 17018//1 17020//1 17019//1
f 17019//1 17020//1 17022//1 17021//1
f 17021//1 17022//1 17024//1 17023//1
f 17023//1 17024//1 17026//1 17025//1
f 17025//1 17026//1 17028//1 17027//1
f 17027//1 17028//1 17030//1 17029//1
f 17029//1 17030//1 17032//1 17031//1
f 17031//1 17032//1 17034//1 17033//1
f 17033//1 17034//1 17036//1 17035//1
f 17035//1 17036//1 17038//1 17037//1
f 17037//1 17038//1 17040//1 17039//1
f 17039//1 17040//1 17042//1 17041//1
f 17041//1 17042//1 17044//1 17043//1
f 17043//1 17044//1 17046//1 17045//1
f 17045//1 17046//1 17048//1 17047//1
f 17047//1 17048//1 17050//1 17049//1
f 17049//1 17050//1 17052//1 17051//1
f 17051//1 17052//1 17054//1 17053//1
f 17053//1 17054//1 17056//1 17055//1
f 17055//1 17056//1 17058//1 17057//1
f 17057//1 17058//1 17060//1 17059//1
f 17059//1 17060//1 17062//1 17061//1
f 17061//1 17062//1 17064//1 17063//1
f 17063//1 17064//1 17066//1 17065//1
f 17065//1 17066//1 17068//1 17067//1
f 17067//1 17068//1 17070//1 17069//1
f 17069//1 17070//1 17072//1 17071//1
f 17071//1 17072//1 17074//1 17073//1
f 17073//1 17074//1 17076//1 17075//1
f 17075//1 17076//1 17078//1 17077//1
f 17077//1 17078//1 17080//1 17079//1
f 17079//1 17080//1 17082//1 17081//1
f 17081//1 17082//1 17084//1 17083//1
f 17083//1 17084//1 17086//1 17085//1
f 17085//1 17086//1 17088//1 17087//1
f 17087//1 17088//1 17090//1 17089//1
f 17089//1 17090//1 17092//1 17091//1
f 17091//1 17092//1 17094//1 17093//1
f 17093//1 17094//1 17096//1 17095//1
f 17095//1 17096//1 17098//1 17097//1
f 17097//1 17098//1 17100//1 17099//1
f 17099//1 17100//1 17102//1 17101//1
f 17101//1 17102//1 17104//1 17103//1
f 17103//1 17104//1 17106//1 17105//1
f 17105//1 17106//1 17108//1 17107//1
f 17107//1 17108//1 17110//1 17109//1
f 17109//1 17110//1 17112//1 17111//1
f 17111//1 17112//1 17114//1 17113//1
f 17113//1 17114//1 17116//1 17115//1
f 17115//1 17116//1 17118//1 17117//1
f 17117//1 17118//1 17120//1 17119//1
f 17119//1 17120//1 17122//1 17121//1
f 17121//1 17122//1 17124//1 17123//1
f 17123//1 17124//1 17126//1 17125//1
f 17125//1 17126//1 17128//1 17127//1
f 17127//1 17128//1 17130//1 17129//1
f 17129//1 17130//1 17132//1 17131//1
f 17131//1 17132//1 17134//1 17133//1
f 17133//1 17134//1 17136//1 17135//1
f 17135//1 17136//1 17138//1 17137//1
f 17137//1 17138//1 17140//1 17139//1
f 17139//1 17140//1 17142//1 17141//1
f 17141//1 17142//1 17144//1 17143//1
f 17143//1 17144//1 17146//1 17145//1
f 17145//1 17146//1 17148//1 17147//1
f 17147//1 17148//1 17150//1 17149//1
f 17149//1 17150//1 17152//1 17151//1
f 17151//1 17152//1 17154//1 17153//1
f 17153//1 17154//1 17156//1 17155//1
f 17155//1 17156//1 17158//1 17157//1
f 17157//1 17158//1 17160//1 17159//1
f 17159//1 17160//1 17162//1 17161//1
f 17161//1 17162//1 17164//1 17163//1
f 17163//1 17164//1 17166//1 17165//1
f 17165//1 17166//1 17168//1 17167//1
f 17167//1 17168//1 17170//1 17169//1
f 17169//1 17170//1 17172//1 17171//1
f 17171//1 17172//1 17174//1 17173//1
f 17173//1 17174//1 17176//1 17175//1
f 17175//1 17176//1 17178//1 17177//1
f 17177//1 17178//1 17180//1 17179//1
f 17179//1 17180//1 17182//1 17181//1
f 17181//1 17182//1 17184//1 17183//1
f 17183//1 17184//1 17186//1 17185//1
f 17185//1 17186//1 17188//1 17187//1
f 17187//1 17188//1 17190//1 17189//1
f 17189//1 17190//1 17192//1 17191//1
f 17191//1 17192//1 17194//1 17193//1
f 17193//1 17194//1 17196//1 17195//1
f 17195//1 17196//1 17198//1 17197//1
f 17197//1 17198//1 17200//1 17199//1
f 17199//1 17200//1 17202//1 17201//1
f 17201//1 17202//1 17204//1 17203//1
f 17203//1 17204//1 17206//1 17205//1
f 17205//1 17206//1 17208//1 17207//1
f 17207//1 17208//1 17210//1 17209//1
f 17209//1 17210//1 17212//1 17211//1
f 17211//1 17212//1 17214//1 17213//1
f 17213//1 17214//1 17216//1 17215//1
f 17215//1 17216//1 17218//1 17217//1
f 17217//1 17218//1 17220//1 17219//1
f 17219//1 17220//1 17222//1 17221//1
f 17221//1 17222//1 17224//1 17223//1
f 17223//1 17224//1 17226//1 17225//1
f 17225//1 17226//1 17228//1 17227//1
f 17227//1 17228//1 17230//1 17229//1
f 17229//1 17230//1 17232//1 17231//1
f 17231//1 17232//1 17234//1 17233//1
f 17233//1 17234//1 17236//1 17235//1
f 17235//1 17236//1 17238//1 17237//1
f 17237//1 17238//1 17240//1 17239//1
f 17239//1 17240//1 17242//1 17241//1
f 17241//1 17242//1 17244//1 17243//1
f 17243//1 17244//1 17246//1 17245//1
f 17245//1 17246//1 17248//1 17247//1
f 17247//1 17248//1 17250//1 17249//1
f 17249//1 17250//1 17252//1 17251//1
f 17251//1 17252//1 17254//1 17253//1
f 17253//1 17254//1 17256//1 17255//1
f 17255//1 17256//1 17258//1 17257//1
f 17257//1 17258//1 17260//1 17259//1
f 17259//1 17260//1 17262//1 17261//1
f 17261//1 17262//1 17264//1 17263//1
f 17263//1 17264//1 17266//1 17265//1
f 17265//1 17266//1 17268//1 17267//1
f 17267//1 17268//1 17270//1 17269//1
f 17269//1 17270//1 17272//1 17271//1
f 17271//1 17272//1 17274//1 17273//1
f 17273//1 17274//1 17276//1 17275//1
f 17275//1 17276//1 17278//1 17277//1
f 17277//1 17278//1 17280//1 17279//1
f 17279//1 17280//1 17282//1 17281//1
f 17281//1 17282//1 17284//1 17283//1
f 17283//1 17284//1 17286//1 17285//1
f 17285//1 17286//1 17288//1 17287//1
f 17287//1 17288//1 17290//1 17289//1
f 17289//1 17290//1 17292//1 17291//1
f 17291//1 17292//1 17294//1 17293//1
f 17293//1 17294//1 17296//1 17295//1
f 17295//1 17296//1 17298//1 17297//1
f 17297//1 17298//1 17300//1 17299//1
f 17299//1 17300//1 17302//1 17301//1
f 17301//1 17302//1 17304//1 17303//1
f 17303//1 17304//1 17306//1 17305//1
f 17305//1 17306//1 17308//1 17307//1
f 17307//1 17308//1 17310//1 17309//1
f 17309//1 17310//1 17312//1 17311//1
f 17311//1 17312//1 17314//1 17313//1
f 17313//1 17314//1 17316//1 17315//1
f 17315//1 17316//1 17318//1 17317//1
f 17317//1 17318//1 17320//1 17319//1
f 17319//1 17320//1 17322//1 17321//1
f 17321//1 17322//1 17324//1 17323//1
f 17323//1 17324//1 17326//1 17325//1
f 17325//1 17326//1 17328//1 17327//1
f 17327//1 17328//1 17330//1 17329//1
f 17329//1 17330//1 17332//1 17331//1
f 17331//1 17332//1 17334//1 17333//1
f 17333//1 17334//1 17336//1 17335//1
f 17335//1 17336//1 17338//1 17337//1
f 17337//1 17338//1 17340//1 17339//1
f 17339//1 17340//1 17342//1 17341//1
f 17341//1 17342//1 17344//1 17343//1
f 17343//1 17344//1 17346//1 17345//1
f 17345//1 17346//1 17348//1 17347//1
f 17347//1 17348//1 17350//1 17349//1
f 17349//1 17350//1 17352//1 17351//1
f 17351//1 17352//1 17354//1 17353//1
f 17353//1 17354//1 17356//1 17355//1
f 17355//1 17356//1 17358//1 17357//1
f 17357//1 17358//1 17360//1 17359//1
f 17359//1 17360//1 17362//1 17361//1
f 17361//1 17362//1 17364//1 17363//1
f 17363//1 17364//1 17366//1 17365//1
f 17365//1 17366//1 17368//1 17367//1
f 17367//1 17368//1 17370//1 17369//1
f 17369//1 17370//1 17372//1 17371//1
f 17371//1 17372//1 17374//1 17373//1
f 17373//1 17374//1 17376//1 17375//1
f 17375//1 17376//1 17378//1 17377//1
f 17377//1 17378//1 17380//1 17379//1
f 17379//1 17380//1 17382//1 17381//1
f 17381//1 17382//1 17384//1 17383//1
f 17383//1 17384//1 17386//1 17385//1
f 17385//1 17386//1 17388//1 17387//1
f 17387//1 17388//1 17390//1 17389//1
f 17389//1 17390//1 17392//1 17391//1
f 17391//1 17392//1 17394//1 17393//1
f 17393//1 17394//1 17396//1 17395//1
f 17395//1 17396//1 17398//1 17397//1
f 17397//1 17398//1 17400//1 17399//1
f 17399//1 17400//1 17402//1 17401//1
f 17401//1 17402//1 17404//1 17403//1
f 17403//1 17404//1 17406//1 17405//1
f 17405//1 17406//1 17408//1 17407//1
f 17407//1 17408//1 17410//1 17409//1
f 17409//1 17410//1 17412//1 17411//1
f 17411//1 17412//1 17414//1 17413//1
f 17413//1 17414//1 17416//1 17415//1
f 17415//1 17416//1 17418//1 17417//1
f 17417//1 17418//1 17420//1 17419//1
f 17419//1 17420//1 17422//1 17421//1
f 17421//1 17422//1 17424//1 17423//1
f 17423//1 17424//1 17426//1 17425//1
f 17425//1 17426//1 17428//1 17427//1
f 17427//1 17428//1 17430//1 17429//1
f 17429//1 17430//1 17432//1 17431//1
f 17431//1 17432//1 17434//1 17433//1
f 17433//1 17434//1 17436//1 17435//1
f 17435//1 17436//1 17438//1 17437//1
f 17437//1 17438//1 17440//1 17439//1
f 17439//1 17440//1 17442//1 17441//1
f 17441//1 17442//1 17444//1 17443//1
f 17443//1 17444//1 17446//1 17445//1
f 17445//1 17446//1 17448//1 17447//1
f 17447//1 17448//1 17450//1 17449//1
f 17449//1 17450//1 17452//1 17451//1
f 17451//1 17452//1 17454//1 17453//1
f 17453//1 17454//1 17456//1 17455//1
f 17455//1 17456//1 17458//1 17457//1
f 17457//1 17458//1 17460//1 17459//1
f 17459//1 17460//1 17462//1 17461//1
f 17461//1 17462//1 17464//1 17463//1
f 17463//1 17464//1 17466//1 17465//1
f 17465//1 17466//1 17468//1 17467//1
f 17467//1 17468//1 17470//1 17469//1
f 17469//1 17470//1 17472//1 17471//1
f 17471//1 17472//1 17474//1 17473//1
f 17473//1 17474//1 17476//1 17475//1
f 17475//1 17476//1 17478//1 17477//1
f 17477//1 17478//1 17480//1 17479//1
f 17479//1 17480//1 17482//1 17481//1
f 17481//1 17482//1 17484//1 17483//1
f 17483//1 17484//1 17486//1 17485//1
f 17485//1 17486//1 17488//1 17487//1
f 17487//1 17488//1 17490//1 17489//1
f 17489//1 17490//1 17492//1 17491//1
f 17491//1 17492//1 17494//1 17493//1
f 17493//1 17494//1 17496//1 17495//1
f 17495//1 17496//1 17498//1 17497//1
f 17497//1 17498//1 17500//1 17499//1
f 17499//1 17500//1 17502//1 17501//1
f 17501//1 17502//1 17504//1 17503//1
f 17503//1 17504//1 17506//1 17505//1
f 17505//1 17506//1 17508//1 17507//1
f 17507//1 17508//1 17510//1 17509//1
f 17509//1 17510//1 17512//1 17511//1
f 17511//1 17512//1 17514//1 17513//1
f 17513//1 17514//1 17516//1 17515//1
f 17515//1 17516//1 17518//1 17517//1
f 17517//1 17518//1 17520//1 17519//1
f 17519//1 17520//1 17522//1 17521//1
f 17521//1 17522//1 17524//1 17523//1
f 17523//1 17524//1 17526//1 17525//1
f 17525//1 17526//1 17528//1 17527//1
f 17527//1 17528//1 17530//1 17529//1
f 17529//1 17530//1 17532//1 17531//1
f 17531//1 17532//1 17534//1 17533//1
f 17533//1 17534//1 17536//1 17535//1
f 17535//1 17536//1 17538//1 17537//1
f 17537//1 17538//1 17540//1 17539//1
f 17539//1 17540//1 17542//1 17541//1
f 17541//1 17542//1 17544//1 17543//1
f 17543//1 17544//1 17546//1 17545//1
f 17545//1 17546//1 17548//1 17547//1
f 17547//1 17548//1 17550//1 17549//1
f 17549//1 17550//1 17552//1 17551//1
f 17551//1 17552//1 17554//1 17553//1
f 17553//1 17554//1 17556//1 17555//1
f 17555//1 17556//1 17558//1 17557//1
f 17557//1 17558//1 17560//1 17559//1
f 17559//1 17560//1 17562//1 17561//1
f 17561//1 17562//1 17564//1 17563//1
f 17563//1 17564//1 17566//1 17565//1
f 17565//1 17566//1 17568//1 17567//1
f 17567//1 17568//1 17570//1 17569//1
f 17569//1 17570//1 17572//1 17571//1
f 17571//1 17572//1 17574//1 17573//1
f 17573//1 17574//1 17576//1 17575//1
f 17575//1 17576//1 17578//1 17577//1
f 17577//1 17578//1 17580//1 17579//1
f 17579//1 17580//1 17582//1 17581//1
f 17581//1 17582//1 17584//1 17583//1
f 17583//1 17584//1 17586//1 17585//1
f 17585//1 17586//1 17588//1 17587//1
f 17587//1 17588//1 17590//1 17589//1
f 17589//1 17590//1 17592//1 17591//1
f 17593//1 17594//1 17596//1 17595//1
f 17597//1 17598//1 17600//1 17599//1
f 17599//1 17600//1 17602//1 17601//1
f 17603//1 17604//1 17606//1 17605//1
f 17607//1 17608//1 17610//1 17609//1
f 17609//1 17610//1 17612//1 17611//1
f 17611//1 17612//1 17614//1 17613//1
f 17613//1 17614//1 17616//1 17615//1
f 17615//1 17616//1 17618//1 17617//1
f 17619//1 17620//1 17622//1 17621//1
f 17621//1 17622//1 17624//1 17623//1
f 17623//1 17624//1 17626//1 17625//1
f 17625//1 17626//1 17628//1 17627//1
f 17627//1 17628//1 17630//1 17629//1
f 17629//1 17630//1 17632//1 17631//1
f 17631//1 17632//1 17634//1 17633//1
f 17633//1 17634//1 17636//1 17635//1
f 17635//1 17636//1 17638//1 17637//1
f 17637//1 17638//1 17640//1 17639//1
f 17641//1 17642//1 17644//1 17643//1
f 17645//1 17646//1 17648//1 17647//1
f 17649//1 17650//1 17652//1 17651//1
f 17653//1 17654//1 17656//1 17655//1
f 17655//1 17656//1 17658//1 17657//1
f 17657//1 17658//1 17660//1 17659//1
f 17659//1 17660//1 17662//1 17661//1
f 17661//1 17662//1 17664//1 17663//1
f 17663//1 17664//1 17666//1 17665//1
f 17665//1 17666//1 17668//1 17667//1
f 17669//1 17670//1 17672//1 17671//1
f 17671//1 17672//1 17674//1 17673//1
f 17673//1 17674//1 17676//1 17675//1
f 17675//1 17676//1 17678//1 17677//1
f 17677//1 17678//1 17680//1 17679//1
f 17679//1 17680//1 17682//1 17681//1
f 17683//1 17684//1 17686//1 17685//1
f 17685//1 17686//1 17688//1 17687//1
f 17687//1 17688//1 17690//1 17689//1
f 17691//1 17692//1 17694//1 17693//1
f 17695//1 17696//1 17698//1 17697//1
f 17697//1 17698//1 17700//1 17699//1
f 17699//1 17700//1 17702//1 17701//1
f 17701//1 17702//1 17704//1 17703//1
f 17703//1 17704//1 17706//1 17705//1
f 17705//1 17706//1 17708//1 17707//1
f 17707//1 17708//1 17710//1 17709//1
f 17709//1 17710//1 17712//1 17711//1
f 17711//1 17712//1 17714//1 17713//1
f 17713//1 17714//1 17716//1 17715//1
f 17715//1 17716//1 17718//1 17717//1
f 17717//1 17718//1 17720//1 17719//1
f 17719//1 17720//1 17722//1 17721//1
f 17721//1 17722//1 17724//1 17723//1
f 17723//1 17724//1 17726//1 17725//1
f 17725//1 17726//1 17728//1 17727//1
f 17727//1 17728//1 17730//1 17729//1
f 17729//1 17730//1 17732//1 17731//1
f 17731//1 17732//1 17734//1 17733//1
f 17733//1 17734//1 17736//1 17735//1
f 17735//1 17736//1 17738//1 17737//1
f 17737//1 17738//1 17740//1 17739//1
f 17739//1 17740//1 17742//1 17741//1
f 17741//1 17742//1 17744//1 17743//1
f 17743//1 17744//1 17746//1 17745//1
f 17745//1 17746//1 17748//1 17747//1
f 17747//1 17748//1 17750//1 17749//1
f 17749//1 17750//1 17752//1 17751//1
f 17751//1 17752//1 17754//1 17753//1
f 17753//1 17754//1 17756//1 17755//1
f 17755//1 17756//1 17758//1 17757//1
f 17757//1 17758//1 17760//1 17759//1
f 17759//1 17760//1 17762//1 17761//1
f 17761//1 17762//1 17764//1 17763//1
f 17763//1 17764//1 17766//1 17765//1
f 17765//1 17766//1 17768//1 17767//1
f 17767//1 17768//1 17770//1 17769//1
f 17769//1 17770//1 17772//1 17771//1
f 17771//1 17772//1 17774//1 17773//1
f 17773//1 17774//1 17776//1 17775//1
f 17775//1 17776//1 17778//1 17777//1
f 17777//1 17778//1 17780//1 17779//1
f 17779//1 17780//1 17782//1 17781//1
f 17781//1 17782//1 17784//1 17783//1
f 17783//1 17784//1 17786//1 17785//1
f 17785//1 17786//1 17788//1 17787//1
f 17787//1 17788//1 17790//1 17789//1
f 17789//1 17790//1 17792//1 17791//1
f 17791//1 17792//1 17794//1 17793//1
f 17793//1 17794//1 17796//1 17795//1
f 17795//1 17796//1 17798//1 17797//1
f 17797//1 17798//1 17800//1 17799//1
f 17799//1 17800//1 17802//1 17801//1
f 17801//1 17802//1 17804//1 17803//1
f 17803//1 17804//1 17806//1 17805//1
f 17805//1 17806//1 17808//1 17807//1
f 17807//1 17808//1 17810//1 17809//1
f 17809//1 17810//1 17812//1 17811//1
f 17811//1 17812//1 17814//1 17813//1
f 17813//1 17814//1 17816//1 17815//1
f 17815//1 17816//1 17818//1 17817//1
f 17817//1 17818//1 17820//1 17819//1
f 17819//1 17820//1 17822//1 17821//1
f 17821//1 17822//1 17824//1 17823//1
f 17823//1 17824//1 17826//1 17825//1
f 17825//1 17826//1 17828//1 17827//1
f 17829//1 17830//1 17832//1 17831//1
f 17831//1 17832//1 17834//1 17833//1
f 17835//1 17836//1 17838//1 17837//1
f 17837//1 17838//1 17840//1 17839//1
f 17839//1 17840//1 17842//1 17841//1
f 17841//1 17842//1 17844//1 17843//1
f 17843//1 17844//1 17846//1 17845//1
f 17845//1 17846//1 17848//1 17847//1
f 17847//1 17848//1 17850//1 17849//1
f 17849//1 17850//1 17852//1 17851//1
f 17851//1 17852//1 17854//1 17853//1
f 17853//1 17854//1 17856//1 17855//1
f 17855//1 17856//1 17858//1 17857//1
f 17857//1 17858//1 17860//1 17859//1
f 17859//1 17860//1 17862//1 17861//1
f 17861//1 17862//1 17864//1 17863//1
f 17863//1 17864//1 17866//1 17865//1
f 17865//1 17866//1 17868//1 17867//1
f 17867//1 17868//1 17870//1 17869//1
f 17869//1 17870//1 17872//1 17871//1
f 17871//1 17872//1 17874//1 17873//1
f 17873//1 17874//1 17876//1 17875//1
f 17875//1 17876//1 17878//1 17877//1
f 17877//1 17878//1 17880//1 17879//1
f 17879//1 17880//1 17882//1 17881//1
f 17881//1 17882//1 17884//1 17883//1
f 17883//1 17884//1 17886//1 17885//1
f 17885//1 17886//1 17888//1 17887//1
f 17887//1 17888//1 17890//1 17889//1
f 17889//1 17890//1 17892//1 17891//1
f 17891//1 17892//1 17894//1 17893//1
f 17893//1 17894//1 17896//1 17895//1
f 17895//1 17896//1 17898//1 17897//1
f 17897//1 17898//1 17900//1 17899//1
f 17899//1 17900//1 17902//1 17901//1
f 17901//1 17902//1 17904//1 17903//1
f 17903//1 17904//1 17906//1 17905//1
f 17905//1 17906//1 17908//1 17907//1
f 17907//1 17908//1 17910//1 17909//1
f 17909//1 17910//1 17912//1 17911//1
f 17911//1 17912//1 17914//1 17913//1
f 17913//1 17914//1 17916//1 17915//1
f 17915//1 17916//1 17918//1 17917//1
f 17917//1 17918//1 17920//1 17919//1
f 17919//1 17920//1 17922//1 17921//1
f 17921//1 17922//1 17924//1 17923//1
f 17923//1 17924//1 17926//1 17925//1
f 17925//1 17926//1 17928//1 17927//1
f 17927//1 17928//1 17930//1 17929//1
f 17929//1 17930//1 17932//1 17931//1
f 17931//1 17932//1 17934//1 17933//1
f 17933//1 17934//1 17936//1 17935//1
f 17935//1 17936//1 17938//1 17937//1
f 17937//1 17938//1 17940//1 17939//1
f 17939//1 17940//1 17942//1 17941//1
f 17941//1 17942//1 17944//1 17943//1
f 17945//1 17946//1 17948//1 17947//1
f 17947//1 17948//1 17950//1 17949//1
f 17949//1 17950//1 17952//1 17951//1
f 17953//1 17954//1 17956//1 17955//1
f 17955//1 17956//1 17958//1 17957//1
f 17957//1 17958//1 17960//1 17959//1
f 17959//1 17960//1 17962//1 17961//1
f 17961//1 17962//1 17964//1 17963//1
f 17963//1 17964//1 17966//1 17965//1
f 17965//1 17966//1 17968//1 17967//1
f 17967//1 17968//1 17970//1 17969//1
f 17969//1 17970//1 17972//1 17971//1
f 17971//1 17972//1 17974//1 17973//1
f 17973//1 17974//1 17976//1 17975//1
f 17975//1 17976//1 17978//1 17977//1
f 17977//1 17978//1 17980//1 17979//1
f 17979//1 17980//1 17982//1 17981//1
f 17981//1 17982//1 17984//1 17983//1
f 17983//1 17984//1 17986//1 17985//1
f 17985//1 17986//1 17988//1 17987//1
f 17987//1 17988//1 17990//1 17989//1
f 17989//1 17990//1 17992//1 17991//1
f 17991//1 17992//1 17994//1 17993//1
f 17993//1 17994//1 17996//1 17995//1
f 17995//1 17996//1 17998//1 17997//1
f 17997//1 17998//1 18000//1 17999//1
f 17999//1 18000//1 18002//1 18001//1
f 18001//1 18002//1 18004//1 18003//1
f 18005//1 18006//1 18008//1 18007//1
f 18007//1 18008//1 18010//1 18009//1
f 18009//1 18010//1 18012//1 18011//1
f 18011//1 18012//1 18014//1 18013//1
f 18013//1 18014//1 18016//1 18015//1
f 18015//1 18016//1 18018//1 18017//1
f 18017//1 18018//1 18020//1 18019//1
f 18019//1 18020//1 18022//1 18021//1
f 18021//1 18022//1 18024//1 18023//1
f 18023//1 18024//1 18026//1 18025//1
f 18025//1 18026//1 18028//1 18027//1
f 18027//1 18028//1 18030//1 18029//1
f 18029//1 18030//1 18032//1 18031//1
f 18031//1 18032//1 18034//1 18033//1
f 18033//1 18034//1 18036//1 18035//1
f 18035//1 18036//1 18038//1 18037//1
f 18037//1 18038//1 18040//1 18039//1
f 18039//1 18040//1 18042//1 18041//1
f 18041//1 18042//1 18044//1 18043//1
f 18043//1 18044//1 18046//1 18045//1
f 18045//1 18046//1 18048//1 18047//1
f 18047//1 18048//1 18050//1 18049//1
f 18049//1 18050//1 18052//1 18051//1
f 18051//1 18052//1 18054//1 18053//1
f 18053//1 18054//1 18056//1 18055//1
f 18055//1 18056//1 18058//1 18057//1
f 18057//1 18058//1 18060//1 18059//1
f 18059//1 18060//1 18062//1 18061//1
f 18061//1 18062//1 18064//1 18063//1
f 18063//1 18064//1 18066//1 18065//1
f 18065//1 18066//1 18068//1 18067//1
f 18067//1 18068//1 18070//1 18069//1
f 18069//1 18070//1 18072//1 18071//1
f 18071//1 18072//1 18074//1 18073//1
f 18073//1 18074//1 18076//1 18075//1
f 18075//1 18076//1 18078//1 18077//1
f 18077//1 18078//1 18080//1 18079//1
f 18079//1 18080//1 18082//1 18081//1
f 18081//1 18082//1 18084//1 18083//1
f 18083//1 18084//1 18086//1 18085//1
f 18085//1 18086//1 18088//1 18087//1
f 18087//1 18088//1 18090//1 18089//1
f 18089//1 18090//1 18092//1 18091//1
f 18091//1 18092//1 18094//1 18093//1
f 18093//1 18094//1 18096//1 18095//1
f 18095//1 18096//1 18098//1 18097//1
f 18097//1 18098//1 18100//1 18099//1
f 18099//1 18100//1 18102//1 18101//1
f 18101//1 18102//1 18104//1 18103//1
f 18103//1 18104//1 18106//1 18105//1
f 18105//1 18106//1 18108//1 18107//1
f 18107//1 18108//1 18110//1 18109//1
f 18109//1 18110//1 18112//1 18111//1
f 18111//1 18112//1 18114//1 18113//1
f 18113//1 18114//1 18116//1 18115//1
f 18115//1 18116//1 18118//1 18117//1
f 18117//1 18118//1 18120//1 18119//1
f 18119//1 18120//1 18122//1 18121//1
f 18121//1 18122//1 18124//1 18123//1
f 18123//1 18124//1 18126//1 18125//1
f 18125//1 18126//1 18128//1 18127//1
f 18127//1 18128//1 18130//1 18129//1
f 18129//1 18130//1 18132//1 18131//1
f 18131//1 18132//1 18134//1 18133//1
f 18133//1 18134//1 18136//1 18135//1
f 18135//1 18136//1 18138//1 18137//1
f 18137//1 18138//1 18140//1 18139//1
f 18139//1 18140//1 18142//1 18141//1
f 18141//1 18142//1 18144//1 18143//1
f 18143//1 18144//1 18146//1 18145//1
f 18145//1 18146//1 18148//1 18147//1
f 18147//1 18148//1 18150//1 18149//1
f 18149//1 18150//1 18152//1 18151//1
f 18151//1 18152//1 18154//1 18153//1
f 18153//1 18154//1 18156//1 18155//1
f 18155//1 18156//1 18158//1 18157//1
f 18157//1 18158//1 18160//1 18159//1
f 18159//1 18160//1 18162//1 18161//1
f 18161//1 18162//1 18164//1 18163//1
f 18163//1 18164//1 18166//1 18165//1
f 18165//1 18166//1 18168//1 18167//1
f 18167//1 18168//1 18170//1 18169//1
f 18169//1 18170//1 18172//1 18171//1
f 18171//1 18172//1 18174//1 18173//1
f 18173//1 18174//1 18176//1 18175//1
f 18175//1 18176//1 18178//1 18177//1
f 18177//1 18178//1 18180//1 18179//1
f 18179//1 18180//1 18182//1 18181//1
f 18181//1 18182//1 18184//1 18183//1
f 18183//1 18184//1 18186//1 18185//1
f 18185//1 18186//1 18188//1 18187//1
f 18187//1 18188//1 18190//1 18189//1
f 18189//1 18190//1 18192//1 18191//1
f 18191//1 18192//1 18194//1 18193//1
f 18193//1 18194//1 18196//1 18195//1
f 18195//1 18196//1 18198//1 18197//1
f 18197//1 18198//1 18200//1 18199//1
f 18199//1 18200//1 18202//1 18201//1
f 18201//1 18202//1 18204//1 18203//1
f 18203//1 18204//1 18206//1 18205//1
f 18205//1 18206//1 18208//1 18207//1
f 18207//1 18208//1 18210//1 18209//1
f 18209//1 18210//1 18212//1 18211//1
f 18211//1 18212//1 18214//1 18213//1
f 18213//1 18214//1 18216//1 18215//1
f 18215//1 18216//1 18218//1 18217//1
f 18217//1 18218//1 18220//1 18219//1
f 18219//1 18220//1 18222//1 18221//1
f 18221//1 18222//1 18224//1 18223//1
f 18223//1 18224//1 18226//1 18225//1
f 18225//1 18226//1 18228//1 18227//1
f 18227//1 18228//1 18230//1 18229//1
f 18229//1 18230//1 18232//1 18231//1
f 18231//1 18232//1 18234//1 18233//1
f 18233//1 18234//1 18236//1 18235//1
f 18235//1 18236//1 18238//1 18237//1
f 18237//1 18238//1 18240//1 18239//1
f 18239//1 18240//1 18242//1 18241//1
f 18241//1 18242//1 18244//1 18243//1
f 18243//1 18244//1 18246//1 18245//1
f 18245//1 18246//1 18248//1 18247//1
f 18247//1 18248//1 18250//1 18249//1
f 18249//1 18250//1 18252//1 18251//1
f 18251//1 18252//1 18254//1 18253//1
f 18253//1 18254//1 18256//1 18255//1
f 18255//1 18256//1 18258//1 18257//1
f 18257//1 18258//1 18260//1 18259//1
f 18259//1 18260//1 18262//1 18261//1
f 18261//1 18262//1 18264//1 18263//1
f 18263//1 18264//1 18266//1 18265//1
f 18265//1 18266//1 18268//1 18267//1
f 18267//1 18268//1 18270//1 18269//1
f 18269//1 18270//1 18272//1 18271//1
f 18271//1 18272//1 18274//1 18273//1
f 18273//1 18274//1 18276//1 18275//1
f 18275//1 18276//1 18278//1 18277//1
f 18277//1 18278//1 18280//1 18279//1
f 18279//1 18280//1 18282//1 18281//1
f 18281//1 18282//1 18284//1 18283//1
f 18283//1 18284//1 18286//1 18285//1
f 18285//1 18286//1 18288//1 18287//1
f 18287//1 18288//1 18290//1 18289//1
f 18289//1 18290//1 18292//1 18291//1
f 18291//1 18292//1 18294//1 18293//1
f 18293//1 18294//1 18296//1 18295//1
f 18295//1 18296//1 18298//1 18297//1
f 18297//1 18298//1 18300//1 18299//1
f 18299//1 18300//1 18302//1 18301//1
f 18301//1 18302//1 18304//1 18303//1
f 18303//1 18304//1 18306//1 18305//1
f 18305//1 18306//1 18308//1 18307//1
f 18309//1 18310//1 18312//1 18311//1
f 18311//1 18312//1 18314//1 18313//1
f 18313//1 18314//1 18316//1 18315//1
f 18315//1 18316//1 18318//1 18317//1
f 18317//1 18318//1 18320//1 18319//1
f 18319//1 18320//1 18322//1 18321//1
f 18321//1 18322//1 18324//1 18323//1
f 18323//1 18324//1 18326//1 18325//1
f 18325//1 18326//1 18328//1 18327//1
f 18327//1 18328//1 18330//1 18329//1
f 18329//1 18330//1 18332//1 18331//1
f 18331//1 18332//1 18334//1 18333//1
f 18333//1 18334//1 18336//1 18335//1
f 18335//1 18336//1 18338//1 18337//1
f 18337//1 18338//1 18340//1 18339//1
f 18339//1 18340//1 18342//1 18341//1
f 18341//1 18342//1 18344//1 18343//1
f 18343//1 18344//1 18346//1 18345//1
f 18345//1 18346//1 18348//1 18347//1
f 18347//1 18348//1 18350//1 18349//1
f 18349//1 18350//1 18352//1 18351//1
f 18351//1 18352//1 18354//1 18353//1
f 18353//1 18354//1 18356//1 18355//1
f 18355//1 18356//1 18358//1 18357//1
f 18357//1 18358//1 18360//1 18359//1
f 18359//1 18360//1 18362//1 18361//1
f 18361//1 18362//1 18364//1 18363//1
f 18363//1 18364//1 18366//1 18365//1
f 18365//1 18366//1 18368//1 18367//1
f 18367//1 18368//1 18370//1 18369//1
f 18369//1 18370//1 18372//1 18371//1
f 18371//1 18372//1 18374//1 18373//1
f 18373//1 18374//1 18376//1 18375//1
f 18375//1 18376//1 18378//1 18377//1
f 18377//1 18378//1 18380//1 18379//1
f 18379//1 18380//1 18382//1 18381//1
f 18381//1 18382//1 18384//1 18383//1
f 18383//1 18384//1 18386//1 18385//1
f 18385//1 18386//1 18388//1 18387//1
f 18387//1 18388//1 18390//1 18389//1
f 18389//1 18390//1 18392//1 18391//1
f 18391//1 18392//1 18394//1 18393//1
f 18393//1 18394//1 18396//1 18395//1
f 18395//1 18396//1 18398//1 18397//1
f 18397//1 18398//1 18400//1 18399//1
f 18399//1 18400//1 18402//1 18401//1
f 18401//1 18402//1 18404//1 18403//1
f 18403//1 18404//1 18406//1 18405//1
f 18405//1 18406//1 18408//1 18407//1
f 18407//1 18408//1 18410//1 18409//1
f 18409//1 18410//1 18412//1 18411//1
f 18411//1 18412//1 18414//1 18413//1
f 18413//1 18414//1 18416//1 18415//1
f 18417//1 18418//1 18420//1 18419//1
f 18419//1 18420//1 18422//1 18421//1
f 18421//1 18422//1 18424//1 18423//1
f 18423//1 18424//1 18426//1 18425//1
f 18427//1 18428//1 18430//1 18429//1
f 18429//1 18430//1 18432//1 18431//1
f 18431//1 18432//1 18434//1 18433//1
f 18433//1 18434//1 18436//1 18435//1
f 18435//1 18436//1 18438//1 18437//1
f 18437//1 18438//1 18440//1 18439//1
f 18439//1 18440//1 18442//1 18441//1
f 18441//1 18442//1 18444//1 18443//1
f 18443//1 18444//1 18446//1 18445//1
f 18445//1 18446//1 18448//1 18447//1
f 18447//1 18448//1 18450//1 18449//1
f 18449//1 18450//1 18452//1 18451//1
f 18451//1 18452//1 18454//1 18453//1
f 18453//1 18454//1 18456//1 18455//1
f 18455//1 18456//1 18458//1 18457//1
f 18457//1 18458//1 18460//1 18459//1
f 18459//1 18460//1 18462//1 18461//1
f 18461//1 18462//1 18464//1 18463//1
f 18463//1 18464//1 18466//1 18465//1
f 18465//1 18466//1 18468//1 18467//1
f 18467//1 18468//1 18470//1 18469//1
f 18469//1 18470//1 18472//1 18471//1
f 18471//1 18472//1 18474//1 18473//1
f 18473//1 18474//1 18476//1 18475//1
f 18475//1 18476//1 18478//1 18477//1
f 18477//1 18478//1 18480//1 18479//1
f 18479//1 18480//1 18482//1 18481//1
f 18481//1 18482//1 18484//1 18483//1
f 18483//1 18484//1 18486//1 18485//1
f 18485//1 18486//1 18488//1 18487//1
f 18487//1 18488//1 18490//1 18489//1
f 18489//1 18490//1 18492//1 18491//1
f 18491//1 18492//1 18494//1 18493//1
f 18493//1 18494//1 18496//1 18495//1
f 18495//1 18496//1 18498//1 18497//1
f 18497//1 18498//1 18500//1 18499//1
f 18499//1 18500//1 18502//1 18501//1
f 18501//1 18502//1 18504//1 18503//1
f 18503//1 18504//1 18506//1 18505//1
f 18505//1 18506//1 18508//1 18507//1
f 18507//1 18508//1 18510//1 18509//1
f 18509//1 18510//1 18512//1 18511//1
f 18511//1 18512//1 18514//1 18513//1
f 18513//1 18514//1 18516//1 18515//1
f 18515//1 18516//1 18518//1 18517//1
f 18517//1 18518//1 18520//1 18519//1
f 18519//1 18520//1 18522//1 18521//1
f 18523//1 18524//1 18526//1 18525//1
f 18525//1 18526//1 18528//1 18527//1
f 18527//1 18528//1 18530//1 18529//1
f 18529//1 18530//1 18532//1 18531//1
f 18531//1 18532//1 18534//1 18533//1
f 18533//1 18534//1 18536//1 18535//1
f 18535//1 18536//1 18538//1 18537//1
f 18537//1 18538//1 18540//1 18539//1
f 18539//1 18540//1 18542//1 18541//1
f 18541//1 18542//1 18544//1 18543//1
f 18543//1 18544//1 18546//1 18545//1
f 18545//1 18546//1 18548//1 18547//1
f 18547//1 18548//1 18550//1 18549//1
f 18549//1 18550//1 18552//1 18551//1
f 18551//1 18552//1 18554//1 18553//1
f 18553//1 18554//1 18556//1 18555//1
f 18555//1 18556//1 18558//1 18557//1
f 18557//1 18558//1 18560//1 18559//1
f 18559//1 18560//1 18562//1 18561//1
f 18561//1 18562//1 18564//1 18563//1
f 18563//1 18564//1 18566//1 18565//1
f 18565//1 18566//1 18568//1 18567//1
f 18567//1 18568//1 18570//1 18569//1
f 18569//1 18570//1 18572//1 18571//1
f 18571//1 18572//1 18574//1 18573//1
f 18573//1 18574//1 18576//1 18575//1
f 18575//1 18576//1 18578//1 18577//1
f 18577//1 18578//1 18580//1 18579//1
f 18579//1 18580//1 18582//1 18581//1
f 18581//1 18582//1 18584//1 18583//1
f 18583//1 18584//1 18586//1 18585//1
f 18585//1 18586//1 18588//1 18587//1
f 18587//1 18588//1 18590//1 18589//1
f 18589//1 18590//1 18592//1 18591//1
f 18591//1 18592//1 18594//1 18593//1
f 18593//1 18594//1 18596//1 18595//1
f 18595//1 18596//1 18598//1 18597//1
f 18597//1 18598//1 18600//1 18599//1
f 18599//1 18600//1 18602//1 18601//1
f 18601//1 18602//1 18604//1 18603//1
f 18603//1 18604//1 18606//1 18605//1
f 18605//1 18606//1 18608//1 18607//1
f 18607//1 18608//1 18610//1 18609//1
f 18609//1 18610//1 18612//1 18611//1
f 18611//1 18612//1 18614//1 18613//1
f 18613//1 18614//1 18616//1 18615//1
f 18615//1 18616//1 18618//1 18617//1
f 18617//1 18618//1 18620//1 18619//1
f 18619//1 18620//1 18622//1 18621//1
f 18621//1 18622//1 18624//1 18623//1
f 18625//1 18626//1 18628//1 18627//1
f 18627//1 18628//1 18630//1 18629//1
f 18629//1 18630//1 18632//1 18631//1
f 18631//1 18632//1 18634//1 18633//1
f 18633//1 18634//1 18636//1 18635//1
f 18635//1 18636//1 18638//1 18637//1
f 18637//1 18638//1 18640//1 18639//1
f 18639//1 18640//1 18642//1 18641//1
f 18641//1 18642//1 18644//1 18643//1
f 18643//1 18644//1 18646//1 18645//1
f 18645//1 18646//1 18648//1 18647//1
f 18649//1 18650//1 18652//1 18651//1
f 18651//1 18652//1 18654//1 18653//1
f 18653//1 18654//1 18656//1 18655//1
f 18655//1 18656//1 18658//1 18657//1
f 18657//1 18658//1 18660//1 18659//1
f 18659//1 18660//1 18662//1 18661//1
f 18661//1 18662//1 18664//1 18663//1
f 18663//1 18664//1 18666//1 18665//1
f 18665//1 18666//1 18668//1 18667//1
f 18667//1 18668//1 18670//1 18669//1
f 18669//1 18670//1 18672//1 18671//1
f 18671//1 18672//1 18674//1 18673//1
f 18673//1 18674//1 18676//1 18675//1
f 18675//1 18676//1 18678//1 18677//1
f 18677//1 18678//1 18680//1 18679//1
f 18679//1 18680//1 18682//1 18681//1
f 18681//1 18682//1 18684//1 18683//1
f 18683//1 18684//1 18686//1 18685//1
f 18685//1 18686//1 18688//1 18687//1
f 18687//1 18688//1 18690//1 18689//1
f 18689//1 18690//1 18692//1 18691//1
f 18691//1 18692//1 18694//1 18693//1
f 18693//1 18694//1 18696//1 18695//1
f 18695//1 18696//1 18698//1 18697//1
f 18697//1 18698//1 18700//1 18699//1
f 18699//1 18700//1 18702//1 18701//1
f 18701//1 18702//1 18704//1 18703//1
f 18703//1 18704//1 18706//1 18705//1
f 18705//1 18706//1 18708//1 18707//1
f 18707//1 18708//1 18710//1 18709//1
f 18709//1 18710//1 18712//1 18711//1
f 18711//1 18712//1 18714//1 18713//1
f 18715//1 18716//1 18718//1 18717//1
f 18717//1 18718//1 18720//1 18719//1
f 18719//1 18720//1 18722//1 18721//1
f 18721//1 18722//1 18724//1 18723//1
f 18723//1 18724//1 18726//1 18725//1
f 18725//1 18726//1 18728//1 18727//1
f 18727//1 18728//1 18730//1 18729//1
f 18729//1 18730//1 18732//1 18731//1
f 18731//1 18732//1 18734//1 18733//1
f 18733//1 18734//1 18736//1 18735//1
f 18735//1 18736//1 18738//1 18737//1
f 18737//1 18738//1 18740//1 18739//1
f 18739//1 18740//1 18742//1 18741//1
f 18741//1 18742//1 18744//1 18743//1
f 18743//1 18744//1 18746//1 18745//1
f 18745//1 18746//1 18748//1 18747//1
f 18747//1 18748//1 18750//1 18749//1
f 18749//1 18750//1 18752//1 18751//1
f 18751//1 18752//1 18754//1 18753//1
f 18753//1 18754//1 18756//1 18755//1
f 18755//1 18756//1 18758//1 18757//1
f 18757//1 18758//1 18760//1 18759//1
f 18759//1 18760//1 18762//1 18761//1
f 18761//1 18762//1 18764//1 18763//1
f 18763//1 18764//1 18766//1 18765//1
f 18765//1 18766//1 18768//1 18767//1
f 18767//1 18768//1 18770//1 18769//1
f 18769//1 18770//1 18772//1 18771//1
f 18771//1 18772//1 18774//1 18773//1
f 18773//1 18774//1 18776//1 18775//1
f 18775//1 18776//1 18778//1 18777//1
f 18777//1 18778//1 18780//1 18779//1
f 18779//1 18780//1 18782//1 18781//1
f 18781//1 18782//1 18784//1 18783//1
f 18783//1 18784//1 18786//1 18785//1
f 18785//1 18786//1 18788//1 18787//1
f 18787//1 18788//1 18790//1 18789//1
f 18789//1 18790//1 18792//1 18791//1
f 18791//1 18792//1 18794//1 18793//1
f 18793//1 18794//1 18796//1 18795//1
f 18795//1 18796//1 18798//1 18797//1
f 18797//1 18798//1 18800//1 18799//1
f 18799//1 18800//1 18802//1 18801//1
f 18801//1 18802//1 18804//1 18803//1
f 18805//1 18806//1 18808//1 18807//1
f 18807//1 18808//1 18810//1 18809//1
f 18809//1 18810//1 18812//1 18811//1
f 18811//1 18812//1 18814//1 18813//1
f 18813//1 18814//1 18816//1 18815//1
f 18815//1 18816//1 18818//1 18817//1
f 18817//1 18818//1 18820//1 18819//1
f 18819//1 18820//1 18822//1 18821//1
f 18821//1 18822//1 18824//1 18823//1
f 18823//1 18824//1 18826//1 18825//1
f 18825//1 18826//1 18828//1 18827//1
f 18827//1 18828//1 18830//1 18829//1
f 18829//1 18830//1 18832//1 18831//1
f 18831//1 18832//1 18834//1 18833//1
f 18833//1 18834//1 18836//1 18835//1
f 18835//1 18836//1 18838//1 18837//1
f 18837//1 18838//1 18840//1 18839//1
f 18839//1 18840//1 18842//1 18841//1
f 18841//1 18842//1 18844//1 18843//1
f 18843//1 18844//1 18846//1 18845//1
f 18845//1 18846//1 18848//1 18847//1
f 18847//1 18848//1 18850//1 18849//1
f 18849//1 18850//1 18852//1 18851//1
f 18851//1 18852//1 18854//1 18853//1
f 18853//1 18854//1 18856//1 18855//1
f 18855//1 18856//1 18858//1 18857//1
f 18857//1 18858//1 18860//1 18859//1
f 18859//1 18860//1 18862//1 18861//1
f 18861//1 18862//1 18864//1 18863//1
f 18863//1 18864//1 18866//1 18865//1
f 18865//1 18866//1 18868//1 18867//1
f 18867//1 18868//1 18870//1 18869//1
f 18869//1 18870//1 18872//1 18871//1
f 18871//1 18872//1 18874//1 18873//1
f 18873//1 18874//1 18876//1 18875//1
f 18875//1 18876//1 18878//1 18877//1
f 18877//1 18878//1 18880//1 18879//1
f 18879//1 18880//1 18882//1 18881//1
f 18881//1 18882//1 18884//1 18883//1
f 18883//1 18884//1 18886//1 18885//1
f 18885//1 18886//1 18888//1 18887//1
f 18887//1 18888//1 18890//1 18889//1
f 18889//1 18890//1 18892//1 18891//1
f 18891//1 18892//1 18894//1 18893//1
f 18893//1 18894//1 18896//1 18895//1
f 18895//1 18896//1 18898//1 18897//1
f 18897//1 18898//1 18900//1 18899//1
f 18901//1 18902//1 18904//1 18903//1
f 18903//1 18904//1 18906//1 18905//1
f 18907//1 18908//1 18910//1 18909//1
f 18911//1 18912//1 18914//1 18913//1
f 18915//1 18916//1 18918//1 18917//1
f 18917//1 18918//1 18920//1 18919//1
f 18919//1 18920//1 18922//1 18921//1
f 18921//1 18922//1 18924//1 18923//1
f 18923//1 18924//1 18926//1 18925//1
f 18925//1 18926//1 18928//1 18927//1
f 18927//1 18928//1 18930//1 18929//1
f 18929//1 18930//1 18932//1 18931//1
f 18931//1 18932//1 18934//1 18933//1
f 18935//1 18936//1 18938//1 18937//1
f 18939//1 18940//1 18942//1 18941//1
f 18941//1 18942//1 18944//1 18943//1
f 18945//1 18946//1 18948//1 18947//1
f 18947//1 18948//1 18950//1 18949//1
f 18949//1 18950//1 18952//1 18951//1
f 18951//1 18952//1 18954//1 18953//1
f 18953//1 18954//1 18956//1 18955//1
f 18955//1 18956//1 18958//1 18957//1
f 18957//1 18958//1 18960//1 18959//1
f 18959//1 18960//1 18962//1 18961//1
f 18961//1 18962//1 18964//1 18963//1
f 18963//1 18964//1 18966//1 18965//1
f 18965//1 18966//1 18968//1 18967//1
f 18967//1 18968//1 18970//1 18969//1
f 18969//1 18970//1 18972//1 18971//1
f 18971//1 18972//1 18974//1 18973//1
f 18973//1 18974//1 18976//1 18975//1
f 18975//1 18976//1 18978//1 18977//1
f 18977//1 18978//1 18980//1 18979//1
f 18979//1 18980//1 18982//1 18981//1
f 18981//1 18982//1 18984//1 18983//1
f 18983//1 18984//1 18986//1 18985//1
f 18985//1 18986//1 18988//1 18987//1
f 18987//1 18988//1 18990//1 18989//1
f 18989//1 18990//1 18992//1 18991//1
f 18991//1 18992//1 18994//1 18993//1
f 18993//1 18994//1 18996//1 18995//1
f 18997//1 18998//1 19000//1 18999//1
f 18999//1 19000//1 19002//1 19001//1
f 19001//1 19002//1 19004//1 19003//1
f 19003//1 19004//1 19006//1 19005//1
f 19005//1 19006//1 19008//1 19007//1
f 19007//1 19008//1 19010//1 19009//1
f 19009//1 19010//1 19012//1 19011//1
f 19011//1 19012//1 19014//1 19013//1
f 19013//1 19014//1 19016//1 19015//1
f 19015//1 19016//1 19018//1 19017//1
f 19017//1 19018//1 19020//1 19019//1
f 19019//1 19020//1 19022//1 19021//1
f 19021//1 19022//1 19024//1 19023//1
f 19023//1 19024//1 19026//1 19025//1
f 19025//1 19026//1 19028//1 19027//1
f 19027//1 19028//1 19030//1 19029//1
f 19029//1 19030//1 19032//1 19031//1
f 19031//1 19032//1 19034//1 19033//1
f 19033//1 19034//1 19036//1 19035//1
f 19035//1 19036//1 19038//1 19037//1
f 19037//1 19038//1 19040//1 19039//1
f 19039//1 19040//1 19042//1 19041//1
f 19041//1 19042//1 19044//1 19043//1
f 19043//1 19044//1 19046//1 19045//1
f 19045//1 19046//1 19048//1 19047//1
f 19049//1 19050//1 19052//1 19051//1
f 19051//1 19052//1 19054//1 19053//1
f 19053//1 19054//1 19056//1 19055//1
f 19055//1 19056//1 19058//1 19057//1
f 19057//1 19058//1 19060//1 19059//1
f 19059//1 19060//1 19062//1 19061//1
f 19061//1 19062//1 19064//1 19063//1
f 19063//1 19064//1 19066//1 19065//1
f 19065//1 19066//1 19068//1 19067//1
f 19067//1 19068//1 19070//1 19069//1
f 19069//1 19070//1 19072//1 19071//1
f 19071//1 19072//1 19074//1 19073//1
f 19073//1 19074//1 19076//1 19075//1
f 19075//1 19076//1 19078//1 19077//1
f 19077//1 19078//1 19080//1 19079//1
f 19079//1 19080//1 19082//1 19081//1
f 19081//1 19082//1 19084//1 19083//1
f 19083//1 19084//1 19086//1 19085//1
f 19085//1 19086//1 19088//1 19087//1
f 19087//1 19088//1 19090//1 19089//1
f 19089//1 19090//1 19092//1 19091//1
f 19091//1 19092//1 19094//1 19093//1
f 19093//1 19094//1 19096//1 19095//1
f 19095//1 19096//1 19098//1 19097//1
f 19097//1 19098//1 19100//1 19099//1
f 19099//1 19100//1 19102//1 19101//1
f 19101//1 19102//1 19104//1 19103//1
f 19103//1 19104//1 19106//1 19105//1
f 19105//1 19106//1 19108//1 19107//1
f 19107//1 19108//1 19110//1 19109//1
f 19109//1 19110//1 19112//1 19111//1
f 19111//1 19112//1 19114//1 19113//1
f 19113//1 19114//1 19116//1 19115//1
f 19117//1 19118//1 19120//1 19119//1
f 19119//1 19120//1 19122//1 19121//1
f 19123//1 19124//1 19126//1 19125//1
f 19125//1 19126//1 19128//1 19127//1
f 19127//1 19128//1 19130//1 19129//1
f 19129//1 19130//1 19132//1 19131//1
f 19131//1 19132//1 19134//1 19133//1
f 19133//1 19134//1 19136//1 19135//1
f 19135//1 19136//1 19138//1 19137//1
f 19137//1 19138//1 19140//1 19139//1
f 19139//1 19140//1 19142//1 19141//1
f 19141//1 19142//1 19144//1 19143//1
f 19143//1 19144//1 19146//1 19145//1
f 19145//1 19146//1 19148//1 19147//1
f 19147//1 19148//1 19150//1 19149//1
f 19149//1 19150//1 19152//1 19151//1
f 19151//1 19152//1 19154//1 19153//1
f 19153//1 19154//1 19156//1 19155//1
f 19155//1 19156//1 19158//1 19157//1
f 19157//1 19158//1 19160//1 19159//1
f 19159//1 19160//1 19162//1 19161//1
f 19161//1 19162//1 19164//1 19163//1
f 19163//1 19164//1 19166//1 19165//1
f 19165//1 19166//1 19168//1 19167//1
f 19167//1 19168//1 19170//1 19169//1
f 19169//1 19170//1 19172//1 19171//1
f 19171//1 19172//1 19174//1 19173//1
f 19173//1 19174//1 19176//1 19175//1
f 19175//1 19176//1 19178//1 19177//1
f 19179//1 19180//1 19182//1 19181//1
f 19181//1 19182//1 19184//1 19183//1
f 19185//1 19186//1 19188//1 19187//1
f 19187//1 19188//1 19190//1 19189//1
f 19189//1 19190//1 19192//1 19191//1
f 19191//1 19192//1 19194//1 19193//1
f 19193//1 19194//1 19196//1 19195//1
f 19195//1 19196//1 19198//1 19197//1
f 19197//1 19198//1 19200//1 19199//1
f 19199//1 19200//1 19202//1 19201//1
f 19201//1 19202//1 19204//1 19203//1
f 19203//1 19204//1 19206//1 19205//1
f 19205//1 19206//1 19208//1 19207//1
f 19207//1 19208//1 19210//1 19209//1
f 19209//1 19210//1 19212//1 19211//1
f 19211//1 19212//1 19214//1 19213//1
f 19213//1 19214//1 19216//1 19215//1
f 19215//1 19216//1 19218//1 19217//1
f 19217//1 19218//1 19220//1 19219//1
f 19219//1 19220//1 19222//1 19221//1
f 19221//1 19222//1 19224//1 19223//1
f 19223//1 19224//1 19226//1 19225//1
f 19225//1 19226//1 19228//1 19227//1
f 19227//1 19228//1 19230//1 19229//1
f 19229//1 19230//1 19232//1 19231//1
f 19231//1 19232//1 19234//1 19233//1
f 19233//1 19234//1 19236//1 19235//1
f 19235//1 19236//1 19238//1 19237//1
f 19237//1 19238//1 19240//1 19239//1
f 19239//1 19240//1 19242//1 19241//1
f 19243//1 19244//1 19246//1 19245//1
f 19247//1 19248//1 19250//1 19249//1
f 19251//1 19252//1 19254//1 19253//1
f 19253//1 19254//1 19256//1 19255//1
f 19255//1 19256//1 19258//1 19257//1
f 19259//1 19260//1 19262//1 19261//1
f 19263//1 19264//1 19266//1 19265//1
f 19265//1 19266//1 19268//1 19267//1
f 19267//1 19268//1 19270//1 19269//1
f 19269//1 19270//1 19272//1 19271//1
f 19271//1 19272//1 19274//1 19273//1
f 19273//1 19274//1 19276//1 19275//1
f 19275//1 19276//1 19278//1 19277//1
f 19277//1 19278//1 19280//1 19279//1
f 19279//1 19280//1 19282//1 19281//1
f 19283//1 19284//1 19286//1 19285//1
f 19285//1 19286//1 19288//1 19287//1
f 19287//1 19288//1 19290//1 19289//1
f 19289//1 19290//1 19292//1 19291//1
f 19291//1 19292//1 19294//1 19293//1
f 19293//1 19294//1 19296//1 19295//1
f 19295//1 19296//1 19298//1 19297//1
f 19297//1 19298//1 19300//1 19299//1
f 19299//1 19300//1 19302//1 19301//1
f 19301//1 19302//1 19304//1 19303//1
f 19303//1 19304//1 19306//1 19305//1
f 19305//1 19306//1 19308//1 19307//1
f 19307//1 19308//1 19310//1 19309//1
f 19309//1 19310//1 19312//1 19311//1
f 19311//1 19312//1 19314//1 19313//1
f 19313//1 19314//1 19316//1 19315//1
f 19315//1 19316//1 19318//1 19317//1
f 19317//1 19318//1 19320//1 19319//1
f 19319//1 19320//1 19322//1 19321//1
f 19321//1 19322//1 19324//1 19323//1
f 19323//1 19324//1 19326//1 19325//1
f 19325//1 19326//1 19328//1 19327//1
f 19327//1 19328//1 19330//1 19329//1
f 19329//1 19330//1 19332//1 19331//1
f 19331//1 19332//1 19334//1 19333//1
f 19335//1 19336//1 19338//1 19337//1
f 19337//1 19338//1 19340//1 19339//1
f 19339//1 19340//1 19342//1 19341//1
f 19341//1 19342//1 19344//1 19343//1
f 19343//1 19344//1 19346//1 19345//1
f 19345//1 19346//1 19348//1 19347//1
f 19347//1 19348//1 19350//1 19349//1
f 19349//1 19350//1 19352//1 19351//1
f 19351//1 19352//1 19354//1 19353//1
f 19353//1 19354//1 19356//1 19355//1
f 19355//1 19356//1 19358//1 19357//1
f 19357//1 19358//1 19360//1 19359//1
f 19359//1 19360//1 19362//1 19361//1
f 19361//1 19362//1 19364//1 19363//1
f 19363//1 19364//1 19366//1 19365//1
f 19365//1 19366//1 19368//1 19367//1
f 19367//1 19368//1 19370//1 19369//1
f 19369//1 19370//1 19372//1 19371//1
f 19371//1 19372//1 19374//1 19373//1
f 19373//1 19374//1 19376//1 19375//1
f 19375//1 19376//1 19378//1 19377//1
f 19377//1 19378//1 19380//1 19379//1
f 19379//1 19380//1 19382//1 19381//1
f 19381//1 19382//1 19384//1 19383//1
f 19383//1 19384//1 19386//1 19385//1
f 19385//1 19386//1 19388//1 19387//1
f 19387//1 19388//1 19390//1 19389//1
f 19389//1 19390//1 19392//1 19391//1
f 19391//1 19392//1 19394//1 19393//1
f 19393//1 19394//1 19396//1 19395//1
f 19395//1 19396//1 19398//1 19397//1
f 19397//1 19398//1 19400//1 19399//1
f 19399//1 19400//1 19402//1 19401//1
f 19401//1 19402//1 19404//1 19403//1
f 19403//1 19404//1 19406//1 19405//1
f 19407//1 19408//1 19410//1 19409//1
f 19409//1 19410//1 19412//1 19411//1
f 19411//1 19412//1 19414//1 19413//1
f 19413//1 19414//1 19416//1 19415//1
f 19417//1 19418//1 19420//1 19419//1
f 19421//1 19422//1 19424//1 19423//1
f 19423//1 19424//1 19426//1 19425//1
f 19425//1 19426//1 19428//1 19427//1
f 19427//1 19428//1 19430//1 19429//1
f 19429//1 19430//1 19432//1 19431//1
f 19431//1 19432//1 19434//1 19433//1
f 19433//1 19434//1 19436//1 19435//1
f 19435//1 19436//1 19438//1 19437//1
f 19437//1 19438//1 19440//1 19439//1
f 19439//1 19440//1 19442//1 19441//1
f 19441//1 19442//1 19444//1 19443//1
f 19443//1 19444//1 19446//1 19445//1
f 19445//1 19446//1 19448//1 19447//1
f 19447//1 19448//1 19450//1 19449//1
f 19451//1 19452//1 19454//1 19453//1
f 19453//1 19454//1 19456//1 19455//1
f 19455//1 19456//1 19458//1 19457//1
f 19457//1 19458//1 19460//1 19459//1
f 19459//1 19460//1 19462//1 19461//1
f 19461//1 19462//1 19464//1 19463//1
f 19463//1 19464//1 19466//1 19465//1
f 19465//1 19466//1 19468//1 19467//1
f 19467//1 19468//1 19470//1 19469//1
f 19469//1 19470//1 19472//1 19471//1
f 19471//1 19472//1 19474//1 19473//1
f 19473//1 19474//1 19476//1 19475//1
f 19475//1 19476//1 19478//1 19477//1
f 19477//1 19478//1 19480//1 19479//1
f 19479//1 19480//1 19482//1 19481//1
f 19481//1 19482//1 19484//1 19483//1
f 19483//1 19484//1 19486//1 19485//1
f 19485//1 19486//1 19488//1 19487//1
f 19487//1 19488//1 19490//1 19489//1
f 19489//1 19490//1 19492//1 19491//1
f 19491//1 19492//1 19494//1 19493//1
f 19493//1 19494//1 19496//1 19495//1
f 19495//1 19496//1 19498//1 19497//1
f 19497//1 19498//1 19500//1 19499//1
f 19499//1 19500//1 19502//1 19501//1
f 19501//1 19502//1 19504//1 19503//1
f 19503//1 19504//1 19506//1 19505//1
f 19505//1 19506//1 19508//1 19507//1
f 19507//1 19508//1 19510//1 19509//1
f 19511//1 19512//1 19514//1 19513//1
f 19513//1 19514//1 19516//1 19515//1
f 19515//1 19516//1 19518//1 19517//1
f 19517//1 19518//1 19520//1 19519//1
f 19519//1 19520//1 19522//1 19521//1
f 19521//1 19522//1 19524//1 19523//1
f 19523//1 19524//1 19526//1 19525//1
f 19525//1 19526//1 19528//1 19527//1
f 19527//1 19528//1 19530//1 19529//1
f 19529//1 19530//1 19532//1 19531//1
f 19531//1 19532//1 19534//1 19533//1
f 19533//1 19534//1 19536//1 19535//1
f 19535//1 19536//1 19538//1 19537//1
f 19537//1 19538//1 19540//1 19539//1
f 19539//1 19540//1 19542//1 19541//1
f 19541//1 19542//1 19544//1 19543//1
f 19543//1 19544//1 19546//1 19545//1
f 19545//1 19546//1 19548//1 19547//1
f 19547//1 19548//1 19550//1 19549//1
f 19549//1 19550//1 19552//1 19551//1
f 19551//1 19552//1 19554//1 19553//1
f 19553//1 19554//1 19556//1 19555//1
f 19555//1 19556//1 19558//1 19557//1
f 19557//1 19558//1 19560//1 19559//1
f 19559//1 19560//1 19562//1 19561//1
f 19561//1 19562//1 19564//1 19563//1
f 19563//1 19564//1 19566//1 19565//1
f 19565//1 19566//1 19568//1 19567//1
f 19567//1 19568//1 19570//1 19569//1
f 19569//1 19570//1 19572//1 19571//1
f 19571//1 19572//1 19574//1 19573//1
f 19573//1 19574//1 19576//1 19575//1
f 19577//1 19578//1 19580//1 19579//1
f 19579//1 19580//1 19582//1 19581//1
f 19581//1 19582//1 19584//1 19583//1
f 19583//1 19584//1 19586//1 19585//1
f 19585//1 19586//1 19588//1 19587//1
f 19587//1 19588//1 19590//1 19589//1
f 19589//1 19590//1 19592//1 19591//1
f 19591//1 19592//1 19594//1 19593//1
f 19593//1 19594//1 19596//1 19595//1
f 19595//1 19596//1 19598//1 19597//1
f 19597//1 19598//1 19600//1 19599//1
f 19599//1 19600//1 19602//1 19601//1
f 19601//1 19602//1 19604//1 19603//1
f 19603//1 19604//1 19606//1 19605//1
f 19605//1 19606//1 19608//1 19607//1
f 19607//1 19608//1 19610//1 19609//1
f 19611//1 19612//1 19614//1 19613//1
f 19615//1 19616//1 19618//1 19617//1
f 19617//1 19618//1 19620//1 19619//1
f 19621//1 19622//1 19624//1 19623//1
f 19623//1 19624//1 19626//1 19625//1
f 19625//1 19626//1 19628//1 19627//1
f 19627//1 19628//1 19630//1 19629//1
f 19629//1 19630//1 19632//1 19631//1
f 19631//1 19632//1 19634//1 19633//1
f 19633//1 19634//1 19636//1 19635//1
f 19635//1 19636//1 19638//1 19637//1
f 19637//1 19638//1 19640//1 19639//1
f 19639//1 19640//1 19642//1 19641//1
f 19641//1 19642//1 19644//1 19643//1
f 19643//1 19644//1 19646//1 19645//1
f 19645//1 19646//1 19648//1 19647//1
f 19647//1 19648//1 19650//1 19649//1
f 19649//1 19650//1 19652//1 19651//1
f 19651//1 19652//1 19654//1 19653//1
f 19653//1 19654//1 19656//1 19655//1
f 19655//1 19656//1 19658//1 19657//1
f 19657//1 19658//1 19660//1 19659//1
f 19659//1 19660//1 19662//1 19661//1
f 19661//1 19662//1 19664//1 19663//1
f 19663//1 19664//1 19666//1 19665//1
f 19665//1 19666//1 19668//1 19667//1
f 19667//1 19668//1 19670//1 19669//1
f 19669//1 19670//1 19672//1 19671//1
f 19671//1 19672//1 19674//1 19673//1
f 19673//1 19674//1 19676//1 19675//1
f 19675//1 19676//1 19678//1 19677//1
f 19677//1 19678//1 19680//1 19679//1
f 19679//1 19680//1 19682//1 19681//1
f 19681//1 19682//1 19684//1 19683//1
f 19683//1 19684//1 19686//1 19685//1
f 19685//1 19686//1 19688//1 19687//1
f 19687//1 19688//1 19690//1 19689//1
f 19689//1 19690//1 19692//1 19691//1
f 19691//1 19692//1 19694//1 19693//1
f 19693//1 19694//1 19696//1 19695//1
f 19695//1 19696//1 19698//1 19697//1
f 19697//1 19698//1 19700//1 19699//1
f 19699//1 19700//1 19702//1 19701//1
f 19701//1 19702//1 19704//1 19703//1
f 19705//1 19706//1 19708//1 19707//1
f 19707//1 19708//1 19710//1 19709//1
f 19709//1 19710//1 19712//1 19711//1
f 19711//1 19712//1 19714//1 19713//1
f 19713//1 19714//1 19716//1 19715//1
f 19715//1 19716//1 19718//1 19717//1
f 19717//1 19718//1 19720//1 19719//1
f 19719//1 19720//1 19722//1 19721//1
f 19721//1 19722//1 19724//1 19723//1
f 19723//1 19724//1 19726//1 19725//1
f 19725//1 19726//1 19728//1 19727//1
f 19727//1 19728//1 19730//1 19729//1
f 19729//1 19730//1 19732//1 19731//1
f 19731//1 19732//1 19734//1 19733//1
f 19735//1 19736//1 19738//1 19737//1
f 19739//1 19740//1 19742//1 19741//1
f 19741//1 19742//1 19744//1 19743//1
f 19743//1 19744//1 19746//1 19745//1
f 19747//1 19748//1 19750//1 19749//1
f 19749//1 19750//1 19752//1 19751//1
f 19751//1 19752//1 19754//1 19753//1
f 19753//1 19754//1 19756//1 19755//1
f 19755//1 19756//1 19758//1 19757//1
f 19757//1 19758//1 19760//1 19759//1
f 19759//1 19760//1 19762//1 19761//1
f 19761//1 19762//1 19764//1 19763//1
f 19763//1 19764//1 19766//1 19765//1
f 19765//1 19766//1 19768//1 19767//1
f 19767//1 19768//1 19770//1 19769//1
f 19769//1 19770//1 19772//1 19771//1
f 19771//1 19772//1 19774//1 19773//1
f 19773//1 19774//1 19776//1 19775//1
f 19775//1 19776//1 19778//1 19777//1
f 19777//1 19778//1 19780//1 19779//1
f 19779//1 19780//1 19782//1 19781//1
f 19783//1 19784//1 19786//1 19785//1
f 19785//1 19786//1 19788//1 19787//1
f 19787//1 19788//1 19790//1 19789//1
f 19789//1 19790//1 19792//1 19791//1
f 19793//1 19794//1 19796//1 19795//1
f 19795//1 19796//1 19798//1 19797//1
f 19797//1 19798//1 19800//1 19799//1
f 19799//1 19800//1 19802//1 19801//1
f 19801//1 19802//1 19804//1 19803//1
f 19803//1 19804//1 19806//1 19805//1
f 19805//1 19806//1 19808//1 19807//1
f 19807//1 19808//1 19810//1 19809//1
f 19809//1 19810//1 19812//1 19811//1
f 19811//1 19812//1 19814//1 19813//1
f 19813//1 19814//1 19816//1 19815//1
f 19815//1 19816//1 19818//1 19817//1
f 19817//1 19818//1 19820//1 19819//1
f 19819//1 19820//1 19822//1 19821//1
f 19821//1 19822//1 19824//1 19823//1
f 19823//1 19824//1 19826//1 19825//1
f 19825//1 19826//1 19828//1 19827//1
f 19827//1 19828//1 19830//1 19829//1
f 19829//1 19830//1 19832//1 19831//1
f 19831//1 19832//1 19834//1 19833//1
f 19833//1 19834//1 19836//1 19835//1
f 19835//1 19836//1 19838//1 19837//1
f 19837//1 19838//1 19840//1 19839//1
f 19839//1 19840//1 19842//1 19841//1
f 19841//1 19842//1 19844//1 19843//1
f 19843//1 19844//1 19846//1 19845//1
f 19845//1 19846//1 19848//1 19847//1
f 19847//1 19848//1 19850//1 19849//1
f 19849//1 19850//1 19852//1 19851//1
f 19851//1 19852//1 19854//1 19853//1
f 19853//1 19854//1 19856//1 19855//1
f 19855//1 19856//1 19858//1 19857//1
f 19857//1 19858//1 19860//1 19859//1
f 19859//1 19860//1 19862//1 19861//1
f 19861//1 19862//1 19864//1 19863//1
f 19863//1 19864//1 19866//1 19865//1
f 19865//1 19866//1 19868//1 19867//1
f 19867//1 19868//1 19870//1 19869//1
f 19869//1 19870//1 19872//1 19871//1
f 19871//1 19872//1 19874//1 19873//1
f 19873//1 19874//1 19876//1 19875//1
f 19875//1 19876//1 19878//1 19877//1
f 19877//1 19878//1 19880//1 19879//1
f 19879//1 19880//1 19882//1 19881//1
f 19881//1 19882//1 19884//1 19883//1
f 19883//1 19884//1 19886//1 19885//1
f 19885//1 19886//1 19888//1 19887//1
f 19887//1 19888//1 19890//1 19889//1
f 19889//1 19890//1 19892//1 19891//1
f 19891//1 19892//1 19894//1 19893//1
f 19895//1 19896//1 19898//1 19897//1
f 19897//1 19898//1 19900//1 19899//1
f 19899//1 19900//1 19902//1 19901//1
f 19903//1 19904//1 19906//1 19905//1
f 19905//1 19906//1 19908//1 19907//1
f 19907//1 19908//1 19910//1 19909//1
f 19909//1 19910//1 19912//1 19911//1
f 19913//1 19914//1 19916//1 19915//1
f 19915//1 19916//1 19918//1 19917//1
f 19917//1 19918//1 19920//1 19919//1
f 19919//1 19920//1 19922//1 19921//1
f 19921//1 19922//1 19924//1 19923//1
f 19923//1 19924//1 19926//1 19925//1
f 19925//1 19926//1 19928//1 19927//1
f 19927//1 19928//1 19930//1 19929//1
f 19929//1 19930//1 19932//1 19931//1
f 19931//1 19932//1 19934//1 19933//1
f 19933//1 19934//1 19936//1 19935//1
f 19935//1 19936//1 19938//1 19937//1
f 19937//1 19938//1 19940//1 19939//1
f 19939//1 19940//1 19942//1 19941//1
f 19941//1 19942//1 19944//1 19943//1
f 19943//1 19944//1 19946//1 19945//1
f 19945//1 19946//1 19948//1 19947//1
f 19947//1 19948//1 19950//1 19949//1
f 19949//1 19950//1 19952//1 19951//1
f 19951//1 19952//1 19954//1 19953//1
f 19953//1 19954//1 19956//1 19955//1
f 19955//1 19956//1 19958//1 19957//1
f 19957//1 19958//1 19960//1 19959//1
f 19959//1 19960//1 19962//1 19961//1
f 19961//1 19962//1 19964//1 19963//1
f 19963//1 19964//1 19966//1 19965//1
f 19965//1 19966//1 19968//1 19967//1
f 19967//1 19968//1 19970//1 19969//1
f 19969//1 19970//1 19972//1 19971//1
f 19971//1 19972//1 19974//1 19973//1
f 19973//1 19974//1 19976//1 19975//1
f 19977//1 19978//1 19980//1 19979//1
f 19979//1 19980//1 19982//1 19981//1
f 19981//1 19982//1 19984//1 19983//1
f 19983//1 19984//1 19986//1 19985//1
f 19985//1 19986//1 19988//1 19987//1
f 19987//1 19988//1 19990//1 19989//1
f 19989//1 19990//1 19992//1 19991//1
f 19991//1 19992//1 19994//1 19993//1
f 19993//1 19994//1 19996//1 19995//1
f 19997//1 19998//1 20000//1 19999//1
f 19999//1 20000//1 20002//1 20001//1
f 20001//1 20002//1 20004//1 20003//1
f 20003//1 20004//1 20006//1 20005//1
f 20005//1 20006//1 20008//1 20007//1
f 20007//1 20008//1 20010//1 20009//1
f 20009//1 20010//1 20012//1 20011//1
f 20011//1 20012//1 20014//1 20013//1
f 20013//1 20014//1 20016//1 20015//1
f 20017//1 20018//1 20020//1 20019//1
f 20021//1 20022//1 20024//1 20023//1
f 20023//1 20024//1 20026//1 20025//1
f 20027//1 20028//1 20030//1 20029//1
f 20029//1 20030//1 20032//1 20031//1
f 20031//1 20032//1 20034//1 20033//1
f 20033//1 20034//1 20036//1 20035//1
f 20035//1 20036//1 20038//1 20037//1
f 20037//1 20038//1 20040//1 20039//1
f 20039//1 20040//1 20042//1 20041//1
f 20041//1 20042//1 20044//1 20043//1
f 20043//1 20044//1 20046//1 20045//1
f 20045//1 20046//1 20048//1 20047//1
f 20047//1 20048//1 20050//1 20049//1
f 20049//1 20050//1 20052//1 20051//1
f 20051//1 20052//1 20054//1 20053//1
f 20053//1 20054//1 20056//1 20055//1
f 20055//1 20056//1 20058//1 20057//1
f 20057//1 20058//1 20060//1 20059//1
f 20059//1 20060//1 20062//1 20061//1
f 20061//1 20062//1 20064//1 20063//1
f 20063//1 20064//1 20066//1 20065//1
f 20065//1 20066//1 20068//1 20067//1
f 20067//1 20068//1 20070//1 20069//1
f 20069//1 20070//1 20072//1 20071//1
f 20071//1 20072//1 20074//1 20073//1
f 20073//1 20074//1 20076//1 20075//1
f 20075//1 20076//1 20078//1 20077//1
f 20077//1 20078//1 20080//1 20079//1
f 20079//1 20080//1 20082//1 20081//1
f 20081//1 20082//1 20084//1 20083//1
f 20083//1 20084//1 20086//1 20085//1
f 20085//1 20086//1 20088//1 20087//1
f 20087//1 20088//1 20090//1 20089//1
f 20089//1 20090//1 20092//1 20091//1
f 20091//1 20092//1 20094//1 20093//1
f 20093//1 20094//1 20096//1 20095//1
f 20095//1 20096//1 20098//1 20097//1
f 20097//1 20098//1 20100//1 20099//1
f 20099//1 20100//1 20102//1 20101//1
f 20101//1 20102//1 20104//1 20103//1
f 20103//1 20104//1 20106//1 20105//1
f 20105//1 20106//1 20108//1 20107//1
f 20107//1 20108//1 20110//1 20109//1
f 20109//1 20110//1 20112//1 20111//1
f 20111//1 20112//1 20114//1 20113//1
f 20113//1 20114//1 20116//1 20115//1
f 20115//1 20116//1 20118//1 20117//1
f 20119//1 20120//1 20122//1 20121//1
f 20121//1 20122//1 20124//1 20123//1
f 20123//1 20124//1 20126//1 20125//1
f 20125//1 20126//1 20128//1 20127//1
f 20127//1 20128//1 20130//1 20129//1
f 20129//1 20130//1 20132//1 20131//1
f 20131//1 20132//1 20134//1 20133//1
f 20133//1 20134//1 20136//1 20135//1
f 20135//1 20136//1 20138//1 20137//1
f 20137//1 20138//1 20140//1 20139//1
f 20139//1 20140//1 20142//1 20141//1
f 20141//1 20142//1 20144//1 20143//1
f 20143//1 20144//1 20146//1 20145//1
f 20145//1 20146//1 20148//1 20147//1
f 20147//1 20148//1 20150//1 20149//1
f 20149//1 20150//1 20152//1 20151//1
f 20151//1 20152//1 20154//1 20153//1
f 20153//1 20154//1 20156//1 20155//1
f 20155//1 20156//1 20158//1 20157//1
f 20159//1 20160//1 20162//1 20161//1
f 20163//1 20164//1 20166//1 20165//1
f 20165//1 20166//1 20168//1 20167//1
f 20167//1 20168//1 20170//1 20169//1
f 20169//1 20170//1 20172//1 20171//1
f 20171//1 20172//1 20174//1 20173//1
f 20175//1 20176//1 20178//1 20177//1
f 20177//1 20178//1 20180//1 20179//1
f 20181//1 20182//1 20184//1 20183//1
f 20183//1 20184//1 20186//1 20185//1
f 20185//1 20186//1 20188//1 20187//1
f 20187//1 20188//1 20190//1 20189//1
f 20189//1 20190//1 20192//1 20191//1
f 20191//1 20192//1 20194//1 20193//1
f 20193//1 20194//1 20196//1 20195//1
f 20195//1 20196//1 20198//1 20197//1
f 20197//1 20198//1 20200//1 20199//1
f 20199//1 20200//1 20202//1 20201//1
f 20201//1 20202//1 20204//1 20203//1
f 20203//1 20204//1 20206//1 20205//1
f 20205//1 20206//1 20208//1 20207//1
f 20207//1 20208//1 20210//1 20209//1
f 20209//1 20210//1 20212//1 20211//1
f 20211//1 20212//1 20214//1 20213//1
f 20213//1 20214//1 20216//1 20215//1
f 20215//1 20216//1 20218//1 20217//1
f 20217//1 20218//1 20220//1 20219//1
f 20221//1 20222//1 20224//1 20223//1
f 20223//1 20224//1 20226//1 20225//1
f 20225//1 20226//1 20228//1 20227//1
f 20227//1 20228//1 20230//1 20229//1
f 20229//1 20230//1 20232//1 20231//1
f 20231//1 20232//1 20234//1 20233//1
f 20233//1 20234//1 20236//1 20235//1
f 20235//1 20236//1 20238//1 20237//1
f 20237//1 20238//1 20240//1 20239//1
f 20239//1 20240//1 20242//1 20241//1
f 20241//1 20242//1 20244//1 20243//1
f 20243//1 20244//1 20246//1 20245//1
f 20245//1 20246//1 20248//1 20247//1
f 20247//1 20248//1 20250//1 20249//1
f 20249//1 20250//1 20252//1 20251//1
f 20251//1 20252//1 20254//1 20253//1
f 20253//1 20254//1 20256//1 20255//1
f 20255//1 20256//1 20258//1 20257//1
f 20257//1 20258//1 20260//1 20259//1
f 20259//1 20260//1 20262//1 20261//1
f 20261//1 20262//1 20264//1 20263//1
f 20263//1 20264//1 20266//1 20265//1
f 20265//1 20266//1 20268//1 20267//1
f 20267//1 20268//1 20270//1 20269//1
f 20269//1 20270//1 20272//1 20271//1
f 20271//1 20272//1 20274//1 20273//1
f 20273//1 20274//1 20276//1 20275//1
f 20275//1 20276//1 20278//1 20277//1
f 20277//1 20278//1 20280//1 20279//1
f 20279//1 20280//1 20282//1 20281//1
f 20281//1 20282//1 20284//1 20283//1
f 20283//1 20284//1 20286//1 20285//1
f 20285//1 20286//1 20288//1 20287//1
f 20287//1 20288//1 20290//1 20289//1
f 20289//1 20290//1 20292//1 20291//1
f 20291//1 20292//1 20294//1 20293//1
f 20293//1 20294//1 20296//1 20295//1
f 20295//1 20296//1 20298//1 20297//1
f 20297//1 20298//1 20300//1 20299//1
f 20299//1 20300//1 20302//1 20301//1
f 20301//1 20302//1 20304//1 20303//1
f 20303//1 20304//1 20306//1 20305//1
f 20305//1 20306//1 20308//1 20307//1
f 20307//1 20308//1 20310//1 20309//1
f 20309//1 20310//1 20312//1 20311//1
f 20311//1 20312//1 20314//1 20313//1
f 20313//1 20314//1 20316//1 20315//1
f 20315//1 20316//1 20318//1 20317//1
f 20317//1 20318//1 20320//1 20319//1
f 20319//1 20320//1 20322//1 20321//1
f 20321//1 20322//1 20324//1 20323//1
f 20323//1 20324//1 20326//1 20325//1
f 20325//1 20326//1 20328//1 20327//1
f 20327//1 20328//1 20330//1 20329//1
f 20329//1 20330//1 20332//1 20331//1
f 20331//1 20332//1 20334//1 20333//1
f 20333//1 20334//1 20336//1 20335//1
f 20335//1 20336//1 20338//1 20337//1
f 20337//1 20338//1 20340//1 20339//1
f 20339//1 20340//1 20342//1 20341//1
f 20341//1 20342//1 20344//1 20343//1
f 20343//1 20344//1 20346//1 20345//1
f 20345//1 20346//1 20348//1 20347//1
f 20347//1 20348//1 20350//1 20349//1
f 20349//1 20350//1 20352//1 20351//1
f 20351//1 20352//1 20354//1 20353//1
f 20353//1 20354//1 20356//1 20355//1
f 20355//1 20356//1 20358//1 20357//1
f 20357//1 20358//1 20360//1 20359//1
f 20359//1 20360//1 20362//1 20361//1
f 20361//1 20362//1 20364//1 20363//1
f 20363//1 20364//1 20366//1 20365//1
f 20365//1 20366//1 20368//1 20367//1
f 20367//1 20368//1 20370//1 20369//1
f 20369//1 20370//1 20372//1 20371//1
f 20371//1 20372//1 20374//1 20373//1
f 20373//1 20374//1 20376//1 20375//1
f 20375//1 20376//1 20378//1 20377//1
f 20377//1 20378//1 20380//1 20379//1
f 20379//1 20380//1 20382//1 20381//1
f 20381//1 20382//1 20384//1 20383//1
f 20383//1 20384//1 20386//1 20385//1
f 20385//1 20386//1 20388//1 20387//1
f 20387//1 20388//1 20390//1 20389//1
f 20389//1 20390//1 20392//1 20391//1
f 20391//1 20392//1 20394//1 20393//1
f 20393//1 20394//1 20396//1 20395//1
f 20395//1 20396//1 20398//1 20397//1
f 20397//1 20398//1 20400//1 20399//1
f 20399//1 20400//1 20402//1 20401//1
f 20403//1 20404//1 20406//1 20405//1
f 20405//1 20406//1 20408//1 20407//1
f 20409//1 20410//1 20412//1 20411//1
f 20411//1 20412//1 20414//1 20413//1
f 20413//1 20414//1 20416//1 20415//1
f 20415//1 20416//1 20418//1 20417//1
f 20417//1 20418//1 20420//1 20419//1
f 20419//1 20420//1 20422//1 20421//1
f 20421//1 20422//1 20424//1 20423//1
f 20423//1 20424//1 20426//1 20425//1
f 20425//1 20426//1 20428//1 20427//1
f 20427//1 20428//1 20430//1 20429//1
f 20429//1 20430//1 20432//1 20431//1
f 20431//1 20432//1 20434//1 20433//1
f 20433//1 20434//1 20436//1 20435//1
f 20435//1 20436//1 20438//1 20437//1
f 20437//1 20438//1 20440//1 20439//1
f 20439//1 20440//1 20442//1 20441//1
f 20441//1 20442//1 20444//1 20443//1
f 20443//1 20444//1 20446//1 20445//1
f 20445//1 20446//1 20448//1 20447//1
f 20447//1 20448//1 20450//1 20449//1
f 20449//1 20450//1 20452//1 20451//1
f 20451//1 20452//1 20454//1 20453//1
f 20453//1 20454//1 20456//1 20455//1
f 20455//1 20456//1 20458//1 20457//1
f 20457//1 20458//1 20460//1 20459//1
f 20459//1 20460//1 20462//1 20461//1
f 20461//1 20462//1 20464//1 20463//1
f 20463//1 20464//1 20466//1 20465//1
f 20465//1 20466//1 20468//1 20467//1
f 20467//1 20468//1 20470//1 20469//1
f 20469//1 20470//1 20472//1 20471//1
f 20471//1 20472//1 20474//1 20473//1
f 20473//1 20474//1 20476//1 20475//1
f 20475//1 20476//1 20478//1 20477//1
f 20477//1 20478//1 20480//1 20479//1
f 20479//1 20480//1 20482//1 20481//1
f 20481//1 20482//1 20484//1 20483//1
f 20483//1 20484//1 20486//1 20485//1
f 20485//1 20486//1 20488//1 20487//1
f 20487//1 20488//1 20490//1 20489//1
f 20489//1 20490//1 20492//1 20491//1
f 20491//1 20492//1 20494//1 20493//1
f 20493//1 20494//1 20496//1 20495//1
f 20495//1 20496//1 20498//1 20497//1
f 20497//1 20498//1 20500//1 20499//1
f 20499//1 20500//1 20502//1 20501//1
f 20501//1 20502//1 20504//1 20503//1
f 20503//1 20504//1 20506//1 20505//1
f 20505//1 20506//1 20508//1 20507//1
f 20507//1 20508//1 20510//1 20509//1
f 20509//1 20510//1 20512//1 20511//1
f 20511//1 20512//1 20514//1 20513//1
f 20513//1 20514//1 20516//1 20515//1
f 20515//1 20516//1 20518//1 20517//1
f 20517//1 20518//1 20520//1 20519//1
f 20519//1 20520//1 20522//1 20521//1
f 20521//1 20522//1 20524//1 20523//1
f 20523//1 20524//1 20526//1 20525//1
f 20525//1 20526//1 20528//1 20527//1
f 20527//1 20528//1 20530//1 20529//1
f 20529//1 20530//1 20532//1 20531//1
f 20531//1 20532//1 20534//1 20533//1
f 20533//1 20534//1 20536//1 20535//1
f 20535//1 20536//1 20538//1 20537//1
f 20537//1 20538//1 20540//1 20539//1
f 20539//1 20540//1 20542//1 20541//1
f 20541//1 20542//1 20544//1 20543//1
f 20545//1 20546//1 20548//1 20547//1
f 20547//1 20548//1 20550//1 20549//1
f 20549//1 20550//1 20552//1 20551//1
f 20551//1 20552//1 20554//1 20553//1
f 20553//1 20554//1 20556//1 20555//1
f 20555//1 20556//1 20558//1 20557//1
f 20557//1 20558//1 20560//1 20559//1
f 20559//1 20560//1 20562//1 20561//1
f 20561//1 20562//1 20564//1 20563//1
f 20563//1 20564//1 20566//1 20565//1
f 20565//1 20566//1 20568//1 20567//1
f 20567//1 20568//1 20570//1 20569//1
f 20569//1 20570//1 20572//1 20571//1
f 20571//1 20572//1 20574//1 20573//1
f 20573//1 20574//1 20576//1 20575//1
f 20575//1 20576//1 20578//1 20577//1
f 20577//1 20578//1 20580//1 20579//1
f 20579//1 20580//1 20582//1 20581//1
f 20581//1 20582//1 20584//1 20583//1
f 20583//1 20584//1 20586//1 20585//1
f 20585//1 20586//1 20588//1 20587//1
f 20587//1 20588//1 20590//1 20589//1
f 20589//1 20590//1 20592//1 20591//1
f 20593//1 20594//1 20596//1 20595//1
f 20595//1 20596//1 20598//1 20597//1
f 20597//1 20598//1 20600//1 20599//1
f 20601//1 20602//1 20604//1 20603//1
f 20603//1 20604//1 20606//1 20605//1
f 20605//1 20606//1 20608//1 20607//1
f 20607//1 20608//1 20610//1 20609//1
f 20609//1 20610//1 20612//1 20611//1
f 20611//1 20612//1 20614//1 20613//1
f 20613//1 20614//1 20616//1 20615//1
f 20615//1 20616//1 20618//1 20617//1
f 20617//1 20618//1 20620//1 20619//1
f 20619//1 20620//1 20622//1 20621//1
f 20621//1 20622//1 20624//1 20623//1
f 20623//1 20624//1 20626//1 20625//1
f 20625//1 20626//1 20628//1 20627//1
f 20627//1 20628//1 20630//1 20629//1
f 20631//1 20632//1 20634//1 20633//1
f 20633//1 20634//1 20636//1 20635//1
f 20635//1 20636//1 20638//1 20637//1
f 20637//1 20638//1 20640//1 20639//1
f 20639//1 20640//1 20642//1 20641//1
f 20641//1 20642//1 20644//1 20643//1
f 20643//1 20644//1 20646//1 20645//1
f 20647//1 20648//1 20650//1 20649//1
f 20649//1 20650//1 20652//1 20651//1
f 20651//1 20652//1 20654//1 20653//1
f 20653//1 20654//1 20656//1 20655//1
f 20655//1 20656//1 20658//1 20657//1
f 20659//1 20660//1 20662//1 20661//1
f 20661//1 20662//1 20664//1 20663//1
f 20663//1 20664//1 20666//1 20665//1
f 20665//1 20666//1 20668//1 20667//1
f 20667//1 20668//1 20670//1 20669//1
f 20669//1 20670//1 20672//1 20671//1
f 20671//1 20672//1 20674//1 20673//1
f 20673//1 20674//1 20676//1 20675//1
f 20675//1 20676//1 20678//1 20677//1
f 20677//1 20678//1 20680//1 20679//1
f 20679//1 20680//1 20682//1 20681//1
f 20681//1 20682//1 20684//1 20683//1
f 20683//1 20684//1 20686//1 20685//1
f 20685//1 20686//1 20688//1 20687//1
f 20687//1 20688//1 20690//1 20689//1
f 20689//1 20690//1 20692//1 20691//1
f 20691//1 20692//1 20694//1 20693//1
f 20693//1 20694//1 20696//1 20695//1
f 20695//1 20696//1 20698//1 20697//1
f 20697//1 20698//1 20700//1 20699//1
f 20699//1 20700//1 20702//1 20701//1
f 20701//1 20702//1 20704//1 20703//1
f 20703//1 20704//1 20706//1 20705//1
f 20705//1 20706//1 20708//1 20707//1
f 20707//1 20708//1 20710//1 20709//1
f 20709//1 20710//1 20712//1 20711//1
f 20711//1 20712//1 20714//1 20713//1
f 20713//1 20714//1 20716//1 20715//1
f 20715//1 20716//1 20718//1 20717//1
f 20717//1 20718//1 20720//1 20719//1
f 20719//1 20720//1 20722//1 20721//1
f 20721//1 20722//1 20724//1 20723//1
f 20723//1 20724//1 20726//1 20725//1
f 20725//1 20726//1 20728//1 20727//1
f 20727//1 20728//1 20730//1 20729//1
f 20729//1 20730//1 20732//1 20731//1
f 20731//1 20732//1 20734//1 20733//1
f 20733//1 20734//1 20736//1 20735//1
f 20735//1 20736//1 20738//1 20737//1
f 20737//1 20738//1 20740//1 20739//1
f 20739//1 20740//1 20742//1 20741//1
f 20741//1 20742//1 20744//1 20743//1
f 20743//1 20744//1 20746//1 20745//1
f 20745//1 20746//1 20748//1 20747//1
f 20747//1 20748//1 20750//1 20749//1
f 20749//1 20750//1 20752//1 20751//1
f 20751//1 20752//1 20754//1 20753//1
f 20753//1 20754//1 20756//1 20755//1
f 20755//1 20756//1 20758//1 20757//1
f 20757//1 20758//1 20760//1 20759//1
f 20759//1 20760//1 20762//1 20761//1
f 20761//1 20762//1 20764//1 20763//1
f 20763//1 20764//1 20766//1 20765//1
f 20765//1 20766//1 20768//1 20767//1
f 20767//1 20768//1 20770//1 20769//1
f 20769//1 20770//1 20772//1 20771//1
f 20771//1 20772//1 20774//1 20773//1
f 20773//1 20774//1 20776//1 20775//1
f 20775//1 20776//1 20778//1 20777//1
f 20777//1 20778//1 20780//1 20779//1
f 20779//1 20780//1 20782//1 20781//1
f 20781//1 20782//1 20784//1 20783//1
f 20783//1 20784//1 20786//1 20785//1
f 20785//1 20786//1 20788//1 20787//1
f 20787//1 20788//1 20790//1 20789//1
f 20789//1 20790//1 20792//1 20791//1
f 20791//1 20792//1 20794//1 20793//1
f 20793//1 20794//1 20796//1 20795//1
f 20795//1 20796//1 20798//1 20797//1
f 20797//1 20798//1 20800//1 20799//1
f 20799//1 20800//1 20802//1 20801//1
f 20801//1 20802//1 20804//1 20803//1
f 20803//1 20804//1 20806//1 20805//1
f 20805//1 20806//1 20808//1 20807//1
f 20807//1 20808//1 20810//1 20809//1
f 20809//1 20810//1 20812//1 20811//1
f 20811//1 20812//1 20814//1 20813//1
f 20813//1 20814//1 20816//1 20815//1
f 20815//1 20816//1 20818//1 20817//1
f 20817//1 20818//1 20820//1 20819//1
f 20819//1 20820//1 20822//1 20821//1
f 20821//1 20822//1 20824//1 20823//1
f 20823//1 20824//1 20826//1 20825//1
f 20825//1 20826//1 20828//1 20827//1
f 20827//1 20828//1 20830//1 20829//1
f 20829//1 20830//1 20832//1 20831//1
f 20831//1 20832//1 20834//1 20833//1
f 20833//1 20834//1 20836//1 20835//1
f 20835//1 20836//1 20838//1 20837//1
f 20837//1 20838//1 20840//1 20839//1
f 20839//1 20840//1 20842//1 20841//1
f 20841//1 20842//1 20844//1 20843//1
f 20843//1 20844//1 20846//1 20845//1
f 20845//1 20846//1 20848//1 20847//1
f 20847//1 20848//1 20850//1 20849//1
f 20849//1 20850//1 20852//1 20851//1
f 20851//1 20852//1 20854//1 20853//1
f 20853//1 20854//1 20856//1 20855//1
f 20855//1 20856//1 20858//1 20857//1
f 20857//1 20858//1 20860//1 20859//1
f 20859//1 20860//1 20862//1 20861//1
f 20861//1 20862//1 20864//1 20863//1
f 20863//1 20864//1 20866//1 20865//1
f 20865//1 20866//1 20868//1 20867//1
f 20867//1 20868//1 20870//1 20869//1
f 20869//1 20870//1 20872//1 20871//1
f 20871//1 20872//1 20874//1 20873//1
f 20873//1 20874//1 20876//1 20875//1
f 20875//1 20876//1 20878//1 20877//1
f 20877//1 20878//1 20880//1 20879//1
f 20879//1 20880//1 20882//1 20881//1
f 20881//1 20882//1 20884//1 20883//1
f 20883//1 20884//1 20886//1 20885//1
f 20885//1 20886//1 20888//1 20887//1
f 20887//1 20888//1 20890//1 20889//1
f 20889//1 20890//1 20892//1 20891//1
f 20891//1 20892//1 20894//1 20893//1
f 20893//1 20894//1 20896//1 20895//1
f 20895//1 20896//1 20898//1 20897//1
f 20899//1 20900//1 20902//1 20901//1
f 20901//1 20902//1 20904//1 20903//1
f 20903//1 20904//1 20906//1 20905//1
f 20907//1 20908//1 20910//1 20909//1
f 20909//1 20910//1 20912//1 20911//1
f 20911//1 20912//1 20914//1 20913//1
f 20913//1 20914//1 20916//1 20915//1
f 20915//1 20916//1 20918//1 20917//1
f 20917//1 20918//1 20920//1 20919//1
f 20919//1 20920//1 20922//1 20921//1
f 20921//1 20922//1 20924//1 20923//1
f 20923//1 20924//1 20926//1 20925//1
f 20925//1 20926//1 20928//1 20927//1
f 20927//1 20928//1 20930//1 20929//1
f 20929//1 20930//1 20932//1 20931//1
f 20931//1 20932//1 20934//1 20933//1
f 20933//1 20934//1 20936//1 20935//1
f 20935//1 20936//1 20938//1 20937//1
f 20937//1 20938//1 20940//1 20939//1
f 20939//1 20940//1 20942//1 20941//1
f 20941//1 20942//1 20944//1 20943//1
f 20943//1 20944//1 20946//1 20945//1
f 20945//1 20946//1 20948//1 20947//1
f 20947//1 20948//1 20950//1 20949//1
f 20949//1 20950//1 20952//1 20951//1
f 20951//1 20952//1 20954//1 20953//1
f 20953//1 20954//1 20956//1 20955//1
f 20955//1 20956//1 20958//1 20957//1
f 20957//1 20958//1 20960//1 20959//1
f 20959//1 20960//1 20962//1 20961//1
f 20961//1 20962//1 20964//1 20963//1
f 20963//1 20964//1 20966//1 20965//1
f 20965//1 20966//1 20968//1 20967//1
f 20967//1 20968//1 20970//1 20969//1
f 20969//1 20970//1 20972//1 20971//1
f 20971//1 20972//1 20974//1 20973//1
f 20973//1 20974//1 20976//1 20975//1
f 20975//1 20976//1 20978//1 20977//1
f 20977//1 20978//1 20980//1 20979//1
f 20979//1 20980//1 20982//1 20981//1
f 20983//1 20984//1 20986//1 20985//1
f 20985//1 20986//1 20988//1 20987//1
